Date,Close,High,Low,Open,Volume
1994-01-03,380.100006103516,380.100006103516,373.399993896484,375.5,0
1994-01-04,400.600006103516,400.600006103516,380.100006103516,380.100006103516,0
1994-01-05,421.100006103516,435.700012207031,400.600006103516,400.600006103516,0
1994-01-06,444.200012207031,446.5,421.100006103516,421.100006103516,0
1994-01-07,476.399993896484,476.600006103516,444.200012207031,444.200012207031,0
1994-01-10,495.399993896484,501.5,476.399993896484,476.399993896484,0
1994-01-11,501.399993896484,509.399993896484,490,495.399993896484,0
1994-01-12,536.400024414063,536.400024414063,501.399993896484,501.399993896484,0
1994-01-13,561.700012207031,567.200012207031,531.200012207031,536.400024414063,0
1994-01-14,551.099975585938,574.299987792969,546.5,561.700012207031,0
1994-01-17,598.099975585938,601.700012207031,551.099975585938,551.099975585938,0
1994-01-18,605.700012207031,635.799987792969,592.200012207031,598.099975585938,0
1994-01-19,642,642,595.5,605.700012207031,0
1994-01-20,689.700012207031,691.099975585938,642,642,0
1994-01-21,689.200012207031,713.299987792969,674.5,689.700012207031,0
1994-01-24,689.599975585938,699.5,668.400024414063,689.200012207031,0
1994-01-26,704.900024414063,719.299987792969,687.700012207031,689.599975585938,0
1994-01-27,684.5,739.900024414063,659.599975585938,704.900024414063,0
1994-01-28,689.200012207031,694.799987792969,660,684.5,0
1994-01-31,740.599975585938,741.700012207031,689.200012207031,689.200012207031,0
1994-02-01,826.900024414063,827.5,740.599975585938,740.599975585938,0
1994-02-02,823.099975585938,866.599975585938,819.799987792969,826.900024414063,0
1994-02-03,798.400024414063,827.299987792969,794,823.099975585938,0
1994-02-04,821.299987792969,827.5,798.400024414063,798.400024414063,0
1994-02-07,848.700012207031,849.5,820.299987792969,821.299987792969,0
1994-02-08,888,897.700012207031,848.700012207031,848.700012207031,0
1994-02-09,904.700012207031,918.900024414063,888,888,0
1994-02-10,1000.90002441406,1001.20001220703,904.5,904.700012207031,0
1994-02-11,1035.40002441406,1047.69995117188,1000.90002441406,1000.90002441406,0
1994-02-17,1040.90002441406,1078.59997558594,1035.40002441406,1035.40002441406,0
1994-02-18,944.900024414063,1051.19995117188,944.200012207031,1040.90002441406,0
1994-02-21,928.599975585938,995.900024414063,920,944.900024414063,0
1994-02-22,1053.69995117188,1053.69995117188,928.599975585938,928.599975585938,0
1994-02-23,1063,1116,1040.69995117188,1053.69995117188,0
1994-02-24,998,1089.90002441406,975.200012207031,1063,0
1994-02-25,1008.29998779297,1057.09997558594,998,998,0
1994-02-28,1053.90002441406,1069.80004882813,1008.29998779297,1008.29998779297,0
1994-03-01,1073.30004882813,1123.59997558594,1053.90002441406,1053.90002441406,0
1994-03-02,1021.5,1073.30004882813,1013.79998779297,1073.30004882813,0
1994-03-03,1045.80004882813,1074.59997558594,1021.5,1021.5,0
1994-03-04,1114,1117.90002441406,1045.80004882813,1045.80004882813,0
1994-03-07,1193.90002441406,1194,1113.09997558594,1114,0
1994-03-08,1204.5,1216.80004882813,1184.19995117188,1193.90002441406,0
1994-03-09,1260.19995117188,1263.40002441406,1198.40002441406,1204.5,0
1994-03-10,1266.90002441406,1322.69995117188,1260.19995117188,1260.19995117188,0
1994-03-11,1268.69995117188,1292.80004882813,1263,1266.90002441406,0
1994-03-14,1329.69995117188,1330,1268.69995117188,1268.69995117188,0
1994-03-15,1350.90002441406,1372.19995117188,1329.69995117188,1329.69995117188,0
1994-03-16,1408.40002441406,1419.69995117188,1350.90002441406,1350.90002441406,0
1994-03-17,1393.80004882813,1439.69995117188,1362.5,1408.40002441406,0
1994-03-18,1331.80004882813,1425.19995117188,1323.69995117188,1393.80004882813,0
1994-03-21,1270.80004882813,1331.80004882813,1250.19995117188,1331.80004882813,0
1994-03-22,1353.5,1353.5,1270.80004882813,1270.80004882813,0
1994-03-23,1415.69995117188,1415.69995117188,1342.09997558594,1353.5,0
1994-03-24,1376.59997558594,1415.69995117188,1341.40002441406,1415.69995117188,0
1994-03-25,1459.09997558594,1464.30004882813,1376.59997558594,1376.59997558594,0
1994-03-28,1469.30004882813,1542.19995117188,1459.09997558594,1459.09997558594,0
1994-03-29,1440.80004882813,1482.30004882813,1417.09997558594,1469.30004882813,0
1994-03-30,1515.59997558594,1516.19995117188,1440.80004882813,1440.80004882813,0
1994-04-04,1355,1515.59997558594,1355,1515.59997558594,0
1994-04-05,1428,1445.30004882813,1354.80004882813,1355,0
1994-04-06,1435.5,1485.80004882813,1413.40002441406,1428,0
1994-04-07,1474.90002441406,1477.69995117188,1423.69995117188,1435.5,0
1994-04-08,1537.40002441406,1566.80004882813,1474.90002441406,1474.90002441406,0
1994-04-11,1659.59997558594,1661.09997558594,1537.40002441406,1537.40002441406,0
1994-04-12,1648.90002441406,1686,1647.90002441406,1659.59997558594,0
1994-04-13,1552.69995117188,1678.19995117188,1550.69995117188,1648.90002441406,0
1994-04-14,1506.19995117188,1564.80004882813,1473.69995117188,1552.69995117188,0
1994-04-15,1443.40002441406,1538.80004882813,1437.90002441406,1506.19995117188,0
1994-04-18,1401.09997558594,1503.59997558594,1374.69995117188,1443.40002441406,0
1994-04-19,1345.59997558594,1432.40002441406,1339.19995117188,1401.09997558594,0
1994-04-20,1283.80004882813,1407.59997558594,1280.19995117188,1345.59997558594,0
1994-04-22,1420.30004882813,1421.5,1283.80004882813,1283.80004882813,0
1994-04-25,1551.59997558594,1585.30004882813,1419,1420.30004882813,0
1994-04-26,1583.90002441406,1607.09997558594,1551.59997558594,1551.59997558594,0
1994-04-27,1605.19995117188,1605.19995117188,1531.80004882813,1583.90002441406,0
1994-04-28,1672.69995117188,1685.09997558594,1605.19995117188,1605.19995117188,0
1994-04-29,1708.40002441406,1732.59997558594,1666.09997558594,1672.80004882813,0
1994-05-02,1725.69995117188,1740.40002441406,1706.19995117188,1708.40002441406,0
1994-05-03,1648.40002441406,1750.90002441406,1644.19995117188,1725.69995117188,0
1994-05-04,1573.80004882813,1653.30004882813,1542.30004882813,1648.40002441406,0
1994-05-05,1447.90002441406,1578.69995117188,1445.30004882813,1573.80004882813,0
1994-05-06,1510.30004882813,1510.30004882813,1325.5,1447.90002441406,0
1994-05-09,1421.80004882813,1563.30004882813,1414.90002441406,1510.30004882813,0
1994-05-10,1548,1558.90002441406,1421.80004882813,1421.80004882813,0
1994-05-11,1546.09997558594,1621.09997558594,1517.59997558594,1548,0
1994-05-12,1637.80004882813,1640.90002441406,1535,1546.09997558594,0
1994-05-13,1585.90002441406,1670.59997558594,1563.5,1637.80004882813,0
1994-05-16,1562.59997558594,1621.40002441406,1531.90002441406,1585.90002441406,0
1994-05-17,1648.40002441406,1658,1559.5,1562.59997558594,0
1994-05-18,1790.90002441406,1792.40002441406,1648.40002441406,1648.40002441406,0
1994-05-19,2008.5,2008.5,1790.90002441406,1790.90002441406,0
1994-05-20,2031.69995117188,2091.19995117188,1984.30004882813,2008.5,0
1994-05-23,2096.30004882813,2134.30004882813,2031.69995117188,2031.69995117188,0
1994-05-24,2127.80004882813,2141.39990234375,2044.69995117188,2096.30004882813,0
1994-05-25,2301.80004882813,2301.89990234375,2111.19995117188,2127.80004882813,0
1994-05-26,2342.10009765625,2394.69995117188,2275.30004882813,2301.80004882813,0
1994-05-27,2349.5,2381.89990234375,2272.60009765625,2342.10009765625,0
1994-05-30,2428.39990234375,2440.69995117188,2349.5,2349.5,0
1994-05-31,2467.19995117188,2516.89990234375,2428.39990234375,2428.39990234375,0
1994-06-01,2526.5,2532.69995117188,2437.10009765625,2467.19995117188,0
1994-06-03,2696,2714,2526.5,2526.5,0
1994-06-06,2908.69995117188,2922.10009765625,2695.80004882813,2696,0
1994-06-07,2920.5,2976,2887.69995117188,2908.69995117188,0
1994-06-08,2821.80004882813,2965,2818.19995117188,2920.5,0
1994-06-09,2932.39990234375,2936.5,2769.19995117188,2821.80004882813,0
1994-06-10,3020.39990234375,3056.10009765625,2931.10009765625,2932.39990234375,0
1994-06-13,2946.89990234375,3108,2946.89990234375,3020.39990234375,0
1994-06-14,3017.30004882813,3068.10009765625,2946.89990234375,2946.89990234375,0
1994-06-15,3069.80004882813,3130.39990234375,3017.30004882813,3017.30004882813,0
1994-06-16,3033.89990234375,3088,3027.69995117188,3069.80004882813,0
1994-06-17,3237.60009765625,3237.60009765625,3033.89990234375,3033.89990234375,0
1994-06-20,3237.89990234375,3307.39990234375,3202,3237.60009765625,0
1994-06-21,3127.60009765625,3288.5,3092.19995117188,3237.89990234375,0
1994-06-22,3198.60009765625,3198.60009765625,3197,3197,0
1994-06-23,3140,3273.39990234375,3140,3198.60009765625,0
1994-06-24,3109.60009765625,3150.89990234375,3083.30004882813,3140,0
1994-06-27,3372.10009765625,3375.39990234375,3100.80004882813,3109.60009765625,0
1994-06-28,3563.60009765625,3563.60009765625,3372.10009765625,3372.10009765625,0
1994-06-29,3828.39990234375,3828.39990234375,3563.60009765625,3563.60009765625,0
1994-06-30,3623.19995117188,3885.69995117188,3603.89990234375,3828.39990234375,0
1994-07-04,3580.89990234375,3712.10009765625,3579.69995117188,3623.19995117188,0
1994-07-05,3564.30004882813,3599.60009765625,3486,3580.89990234375,0
1994-07-06,3753.5,3781.60009765625,3564.30004882813,3564.30004882813,0
1994-07-07,3905,3923.30004882813,3753.5,3753.5,0
1994-07-08,4051.89990234375,4051.89990234375,3860.69995117188,3905,0
1994-07-11,4010.89990234375,4100.39990234375,3957.60009765625,4051.89990234375,0
1994-07-12,3919.80004882813,4086.60009765625,3916.19995117188,4010.89990234375,0
1994-07-13,3840.89990234375,3953.60009765625,3808.80004882813,3919.80004882813,0
1994-07-14,4016.5,4050.10009765625,3840.89990234375,3840.89990234375,0
1994-07-15,4079.89990234375,4142.5,4016.5,4016.5,0
1994-07-18,4045.30004882813,4116.7001953125,4033.60009765625,4079.89990234375,0
1994-07-19,3874.69995117188,4045.30004882813,3868,4045.30004882813,0
1994-07-20,4038.60009765625,4049.80004882813,3874.69995117188,3874.69995117188,0
1994-07-21,4018.5,4053.19995117188,3986.39990234375,4038.60009765625,0
1994-07-22,3986.60009765625,4084.10009765625,3950.19995117188,4018.5,0
1994-07-25,3993.89990234375,4031.19995117188,3937.60009765625,3986.60009765625,0
1994-07-26,4077.19995117188,4078.19995117188,3973,3993.89990234375,0
1994-07-27,4150.10009765625,4162.39990234375,4035,4077.19995117188,0
1994-07-28,4255.39990234375,4258.7998046875,4146.7998046875,4150.10009765625,0
1994-07-29,4201.2998046875,4272.7998046875,4178.10009765625,4255.39990234375,0
1994-08-01,4152,4222.60009765625,4091.10009765625,4201.2998046875,0
1994-08-02,4310.7998046875,4310.7998046875,4152,4152,0
1994-08-03,4392.2001953125,4426.39990234375,4275.2998046875,4310.7998046875,0
1994-08-04,4355,4406.39990234375,4320.7001953125,4392.2001953125,0
1994-08-05,4469.5,4476.2001953125,4329.2998046875,4355,0
1994-08-08,4580.89990234375,4650,4405.10009765625,4469.5,0
1994-08-09,4558.2998046875,4615.10009765625,4484.5,4580.89990234375,0
1994-08-10,4513.2001953125,4596.5,4482.7001953125,4558.2998046875,0
1994-08-11,4463.7998046875,4513.2001953125,4411.60009765625,4513.2001953125,0
1994-08-12,4547.10009765625,4559.2998046875,4463.7998046875,4463.7998046875,0
1994-08-15,4651,4651,4540.60009765625,4547.10009765625,0
1994-08-16,4744.10009765625,4748.60009765625,4651,4651,0
1994-08-17,4968.89990234375,4968.89990234375,4733.7998046875,4744.10009765625,0
1994-08-18,5026.60009765625,5090.60009765625,4968.89990234375,4968.89990234375,0
1994-08-19,5138.2998046875,5142.39990234375,4950.7001953125,5026.60009765625,0
1994-08-22,5385.7998046875,5417.7001953125,5138.2998046875,5138.2998046875,0
1994-08-23,5304,5443.2001953125,5264.89990234375,5385.7998046875,0
1994-08-24,5207.7001953125,5389.39990234375,5189.39990234375,5304,0
1994-08-25,5354.60009765625,5357.7998046875,5157.89990234375,5207.7001953125,0
1994-08-26,5214.2998046875,5418,5183.7998046875,5354.60009765625,0
1994-08-29,5323.10009765625,5323.10009765625,5108.2998046875,5214.2998046875,0
1994-08-30,5379.7001953125,5429.89990234375,5321.39990234375,5323.10009765625,0
1994-08-31,5329.5,5443.2998046875,5297.5,5379.7001953125,0
1994-09-01,5436.89990234375,5457.10009765625,5296.2001953125,5329.5,0
1994-09-02,5367.5,5537.10009765625,5357,5436.89990234375,0
1994-09-05,4804,5317.7001953125,4792.5,5317.7001953125,0
1994-09-06,4988.7001953125,5120.7001953125,4804,4804,0
1994-09-08,5272.10009765625,5273.2001953125,4988.7001953125,4988.7001953125,0
1994-09-09,5351.10009765625,5400.60009765625,5272.10009765625,5272.10009765625,0
1994-09-12,5510.89990234375,5510.89990234375,5289.7998046875,5351.10009765625,0
1994-09-13,5511,5558.5,5442.2001953125,5510.89990234375,0
1994-09-14,5476.39990234375,5637.7001953125,5466.5,5511,0
1994-09-15,5287.5,5482.7001953125,5265.2001953125,5476.39990234375,0
1994-09-16,5293.7001953125,5423.5,5225,5287.5,0
1994-09-19,5291.7998046875,5354.39990234375,5258.89990234375,5293.7001953125,0
1994-09-20,5177.39990234375,5295.5,5162.7998046875,5291.7998046875,0
1994-09-21,5305.89990234375,5317.5,5172.39990234375,5177.39990234375,0
1994-09-22,5395.2001953125,5427.89990234375,5303.39990234375,5343.60009765625,0
1994-09-23,5453.2001953125,5512.10009765625,5395.2001953125,5395.2001953125,0
1994-09-26,5265.10009765625,5495.60009765625,5241.2998046875,5453.2001953125,0
1994-09-27,5217.5,5296.10009765625,5180.60009765625,5265.10009765625,0
1994-09-28,5277.10009765625,5324.39990234375,5199.89990234375,5217.5,0
1994-09-29,5442.60009765625,5442.60009765625,5277.10009765625,5277.10009765625,0
1994-09-30,5484,5597,5441.89990234375,5442.60009765625,0
1994-10-04,5335.10009765625,5528.2998046875,5298.2001953125,5484,0
1994-10-05,5166.89990234375,5361.7998046875,5165.39990234375,5335.10009765625,0
1994-10-06,4979.39990234375,5230,4961.39990234375,5166.89990234375,0
1994-10-07,4876.7001953125,4997.2001953125,4587.39990234375,4979.39990234375,0
1994-10-10,5032.10009765625,5039,4876,4876.7001953125,0
1994-10-11,4926,5096.2001953125,4870,5032.10009765625,0
1994-10-13,4944.60009765625,5082.5,4892.2001953125,4926,0
1994-10-14,4833.7998046875,4985,4824.10009765625,4944.60009765625,0
1994-10-17,4784.39990234375,4919,4728.10009765625,4833.7998046875,0
1994-10-18,4909.60009765625,4909.60009765625,4767.5,4784.39990234375,0
1994-10-19,4758.7001953125,4910.39990234375,4647.39990234375,4909.60009765625,0
1994-10-20,4724.5,4840.2001953125,4686.89990234375,4758.7001953125,0
1994-10-21,4561.89990234375,4778.89990234375,4546.10009765625,4724.5,0
1994-10-24,4344.10009765625,4600.5,4343.2998046875,4561.89990234375,0
1994-10-25,4543.39990234375,4543.39990234375,4283.7001953125,4344.10009765625,0
1994-10-26,4663.7001953125,4697.10009765625,4487.10009765625,4543.39990234375,0
1994-10-27,4706.7001953125,4706.7001953125,4596.2998046875,4663.7001953125,0
1994-10-28,4927.60009765625,4954.60009765625,4706.7001953125,4706.7001953125,0
1994-10-31,4797.89990234375,4962.10009765625,4769.10009765625,4927.60009765625,0
1994-11-01,4700.89990234375,4785.10009765625,4622.5,4744.89990234375,0
1994-11-03,4508,4700.89990234375,4503.10009765625,4700.89990234375,0
1994-11-04,4666.7001953125,4676.2998046875,4493.60009765625,4508,0
1994-11-07,4808.7998046875,4864.7001953125,4666.7001953125,4666.7001953125,0
1994-11-08,4782.10009765625,4952.2001953125,4778,4808.7998046875,0
1994-11-09,4885,4891.7001953125,4735.7998046875,4782.10009765625,0
1994-11-10,4992.60009765625,5040.60009765625,4885,4885,0
1994-11-11,4952,5064.10009765625,4936.5,4992.60009765625,0
1994-11-14,4948.7001953125,4983.2998046875,4887.2998046875,4952,0
1994-11-16,4989.60009765625,5035.89990234375,4948.7001953125,4948.7001953125,0
1994-11-17,4873.7001953125,5086.2001953125,4848.60009765625,4989.60009765625,0
1994-11-18,4712.5,4890.5,4656.2001953125,4873.7001953125,0
1994-11-21,4483.5,4713.2001953125,4462.60009765625,4713.2001953125,0
1994-11-22,4494.7998046875,4503.7998046875,4219.2001953125,4483.5,0
1994-11-23,4393,4494.7998046875,4317.7001953125,4494.7998046875,0
1994-11-24,4573.39990234375,4573.39990234375,4393,4393,0
1994-11-25,4398.7001953125,4620,4389.7001953125,4573.39990234375,0
1994-11-28,4398.7998046875,4440.5,4315.2001953125,4398.7001953125,0
1994-11-29,4672,4675.39990234375,4398.7998046875,4398.7998046875,0
1994-11-30,4656,4840.60009765625,4596.10009765625,4672,0
1994-12-01,4652.2998046875,4816.39990234375,4637.10009765625,4656,0
1994-12-02,4525.39990234375,4659,4506.2998046875,4652.2998046875,0
1994-12-05,4631.39990234375,4631.39990234375,4408.10009765625,4525.39990234375,0
1994-12-06,4573,4672.89990234375,4497.10009765625,4631.39990234375,0
1994-12-07,4597.2001953125,4651.60009765625,4551,4573,0
1994-12-08,4768.7001953125,4777.5,4597.2001953125,4597.2001953125,0
1994-12-09,4731.2998046875,4880.89990234375,4704.2001953125,4768.7001953125,0
1994-12-12,4813.2001953125,4864.39990234375,4731.2998046875,4731.2998046875,0
1994-12-13,4835.2001953125,4858.2001953125,4760,4813.2001953125,0
1994-12-14,4976.89990234375,4980.2001953125,4824.10009765625,4835.2001953125,0
1994-12-15,4842.7001953125,5009.7001953125,4814.2001953125,4976.89990234375,0
1994-12-16,4917.7001953125,4917.89990234375,4807.2998046875,4842.7001953125,0
1994-12-19,4922.89990234375,5023.39990234375,4906.10009765625,4917.7001953125,0
1994-12-20,4799.10009765625,4992,4795.7001953125,4922.89990234375,0
1994-12-21,4495.2001953125,4799.10009765625,4467.5,4799.10009765625,0
1994-12-22,4221.2001953125,4273.2001953125,3990.80004882813,4268.60009765625,0
1994-12-23,4351.39990234375,4354.10009765625,4207.89990234375,4221.2001953125,0
1994-12-26,4278.2998046875,4476.89990234375,4278.2998046875,4351.39990234375,0
1994-12-27,4113.7001953125,4358.7001953125,4035.69995117188,4278.2998046875,0
1994-12-28,4195.2998046875,4244.7998046875,4066.39990234375,4113.7001953125,0
1994-12-29,4353.89990234375,4359.2001953125,4195.2998046875,4195.2998046875,0
1995-01-02,4301,4397.60009765625,4300.10009765625,4353.89990234375,0
1995-01-03,4098,4385.89990234375,4093.69995117188,4369.89990234375,0
1995-01-04,3967.89990234375,4098,3860.89990234375,4098,0
1995-01-05,4036.69995117188,4040.30004882813,3944.5,3967.89990234375,0
1995-01-06,3827.39990234375,4105.7001953125,3813,4036.69995117188,0
1995-01-09,3627.80004882813,3835.69995117188,3570.39990234375,3827.39990234375,0
1995-01-10,3270,3691.89990234375,3175.30004882813,3627.80004882813,0
1995-01-11,3499.10009765625,3504.69995117188,3108.60009765625,3270,0
1995-01-12,3840.60009765625,3840.69995117188,3499.10009765625,3499.10009765625,0
1995-01-13,4103.7998046875,4107.60009765625,3785.39990234375,3840.60009765625,0
1995-01-16,4056.39990234375,4103.7998046875,3864.69995117188,4103.7998046875,0
1995-01-17,4209.7998046875,4255.89990234375,3984.69995117188,4056.39990234375,0
1995-01-18,4078.5,4220.7001953125,4078.19995117188,4209.7998046875,0
1995-01-19,3809.39990234375,4078.5,3776,4078.5,0
1995-01-20,3862.30004882813,3870.60009765625,3809.39990234375,3809.39990234375,0
1995-01-23,3758.5,3862.30004882813,3679.80004882813,3862.30004882813,0
1995-01-24,3840.30004882813,3863.69995117188,3758.5,3758.5,0
1995-01-26,3926.89990234375,3973,3840.30004882813,3840.30004882813,0
1995-01-27,3784.30004882813,3951.19995117188,3734.19995117188,3926.89990234375,0
1995-01-30,3580.69995117188,3784.30004882813,3580.69995117188,3784.30004882813,0
1995-01-31,3885,3913.5,3546.80004882813,3580.69995117188,0
1995-02-01,3989.80004882813,4067.19995117188,3885,3885,0
1995-02-02,3897.89990234375,3989.80004882813,3828.60009765625,3989.80004882813,0
1995-02-03,3944.39990234375,3975,3837.19995117188,3897.89990234375,0
1995-02-06,3829.80004882813,3987.10009765625,3811.30004882813,3944.39990234375,0
1995-02-07,3637.39990234375,3829.80004882813,3637.39990234375,3829.80004882813,0
1995-02-08,3556.30004882813,3706.5,3553.19995117188,3637.39990234375,0
1995-02-09,3401.60009765625,3556.30004882813,3284.5,3556.30004882813,0
1995-02-10,3307.69995117188,3401.60009765625,3256.5,3401.60009765625,0
1995-02-13,3294.89990234375,3433,3288.19995117188,3307.69995117188,0
1995-02-14,3192.19995117188,3294.89990234375,3137.5,3294.89990234375,0
1995-02-15,3069.39990234375,3285,3061.10009765625,3192.19995117188,0
1995-02-16,2863.80004882813,3069.39990234375,2809.69995117188,3069.39990234375,0
1995-02-17,3023.30004882813,3023.30004882813,2863.80004882813,2863.80004882813,0
1995-02-20,2961.60009765625,3053.80004882813,2954.80004882813,3023.30004882813,0
1995-02-21,2793.10009765625,2963,2782.19995117188,2961.60009765625,0
1995-02-22,2872.39990234375,2883.30004882813,2762,2793.10009765625,0
1995-02-23,3217.39990234375,3217.39990234375,2872.39990234375,2872.39990234375,0
1995-02-24,3270.89990234375,3345.80004882813,3184.39990234375,3217.39990234375,0
1995-03-02,2989.10009765625,3270.89990234375,2970.19995117188,3270.89990234375,0
1995-03-03,2988,3018.10009765625,2841.69995117188,2989.10009765625,0
1995-03-06,2867.19995117188,3035.69995117188,2856.5,2988,0
1995-03-07,2615.69995117188,2956.39990234375,2607.19995117188,2867.19995117188,0
1995-03-08,2363.30004882813,2701.10009765625,2351.30004882813,2615.69995117188,0
1995-03-09,2138.30004882813,2448.69995117188,2110,2363.30004882813,0
1995-03-10,2686.19995117188,2686.19995117188,2138.30004882813,2138.30004882813,0
1995-03-13,2670.89990234375,2787.89990234375,2542.39990234375,2686.19995117188,0
1995-03-14,3016.89990234375,3056.19995117188,2670.89990234375,2670.89990234375,0
1995-03-15,2939.39990234375,3082.80004882813,2901.39990234375,3016.89990234375,0
1995-03-16,3141.69995117188,3141.89990234375,2915.19995117188,2939.39990234375,0
1995-03-17,2981.10009765625,3164.69995117188,2899.19995117188,3141.69995117188,0
1995-03-20,2870.10009765625,3038.89990234375,2844.10009765625,2981.10009765625,0
1995-03-21,3006.10009765625,3034.60009765625,2870.10009765625,2870.10009765625,0
1995-03-22,3003.89990234375,3148.80004882813,2944.39990234375,3006.10009765625,0
1995-03-23,3145.60009765625,3145.60009765625,2914.69995117188,3003.89990234375,0
1995-03-24,3361.19995117188,3388,3145.60009765625,3145.60009765625,0
1995-03-27,3372.30004882813,3494.89990234375,3336.19995117188,3361.19995117188,0
1995-03-28,3255.80004882813,3372.30004882813,3237.5,3372.30004882813,0
1995-03-29,3198.19995117188,3309.5,3154,3255.80004882813,0
1995-03-30,3125.5,3356,3116.69995117188,3198.19995117188,0
1995-03-31,2979,3125.5,2947,3125.5,0
1995-04-03,2893.5,2983.10009765625,2867.10009765625,2979,0
1995-04-04,3125.10009765625,3125.10009765625,2893.5,2893.5,0
1995-04-05,3180.30004882813,3191.80004882813,3072.80004882813,3125.10009765625,0
1995-04-06,3254.60009765625,3302,3180.39990234375,3180.39990234375,0
1995-04-07,3203,3257.10009765625,3159.69995117188,3254.60009765625,0
1995-04-10,3114.10009765625,3192.60009765625,3104.89990234375,3192.60009765625,0
1995-04-11,3017.80004882813,3114.10009765625,2944,3114.10009765625,0
1995-04-12,3020.80004882813,3030.89990234375,2897.39990234375,3017.80004882813,0
1995-04-17,3113.10009765625,3163.39990234375,3013.60009765625,3020.80004882813,0
1995-04-18,3193.89990234375,3197.69995117188,3081.19995117188,3113.10009765625,0
1995-04-19,3330.69995117188,3337.5,3181.69995117188,3193.89990234375,0
1995-04-20,3384.30004882813,3402.39990234375,3270.19995117188,3330.69995117188,0
1995-04-24,3512.89990234375,3516.30004882813,3377.10009765625,3384.30004882813,0
1995-04-25,3699.10009765625,3776.89990234375,3477.80004882813,3512.89990234375,0
1995-04-26,3825.89990234375,3908.10009765625,3699.10009765625,3699.10009765625,0
1995-04-27,3851.10009765625,3913.10009765625,3782.10009765625,3825.89990234375,0
1995-04-28,3813.69995117188,3923.60009765625,3787.19995117188,3851.10009765625,0
1995-05-02,3861.5,3879.30004882813,3727,3813.69995117188,0
1995-05-03,3976,4053.30004882813,3861.5,3861.5,0
1995-05-04,4043.89990234375,4063.60009765625,3945.19995117188,3976,0
1995-05-05,4008.19995117188,4080.60009765625,3986,4043.89990234375,0
1995-05-08,3914.19995117188,4008.19995117188,3900.69995117188,4008.19995117188,0
1995-05-09,4065.39990234375,4091.5,3914.19995117188,3914.19995117188,0
1995-05-10,4050.39990234375,4151.10009765625,4044.39990234375,4065.39990234375,0
1995-05-11,3951.10009765625,4079,3927.89990234375,4050.39990234375,0
1995-05-12,3998.30004882813,3998.30004882813,3922.60009765625,3951.10009765625,0
1995-05-15,3894,4044.30004882813,3882,3998.30004882813,0
1995-05-16,3835.10009765625,3895.5,3787,3894,0
1995-05-17,3964.39990234375,3976.69995117188,3835.10009765625,3835.10009765625,0
1995-05-18,4008.10009765625,4038,3964.39990234375,3964.39990234375,0
1995-05-19,3950,4008.10009765625,3888.30004882813,4008.10009765625,0
1995-05-22,4033.69995117188,4042.5,3935.19995117188,3950,0
1995-05-23,4048.69995117188,4110.39990234375,4027.89990234375,4033.69995117188,0
1995-05-24,4099.60009765625,4146.2998046875,4041.89990234375,4048.69995117188,0
1995-05-25,4019,4185.10009765625,4015.19995117188,4099.60009765625,0
1995-05-26,3905,4019,3905,4019,0
1995-05-29,3896.30004882813,3905,3797.30004882813,3905,0
1995-05-30,3706.80004882813,3911.60009765625,3700.10009765625,3896.30004882813,0
1995-05-31,3720.60009765625,3824.39990234375,3688.89990234375,3706.80004882813,0
1995-06-01,3773.60009765625,3783.60009765625,3661.60009765625,3720.60009765625,0
1995-06-02,3966.5,3982.10009765625,3773.60009765625,3773.60009765625,0
1995-06-05,4062.80004882813,4067.30004882813,3966.5,3966.5,0
1995-06-06,3933.30004882813,4062.80004882813,3900.5,4062.80004882813,0
1995-06-07,3808.19995117188,3935.30004882813,3782.39990234375,3933.30004882813,0
1995-06-08,3818.5,3879.80004882813,3726.39990234375,3808.19995117188,0
1995-06-09,3670.69995117188,3819.10009765625,3637.19995117188,3818.5,0
1995-06-12,3704.80004882813,3714.80004882813,3589.80004882813,3670.69995117188,0
1995-06-13,3789.30004882813,3790.5,3673,3704.80004882813,0
1995-06-14,3665,3789.30004882813,3649,3789.30004882813,0
1995-06-16,3717.89990234375,3730.19995117188,3635.19995117188,3665,0
1995-06-19,3696.10009765625,3764.69995117188,3673.69995117188,3717.89990234375,0
1995-06-20,3576.89990234375,3697.60009765625,3562.60009765625,3696.10009765625,0
1995-06-21,3631.60009765625,3638.69995117188,3517.60009765625,3576.89990234375,0
1995-06-22,3598.80004882813,3658.69995117188,3575.19995117188,3631.60009765625,0
1995-06-23,3585.60009765625,3671.80004882813,3545,3598.80004882813,0
1995-06-26,3537,3586.80004882813,3516,3585.60009765625,0
1995-06-27,3661.30004882813,3693,3537,3537,0
1995-06-28,3661.30004882813,3693,3537,3661.30004882813,0
1995-06-29,3678,3715.39990234375,3664.10009765625,3715.39990234375,0
1995-06-30,3603.39990234375,3710,3601.39990234375,3678,0
1995-07-03,3594.39990234375,3629.19995117188,3574.39990234375,3603.39990234375,0
1995-07-04,3633.60009765625,3641.10009765625,3585.5,3594.39990234375,0
1995-07-05,3700.30004882813,3732.30004882813,3588.89990234375,3633.60009765625,0
1995-07-06,3821,3821,3700.30004882813,3700.30004882813,0
1995-07-07,3961.69995117188,3968.69995117188,3819.5,3821,0
1995-07-10,3958.39990234375,4013.30004882813,3941.69995117188,3961.69995117188,0
1995-07-11,3889.19995117188,3963.10009765625,3878.10009765625,3958.39990234375,0
1995-07-12,4026.5,4026.69995117188,3861.60009765625,3889.19995117188,0
1995-07-13,4007.5,4079.5,3989.80004882813,4026.5,0
1995-07-14,4026.80004882813,4027.5,3935.10009765625,4007.5,0
1995-07-17,4016.10009765625,4051.19995117188,3963.19995117188,4026.80004882813,0
1995-07-18,3919.19995117188,4017.5,3903.60009765625,4016.10009765625,0
1995-07-19,3829.39990234375,3933.69995117188,3818.80004882813,3919.19995117188,0
1995-07-20,3939,3943.19995117188,3829.39990234375,3829.39990234375,0
1995-07-21,3862.39990234375,3950.80004882813,3858.5,3939,0
1995-07-24,3899.69995117188,3903.19995117188,3852,3862.39990234375,0
1995-07-25,3917.89990234375,3945.30004882813,3887.10009765625,3899.69995117188,0
1995-07-26,3878.80004882813,3921,3857.89990234375,3917.89990234375,0
1995-07-27,3912.89990234375,3923.80004882813,3815.69995117188,3878.80004882813,0
1995-07-28,3888.39990234375,3952.10009765625,3874.60009765625,3912.89990234375,0
1995-07-31,3877.5,3888.39990234375,3846.19995117188,3888.39990234375,0
1995-08-01,3870.80004882813,3893.30004882813,3817.69995117188,3877.5,0
1995-08-02,3918.5,3971,3870.80004882813,3870.80004882813,0
1995-08-03,4025.5,4025.5,3878,3918.5,0
1995-08-04,4200.39990234375,4200.60009765625,4025.5,4025.5,0
1995-08-07,4393.89990234375,4393.89990234375,4194.39990234375,4200.39990234375,0
1995-08-08,4310.7998046875,4393.89990234375,4248.2001953125,4393.89990234375,0
1995-08-09,4279.7998046875,4364.2001953125,4251.39990234375,4310.7998046875,0
1995-08-10,4337,4337,4252.60009765625,4279.7998046875,0
1995-08-11,4193,4337,4147.7001953125,4337,0
1995-08-14,4081.19995117188,4193,4043,4193,0
1995-08-15,4156.39990234375,4235.7998046875,4079.10009765625,4081.19995117188,0
1995-08-16,4223.2998046875,4236.5,4077.10009765625,4156.39990234375,0
1995-08-17,4229.2001953125,4298.10009765625,4206.2001953125,4223.2998046875,0
1995-08-18,4235.39990234375,4276.7001953125,4213.39990234375,4229.2001953125,0
1995-08-21,4299,4303.89990234375,4231,4235.39990234375,0
1995-08-22,4305.60009765625,4353.39990234375,4262,4299,0
1995-08-23,4471.2001953125,4489.39990234375,4305.60009765625,4305.60009765625,0
1995-08-24,4445,4538.5,4417.2001953125,4471.2001953125,0
1995-08-25,4459.2001953125,4488.60009765625,4408.39990234375,4445,0
1995-08-28,4515,4554.60009765625,4459.2001953125,4459.2001953125,0
1995-08-29,4367.7998046875,4515,4358.7998046875,4515,0
1995-08-30,4236.10009765625,4367.7998046875,4185.7001953125,4367.7998046875,0
1995-08-31,4310.5,4343.2998046875,4215,4236.10009765625,0
1995-09-01,4450,4455.10009765625,4310.5,4310.5,0
1995-09-04,4520.2001953125,4520.2001953125,4445,4450,0
1995-09-05,4563.10009765625,4565.2998046875,4493,4520.2001953125,0
1995-09-06,4550,4582.5,4527.7998046875,4563.10009765625,0
1995-09-08,4531.60009765625,4568.10009765625,4529.5,4550,0
1995-09-11,4638.60009765625,4638.60009765625,4517.2001953125,4531.60009765625,0
1995-09-12,4703.7001953125,4730.7998046875,4638.60009765625,4638.60009765625,0
1995-09-13,4737.39990234375,4829,4659.89990234375,4703.7001953125,0
1995-09-14,4810.5,4870.10009765625,4733.60009765625,4737.39990234375,0
1995-09-15,4801.7998046875,4849,4770.89990234375,4810.5,0
1995-09-18,4851.39990234375,4883.2001953125,4801.7998046875,4801.7998046875,0
1995-09-19,4861.2001953125,4885.10009765625,4812.2001953125,4851.39990234375,0
1995-09-20,4776.60009765625,4882.2001953125,4767.39990234375,4861.2001953125,0
1995-09-21,4693.60009765625,4783.2998046875,4676.2001953125,4776.60009765625,0
1995-09-22,4673.7998046875,4693.60009765625,4607.5,4693.60009765625,0
1995-09-25,4579.10009765625,4673.7998046875,4568.5,4673.7998046875,0
1995-09-26,4544,4637.10009765625,4530.2998046875,4579.10009765625,0
1995-09-27,4548,4576.10009765625,4483.5,4544,0
1995-09-28,4566.7001953125,4616,4548,4548,0
1995-09-29,4670.10009765625,4673.7001953125,4556.5,4556.7001953125,0
1995-10-02,4538,4684.89990234375,4538,4670.10009765625,0
1995-10-03,4504.2001953125,4555.5,4424.39990234375,4538,0
1995-10-04,4426.2998046875,4506.60009765625,4411.60009765625,4504.2001953125,0
1995-10-05,4498.7001953125,4521,4424,4426.2998046875,0
1995-10-06,4514.60009765625,4545.10009765625,4485.7998046875,4498.7001953125,0
1995-10-09,4456.7001953125,4515.10009765625,4436.39990234375,4514.60009765625,0
1995-10-10,4409.5,4456.7001953125,4345.39990234375,4456.7001953125,0
1995-10-11,4500.7001953125,4501.7001953125,4409.5,4409.5,0
1995-10-13,4513.60009765625,4537.5,4495.7998046875,4500.7001953125,0
1995-10-16,4549.60009765625,4551.7001953125,4483.89990234375,4513.60009765625,0
1995-10-17,4621,4621,4549.60009765625,4549.60009765625,0
1995-10-18,4601.7001953125,4631.7001953125,4582.2001953125,4621,0
1995-10-19,4585,4601.7001953125,4571.5,4601.7001953125,0
1995-10-20,4668.7998046875,4672.5,4585,4585,0
1995-10-23,4563.89990234375,4668.7998046875,4563,4668.7998046875,0
1995-10-24,4528.2001953125,4573.39990234375,4477.2998046875,4563.89990234375,0
1995-10-25,4343.7998046875,4558.7998046875,4343.5,4528.2001953125,0
1995-10-26,4060.30004882813,4343.7998046875,4059.30004882813,4343.7998046875,0
1995-10-27,4140.60009765625,4177.5,3922.69995117188,4060.30004882813,0
1995-10-30,4069.10009765625,4174,4053.60009765625,4140.60009765625,0
1995-10-31,4128.39990234375,4140.5,4066.39990234375,4069.10009765625,0
1995-11-01,4099.7998046875,4170.2001953125,4072.80004882813,4128.39990234375,0
1995-11-03,4158.7998046875,4180.2998046875,4097.7998046875,4099.7998046875,0
1995-11-06,4094.30004882813,4168.5,4081.89990234375,4158.7998046875,0
1995-11-07,4111.2001953125,4114.7998046875,4002.89990234375,4089.60009765625,0
1995-11-08,4117.10009765625,4172.7998046875,4050.89990234375,4111.2001953125,0
1995-11-09,4112.89990234375,4158,4072,4117.10009765625,0
1995-11-10,3958,4126.39990234375,3930.60009765625,4112.89990234375,0
1995-11-13,3787,3953.30004882813,3760.5,3953.30004882813,0
1995-11-14,3797.30004882813,3842.80004882813,3713.69995117188,3787,0
1995-11-15,3797.30004882813,3842.80004882813,3713.69995117188,3787,0
1995-11-16,4003.60009765625,4003.60009765625,3799.69995117188,3799.69995117188,0
1995-11-17,4063.60009765625,4106.2001953125,3996.19995117188,4003.60009765625,0
1995-11-20,3966.10009765625,4063.60009765625,3903.30004882813,4063.60009765625,0
1995-11-21,4059.5,4059.5,3897.19995117188,3966.10009765625,0
1995-11-22,4105.7998046875,4157.7998046875,4033.30004882813,4059.5,0
1995-11-23,4191,4197.7998046875,4051.39990234375,4105.7998046875,0
1995-11-24,4081.60009765625,4209.10009765625,4070.69995117188,4191,0
1995-11-27,4105.2001953125,4128.5,3982.69995117188,4081.60009765625,0
1995-11-28,4049.80004882813,4170.10009765625,4043.5,4105.2001953125,0
1995-11-29,4182.5,4182.5,4047.5,4049.80004882813,0
1995-11-30,4378.60009765625,4390.7001953125,4184.7998046875,4184.7998046875,0
1995-12-01,4346,4388.2001953125,4249,4378.60009765625,0
1995-12-04,4334.2001953125,4390.10009765625,4296.2998046875,4346,0
1995-12-05,4281.10009765625,4346.5,4263.60009765625,4334.2001953125,0
1995-12-06,4303.60009765625,4392.7998046875,4277.7998046875,4281.10009765625,0
1995-12-07,4318.7998046875,4351.39990234375,4277.89990234375,4303.60009765625,0
1995-12-08,4299.2998046875,4356.2998046875,4292.5,4318.7998046875,0
1995-12-11,4306.2998046875,4310.10009765625,4267.2998046875,4299.2998046875,0
1995-12-12,4365.60009765625,4376.5,4305.2998046875,4306.2998046875,0
1995-12-13,4369.7998046875,4392.2998046875,4350.10009765625,4365.60009765625,0
1995-12-14,4183.2998046875,4370.7001953125,4135.7001953125,4369.7998046875,0
1995-12-15,4158.7001953125,4216.7998046875,4110.10009765625,4183.2998046875,0
1995-12-18,4056,4151.60009765625,4015.39990234375,4151.60009765625,0
1995-12-19,4035,4073.5,3957.60009765625,4056,0
1995-12-20,4205.7001953125,4205.7001953125,4036.10009765625,4036.10009765625,0
1995-12-21,4252,4260.5,4190.39990234375,4205.7001953125,0
1995-12-22,4343.2001953125,4373.2001953125,4254.39990234375,4254.39990234375,0
1995-12-26,4364,4382.7001953125,4345.60009765625,4382.7001953125,0
1995-12-27,4346.2998046875,4397.2998046875,4336.2998046875,4364,0
1995-12-28,4299,4347.5,4272.2998046875,4346.2998046875,0
1996-01-02,4390.10009765625,4393.39990234375,4299,4299,0
1996-01-03,4681.5,4685.60009765625,4392.60009765625,4392.60009765625,0
1996-01-04,4684.10009765625,4746.2998046875,4651.10009765625,4681.5,0
1996-01-05,4694.2998046875,4711.10009765625,4582.39990234375,4684.10009765625,0
1996-01-08,4741,4796.7998046875,4695.10009765625,4796.7998046875,0
1996-01-09,4653.89990234375,4740.39990234375,4620.7001953125,4740.39990234375,0
1996-01-10,4622.2001953125,4676.89990234375,4562.39990234375,4653.89990234375,0
1996-01-11,4748.7001953125,4749.2001953125,4619.2998046875,4622.2001953125,0
1996-01-12,4846.60009765625,4852.89990234375,4748,4748.7001953125,0
1996-01-15,4895.39990234375,4896.7998046875,4810.7998046875,4846.60009765625,0
1996-01-16,4846.7998046875,4964.10009765625,4832.2998046875,4895.39990234375,0
1996-01-17,4836.2001953125,4860.5,4793.10009765625,4846.7998046875,0
1996-01-18,4833.89990234375,4838.7001953125,4753.39990234375,4836.2001953125,0
1996-01-19,4909,4912.7998046875,4803.2001953125,4833.89990234375,0
1996-01-22,4893.7998046875,4922.10009765625,4838,4909,0
1996-01-23,4985.2001953125,4985.5,4896.7001953125,4985.5,0
1996-01-24,4945.2001953125,5020,4920.2001953125,4985.5,0
1996-01-26,4907.7001953125,4939.5,4831.89990234375,4939.5,0
1996-01-29,4934.7998046875,4947.5,4875,4907.7001953125,0
1996-01-30,5133.5,5147.89990234375,4937.7001953125,5147.89990234375,0
1996-01-31,5151.5,5171.60009765625,5083.7001953125,5133.5,0
1996-02-01,5269.39990234375,5292.10009765625,5098.2998046875,5151.5,0
1996-02-02,5410.89990234375,5410.89990234375,5256.89990234375,5269.39990234375,0
1996-02-05,5332.89990234375,5410.89990234375,5293,5410.89990234375,0
1996-02-06,5354.10009765625,5379.7998046875,5296.2998046875,5332.89990234375,0
1996-02-07,5283,5362,5279.7001953125,5354.10009765625,0
1996-02-08,5322.60009765625,5324,5193.10009765625,5283,0
1996-02-09,5305.39990234375,5352,5271,5322.60009765625,0
1996-02-12,5339,5343.5,5248.89990234375,5305.39990234375,0
1996-02-13,5385.60009765625,5398.10009765625,5315.10009765625,5339,0
1996-02-14,5330.7998046875,5385.60009765625,5273.89990234375,5385.60009765625,0
1996-02-15,5273.7001953125,5328.7998046875,5256.39990234375,5328.7998046875,0
1996-02-16,5173,5280.39990234375,5149.7998046875,5273.7001953125,0
1996-02-22,5237.7001953125,5240.2001953125,5117.10009765625,5173,0
1996-02-23,5267.39990234375,5358.10009765625,5237.7001953125,5237.7001953125,0
1996-02-26,5245.2001953125,5287.7001953125,5230.60009765625,5274.39990234375,0
1996-02-27,5193,5245.39990234375,5176.7998046875,5245.2001953125,0
1996-02-28,5199.2998046875,5231.2001953125,5168.39990234375,5193,0
1996-02-29,4957.7001953125,5199.2998046875,4939.60009765625,5199.2998046875,0
1996-03-01,5083.39990234375,5120.7998046875,4960.60009765625,5120.7998046875,0
1996-03-04,5152.7001953125,5153.7998046875,5081.39990234375,5083.39990234375,0
1996-03-05,5198,5224.39990234375,5087.39990234375,5152.7001953125,0
1996-03-06,4975.2998046875,5195.60009765625,4969.5,5195.60009765625,0
1996-03-07,4756,4966.7001953125,4658.60009765625,4966.7001953125,0
1996-03-08,4721.89990234375,4835.89990234375,4643.2001953125,4756,0
1996-03-11,4771.7998046875,4771.7998046875,4595.60009765625,4721.89990234375,0
1996-03-12,4739.39990234375,4805.2998046875,4710,4771.7998046875,0
1996-03-13,4805.60009765625,4848.39990234375,4741.7998046875,4848.39990234375,0
1996-03-14,4841.2998046875,4870.2998046875,4778.7001953125,4870.2998046875,0
1996-03-15,4852.5,4853.89990234375,4776.60009765625,4853.89990234375,0
1996-03-18,4887,4923.2001953125,4849.5,4923.2001953125,0
1996-03-19,4851.5,4920.10009765625,4838.7998046875,4920.10009765625,0
1996-03-20,4868.39990234375,4871.89990234375,4745.7998046875,4871.89990234375,0
1996-03-21,4979.7001953125,5002.60009765625,4871.39990234375,5002.60009765625,0
1996-03-22,5051.2001953125,5062.10009765625,4980.60009765625,5062.10009765625,0
1996-03-25,5031.60009765625,5112.39990234375,5031.60009765625,5112.39990234375,0
1996-03-26,4981.7001953125,5047.39990234375,4928,5047.39990234375,0
1996-03-27,5039.60009765625,5043.10009765625,4936.2998046875,5043.10009765625,0
1996-03-28,4980.5,5039,4942.7001953125,5039,0
1996-03-29,4954.89990234375,5014.89990234375,4923.2998046875,5014.89990234375,0
1996-04-01,5009.2998046875,5022.39990234375,4951.7998046875,5022.39990234375,0
1996-04-02,4985.60009765625,5032.2998046875,4972.39990234375,5032.2998046875,0
1996-04-03,4977.60009765625,4987.2998046875,4913.60009765625,4987.2998046875,0
1996-04-08,4853.7001953125,4976.7998046875,4831.2001953125,4976.7998046875,0
1996-04-09,4866.5,4894.2998046875,4834.5,4894.2998046875,0
1996-04-10,4889.60009765625,4926.89990234375,4860.7998046875,4926.89990234375,0
1996-04-11,4885.2001953125,4909.7001953125,4842.2998046875,4909.7001953125,0
1996-04-12,5015.60009765625,5015.7001953125,4885.2001953125,5015.7001953125,0
1996-04-15,5022.39990234375,5023.10009765625,4967.2998046875,5023.10009765625,0
1996-04-16,4989.2998046875,5025.60009765625,4974.60009765625,5025.60009765625,0
1996-04-17,5003.89990234375,5015.5,4963.39990234375,5015.5,0
1996-04-18,5002,5012.7001953125,4954.10009765625,5012.7001953125,0
1996-04-19,5075.60009765625,5080.89990234375,4994.89990234375,5080.89990234375,0
1996-04-22,5079.7001953125,5136.89990234375,5070.10009765625,5136.89990234375,0
1996-04-23,5061.89990234375,5079.7001953125,5032.39990234375,5079.7001953125,0
1996-04-24,5047,5090.60009765625,5038,5090.60009765625,0
1996-04-25,5121.89990234375,5121.89990234375,5049.2998046875,5121.89990234375,0
1996-04-26,5142.60009765625,5161.2001953125,5120.7998046875,5161.2001953125,0
1996-04-29,5149.2998046875,5149.2998046875,5097.5,5149.2998046875,0
1996-04-30,5164.10009765625,5175.2001953125,5134.10009765625,5175.2001953125,0
1996-05-02,5146,5191.5,5130.5,5191.5,0
1996-05-03,5101.5,5170.2001953125,5098.7001953125,5170.2001953125,0
1996-05-06,5153,5154,5097.2998046875,5154,0
1996-05-07,5284.2001953125,5284.60009765625,5139.39990234375,5284.60009765625,0
1996-05-08,5360.5,5363.7998046875,5268.7998046875,5363.7998046875,0
1996-05-09,5388.5,5406.89990234375,5336.7001953125,5406.89990234375,0
1996-05-10,5345.5,5411.60009765625,5338,5411.60009765625,0
1996-05-13,5480.2001953125,5483.7998046875,5345.60009765625,5483.7998046875,0
1996-05-14,5428.10009765625,5508.2998046875,5413.5,5508.2998046875,0
1996-05-15,5442.5,5499.7001953125,5422.2001953125,5499.7001953125,0
1996-05-16,5475.60009765625,5495,5379.39990234375,5495,0
1996-05-17,5560.39990234375,5573.2998046875,5475.60009765625,5573.2998046875,0
1996-05-20,5655.7001953125,5661.89990234375,5532.39990234375,5661.89990234375,0
1996-05-21,5602,5675.7001953125,5589.5,5675.7001953125,0
1996-05-22,5681.5,5683.7998046875,5551.10009765625,5683.7001953125,0
1996-05-23,5530.89990234375,5679.2998046875,5519.10009765625,5679.2998046875,0
1996-05-24,5600.7001953125,5602.89990234375,5530.89990234375,5602.89990234375,0
1996-05-27,5628,5632.5,5584.7998046875,5632.5,0
1996-05-28,5710.7998046875,5721.7998046875,5628,5721.7998046875,0
1996-05-29,5625.7001953125,5713,5622.10009765625,5713,0
1996-05-30,5687.7998046875,5689.7998046875,5610.5,5689.7998046875,0
1996-05-31,5728,5764.2001953125,5662.39990234375,5764.2001953125,0
1996-06-03,5635.10009765625,5725.7998046875,5623.39990234375,5725.7998046875,0
1996-06-04,5599.39990234375,5696,5579.89990234375,5696,0
1996-06-05,5567.89990234375,5616.7001953125,5543.7998046875,5616.7001953125,0
1996-06-07,5530.2001953125,5567.89990234375,5496.2001953125,5567.89990234375,0
1996-06-10,5457.2001953125,5575.60009765625,5434.5,5575.60009765625,0
1996-06-11,5413.39990234375,5477.89990234375,5400.2001953125,5477.89990234375,0
1996-06-12,5532.5,5536.39990234375,5397.7998046875,5536.39990234375,0
1996-06-13,5503.7998046875,5530.5,5443.89990234375,5530.5,0
1996-06-14,5634.89990234375,5634.89990234375,5483.2998046875,5634.89990234375,0
1996-06-17,5804.89990234375,5807.89990234375,5648.7001953125,5807.89990234375,0
1996-06-18,5834.60009765625,5873.2001953125,5799,5804.89990234375,0
1996-06-19,5817.10009765625,5864.2998046875,5792.39990234375,5864.2998046875,0
1996-06-20,5823,5824.5,5780.39990234375,5824.5,0
1996-06-21,6053.10009765625,6065.7998046875,5820.7998046875,6065.7998046875,0
1996-06-24,6201.7998046875,6215.7001953125,6053.10009765625,6215.7001953125,0
1996-06-25,6082.39990234375,6204.7998046875,6077.2998046875,6204.7998046875,0
1996-06-26,6227.2001953125,6278.89990234375,6074.60009765625,6278.89990234375,0
1996-06-27,6227.2001953125,6278.89990234375,6074.60009765625,6278.89990234375,0
1996-06-28,6043.89990234375,6212.2001953125,6020.2001953125,6181.60009765625,0
1996-07-01,6156.2001953125,6173.5,6043.60009765625,6043.89990234375,0
1996-07-02,6245.5,6288.89990234375,6156.89990234375,6288.89990234375,0
1996-07-03,6355.89990234375,6373.2998046875,6245.5,6373.2998046875,0
1996-07-04,6432.10009765625,6473.2001953125,6310.7001953125,6473.2001953125,0
1996-07-05,6286.5,6429.89990234375,6274,6429.89990234375,0
1996-07-08,6338.7998046875,6381.89990234375,6243.7998046875,6381.89990234375,0
1996-07-09,6488,6526.2998046875,6338.7001953125,6526.2998046875,0
1996-07-10,6444.7001953125,6544,6380.39990234375,6544,0
1996-07-11,6508.5,6520.5,6384.60009765625,6520.5,0
1996-07-12,6652.2001953125,6713.2001953125,6505.60009765625,6713.2001953125,0
1996-07-15,6432.89990234375,6675.89990234375,6428.60009765625,6675.89990234375,0
1996-07-16,6293.39990234375,6485.5,6055.10009765625,6458.7998046875,0
1996-07-17,6214.7001953125,6444.60009765625,6201.39990234375,6444.60009765625,0
1996-07-18,6188.7998046875,6313.39990234375,6155.10009765625,6313.39990234375,0
1996-07-19,6411.7001953125,6429.89990234375,6188.7998046875,6429.89990234375,0
1996-07-22,6299.10009765625,6445.10009765625,6275.10009765625,6445.10009765625,0
1996-07-23,6222.60009765625,6331.10009765625,6216.7998046875,6331.10009765625,0
1996-07-24,6051,6222.60009765625,6038,6222.60009765625,0
1996-07-25,6096.2998046875,6112.39990234375,5898.2001953125,6112.39990234375,0
1996-07-26,5968.5,6162.2998046875,5968.10009765625,6162.2998046875,0
1996-07-29,5909.39990234375,6007.7001953125,5889,6007.7001953125,0
1996-07-30,6143.2998046875,6149.39990234375,5879.39990234375,6149.39990234375,0
1996-07-31,6123.2998046875,6271.89990234375,6086.10009765625,6271.89990234375,0
1996-08-01,6277.2998046875,6308.2998046875,6158.2998046875,6308.2998046875,0
1996-08-02,6363.60009765625,6400.7998046875,6280,6400.7998046875,0
1996-08-05,6244.10009765625,6365.60009765625,6228,6365.60009765625,0
1996-08-06,6130.7998046875,6244.10009765625,6092,6244.10009765625,0
1996-08-07,6165.2998046875,6190.7998046875,6099,6190.7998046875,0
1996-08-08,6257.2998046875,6261,6135.5,6261,0
1996-08-09,6222.7998046875,6337.5,6197.2998046875,6337.5,0
1996-08-12,6304.2001953125,6315,6158.10009765625,6315,0
1996-08-13,6227.7001953125,6335.2001953125,6179.2998046875,6335.2001953125,0
1996-08-14,6227.10009765625,6289.10009765625,6188.10009765625,6289.10009765625,0
1996-08-15,6348.39990234375,6374.2998046875,6229,6374.2998046875,0
1996-08-16,6352.89990234375,6395.10009765625,6330.7998046875,6395.10009765625,0
1996-08-19,6292.10009765625,6356,6265.5,6356,0
1996-08-20,6337.10009765625,6337.7998046875,6270.7998046875,6337.7998046875,0
1996-08-21,6314.7998046875,6380.60009765625,6284.2001953125,6380.60009765625,0
1996-08-22,6248.89990234375,6327.5,6237.2998046875,6327.5,0
1996-08-23,6202.7001953125,6249,6141.2998046875,6249,0
1996-08-26,6028.10009765625,6214.39990234375,6016,6214.39990234375,0
1996-08-27,6126.10009765625,6126.2001953125,6030.2998046875,6126.2001953125,0
1996-08-28,6294.7998046875,6303.2998046875,6127.7001953125,6303.2998046875,0
1996-08-29,6270,6354.7001953125,6237.89990234375,6354.7001953125,0
1996-08-30,6259.39990234375,6290.10009765625,6169.7001953125,6290.10009765625,0
1996-09-02,6232.5,6269.10009765625,6219.5,6269.10009765625,0
1996-09-03,6270,6284,6132.2998046875,6232.5,0
1996-09-04,6276.89990234375,6279.89990234375,6237.39990234375,6279.89990234375,0
1996-09-05,6254,6295.10009765625,6233,6295.10009765625,0
1996-09-06,6334.60009765625,6353.39990234375,6261.2001953125,6353.39990234375,0
1996-09-09,6382.7998046875,6386.89990234375,6330.89990234375,6386.89990234375,0
1996-09-10,6415.7998046875,6416.7998046875,6378.7001953125,6416.7998046875,0
1996-09-11,6358.10009765625,6426.89990234375,6345.2001953125,6426.89990234375,0
1996-09-12,6391,6414.2998046875,6359.89990234375,6414.2998046875,0
1996-09-13,6464.2998046875,6497.10009765625,6391.2001953125,6497.10009765625,0
1996-09-16,6534.2998046875,6539.2998046875,6466.10009765625,6539.2998046875,0
1996-09-17,6512.39990234375,6557.7001953125,6482.2001953125,6557.7001953125,0
1996-09-18,6489.60009765625,6512.10009765625,6457.7001953125,6512.10009765625,0
1996-09-19,6560.2001953125,6562.2998046875,6468.2001953125,6562.2998046875,0
1996-09-20,6588.2998046875,6631.5,6560.2001953125,6631.5,0
1996-09-23,6551.7001953125,6588.89990234375,6514,6588.2998046875,0
1996-09-24,6557,6621.2998046875,6542,6621.2998046875,0
1996-09-25,6513.89990234375,6573.10009765625,6499.2001953125,6573.10009765625,0
1996-09-26,6535.89990234375,6545.10009765625,6502.2001953125,6513.89990234375,0
1996-09-27,6458.89990234375,6544.7001953125,6453.39990234375,6535.89990234375,0
1996-09-30,6446.89990234375,6476.60009765625,6422.5,6476.60009765625,0
1996-10-01,6521.7998046875,6525.7998046875,6431.39990234375,6446.89990234375,0
1996-10-02,6605.7998046875,6612,6522.7998046875,6612,0
1996-10-04,6626.89990234375,6659.2998046875,6591.89990234375,6659.2998046875,0
1996-10-07,6612.7001953125,6627.2998046875,6575.2998046875,6627.2998046875,0
1996-10-08,6651.60009765625,6659.39990234375,6609.5,6627.2998046875,0
1996-10-09,6631.10009765625,6669.7998046875,6592.5,6651.60009765625,0
1996-10-10,6626.7001953125,6634.7001953125,6592.5,6631.10009765625,0
1996-10-11,6608.7001953125,6678.2001953125,6596.60009765625,6626.7001953125,0
1996-10-14,6631.2998046875,6631.2998046875,6578.89990234375,6631.2998046875,0
1996-10-15,6744.89990234375,6747,6631.2998046875,6747,0
1996-10-16,6733.5,6775.89990234375,6670.7998046875,6775.89990234375,0
1996-10-17,6766,6786.39990234375,6714.5,6786.39990234375,0
1996-10-18,6798.10009765625,6816.10009765625,6742.7001953125,6766,0
1996-10-21,6798.89990234375,6851.5,6761.7001953125,6851.5,0
1996-10-22,6675.60009765625,6798.89990234375,6659.89990234375,6798.89990234375,0
1996-10-23,6648.60009765625,6658.10009765625,6543,6658.10009765625,0
1996-10-24,6588.7998046875,6645,6562.60009765625,6645,0
1996-10-25,6503.39990234375,6595,6492.60009765625,6595,0
1996-10-28,6401.10009765625,6544.7001953125,6401.10009765625,6544.7001953125,0
1996-10-29,6549.7998046875,6556.89990234375,6316.89990234375,6401.10009765625,0
1996-10-30,6543.2001953125,6591.10009765625,6486.60009765625,6549.7998046875,0
1996-10-31,6533.2001953125,6548.2001953125,6477,6543.2001953125,0
1996-11-01,6641.2001953125,6670.10009765625,6532.7998046875,6533.2001953125,0
1996-11-04,6658.5,6690.7001953125,6614.2998046875,6641.2001953125,0
1996-11-05,6697.60009765625,6756.39990234375,6661.2998046875,6756.39990234375,0
1996-11-06,6704.60009765625,6757.7998046875,6682.89990234375,6757.7998046875,0
1996-11-07,6666.7001953125,6704.39990234375,6636.2998046875,6704.39990234375,0
1996-11-08,6559.60009765625,6682.60009765625,6558.7998046875,6666.7001953125,0
1996-11-11,6582.89990234375,6595.5,6552.7998046875,6595.5,0
1996-11-12,6523.2998046875,6624.2998046875,6512.2001953125,6624.2001953125,0
1996-11-13,6571,6571.7998046875,6481.7001953125,6571.7998046875,0
1996-11-14,6523,6595.39990234375,6508.89990234375,6595.39990234375,0
1996-11-18,6556.2998046875,6559,6478.89990234375,6559,0
1996-11-19,6557,6571.60009765625,6517,6571.60009765625,0
1996-11-20,6541.2998046875,6561,6514.2001953125,6561,0
1996-11-21,6625.89990234375,6633.10009765625,6541.2998046875,6633.10009765625,0
1996-11-22,6645.2998046875,6692.2001953125,6639.89990234375,6692.2001953125,0
1996-11-25,6649.2001953125,6689.60009765625,6637.2001953125,6689.60009765625,0
1996-11-26,6631.5,6676.2998046875,6617.60009765625,6676.2998046875,0
1996-11-27,6591.89990234375,6635.10009765625,6562.39990234375,6635.10009765625,0
1996-11-28,6644.89990234375,6646.39990234375,6573.60009765625,6646.39990234375,0
1996-11-29,6666.10009765625,6691.7001953125,6639.2998046875,6691.7001953125,0
1996-12-02,6735.60009765625,6739.2998046875,6656.2998046875,6739.2998046875,0
1996-12-03,6836.7998046875,6854.7998046875,6750.10009765625,6854.7998046875,0
1996-12-04,6797.60009765625,6879.10009765625,6785.39990234375,6879.10009765625,0
1996-12-05,6947.10009765625,6964.39990234375,6791.60009765625,6964.39990234375,0
1996-12-06,6872.89990234375,6946.5,6737.60009765625,6946.5,0
1996-12-09,6836.39990234375,6912.7998046875,6819.5,6912.7998046875,0
1996-12-10,6855.89990234375,6868.5,6816.5,6868.5,0
1996-12-11,6677.7998046875,6835.2001953125,6658.89990234375,6835.2001953125,0
1996-12-12,6657.5,6740.89990234375,6628.39990234375,6740.89990234375,0
1996-12-13,6680.2001953125,6691.39990234375,6613.5,6691.39990234375,0
1996-12-16,6654.39990234375,6686.39990234375,6612.39990234375,6686.39990234375,0
1996-12-17,6784.60009765625,6794.39990234375,6599.10009765625,6794.39990234375,0
1996-12-18,6910.39990234375,6915.7001953125,6445.10009765625,6915.7001953125,0
1996-12-19,6891.60009765625,6965.5,6872.7001953125,6965.5,0
1996-12-20,6942.2001953125,6942.2001953125,6901.60009765625,6942.2001953125,0
1996-12-23,6912.60009765625,6931.7998046875,6887.5,6931.7998046875,0
1996-12-26,6957.7998046875,6963.7001953125,6868.39990234375,6963.7001953125,0
1996-12-27,7006.89990234375,7010.2998046875,6959.2001953125,7010.2998046875,0
1996-12-30,7039.89990234375,7052.5,7007.89990234375,7052.5,0
1997-01-02,6955.5,7040,6955.39990234375,7040,0
1997-01-03,6997.7998046875,7008.7001953125,6952.5,7008.7001953125,0
1997-01-06,7159.5,7171.7001953125,6993.60009765625,7171.7001953125,0
1997-01-07,7159.5,7171.7001953125,6993.60009765625,7171.7001953125,0
1997-01-08,7427,7463.39990234375,7297.5,7463.39990234375,0
1997-01-09,7454.2001953125,7490.10009765625,7325.39990234375,7490.10009765625,0
1997-01-10,7478.2998046875,7493.39990234375,7348.39990234375,7493.39990234375,0
1997-01-13,7411.7998046875,7478.2998046875,7360.2998046875,7478.2998046875,0
1997-01-14,7621.10009765625,7631.89990234375,7411.7998046875,7631.89990234375,0
1997-01-15,7667.60009765625,7671.39990234375,7557,7671.39990234375,0
1997-01-16,7655.7998046875,7742.5,7632.89990234375,7742.5,0
1997-01-17,7816.2998046875,7827.2998046875,7642.7001953125,7827.2998046875,0
1997-01-20,7835.39990234375,7836.2001953125,7734.7001953125,7836.2001953125,0
1997-01-21,7904.89990234375,7923,7752.2998046875,7923,0
1997-01-22,7817.5,7931.60009765625,7788.2001953125,7931.60009765625,0
1997-01-23,7890.7001953125,7894.2998046875,7776.39990234375,7894.2998046875,0
1997-01-24,7759.7998046875,7890.7001953125,7740.10009765625,7890.7001953125,0
1997-01-27,7759.10009765625,7832.7001953125,7744,7832.7001953125,0
1997-01-28,7849.7998046875,7871.2998046875,7755.2001953125,7871.2998046875,0
1997-01-29,7736.89990234375,7852.10009765625,7722.7998046875,7852.10009765625,0
1997-01-30,7788.7998046875,7802.10009765625,7720.39990234375,7802.10009765625,0
1997-01-31,7964.7001953125,7991.7998046875,7785.7001953125,7991.7998046875,0
1997-02-03,8095.89990234375,8104.10009765625,7963.2998046875,8104.10009765625,0
1997-02-04,8102.2998046875,8125.2001953125,8051.60009765625,8125.2001953125,0
1997-02-05,8171.2001953125,8232.400390625,8103,8232.400390625,0
1997-02-06,8147.89990234375,8172,8104.89990234375,8172,0
1997-02-07,8147.89990234375,8172,8104.89990234375,8172,0
1997-02-11,8102.2998046875,8125.2001953125,8051.60009765625,8125.2001953125,0
1997-02-12,8670.599609375,8679,8317.7001953125,8679,0
1997-02-13,8764.900390625,8931.5,8496.7998046875,8670.599609375,0
1997-02-14,8700,8908.7001953125,8645.2001953125,8764.900390625,0
1997-02-17,8816.099609375,8824,8636.599609375,8824,0
1997-02-18,8950.2001953125,8951.7998046875,8738.900390625,8951.7998046875,0
1997-02-19,8771.2998046875,9062.900390625,8748.7998046875,9062.900390625,0
1997-02-20,8701.7998046875,8808,8635.099609375,8808,0
1997-02-21,8719.5,8743.900390625,8652.5,8743.900390625,0
1997-02-24,8959.2998046875,8964.900390625,8645.2998046875,8964.900390625,0
1997-02-25,9149.099609375,9181.099609375,8959.2998046875,9181.099609375,0
1997-02-26,8927.900390625,9150.400390625,8810.2001953125,9150.400390625,0
1997-02-27,8776.7998046875,8982.7001953125,8721.7001953125,8982.7001953125,0
1997-02-28,8828.7001953125,8828.7001953125,8685.400390625,8828.7001953125,0
1997-03-03,8978,8982,8707,8982,0
1997-03-04,8961,9157,8930,9157,0
1997-03-05,9074,9096,8926,9096,0
1997-03-06,9126,9189,9069,9189,0
1997-03-07,9181,9224,9063,9224,0
1997-03-10,9419,9423,9180,9423,0
1997-03-11,9565,9568,9346,9568,0
1997-03-12,9317,9565,9291,9565,0
1997-03-13,9314,9352,9235,9352,0
1997-03-14,9499,9507,9315,9507,0
1997-03-17,9499,9507,9315,9507,0
1997-03-18,9172,9323,9153,9323,0
1997-03-19,9088,9185,9043,9185,0
1997-03-20,9303,9337,9089,9337,0
1997-03-21,9302,9430,9279,9430,0
1997-03-24,9328,9332,9190,9332,0
1997-03-25,9380,9472,9326,9472,0
1997-03-26,9272,9382,9244,9382,0
1997-03-31,9044,9272,9020,9272,0
1997-04-01,9138,9140,8982,9140,0
1997-04-02,9237,9254,9121,9254,0
1997-04-03,9302,9364,9221,9364,0
1997-04-04,9705,9705,9307,9705,0
1997-04-07,9837,9937,9705,9937,0
1997-04-08,9738,9884,9702,9884,0
1997-04-09,9819,9914,9746,9914,0
1997-04-10,9733,9906,9728,9819,0
1997-04-11,9518,9733,9502,9733,0
1997-04-14,9456,9538,9418,9538,0
1997-04-15,9490,9610,9456,9610,0
1997-04-16,9566,9576,9449,9576,0
1997-04-17,9419,9566,9399,9566,0
1997-04-18,9422,9452,9360,9452,0
1997-04-22,9474,9480,9419,9480,0
1997-04-23,9634,9636,9466,9636,0
1997-04-24,9709,9747,9633,9747,0
1997-04-25,9732,9756,9670,9756,0
1997-04-28,9762,9787,9702,9787,0
1997-04-29,9858,9859,9762,9859,0
1997-04-30,9982,10000,9847,10000,0
1997-05-02,10074,10116,9982,10116,0
1997-05-05,9994,10099,9994,10099,0
1997-05-06,10219,10264,9996,10264,0
1997-05-07,10180,10236,10118,10236,0
1997-05-08,10437,10503,10155,10503,0
1997-05-09,10492,10596,10437,10596,0
1997-05-12,10681,10699,10492,10699,0
1997-05-13,10648,10725,10577,10725,0
1997-05-14,10283,10650,10188,10650,0
1997-05-15,10354,10560,10256,10560,0
1997-05-16,10499,10511,10354,10354,0
1997-05-19,10506,10556,10471,10556,0
1997-05-20,10641,10641,10374,10641,0
1997-05-21,10715,10836,10641,10836,0
1997-05-22,10745,10863,10686,10863,0
1997-05-23,10764,10808,10717,10808,0
1997-05-26,10961,10961,10754,10961,0
1997-05-27,11133,11134,10923,11134,0
1997-05-28,11301,11330,11072,11133,0
1997-05-30,11345,11458,11150,11458,0
1997-06-02,11361,11398,11326,11398,0
1997-06-03,11110,11414,11058,11414,0
1997-06-04,11030,11181,11010,11181,0
1997-06-05,11106,11141,10988,11141,0
1997-06-06,11334,11338,11106,11338,0
1997-06-09,11396,11510,11333,11510,0
1997-06-10,11429,11492,11319,11492,0
1997-06-11,11490,11490,11360,11490,0
1997-06-12,11852,11876,11491,11876,0
1997-06-13,11828,11975,11752,11852,0
1997-06-16,11954,11954,11760,11954,0
1997-06-17,12119,12218,11944,12218,0
1997-06-18,12206,12229,12020,12229,0
1997-06-19,12205,12424,12181,12206,0
1997-06-20,12121,12218,12024,12205,0
1997-06-23,12239,12323,12109,12121,0
1997-06-24,12587,12673,12239,12673,0
1997-06-25,13053,13056,12587,13056,0
1997-06-26,12874,13223,12831,13223,0
1997-06-27,12758,12920,12662,12920,0
1997-06-30,12568,12773,12501,12773,0
1997-07-01,13002,13013,12556,13013,0
1997-07-02,13260,13271,12992,13271,0
1997-07-03,13285,13414,13137,13414,0
1997-07-04,13494,13500,13242,13500,0
1997-07-07,13502,13597,13412,13597,0
1997-07-08,13617,13617,13240,13617,0
1997-07-10,13609,14005,13567,14005,0
1997-07-11,13153,13609,13114,13609,0
1997-07-14,12698,13424,12453,13153,0
1997-07-15,11617,12701,11504,12701,0
1997-07-16,12640,12646,11617,11617,0
1997-07-17,11728,12787,11655,12787,0
1997-07-18,11182,11740,10765,11740,0
1997-07-21,11292,11318,10967,11318,0
1997-07-22,12235,12253,11294,12253,0
1997-07-23,12427,12705,11759,11759,0
1997-07-24,12544,12642,12326,12642,0
1997-07-25,12523,12573,12400,12573,0
1997-07-28,12938,13061,12561,13061,0
1997-07-29,13044,13188,12860,13188,0
1997-07-30,13019,13239,12937,13239,0
1997-07-31,12872,13046,12775,13046,0
1997-08-01,12259,12846,12178,12846,0
1997-08-04,12017,12259,11868,12259,0
1997-08-05,11909,12224,11887,12224,0
1997-08-06,12523,12544,11864,12224,0
1997-08-07,12323,12620,12268,12620,0
1997-08-08,12129,12324,12018,12324,0
1997-08-11,11949,12239,11845,12239,0
1997-08-12,11810,12150,11798,12150,0
1997-08-13,11851,12045,11696,12045,0
1997-08-14,11905,12097,11811,12097,0
1997-08-15,11335,11891,11316,11891,0
1997-08-18,11338,11370,10945,10945,0
1997-08-19,11211,11481,11160,11481,0
1997-08-20,10849,11211,10764,11211,0
1997-08-21,11180,11207,10849,11207,0
1997-08-22,11158,11180,10920,10920,0
1997-08-25,11422,11422,11155,11422,0
1997-08-26,11626,11651,11323,11651,0
1997-08-27,11719,11802,11589,11589,0
1997-08-28,11267,11721,11260,11721,0
1997-08-29,10609,11267,10518,11267,0
1997-09-01,10109,10643,9921,10643,0
1997-09-02,11063,11065,10112,11065,0
1997-09-03,11119,11353,10949,11353,0
1997-09-04,11431,11456,11011,11456,0
1997-09-05,11838,11928,11465,11465,0
1997-09-08,11685,12020,11666,12020,0
1997-09-09,11735,11822,11572,11572,0
1997-09-10,11361,11773,11297,11773,0
1997-09-11,11094,11362,10809,11362,0
1997-09-12,11292,11377,10918,11377,0
1997-09-15,10865,11320,10851,11320,0
1997-09-16,11204,11271,10791,10791,0
1997-09-17,11524,11553,11152,11152,0
1997-09-18,11714,11782,11457,11457,0
1997-09-19,11650,11830,11570,11830,0
1997-09-22,11712,11880,11650,11880,0
1997-09-23,11516,11698,11405,11698,0
1997-09-24,11482,11647,11463,11647,0
1997-09-25,11385,11476,11309,11476,0
1997-09-26,11534,11558,11385,11385,0
1997-09-29,11614,11614,11485,11534,0
1997-09-30,11797,11840,11619,11840,0
1997-10-01,12173,12183,11799,11799,0
1997-10-02,12397,12471,12173,12173,0
1997-10-03,12541,12814,12281,12814,0
1997-10-07,12481,12737,12458,12737,0
1997-10-08,12433,12530,12270,12530,0
1997-10-09,12684,12725,12325,12325,0
1997-10-10,12737,12778,12609,12609,0
1997-10-13,12698,12817,12615,12817,0
1997-10-14,12895,12911,12635,12911,0
1997-10-15,12830,12960,12750,12895,0
1997-10-16,12578,12910,12568,12910,0
1997-10-17,12488,12704,12385,12704,0
1997-10-20,12704,12718,12446,12718,0
1997-10-21,13016,13037,12704,12704,0
1997-10-22,12956,13019,12835,12835,0
1997-10-23,11899,12955,11881,12955,0
1997-10-24,11545,12308,11234,12308,0
1997-10-27,9817,11545,9800,11545,0
1997-10-28,10447,10594,8564,8564,0
1997-10-29,9818,10759,9493,10759,0
1997-10-30,8855,9819,8855,9819,0
1997-10-31,8986,9609,8456,9609,0
1997-11-03,9858,9883,8986,8986,0
1997-11-04,10254,10279,9625,9625,0
1997-11-05,9988,10334,9922,9922,0
1997-11-06,9435,9989,9382,9989,0
1997-11-07,8833,9434,8443,9434,0
1997-11-10,9006,9266,8823,8823,0
1997-11-11,8711,9067,8704,9067,0
1997-11-12,7822,8556,7767,8556,0
1997-11-13,8072,8236,7522,7522,0
1997-11-14,8732,8779,8074,8074,0
1997-11-17,9083,9258,8735,8735,0
1997-11-18,9028,9084,8691,8691,0
1997-11-19,9332,9353,8904,8904,0
1997-11-20,9189,9479,9132,9479,0
1997-11-21,9422,9671,9189,9189,0
1997-11-24,9070,9420,9047,9420,0
1997-11-25,9151,9168,8862,8862,0
1997-11-26,9373,9451,9153,9153,0
1997-11-27,9619,9619,9371,9371,0
1997-11-28,9395,9623,9382,9623,0
1997-12-01,9648,9653,9396,9396,0
1997-12-02,9964,9982,9650,9650,0
1997-12-03,9992,10072,9906,10072,0
1997-12-04,10046,10212,10043,10212,0
1997-12-05,10080,10086,9946,9946,0
1997-12-08,10079,10210,10059,10210,0
1997-12-09,9840,10076,9794,10076,0
1997-12-10,9462,9839,9349,9839,0
1997-12-11,9109,9454,8853,8853,0
1997-12-12,9147,9362,8941,8941,0
1997-12-15,9551,9551,9035,9035,0
1997-12-16,9743,9854,9551,9551,0
1997-12-17,9854,9923,9712,9923,0
1997-12-18,9483,9854,9426,9854,0
1997-12-19,9139,9482,8910,8910,0
1997-12-22,9494,9504,9139,9139,0
1997-12-23,9554,9641,9469,9641,0
1997-12-26,9707,9713,9557,9557,0
1997-12-29,10052,10075,9794,9794,0
1997-12-30,10197,10208,10055,10208,0
1998-01-02,10480,10498,10197,10197,0
1998-01-05,10607,10655,10427,10427,0
1998-01-06,10185,10607,10135,10607,0
1998-01-07,9879,10215,9760,10215,0
1998-01-08,9658,9874,9495,9874,0
1998-01-09,9118,9656,9118,9656,0
1998-01-12,9227,9254,8441,8441,0
1998-01-13,9416,9587,9228,9228,0
1998-01-14,9349,9744,9324,9744,0
1998-01-15,9140,9358,9082,9082,0
1998-01-16,9448,9457,9145,9145,0
1998-01-19,9753,9767,9451,9451,0
1998-01-20,9568,9817,9529,9817,0
1998-01-21,9385,9568,9348,9568,0
1998-01-22,9709,9746,9234,9234,0
1998-01-23,9468,9782,9417,9782,0
1998-01-26,9513,9667,9465,9667,0
1998-01-27,9651,9725,9518,9725,0
1998-01-28,9773,9848,9651,9651,0
1998-01-29,9786,9910,9755,9910,0
1998-01-30,9720,9840,9638,9840,0
1998-02-02,9973,9992,9716,9716,0
1998-02-03,10055,10055,9810,9810,0
1998-02-04,9971,10056,9886,10056,0
1998-02-05,9948,10159,9875,10159,0
1998-02-06,10011,10030,9925,9925,0
1998-02-09,10240,10256,10007,10007,0
1998-02-10,10278,10313,10232,10313,0
1998-02-11,10485,10495,10278,10278,0
1998-02-12,10350,10486,10238,10486,0
1998-02-13,10391,10393,10291,10291,0
1998-02-16,10233,10365,10200,10365,0
1998-02-17,10420,10420,10234,10234,0
1998-02-18,10322,10445,10286,10445,0
1998-02-19,10236,10316,10163,10163,0
1998-02-20,10319,10319,10198,10198,0
1998-02-23,10319,10319,10198,10198,0
1998-02-25,10546,10546,10291,10291,0
1998-02-26,10557,10626,10516,10626,0
1998-02-27,10571,10577,10421,10421,0
1998-03-02,10845,10901,10572,10572,0
1998-03-03,10845,10901,10572,10572,0
1998-03-04,10899,10939,10798,10939,0
1998-03-05,10948,10990,10749,10749,0
1998-03-06,11159,11204,10948,10948,0
1998-03-09,11167,11296,11137,11296,0
1998-03-10,11181,11228,11121,11228,0
1998-03-11,11223,11331,11181,11331,0
1998-03-12,11356,11365,11183,11183,0
1998-03-13,11566,11604,11358,11358,0
1998-03-16,11601,11614,11495,11495,0
1998-03-17,11808,11808,11568,11568,0
1998-03-18,11894,11964,11724,11964,0
1998-03-19,11832,11913,11793,11913,0
1998-03-20,11919,11971,11812,11812,0
1998-03-23,12025,12037,11804,11804,0
1998-03-24,11905,12082,11897,12082,0
1998-03-25,11756,11998,11734,11998,0
1998-03-26,11945,11945,11689,11689,0
1998-03-27,11900,12112,11864,11945,0
1998-03-30,11750,11902,11717,11902,0
1998-03-31,11947,11975,11753,11753,0
1998-04-01,11837,11950,11752,11950,0
1998-04-02,11858,11959,11750,11750,0
1998-04-03,11634,11855,11494,11855,0
1998-04-06,11948,11968,11637,11637,0
1998-04-07,11847,11993,11815,11993,0
1998-04-08,11975,12008,11807,11807,0
1998-04-13,12121,12121,11975,11975,0
1998-04-14,12270,12273,12121,12121,0
1998-04-15,12299,12339,12160,12160,0
1998-04-16,12091,12250,12042,12250,0
1998-04-17,12109,12109,11965,11965,0
1998-04-20,12028,12202,11988,11988,0
1998-04-22,11703,11936,11661,11936,0
1998-04-23,11572,11918,11551,11918,0
1998-04-24,11728,11755,11548,11548,0
1998-04-27,11057,11620,11051,11620,0
1998-04-28,11377,11395,11057,11057,0
1998-04-29,11528,11610,11311,11377,0
1998-04-30,11677,11784,11532,11532,0
1998-05-04,11507,11789,11457,11719,0
1998-05-05,11555,11559,11346,11507,0
1998-05-06,11165,11625,11152,11555,0
1998-05-07,11063,11233,11009,11165,0
1998-05-08,11220,11342,11065,11065,0
1998-05-11,10983,11369,10948,11220,0
1998-05-12,10798,10985,10591,10983,0
1998-05-13,10779,10853,10675,10798,0
1998-05-14,10734,10981,10724,10779,0
1998-05-15,10906,10924,10736,10736,0
1998-05-18,10205,10908,10010,10906,0
1998-05-19,10343,10452,10209,10209,0
1998-05-20,10408,10519,10007,10343,0
1998-05-21,10269,10592,10243,10408,0
1998-05-22,10240,10279,10072,10269,0
1998-05-25,10015,10240,9891,10240,0
1998-05-26,9436,10017,9414,10015,0
1998-05-27,9748,9748,8971,9436,0
1998-05-28,10152,10213,9685,9748,0
1998-05-29,9847,10162,9843,10152,0
1998-06-01,9605,9750,9486,9750,0
1998-06-02,10150,10151,9609,9609,0
1998-06-03,9856,10287,9761,10150,0
1998-06-04,10191,10211,9853,9856,0
1998-06-05,10370,10447,10151,10191,0
1998-06-08,10540,10563,10267,10370,0
1998-06-09,10370,10550,10333,10540,0
1998-06-10,9868,10369,9835,10369,0
1998-06-12,9585,9863,9311,9863,0
1998-06-15,9074,9582,9062,9582,0
1998-06-16,9249,9321,9077,9077,0
1998-06-17,9897,9908,9416,9416,0
1998-06-18,9539,9897,9461,9897,0
1998-06-19,9687,9746,9539,9539,0
1998-06-22,9623,9694,9520,9687,0
1998-06-23,9937,9955,9622,9622,0
1998-06-24,9856,9948,9775,9937,0
1998-06-25,9528,9978,9513,9856,0
1998-06-26,9464,9565,9269,9528,0
1998-06-29,9604,9632,9464,9464,0
1998-06-30,9678,9809,9604,9604,0
1998-07-01,9915,9925,9678,9678,0
1998-07-02,9901,9915,9788,9915,0
1998-07-03,10116,10116,9901,9901,0
1998-07-06,10018,10116,9886,10116,0
1998-07-07,10205,10218,10013,10018,0
1998-07-08,10336,10387,10202,10205,0
1998-07-10,10327,10381,10173,10336,0
1998-07-13,10420,10462,10353,10353,0
1998-07-14,10642,10673,10419,10420,0
1998-07-15,10649,10792,10579,10642,0
1998-07-16,10908,10921,10691,10691,0
1998-07-17,11057,11110,10908,10908,0
1998-07-20,11041,11097,10950,11057,0
1998-07-21,10923,11156,10899,11041,0
1998-07-22,10912,10932,10719,10923,0
1998-07-23,10640,10913,10635,10912,0
1998-07-24,10575,10784,10403,10640,0
1998-07-27,10564,10580,10324,10575,0
1998-07-28,10318,10710,10234,10564,0
1998-07-29,10542,10756,10319,10319,0
1998-07-30,10939,11064,10543,10543,0
1998-07-31,10707,10996,10643,10939,0
1998-08-03,10413,10705,10399,10705,0
1998-08-04,9860,10510,9840,10413,0
1998-08-05,9828,9961,9558,9860,0
1998-08-06,9690,9780,9617,9780,0
1998-08-07,9319,9690,9194,9690,0
1998-08-10,9182,9319,9031,9319,0
1998-08-11,8802,9174,8658,9174,0
1998-08-12,8417,9066,8400,8802,0
1998-08-13,8711,8786,8364,8417,0
1998-08-14,8744,8981,8609,8711,0
1998-08-17,8610,8747,8492,8744,0
1998-08-18,8643,8679,8383,8610,0
1998-08-19,8542,8842,8496,8643,0
1998-08-20,7992,8542,7972,8542,0
1998-08-21,7764,7991,7191,7800,0
1998-08-24,7655,7888,7496,7764,0
1998-08-25,7648,7933,7520,7655,0
1998-08-26,7348,7645,7302,7645,0
1998-08-27,6617,7339,6577,7339,0
1998-08-28,6746,6890,6530,6617,0
1998-08-31,6472,6788,6454,6746,0
1998-09-01,6917,6950,6387,6472,0
1998-09-02,6805,7105,6794,6917,0
1998-09-03,6219,6782,6187,6782,0
1998-09-04,5837,6441,5354,6219,0
1998-09-08,5818,6130,5687,5837,0
1998-09-09,5655,5816,5627,5816,0
1998-09-10,4761,5653,4751,5653,0
1998-09-11,5398,5400,4576,4761,0
1998-09-14,5818,5844,5275,5398,0
1998-09-15,6905,6905,5601,5819,0
1998-09-16,6760,7453,6509,6905,0
1998-09-17,6432,6758,6078,6758,0
1998-09-18,6710,6737,6432,6432,0
1998-09-21,6450,6707,6201,6707,0
1998-09-22,6560,6725,6451,6451,0
1998-09-23,7280,7295,6561,6561,0
1998-09-24,6844,7385,6812,7280,0
1998-09-25,6712,6834,6411,6834,0
1998-09-28,6827,7036,6755,6755,0
1998-09-29,6869,6884,6651,6827,0
1998-09-30,6593,6866,6565,6866,0
1998-10-01,5960,6593,5951,6593,0
1998-10-02,6410,6419,5961,5961,0
1998-10-05,6123,6354,5997,6354,0
1998-10-06,6336,6524,6139,6139,0
1998-10-07,6157,6423,6009,6336,0
1998-10-08,6175,6195,5878,6157,0
1998-10-09,6528,6528,6180,6180,0
1998-10-13,6618,6681,6516,6528,0
1998-10-14,6445,6617,6440,6617,0
1998-10-15,6874,6889,6291,6445,0
1998-10-16,6707,6926,6634,6874,0
1998-10-19,6844,6971,6659,6707,0
1998-10-20,6973,7074,6845,6845,0
1998-10-21,7350,7381,6944,6973,0
1998-10-22,7603,7630,7276,7350,0
1998-10-23,7272,7602,7268,7602,0
1998-10-26,6972,7331,6944,7272,0
1998-10-27,6869,7173,6759,6972,0
1998-10-28,6827,7139,6738,6869,0
1998-10-29,6538,6820,6462,6820,0
1998-10-30,7047,7108,6611,6611,0
1998-11-03,7509,7515,7047,7047,0
1998-11-04,7656,7835,7509,7509,0
1998-11-05,8093,8113,7585,7656,0
1998-11-06,8214,8370,8113,8113,0
1998-11-09,8242,8348,8157,8214,0
1998-11-10,8000,8242,7964,8242,0
1998-11-11,7763,8228,7751,8000,0
1998-11-12,7471,7928,7444,7763,0
1998-11-13,7615,7844,7463,7471,0
1998-11-16,8004,8004,7615,7615,0
1998-11-17,8330,8356,8004,8004,0
1998-11-18,8547,8628,8280,8330,0
1998-11-19,8318,8609,8307,8547,0
1998-11-20,8531,8615,8317,8318,0
1998-11-23,8636,8731,8518,8531,0
1998-11-24,8607,8636,8392,8636,0
1998-11-25,8910,8935,8548,8607,0
1998-11-26,8954,9065,8875,8910,0
1998-11-27,9094,9128,8918,8954,0
1998-11-30,8631,9095,8628,9094,0
1998-12-01,8545,8631,8242,8631,0
1998-12-02,8449,8738,8348,8545,0
1998-12-03,7706,8446,7626,8446,0
1998-12-04,7627,7936,7506,7706,0
1998-12-07,7946,7972,7627,7627,0
1998-12-08,7629,8024,7606,7946,0
1998-12-09,7573,7773,7431,7629,0
1998-12-10,7530,7734,7502,7573,0
1998-12-11,7195,7531,7146,7530,0
1998-12-14,6584,7196,6554,7195,0
1998-12-15,6934,6968,6481,6584,0
1998-12-16,6619,7039,6430,6934,0
1998-12-17,6645,6756,6378,6619,0
1998-12-18,6782,6787,6588,6645,0
1998-12-21,7202,7205,6782,6782,0
1998-12-22,7115,7269,7083,7202,0
1998-12-23,7176,7233,7106,7115,0
1998-12-28,6899,7210,6853,7176,0
1998-12-29,6715,6897,6626,6897,0
1998-12-30,6784,6865,6712,6715,0
1999-01-04,6942,7052,6787,6787,0
1999-01-05,7111,7147,6843,6942,0
1999-01-06,7331,7334,7110,7111,0
1999-01-07,6954,7161,6841,7161,0
1999-01-08,6781,7100,6706,6955,0
1999-01-11,6403,6784,6268,6784,0
1999-01-12,5916,6408,5792,6408,0
1999-01-13,5617,5742,5278,5657,0
1999-01-14,5057,5857,5050,5702,0
1999-01-15,6747,6782,4797,5039,0
1999-01-18,7113,7342,6485,6760,0
1999-01-19,7381,7413,7013,7115,0
1999-01-20,7674,7721,7293,7418,0
1999-01-21,7321,7677,7116,7674,0
1999-01-22,7190,7413,7048,7317,0
1999-01-26,7645,7789,7194,7194,0
1999-01-27,7687,7848,7553,7647,0
1999-01-28,7987,7989,7735,7735,0
1999-01-29,8172,8540,8052,8052,0
1999-02-01,8891,8891,8160,8187,0
1999-02-02,8732,8912,8510,8886,0
1999-02-03,8676,8898,8586,8828,0
1999-02-04,8653,8715,8416,8682,0
1999-02-05,8435,8654,8309,8654,0
1999-02-08,8824,8828,8321,8435,0
1999-02-09,8674,8975,8656,8841,0
1999-02-10,8853,8853,8565,8660,0
1999-02-11,8990,9116,8860,8862,0
1999-02-12,8952,8996,8839,8991,0
1999-02-17,8974,9091,8928,8952,0
1999-02-18,8861,9023,8830,8976,0
1999-02-19,9013,9013,8760,8861,0
1999-02-22,9075,9143,8960,9013,0
1999-02-23,8943,9267,8931,9075,0
1999-02-24,8953,9005,8823,8942,0
1999-02-25,8674,8999,8603,8955,0
1999-02-26,8911,8911,8670,8675,0
1999-03-01,9198,9198,8912,8912,0
1999-03-02,9071,9205,9052,9200,0
1999-03-03,9155,9360,9008,9071,0
1999-03-04,9508,9508,9155,9155,0
1999-03-05,9465,9717,9434,9509,0
1999-03-08,9786,9786,9461,9465,0
1999-03-09,9484,9802,9459,9786,0
1999-03-10,9778,9817,9485,9485,0
1999-03-11,9698,10080,9686,9781,0
1999-03-12,9574,9755,9470,9694,0
1999-03-15,10414,10414,9587,9626,0
1999-03-16,10658,10731,10346,10414,0
1999-03-17,10635,10726,10493,10658,0
1999-03-18,10894,10977,10586,10635,0
1999-03-19,10836,11101,10787,10897,0
1999-03-22,10527,10836,10466,10836,0
1999-03-23,10417,10835,10324,10526,0
1999-03-24,10429,10588,10350,10416,0
1999-03-25,10937,10995,10449,10449,0
1999-03-26,10865,11029,10802,10937,0
1999-03-29,10869,10966,10751,10866,0
1999-03-30,11028,11075,10859,10869,0
1999-03-31,10696,11060,10660,11029,0
1999-04-05,11022,11022,10680,10697,0
1999-04-06,11120,11331,11022,11022,0
1999-04-07,11530,11530,11165,11165,0
1999-04-08,11466,11827,11261,11530,0
1999-04-09,11295,11616,11257,11473,0
1999-04-12,11432,11459,11007,11208,0
1999-04-13,11321,11601,11194,11432,0
1999-04-14,11306,11398,11144,11219,0
1999-04-15,11246,11369,11141,11306,0
1999-04-16,11429,11558,11252,11252,0
1999-04-19,11197,11746,11068,11533,0
1999-04-20,10989,11194,10735,11194,0
1999-04-22,11084,11304,10966,11004,0
1999-04-23,11032,11132,10984,11087,0
1999-04-26,10798,11164,10798,11042,0
1999-04-27,10885,10969,10676,10808,0
1999-04-28,11127,11155,10860,10882,0
1999-04-29,11085,11296,11015,11148,0
1999-04-30,11351,11464,11065,11065,0
1999-05-03,11437,11465,11214,11351,0
1999-05-04,11268,11472,11101,11439,0
1999-05-05,11578,11588,11222,11267,0
1999-05-06,11889,11918,11546,11587,0
1999-05-07,12233,12233,11824,11890,0
1999-05-10,12412,12530,12119,12234,0
1999-05-11,12267,12473,12224,12383,0
1999-05-12,12148,12268,11988,12268,0
1999-05-13,12459,12589,12148,12148,0
1999-05-14,12335,12407,12212,12399,0
1999-05-17,12151,12338,11973,12331,0
1999-05-18,12268,12354,12101,12152,0
1999-05-19,12118,12350,12008,12286,0
1999-05-20,12088,12243,11995,12116,0
1999-05-21,11728,12092,11646,12088,0
1999-05-24,11155,11840,11104,11727,0
1999-05-25,10602,11151,10563,11151,0
1999-05-26,11245,11245,10610,10610,0
1999-05-27,10937,11284,10875,11256,0
1999-05-28,10930,11007,10843,10941,0
1999-05-31,11090,11106,10794,10932,0
1999-06-01,11051,11090,10742,11090,0
1999-06-02,10997,11101,10748,11052,0
1999-06-04,11234,11296,10993,10998,0
1999-06-07,11047,11308,11045,11234,0
1999-06-08,11033,11227,10980,11052,0
1999-06-09,10890,11156,10890,11043,0
1999-06-10,11089,11128,10800,10858,0
1999-06-11,11105,11292,11061,11140,0
1999-06-14,11084,11260,11040,11108,0
1999-06-15,11183,11240,10666,11084,0
1999-06-16,11644,11677,11192,11192,0
1999-06-17,11629,11820,11476,11642,0
1999-06-18,11877,11903,11548,11629,0
1999-06-21,12005,12010,11632,11895,0
1999-06-22,11974,12118,11931,12007,0
1999-06-23,11792,11976,11752,11976,0
1999-06-24,11431,11806,11404,11792,0
1999-06-25,11220,11525,11146,11427,0
1999-06-28,11264,11382,11201,11222,0
1999-06-29,11379,11442,11254,11264,0
1999-06-30,11627,11683,11190,11380,0
1999-07-01,11708,11815,11596,11634,0
1999-07-02,11836,11861,11674,11706,0
1999-07-05,11936,11996,11834,11834,0
1999-07-06,11674,11937,11642,11930,0
1999-07-07,11745,11753,11617,11671,0
1999-07-08,11509,11745,11429,11745,0
1999-07-12,11273,11590,11138,11509,0
1999-07-13,11303,11312,10860,11268,0
1999-07-14,11349,11461,11274,11311,0
1999-07-15,11362,11476,11348,11382,0
1999-07-16,11407,11413,11247,11356,0
1999-07-19,11452,11483,11364,11410,0
1999-07-20,11274,11465,11235,11453,0
1999-07-21,11303,11362,11215,11274,0
1999-07-22,11239,11329,11197,11307,0
1999-07-23,10989,11261,10975,11240,0
1999-07-26,10675,10990,10645,10989,0
1999-07-27,10735,10850,10675,10675,0
1999-07-28,10691,10867,10684,10747,0
1999-07-29,10568,10721,10345,10712,0
1999-07-30,10442,10629,10379,10565,0
1999-08-02,10211,10566,10209,10441,0
1999-08-03,10265,10326,10111,10210,0
1999-08-04,10172,10310,10125,10271,0
1999-08-05,10196,10197,9950,10124,0
1999-08-06,10039,10265,10001,10197,0
1999-08-09,9948,10055,9919,10040,0
1999-08-10,9835,9948,9584,9948,0
1999-08-11,10137,10150,9836,9836,0
1999-08-12,10046,10317,10030,10143,0
1999-08-13,10181,10186,10048,10048,0
1999-08-16,10119,10202,10070,10181,0
1999-08-17,9925,10192,9925,10157,0
1999-08-18,9689,9922,9593,9922,0
1999-08-19,9818,9920,9579,9688,0
1999-08-20,10143,10145,9819,9819,0
1999-08-23,10181,10213,10078,10142,0
1999-08-24,10314,10361,10126,10181,0
1999-08-25,10650,10679,10318,10318,0
1999-08-26,10496,10726,10496,10700,0
1999-08-27,10545,10627,10475,10497,0
1999-08-30,10524,10676,10489,10547,0
1999-08-31,10565,10610,10376,10525,0
1999-09-01,10902,10902,10583,10583,0
1999-09-02,10998,11033,10754,10845,0
1999-09-03,11156,11254,11025,11025,0
1999-09-06,11185,11190,11113,11158,0
1999-09-08,11090,11185,11003,11185,0
1999-09-09,11292,11305,11088,11088,0
1999-09-10,11363,11435,11298,11298,0
1999-09-13,11478,11505,11313,11363,0
1999-09-14,11459,11594,11365,11477,0
1999-09-15,11263,11502,11213,11465,0
1999-09-16,11094,11288,11048,11264,0
1999-09-17,11290,11345,11096,11096,0
1999-09-20,11586,11586,11293,11293,0
1999-09-21,11449,11594,11400,11588,0
1999-09-22,11531,11555,11394,11448,0
1999-09-23,11385,11735,11368,11531,0
1999-09-24,11533,11533,11289,11382,0
1999-09-27,11542,11632,11502,11580,0
1999-09-28,11442,11541,11315,11541,0
1999-09-29,11434,11553,11401,11443,0
1999-09-30,11106,11581,11106,11435,0
1999-10-01,10960,11105,10796,11105,0
1999-10-04,11055,11080,10961,10979,0
1999-10-05,10924,11064,10856,11051,0
1999-10-06,11345,11357,10927,10927,0
1999-10-07,11338,11469,11103,11349,0
1999-10-08,11460,11460,11185,11338,0
1999-10-11,11478,11536,11449,11473,0
1999-10-13,11298,11466,11247,11466,0
1999-10-14,11330,11383,11301,11301,0
1999-10-15,11146,11307,11120,11307,0
1999-10-18,10978,11152,10901,11146,0
1999-10-19,11098,11216,10982,10982,0
1999-10-20,11275,11283,11108,11108,0
1999-10-21,11254,11282,11162,11281,0
1999-10-22,11461,11498,11259,11259,0
1999-10-25,11394,11483,11336,11459,0
1999-10-26,11470,11541,11398,11399,0
1999-10-27,11531,11540,11452,11470,0
1999-10-28,11700,11720,11582,11585,0
1999-10-29,11700,11826,11678,11717,0
1999-11-01,11763,11767,11685,11701,0
1999-11-03,12347,12347,11763,11763,0
1999-11-04,12406,12651,12341,12346,0
1999-11-05,12714,12737,12359,12409,0
1999-11-08,12960,12968,12519,12700,0
1999-11-09,12880,13070,12847,12972,0
1999-11-10,13101,13150,12814,12876,0
1999-11-11,13189,13281,12985,13101,0
1999-11-12,13114,13294,13049,13189,0
1999-11-16,13128,13208,13083,13122,0
1999-11-17,12813,13132,12736,13132,0
1999-11-18,13087,13123,12726,12813,0
1999-11-19,13463,13509,13090,13090,0
1999-11-22,13436,13660,13312,13466,0
1999-11-23,13565,13694,13351,13445,0
1999-11-24,13393,13630,13366,13570,0
1999-11-25,13536,13568,13321,13385,0
1999-11-26,13888,14007,13538,13538,0
1999-11-29,13855,14054,13785,13903,0
1999-11-30,13779,13857,13659,13857,0
1999-12-01,13874,13875,13556,13784,0
1999-12-02,14213,14273,13884,13890,0
1999-12-03,14409,14573,14193,14225,0
1999-12-06,14344,14543,14306,14415,0
1999-12-07,14300,14509,14262,14344,0
1999-12-08,14410,14410,14196,14302,0
1999-12-09,14584,14738,14420,14420,0
1999-12-10,14784,14785,14596,14596,0
1999-12-13,14812,14977,14693,14785,0
1999-12-14,14644,14893,14587,14821,0
1999-12-15,14322,14654,14322,14654,0
1999-12-16,14497,14681,14327,14327,0
1999-12-17,14789,14793,14524,14524,0
1999-12-20,15110,15178,14781,14803,0
1999-12-21,15592,15592,15112,15112,0
1999-12-22,15916,15916,15401,15606,0
1999-12-23,15954,16000,15749,15926,0
1999-12-27,16011,16120,15880,15956,0
1999-12-28,16377,16399,15969,16017,0
1999-12-29,16773,16812,16363,16391,0
1999-12-30,17092,17105,16778,16778,0
2000-01-03,16930,17408,16719,17098,0
2000-01-04,15851,16908,15851,16908,0
2000-01-05,16245,16302,15350,15871,0
2000-01-06,16107,16499,15977,16237,0
2000-01-07,16309,16449,16125,16125,0
2000-01-10,17022,17057,16325,16325,0
2000-01-11,16573,17197,16573,17045,0
2000-01-12,16617,16724,16331,16574,0
2000-01-13,17298,17715,16663,16663,0
2000-01-14,17658,17800,17306,17306,0
2000-01-17,18053,18099,17678,17678,0
2000-01-18,17903,18062,17625,18062,0
2000-01-19,17470,18075,17470,17905,0
2000-01-20,17177,17622,17029,17487,0
2000-01-21,17034,17372,16901,17188,0
2000-01-24,16972,17263,16972,17049,0
2000-01-26,17105,17105,16727,16972,0
2000-01-27,17081,17422,17081,17114,0
2000-01-28,16734,17252,16547,17150,0
2000-01-31,16388,16749,16167,16744,0
2000-02-01,16522,16675,16389,16389,0
2000-02-02,16868,16875,16546,16546,0
2000-02-03,17457,17457,16892,16892,0
2000-02-04,17932,17962,17471,17471,0
2000-02-07,18126,18126,17746,17937,0
2000-02-08,18686,18729,18249,18249,0
2000-02-09,18361,18886,18224,18759,0
2000-02-10,18604,18672,18155,18367,0
2000-02-11,18083,18775,18027,18635,0
2000-02-14,17819,18264,17746,18083,0
2000-02-15,17921,17932,17451,17818,0
2000-02-16,18112,18247,17743,17921,0
2000-02-17,17979,18297,17979,18116,0
2000-02-18,17625,18008,17489,17979,0
2000-02-21,17700,17887,17364,17626,0
2000-02-22,17489,17913,17466,17698,0
2000-02-23,17833,17855,17479,17489,0
2000-02-24,17776,18119,17706,17846,0
2000-02-25,17787,17988,17758,17784,0
2000-02-28,17543,17787,17383,17787,0
2000-02-29,17660,17818,17545,17545,0
2000-03-01,17953,17953,17655,17668,0
2000-03-02,18016,18154,17809,17966,0
2000-03-03,18632,18632,18016,18016,0
2000-03-08,18283,18617,18184,18617,0
2000-03-09,18650,18650,18285,18285,0
2000-03-10,18280,18720,18233,18650,0
2000-03-13,17595,18279,17506,18279,0
2000-03-14,17222,17941,17222,17595,0
2000-03-15,17382,17469,16922,17229,0
2000-03-16,17642,17661,17397,17397,0
2000-03-17,17511,17733,17470,17654,0
2000-03-20,17526,17733,17435,17511,0
2000-03-21,18343,18343,17510,17528,0
2000-03-22,18314,18860,18314,18346,0
2000-03-23,18331,18644,18183,18314,0
2000-03-24,18675,18692,18332,18332,0
2000-03-27,18951,19047,18533,18675,0
2000-03-28,18338,18960,18335,18952,0
2000-03-29,18053,18575,17973,18339,0
2000-03-30,17647,18053,17455,18053,0
2000-03-31,17820,17950,17560,17660,0
2000-04-03,17245,17826,17173,17826,0
2000-04-04,16758,17450,16095,17253,0
2000-04-05,16714,17043,16230,16762,0
2000-04-06,17146,17152,16719,16719,0
2000-04-07,17514,17514,17150,17150,0
2000-04-10,16783,17572,16782,17519,0
2000-04-11,16539,16867,16309,16787,0
2000-04-12,16323,16785,16311,16542,0
2000-04-13,15501,16605,15501,16325,0
2000-04-14,14794,15501,14596,15501,0
2000-04-17,14816,14821,14029,14761,0
2000-04-18,15408,15469,14767,14817,0
2000-04-19,14926,15536,14850,15438,0
2000-04-20,15203,15204,14938,14938,0
2000-04-24,14794,15225,14625,15204,0
2000-04-25,15401,15403,14798,14798,0
2000-04-26,15446,15517,15268,15401,0
2000-04-27,15440,15487,14835,15446,0
2000-04-28,15538,15907,15450,15450,0
2000-05-02,15524,15944,15523,15596,0
2000-05-03,15109,15525,14980,15525,0
2000-05-04,14970,15144,14873,15111,0
2000-05-05,15218,15218,14811,14967,0
2000-05-08,14891,15223,14867,15220,0
2000-05-09,14582,15041,14412,14897,0
2000-05-10,14434,14586,14238,14570,0
2000-05-11,14499,14723,14398,14447,0
2000-05-12,14459,14638,14350,14496,0
2000-05-15,15056,15070,14397,14469,0
2000-05-16,15360,15445,15074,15074,0
2000-05-17,14871,15361,14856,15361,0
2000-05-18,14627,14973,14620,14876,0
2000-05-19,14327,14619,13920,14594,0
2000-05-22,13891,14369,13583,14330,0
2000-05-23,13587,14145,13583,13891,0
2000-05-24,14166,14197,13556,13592,0
2000-05-25,14186,14499,14027,14187,0
2000-05-26,14542,14549,14172,14204,0
2000-05-29,14773,14858,14541,14541,0
2000-05-30,15249,15308,14815,14815,0
2000-05-31,14957,15328,14931,15251,0
2000-06-01,15450,15473,14967,14967,0
2000-06-02,16222,16261,15518,15518,0
2000-06-05,16023,16312,15975,16222,0
2000-06-06,15947,16173,15827,16018,0
2000-06-07,16272,16278,15709,15955,0
2000-06-08,16399,16640,16227,16286,0
2000-06-09,16342,16561,16200,16421,0
2000-06-12,16097,16365,16084,16351,0
2000-06-13,16354,16360,16075,16100,0
2000-06-14,16366,16523,16135,16365,0
2000-06-15,16561,16630,16325,16369,0
2000-06-16,16425,16598,16379,16567,0
2000-06-19,16850,16863,16411,16423,0
2000-06-20,16844,16952,16708,16854,0
2000-06-21,17254,17396,16834,16854,0
2000-06-23,16977,17266,16910,16977,0
2000-06-26,16745,17019,16685,16977,0
2000-06-27,16512,16780,16388,16743,0
2000-06-28,16842,17101,16493,16532,0
2000-06-29,16407,16850,16329,16830,0
2000-06-30,16728,16836,16400,16404,0
2000-07-03,17089,17099,16743,16747,0
2000-07-04,17279,17340,17088,17106,0
2000-07-05,17135,17362,17086,17285,0
2000-07-06,17348,17366,17024,17148,0
2000-07-07,17599,17754,17352,17352,0
2000-07-10,17472,17795,17444,17620,0
2000-07-11,16881,17473,16827,17473,0
2000-07-12,17053,17176,16693,16893,0
2000-07-13,16444,17383,16416,17057,0
2000-07-14,16881,16885,16390,16439,0
2000-07-17,17388,17395,16890,16890,0
2000-07-18,17369,17566,17281,17379,0
2000-07-19,16928,17358,16868,17354,0
2000-07-20,17204,17353,16951,16951,0
2000-07-21,17318,17365,17071,17207,0
2000-07-24,17386,17588,17314,17314,0
2000-07-25,17049,17530,17046,17390,0
2000-07-26,17121,17211,16840,17049,0
2000-07-27,16949,17225,16923,17121,0
2000-07-28,16486,17039,16448,16949,0
2000-07-31,16455,16713,16455,16487,0
2000-08-01,16290,16591,16127,16475,0
2000-08-02,16314,16535,16121,16284,0
2000-08-03,16721,16761,16073,16248,0
2000-08-04,16761,16907,16716,16727,0
2000-08-07,16996,17014,16769,16772,0
2000-08-08,16885,17062,16858,17005,0
2000-08-09,16534,16977,16511,16894,0
2000-08-10,16835,17023,16501,16519,0
2000-08-11,17395,17395,16705,16846,0
2000-08-14,17811,17926,17334,17402,0
2000-08-15,17744,17910,17690,17811,0
2000-08-16,17331,17771,17275,17741,0
2000-08-17,17703,17858,17321,17326,0
2000-08-18,17314,17780,17258,17703,0
2000-08-21,17083,17420,17066,17317,0
2000-08-22,17224,17428,17086,17086,0
2000-08-23,17450,17455,17137,17253,0
2000-08-24,17311,17454,17187,17454,0
2000-08-25,17643,17668,17316,17316,0
2000-08-28,17460,17686,17380,17657,0
2000-08-29,17355,17490,17235,17454,0
2000-08-30,17414,17563,17309,17359,0
2000-08-31,17347,17563,17327,17417,0
2000-09-01,17577,17577,17360,17360,0
2000-09-04,17613,17716,17569,17577,0
2000-09-05,17425,17639,17417,17614,0
2000-09-06,17590,17648,17442,17442,0
2000-09-08,17433,17692,17428,17594,0
2000-09-11,17288,17475,17236,17443,0
2000-09-12,16883,17304,16883,17285,0
2000-09-13,16999,17092,16877,16888,0
2000-09-14,16769,17108,16731,17032,0
2000-09-15,16563,16771,16515,16771,0
2000-09-18,15913,16609,15913,16562,0
2000-09-19,16188,16189,15824,15923,0
2000-09-20,16078,16216,15813,16196,0
2000-09-21,16146,16172,15946,16065,0
2000-09-22,16353,16426,15705,16093,0
2000-09-25,16319,16521,16318,16361,0
2000-09-26,16255,16468,16196,16319,0
2000-09-27,15848,16404,15745,16289,0
2000-09-28,16014,16041,15657,15849,0
2000-09-29,15928,16135,15821,16020,0
2000-10-02,15559,16090,15537,15950,0
2000-10-03,15633,15917,15562,15562,0
2000-10-04,15876,15883,15651,15653,0
2000-10-05,16362,16398,15876,15876,0
2000-10-06,15946,16404,15817,16370,0
2000-10-09,15855,15975,15617,15946,0
2000-10-10,15747,16008,15726,15846,0
2000-10-11,15526,15738,15463,15738,0
2000-10-13,15385,15441,15067,15441,0
2000-10-16,15242,15585,15214,15387,0
2000-10-17,14870,15386,14841,15267,0
2000-10-18,14421,14837,14218,14837,0
2000-10-19,14845,14869,14490,14490,0
2000-10-20,14529,14918,14490,14846,0
2000-10-23,13990,14535,13982,14533,0
2000-10-24,13799,14161,13672,14014,0
2000-10-25,13665,13927,13571,13796,0
2000-10-26,14223,14223,13679,13705,0
2000-10-27,14692,14700,14251,14251,0
2000-10-30,14891,14951,14489,14707,0
2000-10-31,14867,15099,14859,14916,0
2000-11-01,14791,14859,14571,14858,0
2000-11-03,14534,14925,14425,14785,0
2000-11-06,14801,14868,14478,14534,0
2000-11-07,14969,15029,14543,14780,0
2000-11-08,14656,15191,14650,14982,0
2000-11-09,14524,14782,14409,14667,0
2000-11-10,14626,14701,14449,14542,0
2000-11-13,14372,14609,14199,14606,0
2000-11-14,14540,14632,14395,14395,0
2000-11-16,14490,14575,14419,14546,0
2000-11-17,14323,14570,14091,14479,0
2000-11-20,14500,14535,14103,14323,0
2000-11-21,14784,14845,14487,14497,0
2000-11-22,14577,14766,14555,14766,0
2000-11-23,14314,14604,14187,14579,0
2000-11-24,14336,14413,12969,14316,0
2000-11-27,14008,14495,13941,14340,0
2000-11-28,13914,14011,13756,14011,0
2000-11-29,13788,14074,13782,13921,0
2000-11-30,13287,13779,13287,13779,0
2000-12-01,13437,13578,13282,13303,0
2000-12-04,13510,13538,13242,13396,0
2000-12-05,14182,14188,13513,13513,0
2000-12-06,13945,14277,13945,14180,0
2000-12-07,14460,14460,13918,13947,0
2000-12-08,14983,15062,14461,14462,0
2000-12-11,15188,15355,14991,14991,0
2000-12-12,14906,15186,14869,15186,0
2000-12-13,15291,15389,14900,14916,0
2000-12-14,15259,15329,15080,15261,0
2000-12-15,14988,15253,14833,15253,0
2000-12-18,15083,15282,14093,15002,0
2000-12-19,15336,15415,15085,15085,0
2000-12-20,14622,15328,14618,15306,0
2000-12-21,14505,14958,14461,14727,0
2000-12-22,14652,14802,14532,14533,0
2000-12-26,14795,14851,14659,14663,0
2000-12-27,15186,15223,14805,14805,0
2000-12-28,15259,15269,15132,15188,0
2001-01-02,15425,15621,15174,15242,0
2001-01-03,16599,16599,15251,15425,0
2001-01-04,16675,16933,16587,16597,0
2001-01-05,16410,16888,16380,16679,0
2001-01-08,16562,16623,16226,16398,0
2001-01-09,16976,17096,16566,16566,0
2001-01-10,16919,17093,16701,16964,0
2001-01-11,17024,17045,16797,16908,0
2001-01-12,16850,17212,16821,17034,0
2001-01-15,16963,17038,16858,16858,0
2001-01-16,16721,17035,16662,16973,0
2001-01-17,17191,17255,16745,16748,0
2001-01-18,17521,17642,17151,17204,0
2001-01-19,17530,17816,17512,17525,0
2001-01-22,17392,17578,17297,17548,0
2001-01-23,17832,17864,17376,17381,0
2001-01-24,17772,18022,17698,17849,0
2001-01-26,17889,17933,17591,17776,0
2001-01-29,17883,18023,17704,17906,0
2001-01-30,17723,17898,17668,17882,0
2001-01-31,17673,17921,17637,17725,0
2001-02-01,17039,17673,16977,17670,0
2001-02-02,16915,17206,16781,17027,0
2001-02-05,16731,16941,16539,16914,0
2001-02-06,17007,17017,16734,16734,0
2001-02-07,16812,17003,16630,17003,0
2001-02-08,17243,17279,16814,16814,0
2001-02-09,17138,17270,17050,17257,0
2001-02-12,16917,17234,16883,17163,0
2001-02-13,17096,17174,16883,16922,0
2001-02-14,17120,17286,16890,17078,0
2001-02-15,16937,17262,16922,17121,0
2001-02-16,16259,16950,16100,16934,0
2001-02-19,16061,16392,16023,16263,0
2001-02-20,15911,16242,15783,16066,0
2001-02-21,15594,15909,15568,15909,0
2001-02-22,15910,15914,15558,15604,0
2001-02-23,16158,16223,15831,15920,0
2001-02-28,15891,16274,15891,16158,0
2001-03-01,16417,16439,15875,15891,0
2001-03-02,16581,16723,16233,16423,0
2001-03-05,16537,16737,16471,16620,0
2001-03-06,16324,16813,16279,16573,0
2001-03-07,16395,16430,16223,16329,0
2001-03-08,16227,16531,16096,16401,0
2001-03-09,16123,16248,16018,16233,0
2001-03-12,15527,16143,15523,16125,0
2001-03-13,15584,15768,15444,15536,0
2001-03-14,15245,15583,15070,15583,0
2001-03-15,15061,15482,14977,15252,0
2001-03-16,15237,15356,15047,15076,0
2001-03-19,14836,15378,14802,15249,0
2001-03-20,14903,16429,14854,14854,0
2001-03-21,14853,15198,14755,14914,0
2001-03-22,14067,14847,13761,14847,0
2001-03-23,14435,14435,13855,14070,0
2001-03-26,14712,14912,14443,14443,0
2001-03-27,14835,14951,14594,14733,0
2001-03-28,14632,14852,14574,14846,0
2001-03-29,14282,14713,14226,14647,0
2001-03-30,14438,14438,13922,14292,0
2001-04-02,13981,14482,13981,14441,0
2001-04-03,13737,14001,13664,13988,0
2001-04-04,13855,14135,13740,13740,0
2001-04-05,14443,14482,13865,13865,0
2001-04-06,14485,14702,14371,14428,0
2001-04-09,14719,14719,14446,14489,0
2001-04-10,15048,15097,14725,14725,0
2001-04-11,14819,15267,14724,15057,0
2001-04-12,14969,14969,14490,14811,0
2001-04-16,14445,14976,14385,14974,0
2001-04-17,14337,14555,14223,14443,0
2001-04-18,14955,15151,14323,14345,0
2001-04-19,14431,15017,14420,14956,0
2001-04-20,13696,14408,13618,14408,0
2001-04-23,13893,13893,13325,13734,0
2001-04-24,14068,14207,13894,13894,0
2001-04-25,14163,14223,13785,14062,0
2001-04-26,14757,14770,14202,14204,0
2001-04-27,14928,15135,14752,14752,0
2001-04-30,14918,15210,14838,14944,0
2001-05-02,14897,14920,14636,14877,0
2001-05-03,15142,15142,14762,14906,0
2001-05-04,15093,15304,15041,15142,0
2001-05-07,14875,15222,14862,15103,0
2001-05-08,14747,14958,14656,14861,0
2001-05-09,14779,14867,14576,14717,0
2001-05-10,14993,15117,14796,14796,0
2001-05-11,14493,15018,14410,15012,0
2001-05-14,14237,14507,14104,14499,0
2001-05-15,14226,14314,14110,14141,0
2001-05-16,14714,14738,14256,14256,0
2001-05-17,14794,15095,14725,14727,0
2001-05-18,14884,15012,14800,14848,0
2001-05-21,15128,15158,14807,14871,0
2001-05-22,14829,15197,14794,15142,0
2001-05-23,14692,14905,14627,14829,0
2001-05-24,14523,14834,14431,14694,0
2001-05-25,14310,14589,14179,14523,0
2001-05-28,14302,14439,14056,14328,0
2001-05-29,14454,14489,14301,14302,0
2001-05-30,14489,14579,14347,14459,0
2001-05-31,14650,14724,14508,14514,0
2001-06-01,14792,14792,14409,14654,0
2001-06-04,15104,15141,14798,14798,0
2001-06-05,15395,15406,15032,15107,0
2001-06-06,15329,15569,15268,15393,0
2001-06-07,15464,15546,15201,15319,0
2001-06-08,15366,15644,15355,15469,0
2001-06-11,15224,15397,15159,15291,0
2001-06-12,15173,15238,14956,15238,0
2001-06-13,15403,15600,15175,15175,0
2001-06-15,14985,15386,14964,15386,0
2001-06-18,14355,14982,14333,14982,0
2001-06-19,14401,14541,14245,14375,0
2001-06-20,14571,14599,14393,14396,0
2001-06-21,14823,14841,14506,14534,0
2001-06-22,14682,15104,14677,14870,0
2001-06-25,14540,14871,14479,14682,0
2001-06-26,14460,14620,14401,14521,0
2001-06-27,14308,14630,14265,14477,0
2001-06-28,14391,14426,14164,14321,0
2001-06-29,14560,14640,14376,14412,0
2001-07-02,14555,14659,14483,14579,0
2001-07-03,14353,14771,14325,14561,0
2001-07-04,14056,14395,13980,14352,0
2001-07-05,14048,14281,13943,14084,0
2001-07-06,13907,14062,13788,14030,0
2001-07-10,13570,14060,13564,13930,0
2001-07-11,13812,13853,13361,13508,0
2001-07-12,13916,13987,13636,13812,0
2001-07-13,14078,14087,13737,13907,0
2001-07-16,13811,14120,13811,14081,0
2001-07-17,14169,14218,13813,13813,0
2001-07-18,13791,14236,13778,14171,0
2001-07-19,13762,13953,13641,13795,0
2001-07-20,14092,14092,13659,13766,0
2001-07-23,14068,14239,14058,14108,0
2001-07-24,13738,14106,13725,14049,0
2001-07-25,13956,13956,13679,13738,0
2001-07-26,13810,13980,13736,13963,0
2001-07-27,13910,13910,13759,13825,0
2001-07-30,13704,14117,13704,13948,0
2001-07-31,13754,13830,13639,13703,0
2001-08-01,13743,13837,13606,13757,0
2001-08-02,13823,13846,13690,13746,0
2001-08-03,13838,13902,13733,13840,0
2001-08-06,14047,14067,13854,13856,0
2001-08-07,14036,14143,14003,14049,0
2001-08-08,13919,14113,13917,14036,0
2001-08-09,13834,13930,13705,13921,0
2001-08-10,13915,13920,13738,13836,0
2001-08-13,13771,13929,13716,13914,0
2001-08-14,13829,13841,13732,13770,0
2001-08-15,13659,13856,13615,13834,0
2001-08-16,13509,13722,13415,13686,0
2001-08-17,13044,13507,13010,13507,0
2001-08-20,13115,13228,12916,13044,0
2001-08-21,12892,13186,12886,13122,0
2001-08-22,12952,13161,12853,12907,0
2001-08-23,12751,13013,12703,12961,0
2001-08-24,13001,13007,12681,12749,0
2001-08-27,12996,13048,12849,13000,0
2001-08-28,13018,13114,12942,13005,0
2001-08-29,13077,13182,13012,13040,0
2001-08-30,12892,13114,12798,13074,0
2001-08-31,12841,12949,12789,12906,0
2001-09-03,12800,12863,12696,12849,0
2001-09-04,12767,12947,12767,12812,0
2001-09-05,12591,12768,12462,12767,0
2001-09-06,12255,12599,12251,12594,0
2001-09-10,11922,12238,11901,12238,0
2001-09-12,11113,11319,10706,10773,0
2001-09-13,10306,11156,10290,11127,0
2001-09-14,10034,10271,9533,10262,0
2001-09-17,10550,10577,10032,10032,0
2001-09-18,10554,10708,10321,10543,0
2001-09-19,10745,10836,10485,10560,0
2001-09-20,10543,10719,10470,10719,0
2001-09-21,10419,10493,9890,10493,0
2001-09-24,10533,10694,10453,10453,0
2001-09-25,10229,10596,10195,10539,0
2001-09-26,10006,10274,9893,10227,0
2001-09-27,10405,10462,9705,9996,0
2001-09-28,10636,10714,10412,10412,0
2001-10-01,10501,10633,10354,10633,0
2001-10-02,10351,10556,10299,10492,0
2001-10-03,10233,10356,10189,10356,0
2001-10-04,10062,10329,10026,10241,0
2001-10-05,10197,10271,9985,10068,0
2001-10-08,10095,10175,9986,10120,0
2001-10-09,10284,10323,10103,10109,0
2001-10-10,10462,10462,10255,10284,0
2001-10-11,10785,10790,10461,10462,0
2001-10-15,11329,11330,10695,10775,0
2001-10-16,11258,11475,11165,11326,0
2001-10-17,11271,11485,11166,11287,0
2001-10-18,10995,11263,10948,11260,0
2001-10-19,11332,11413,10894,11003,0
2001-10-22,11700,11725,11293,11343,0
2001-10-23,11613,11803,11584,11699,0
2001-10-24,11468,11666,11430,11611,0
2001-10-25,11724,11783,11307,11459,0
2001-10-26,11781,11924,11715,11725,0
2001-10-29,11377,11784,11331,11784,0
2001-10-30,11024,11396,11024,11334,0
2001-10-31,11365,11365,11047,11057,0
2001-11-01,11388,11498,11177,11362,0
2001-11-05,12165,12177,11389,11389,0
2001-11-06,12416,12481,12139,12154,0
2001-11-07,12616,12982,12331,12405,0
2001-11-08,12554,12892,12473,12633,0
2001-11-09,12731,12778,12412,12542,0
2001-11-12,12567,12767,12233,12729,0
2001-11-13,12918,13094,12591,12591,0
2001-11-14,12826,13077,12746,12928,0
2001-11-16,12883,13046,12807,12838,0
2001-11-19,12987,13137,12902,12906,0
2001-11-20,12638,12998,12619,12992,0
2001-11-21,12794,12832,12560,12646,0
2001-11-22,13019,13056,12794,12794,0
2001-11-23,13424,13529,13037,13037,0
2001-11-26,13760,13760,13443,13443,0
2001-11-27,13603,13791,13490,13771,0
2001-11-28,13019,13553,12913,13553,0
2001-11-29,12736,13187,12622,13019,0
2001-11-30,12932,13053,12704,12744,0
2001-12-03,13336,13336,12870,12914,0
2001-12-04,13147,13565,13071,13374,0
2001-12-05,13382,13382,13103,13186,0
2001-12-06,13539,13575,13230,13382,0
2001-12-07,13299,13662,13233,13565,0
2001-12-10,13446,13446,13193,13299,0
2001-12-11,13348,13595,13337,13455,0
2001-12-12,13563,13576,13297,13350,0
2001-12-13,13148,13580,13144,13577,0
2001-12-14,12959,13154,12894,13129,0
2001-12-17,12912,13063,12912,12965,0
2001-12-18,13397,13414,12924,12935,0
2001-12-19,13290,13508,13284,13405,0
2001-12-20,12918,13271,12809,13271,0
2001-12-21,13369,13385,12935,12935,0
2001-12-26,13358,13446,13245,13367,0
2001-12-27,13756,13823,13369,13371,0
2001-12-28,13578,13969,13510,13741,0
2002-01-02,13872,13902,13571,13586,0
2002-01-03,14265,14286,14121,14125,0
2002-01-04,14332,14358,14103,14250,0
2002-01-07,14379,14413,14273,14327,0
2002-01-08,14168,14385,14099,14385,0
2002-01-09,14021,14190,13919,14157,0
2002-01-10,13570,14010,13511,14010,0
2002-01-11,13587,13835,13554,13554,0
2002-01-14,13122,13601,13068,13594,0
2002-01-15,13011,13362,12937,13131,0
2002-01-16,13084,13186,12941,13006,0
2002-01-17,13337,13359,13109,13109,0
2002-01-18,13373,13407,13262,13340,0
2002-01-21,13155,13367,13134,13367,0
2002-01-22,13004,13331,12956,13177,0
2002-01-23,13232,13285,12982,13025,0
2002-01-24,13162,13309,13147,13239,0
2002-01-28,13002,13215,12990,13161,0
2002-01-29,12501,13182,12476,13010,0
2002-01-30,12532,12627,12301,12512,0
2002-01-31,12721,12812,12561,12563,0
2002-02-01,12659,12783,12567,12723,0
2002-02-04,12513,12655,12416,12648,0
2002-02-05,12748,12778,12415,12557,0
2002-02-06,12751,12883,12666,12751,0
2002-02-07,12684,12774,12684,12752,0
2002-02-08,12598,12693,12591,12684,0
2002-02-13,12961,12961,12504,12599,0
2002-02-14,13245,13245,12908,12962,0
2002-02-15,13300,13300,13169,13222,0
2002-02-18,13122,13238,13027,13208,0
2002-02-19,12992,13245,12984,13125,0
2002-02-20,13303,13330,12919,13001,0
2002-02-21,13530,13677,13328,13328,0
2002-02-22,13563,13641,13513,13535,0
2002-02-25,13978,14005,13567,13567,0
2002-02-26,13964,14053,13832,13975,0
2002-02-27,14212,14251,13978,13978,0
2002-02-28,14033,14221,14033,14216,0
2002-03-01,14343,14355,13978,14047,0
2002-03-04,14471,14474,14100,14373,0
2002-03-05,14011,14482,14011,14455,0
2002-03-06,13839,14007,13683,14007,0
2002-03-07,13726,14011,13640,13836,0
2002-03-08,13962,13962,13767,13783,0
2002-03-11,13696,14032,13593,13959,0
2002-03-12,14181,14213,13710,13717,0
2002-03-13,14244,14352,14100,14191,0
2002-03-14,14117,14337,14025,14240,0
2002-03-15,14365,14370,14089,14120,0
2002-03-18,14245,14495,14217,14366,0
2002-03-19,14118,14330,14069,14266,0
2002-03-20,14090,14158,13895,14123,0
2002-03-21,13717,14086,13662,14086,0
2002-03-22,13312,13726,13283,13723,0
2002-03-25,13278,13430,13183,13359,0
2002-03-26,13570,13570,13309,13309,0
2002-03-27,13425,13579,13425,13569,0
2002-03-28,13255,13498,13226,13428,0
2002-04-01,13467,13499,13068,13256,0
2002-04-02,13245,13535,13245,13482,0
2002-04-03,13085,13345,13061,13280,0
2002-04-04,13360,13370,13041,13090,0
2002-04-05,13276,13445,13233,13362,0
2002-04-08,13160,13248,13114,13248,0
2002-04-09,13195,13243,13147,13165,0
2002-04-10,13416,13445,13182,13183,0
2002-04-11,13411,13559,13385,13419,0
2002-04-12,13751,13764,13418,13418,0
2002-04-15,13472,13822,13438,13772,0
2002-04-16,13623,13693,13476,13476,0
2002-04-17,13732,13872,13633,13633,0
2002-04-18,13573,13729,13446,13729,0
2002-04-19,13478,13631,13448,13568,0
2002-04-22,13224,13485,13056,13484,0
2002-04-23,13188,13302,13076,13224,0
2002-04-24,13381,13394,13176,13182,0
2002-04-25,13273,13384,13113,13384,0
2002-04-26,13076,13367,13037,13273,0
2002-04-29,13090,13142,13032,13076,0
2002-04-30,13085,13267,13065,13096,0
2002-05-02,12538,13090,12510,13088,0
2002-05-03,12610,12679,12431,12557,0
2002-05-06,12430,12595,12272,12594,0
2002-05-07,12342,12631,12291,12433,0
2002-05-08,12617,12664,12353,12353,0
2002-05-09,12102,12603,12077,12602,0
2002-05-10,12130,12180,11944,12106,0
2002-05-13,12002,12212,11943,12147,0
2002-05-14,12204,12327,11999,11999,0
2002-05-15,12350,12468,12114,12207,0
2002-05-16,12660,12691,12396,12396,0
2002-05-17,12699,12739,12563,12665,0
2002-05-20,12668,12770,12606,12700,0
2002-05-21,12701,12774,12627,12674,0
2002-05-22,12368,12845,12352,12697,0
2002-05-23,12556,12561,12244,12380,0
2002-05-24,12574,12689,12445,12544,0
2002-05-27,12698,12708,12528,12578,0
2002-05-28,12728,12861,12703,12703,0
2002-05-29,12985,13003,12720,12728,0
2002-05-31,12861,13013,12861,12992,0
2002-06-03,12659,12919,12641,12859,0
2002-06-04,12600,12642,12493,12637,0
2002-06-05,12590,12707,12574,12580,0
2002-06-06,12113,12595,12113,12591,0
2002-06-07,12283,12310,11955,12051,0
2002-06-10,12600,12600,12304,12306,0
2002-06-11,12210,12686,12170,12609,0
2002-06-12,12133,12400,12058,12221,0
2002-06-13,11962,12313,11962,12133,0
2002-06-14,11699,11985,11601,11985,0
2002-06-17,11937,11955,11705,11705,0
2002-06-18,11821,12116,11809,11942,0
2002-06-19,11493,11901,11485,11822,0
2002-06-20,10909,11603,10894,11508,0
2002-06-21,10398,11010,10298,10917,0
2002-06-24,10759,10814,10247,10438,0
2002-06-25,10706,10973,10597,10773,0
2002-06-26,10691,10694,10430,10676,0
2002-06-27,11013,11013,10690,10690,0
2002-06-28,11139,11271,11018,11018,0
2002-07-01,10892,11173,10853,11138,0
2002-07-02,10846,10908,10711,10891,98006400
2002-07-03,10636,10868,10520,10854,98006400
2002-07-04,10655,10721,10594,10661,98006400
2002-07-05,10524,10668,10425,10663,0
2002-07-08,10687,10708,10506,10524,0
2002-07-10,10556,10851,10539,10690,0
2002-07-11,10806,10810,10467,10545,0
2002-07-12,10967,10968,10213,10811,0
2002-07-15,10633,10969,10474,10966,0
2002-07-16,10578,10743,10522,10646,0
2002-07-17,10755,10814,10589,10589,0
2002-07-18,10813,10915,10710,10755,0
2002-07-19,10583,10813,10545,10813,0
2002-07-22,9892,10568,9879,10568,0
2002-07-23,9746,10082,9603,9900,0
2002-07-24,9937,9973,9423,9739,0
2002-07-25,9666,9947,9486,9947,0
2002-07-26,9217,9778,9155,9672,0
2002-07-29,9240,9673,9240,9251,0
2002-07-30,9342,9613,9188,9247,0
2002-07-31,9763,9896,9344,9346,0
2002-08-01,9760,9864,9537,9782,0
2002-08-02,9852,9943,9738,9768,0
2002-08-05,9470,9848,9452,9848,0
2002-08-06,9755,9795,9471,9472,0
2002-08-07,9870,10763,9649,9766,0
2002-08-08,10316,10420,9911,9911,0
2002-08-09,9986,10315,9971,10315,0
2002-08-12,9724,10009,9687,10008,0
2002-08-13,9444,9842,9444,9724,0
2002-08-14,9343,9587,9017,9461,0
2002-08-15,9183,9473,9161,9373,0
2002-08-16,9526,9539,9213,9213,0
2002-08-19,9417,9657,9404,9512,0
2002-08-20,9263,9552,9258,9455,0
2002-08-21,9438,9495,9270,9270,0
2002-08-22,9703,9703,9412,9441,0
2002-08-23,9676,9761,9594,9710,0
2002-08-26,10098,10100,9689,9690,0
2002-08-27,10372,10389,10118,10118,0
2002-08-28,10380,10436,10231,10383,0
2002-08-29,10455,10519,10175,10351,0
2002-08-30,10382,10604,10382,10465,0
2002-09-02,10378,10477,10312,10383,0
2002-09-03,10136,10372,10065,10365,0
2002-09-04,9997,10174,9921,10167,0
2002-09-05,9723,9993,9709,9993,0
2002-09-06,9717,9882,9643,9739,0
2002-09-09,9954,9955,9716,9725,0
2002-09-10,9960,10052,9841,9962,0
2002-09-11,10182,10248,9967,9967,0
2002-09-12,10173,10188,10032,10182,0
2002-09-13,10181,10219,10086,10156,0
2002-09-16,9831,10172,9822,10171,0
2002-09-17,9650,9943,9613,9855,0
2002-09-18,9505,9638,9399,9626,0
2002-09-19,9372,9626,9353,9512,0
2002-09-20,9585,9638,9375,9375,0
2002-09-23,9264,9575,9137,9575,0
2002-09-24,9148,9341,9069,9245,0
2002-09-25,9228,9357,9207,9207,0
2002-09-26,9199,9386,9170,9251,0
2002-09-27,8716,9202,8703,9200,0
2002-09-30,8623,8720,8352,8718,0
2002-10-01,8998,9021,8637,8642,0
2002-10-02,8820,9132,8811,9011,0
2002-10-03,9140,9170,8807,8852,0
2002-10-04,9260,9319,9092,9151,0
2002-10-07,8863,9288,8841,9268,0
2002-10-08,8847,8909,8691,8870,0
2002-10-09,8715,9291,8604,8838,0
2002-10-10,8866,8932,8707,8708,0
2002-10-11,8855,9042,8832,8864,0
2002-10-14,8451,8853,8430,8853,0
2002-10-15,8507,8622,8446,8452,0
2002-10-16,8371,8513,8225,8510,0
2002-10-17,8902,8920,8397,8397,0
2002-10-18,9022,9081,8873,8902,0
2002-10-21,9128,9161,8979,9022,0
2002-10-22,9331,9331,8982,9099,0
2002-10-23,9840,9840,9263,9342,0
2002-10-24,9799,10107,9763,9832,0
2002-10-25,10015,10598,9698,9807,0
2002-10-28,9574,10092,9573,10022,0
2002-10-29,9601,9656,9439,9570,0
2002-10-30,10069,10097,9602,9602,0
2002-10-31,10168,10241,9733,10099,0
2002-11-01,10140,10266,10043,10172,0
2002-11-04,9913,10378,9913,10147,0
2002-11-05,9861,10034,9825,9904,0
2002-11-06,9703,9861,9583,9857,0
2002-11-07,9799,9893,9618,9734,0
2002-11-08,9860,10030,9857,9859,0
2002-11-11,9886,9977,9868,9873,0
2002-11-12,9721,9871,9647,9864,0
2002-11-13,9764,9813,9569,9721,0
2002-11-14,9884,9904,9738,9762,0
2002-11-18,9971,10100,9910,9910,0
2002-11-19,9971,10052,9839,9971,0
2002-11-20,10088,10112,9901,9983,0
2002-11-21,10289,10318,10086,10105,0
2002-11-22,10404,10433,10124,10288,0
2002-11-25,10246,10447,10234,10407,0
2002-11-26,10132,10283,10084,10243,0
2002-11-27,10226,10286,10123,10142,0
2002-11-28,10239,10292,10187,10222,0
2002-11-29,10509,10519,10250,10250,0
2002-12-02,10674,10735,10517,10517,0
2002-12-03,10663,10674,10576,10672,0
2002-12-04,10640,10681,10505,10664,0
2002-12-05,10413,10651,10346,10645,0
2002-12-06,10569,10575,10412,10414,0
2002-12-09,10339,10562,10339,10562,0
2002-12-10,10331,10497,10307,10345,0
2002-12-11,10614,10652,10340,10340,0
2002-12-12,10587,10743,10569,10617,0
2002-12-13,10564,10648,10494,10598,0
2002-12-16,10771,10798,10611,10620,0
2002-12-17,10833,10948,10526,10778,0
2002-12-18,10985,11007,10723,10833,0
2002-12-19,11208,11222,10984,10987,0
2002-12-20,11490,11606,11262,11275,0
2002-12-23,11470,11648,11384,11493,0
2002-12-26,11318,11475,11301,11475,0
2002-12-27,11234,11326,11207,11326,0
2002-12-30,11268,11325,11212,11235,0
2003-01-02,11603,11603,11291,11291,0
2003-01-03,11600,11798,11600,11632,0
2003-01-06,12020,12032,11633,11636,0
2003-01-07,11876,12018,11842,12010,0
2003-01-08,11786,11928,11757,11875,0
2003-01-09,11912,11964,11780,11814,0
2003-01-10,12243,12243,11925,11925,0
2003-01-13,12110,12350,12095,12243,0
2003-01-14,12175,12175,12052,12131,0
2003-01-15,11971,12151,11899,12151,0
2003-01-16,11952,12193,11921,11973,0
2003-01-17,11676,11952,11555,11952,0
2003-01-20,11648,11742,11545,11675,0
2003-01-21,11435,11662,11434,11610,0
2003-01-22,11142,11428,11132,11428,0
2003-01-23,11162,11336,11027,11148,0
2003-01-24,10784,11158,10753,11157,0
2003-01-27,10530,10768,10462,10768,0
2003-01-28,10517,10650,10495,10534,0
2003-01-29,10863,10863,10457,10514,0
2003-01-30,10751,11001,10705,10873,0
2003-01-31,10941,11004,10741,10761,0
2003-02-03,10910,11067,10852,10943,0
2003-02-04,10577,10879,10534,10879,0
2003-02-05,10592,10761,10497,10581,0
2003-02-06,10566,10589,10360,10587,0
2003-02-07,10381,10692,10355,10567,0
2003-02-10,10480,10527,10310,10388,0
2003-02-11,10509,10650,10475,10491,0
2003-02-12,10510,10587,10445,10512,0
2003-02-13,10108,10509,10091,10509,0
2003-02-14,10081,10163,9968,10103,0
2003-02-17,10189,10229,10089,10089,0
2003-02-18,10450,10466,10166,10192,0
2003-02-19,10252,10434,10206,10434,0
2003-02-20,10217,10268,10118,10259,0
2003-02-21,10331,10340,10144,10222,0
2003-02-24,10254,10454,10251,10334,0
2003-02-25,10192,10231,10022,10231,0
2003-02-26,9995,10271,9977,10192,0
2003-02-27,10126,10146,9998,10006,0
2003-02-28,10281,10281,10152,10153,0
2003-03-05,10306,10318,10104,10263,0
2003-03-06,10615,10626,10311,10311,0
2003-03-07,10724,10800,10438,10608,0
2003-03-10,10309,10695,10294,10695,0
2003-03-11,10340,10408,10199,10314,0
2003-03-12,10577,10579,10290,10343,0
2003-03-13,10783,10840,10591,10606,0
2003-03-14,10817,10924,10755,10792,0
2003-03-17,10875,10940,10609,10783,0
2003-03-18,11151,11192,10891,10891,0
2003-03-19,11006,11143,10944,11143,0
2003-03-20,11159,11174,10858,10993,0
2003-03-21,11377,11413,11176,11176,0
2003-03-24,11053,11362,11024,11362,0
2003-03-25,11232,11243,11035,11047,0
2003-03-26,11206,11296,11186,11248,0
2003-03-27,11233,11262,11036,11204,0
2003-03-28,11396,11421,11221,11273,0
2003-03-31,11274,11387,11215,11387,0
2003-04-01,11592,11617,11283,11283,0
2003-04-02,11872,11998,11602,11615,0
2003-04-03,12006,12132,11876,11877,0
2003-04-04,12066,12135,11924,12014,0
2003-04-07,12136,12436,12120,12154,0
2003-04-08,11779,12136,11732,12124,0
2003-04-09,11759,11904,11754,11784,0
2003-04-10,11591,11819,11578,11784,0
2003-04-11,11719,11753,11608,11614,0
2003-04-14,11874,11889,11719,11726,0
2003-04-15,12106,12111,11828,11865,0
2003-04-16,12043,12245,12012,12120,0
2003-04-17,12395,12432,12052,12052,0
2003-04-22,12452,12502,12245,12393,0
2003-04-23,12394,12455,12315,12455,0
2003-04-24,12120,12383,12100,12370,0
2003-04-25,12126,12185,12059,12124,0
2003-04-28,12462,12480,12009,12128,0
2003-04-29,12678,12820,12470,12470,0
2003-04-30,12557,12746,12557,12713,0
2003-05-02,12810,12866,12542,12565,0
2003-05-05,12833,12870,12717,12829,0
2003-05-06,12644,12846,12608,12829,0
2003-05-07,12956,12981,12664,12669,0
2003-05-08,12921,13028,12864,12969,0
2003-05-09,13214,13247,12950,12950,0
2003-05-12,13320,13345,13096,13206,0
2003-05-13,13421,13565,13316,13322,0
2003-05-14,13459,13483,13336,13428,0
2003-05-15,13130,13465,13092,13465,0
2003-05-16,13225,13225,12877,13143,0
2003-05-19,12746,13182,12732,13179,0
2003-05-20,12745,12753,12576,12753,0
2003-05-21,13034,13077,12711,12749,0
2003-05-22,13101,13173,12971,13031,0
2003-05-23,13143,13246,13029,13101,0
2003-05-26,12852,13239,12852,13149,0
2003-05-27,13246,13321,12859,12861,0
2003-05-28,13294,13427,13257,13257,0
2003-05-29,13405,13507,13301,13303,0
2003-05-30,13422,13541,13312,13413,0
2003-06-02,13229,13505,13212,13441,0
2003-06-03,13350,13350,13106,13231,0
2003-06-04,13718,13760,13374,13386,0
2003-06-05,13780,13908,13588,13690,0
2003-06-06,13923,14071,13794,13794,0
2003-06-09,13846,13979,13810,13926,0
2003-06-10,13894,14072,13808,13869,0
2003-06-11,13877,13930,13721,13898,0
2003-06-12,13983,14007,13738,13901,0
2003-06-13,13734,14047,13677,13980,0
2003-06-16,13833,13963,13697,13737,0
2003-06-17,13777,13973,13732,13843,0
2003-06-18,13511,13890,13372,13790,0
2003-06-20,13131,13514,13105,13514,0
2003-06-23,12991,13273,12895,13132,0
2003-06-24,13108,13204,12993,12993,0
2003-06-25,13026,13286,13015,13110,0
2003-06-26,13112,13237,13030,13031,0
2003-06-27,13024,13193,12976,13112,0
2003-06-30,12973,13066,12930,13027,0
2003-07-01,13291,13291,12893,12967,0
2003-07-02,13310,13376,13240,13292,0
2003-07-03,13134,13309,13134,13308,0
2003-07-04,13281,13292,13067,13135,0
2003-07-07,13402,13444,13273,13274,0
2003-07-08,13619,13619,13339,13401,0
2003-07-10,13501,13622,13407,13622,0
2003-07-11,13321,13522,13287,13498,0
2003-07-14,13588,13635,13322,13322,0
2003-07-15,13614,13736,13568,13593,0
2003-07-16,13487,13633,13435,13613,0
2003-07-17,13622,13636,13360,13487,0
2003-07-18,13794,13809,13622,13622,0
2003-07-21,13676,13859,13676,13794,0
2003-07-22,13835,13867,13671,13676,0
2003-07-23,13799,13942,13755,13852,0
2003-07-24,13761,13947,13755,13799,0
2003-07-25,13750,13868,13661,13761,0
2003-07-28,13643,13783,13605,13752,0
2003-07-29,13623,13704,13577,13652,0
2003-07-30,13475,13698,13453,13623,0
2003-07-31,13572,13615,13475,13475,0
2003-08-01,13130,13579,13130,13579,0
2003-08-04,12939,13128,12757,13128,0
2003-08-05,13059,13112,12940,12940,0
2003-08-06,12888,13188,12839,13060,0
2003-08-07,13328,13350,12892,12892,0
2003-08-08,13500,13513,13333,13333,0
2003-08-11,13560,13582,13442,13500,0
2003-08-12,13602,13766,13553,13559,0
2003-08-13,13682,13858,13542,13597,0
2003-08-14,13812,13849,13529,13683,0
2003-08-15,13890,13952,13744,13810,0
2003-08-18,14146,14147,13900,13900,0
2003-08-19,14158,14236,14091,14147,0
2003-08-20,14467,14506,14058,14158,0
2003-08-21,14670,14687,14398,14470,0
2003-08-22,14613,14765,14589,14670,0
2003-08-25,14473,14714,14426,14613,0
2003-08-26,14878,14948,14425,14475,0
2003-08-27,15143,15143,14876,14876,0
2003-08-28,15065,15252,14929,15151,0
2003-08-29,15174,15197,14857,15065,0
2003-09-01,15352,15374,15075,15174,0
2003-09-02,15454,15475,15321,15352,0
2003-09-03,15634,15690,15455,15455,0
2003-09-04,15705,15884,15564,15635,0
2003-09-05,15900,15951,15610,15707,0
2003-09-08,16050,16239,15895,15904,0
2003-09-09,15718,16062,15699,16051,0
2003-09-10,15983,15997,15492,15716,0
2003-09-11,16292,16454,15985,15985,0
2003-09-12,16421,16508,16058,16283,0
2003-09-15,16342,16601,16277,16423,0
2003-09-16,16270,16496,16258,16354,0
2003-09-17,16492,16492,16225,16280,0
2003-09-18,16889,16911,16424,16492,0
2003-09-19,16851,17104,16822,16890,0
2003-09-22,16486,16850,16450,16850,0
2003-09-23,16444,16542,16226,16488,0
2003-09-24,16058,16636,16053,16446,0
2003-09-25,15806,16203,15775,16058,0
2003-09-26,15811,16113,15773,15807,0
2003-09-29,16109,16115,15768,15810,0
2003-09-30,16011,16287,16010,16109,0
2003-10-01,16579,16609,16010,16010,0
2003-10-02,16894,17070,16582,16582,0
2003-10-03,17089,17290,16898,16898,0
2003-10-06,17273,17346,17026,17090,0
2003-10-07,17470,17537,17134,17278,0
2003-10-08,17805,17952,17474,17474,0
2003-10-09,17708,18060,17553,17805,0
2003-10-10,17676,17834,17496,17699,0
2003-10-13,18062,18075,17676,17676,0
2003-10-14,18178,18246,18063,18063,0
2003-10-15,17942,18313,17819,18176,0
2003-10-16,17955,18075,17834,17944,0
2003-10-17,17791,17946,17679,17923,0
2003-10-20,18370,18399,17770,17791,0
2003-10-21,18449,18660,18370,18370,0
2003-10-22,18235,18449,18221,18449,0
2003-10-23,17690,18235,17592,18235,0
2003-10-24,17814,17835,17340,17687,0
2003-10-27,17750,17964,17664,17820,0
2003-10-28,18228,18228,17691,17750,0
2003-10-29,17945,18454,17945,18228,0
2003-10-30,18094,18193,17731,17945,0
2003-10-31,17982,18218,17912,18095,0
2003-11-03,18517,18517,17983,17983,0
2003-11-04,18541,18714,18456,18519,0
2003-11-05,18307,18563,18267,18545,0
2003-11-06,18613,18680,18307,18307,0
2003-11-07,18672,18907,18614,18614,0
2003-11-10,18572,18725,18435,18672,0
2003-11-11,18409,18572,18261,18572,0
2003-11-12,18794,18812,18352,18409,0
2003-11-13,18755,19115,18677,18795,0
2003-11-14,18986,19052,18712,18763,0
2003-11-17,18669,18985,18648,18985,0
2003-11-18,18813,19022,18669,18669,0
2003-11-19,18807,18857,18610,18819,0
2003-11-20,19199,19262,18815,18815,0
2003-11-21,19248,19376,19144,19197,0
2003-11-24,19691,19730,19258,19258,0
2003-11-25,19810,19820,19615,19694,0
2003-11-26,19695,20002,19667,19810,0
2003-11-27,19961,19961,19616,19695,0
2003-11-28,20184,20188,19848,19962,0
2003-12-01,20521,20522,20184,20184,0
2003-12-02,20458,20630,20354,20523,0
2003-12-03,20540,20586,20322,20462,0
2003-12-04,20414,20570,20323,20540,0
2003-12-05,20880,20922,20418,20418,0
2003-12-08,20889,20937,20673,20882,0
2003-12-09,21260,21363,20889,20889,0
2003-12-10,20973,21394,20930,21258,0
2003-12-11,21296,21459,20971,20971,0
2003-12-12,20974,21514,20873,21296,0
2003-12-15,20710,21381,20709,20974,0
2003-12-16,20760,20842,20544,20710,0
2003-12-17,21199,21318,20763,20763,0
2003-12-18,21489,21502,21195,21199,0
2003-12-19,21386,21671,21381,21489,0
2003-12-22,21630,21630,21344,21386,0
2003-12-23,21688,21914,21631,21631,0
2003-12-26,21807,21829,21688,21688,0
2003-12-29,22045,22046,21815,21815,0
2003-12-30,22236,22310,22051,22051,0
2004-01-02,22445,22450,22208,22233,0
2004-01-05,23532,23532,22445,22445,0
2004-01-06,23576,23976,23180,23532,0
2004-01-07,23320,23899,23320,23576,0
2004-01-08,23717,23718,23122,23334,0
2004-01-09,23917,24088,23710,23722,0
2004-01-12,24237,24323,23892,23896,0
2004-01-13,23940,24518,23867,24237,0
2004-01-14,23399,24010,22878,23947,0
2004-01-15,22962,23400,22962,23400,0
2004-01-16,23155,23243,22687,22964,0
2004-01-19,23385,23493,23090,23162,0
2004-01-20,23679,23724,23382,23382,0
2004-01-21,23302,23680,23213,23680,0
2004-01-22,22969,23299,22682,23299,0
2004-01-23,23471,23515,22740,22969,0
2004-01-26,24350,24350,23471,23471,0
2004-01-27,24226,24473,23908,24355,0
2004-01-28,23852,24460,23787,24226,0
2004-01-29,22386,23859,22300,23849,0
2004-01-30,21851,22615,21649,22384,0
2004-02-02,21787,21867,21336,21842,0
2004-02-03,22281,22287,21794,21794,0
2004-02-04,21685,22718,21555,22289,0
2004-02-05,21092,21909,21077,21685,0
2004-02-06,21969,21969,20598,21092,0
2004-02-09,21962,22493,21853,21970,0
2004-02-10,22171,22216,21694,21936,0
2004-02-11,23197,23241,22057,22173,0
2004-02-12,23063,23374,22929,23197,0
2004-02-13,22530,23230,22188,23067,0
2004-02-16,22189,22530,21901,22530,0
2004-02-17,22426,22520,22017,22195,0
2004-02-18,22000,22668,21899,22430,0
2004-02-19,20951,21998,20877,21998,0
2004-02-20,21337,21342,20092,20949,0
2004-02-25,21609,21732,21341,21341,0
2004-02-26,21450,21608,21180,21608,0
2004-02-27,21755,21755,21448,21455,0
2004-03-01,22499,22528,21761,21761,0
2004-03-02,22442,22714,21942,22496,0
2004-03-03,22550,22801,22191,22442,0
2004-03-04,22393,22753,22256,22542,0
2004-03-05,22873,22937,22349,22397,0
2004-03-08,22993,23373,22874,22874,0
2004-03-09,22674,23094,22503,22993,0
2004-03-10,21670,22674,21670,22674,0
2004-03-11,20763,21750,20756,21673,0
2004-03-12,21776,21800,20770,20770,0
2004-03-15,21234,21836,21162,21776,0
2004-03-16,21613,21647,21234,21234,0
2004-03-17,21901,22034,21620,21620,0
2004-03-18,22370,22411,21679,21901,0
2004-03-19,22261,22470,22217,22370,0
2004-03-22,21663,22248,21569,22248,0
2004-03-23,21205,21832,21205,21663,0
2004-03-24,20985,21317,20834,21202,0
2004-03-25,21000,21323,20857,20985,0
2004-03-26,21541,21651,21001,21001,0
2004-03-29,21531,21817,21435,21544,0
2004-03-30,22043,22045,21531,21531,0
2004-03-31,22142,22256,21873,22042,0
2004-04-01,22647,22769,22142,22142,0
2004-04-02,22949,23034,22629,22650,0
2004-04-05,23146,23260,22773,22949,0
2004-04-06,23072,23179,22859,23146,0
2004-04-07,22443,23061,22443,23061,0
2004-04-08,22725,22740,22307,22451,0
2004-04-12,22780,22970,22496,22725,0
2004-04-13,22620,22995,22555,22777,0
2004-04-14,22312,22618,22165,22618,0
2004-04-15,21739,22312,21483,22312,0
2004-04-16,21769,21938,21592,21727,0
2004-04-19,21627,21864,21417,21773,0
2004-04-20,21078,21665,21068,21627,0
2004-04-22,21142,21182,20732,21078,0
2004-04-23,21590,21625,21142,21142,0
2004-04-26,21324,21778,21286,21588,0
2004-04-27,21317,21715,21254,21324,0
2004-04-28,20474,21374,20474,21317,0
2004-04-29,19865,20756,19676,20481,0
2004-04-30,19607,20172,19508,19871,0
2004-05-03,19709,19777,19086,19622,0
2004-05-04,19988,20195,19709,19709,0
2004-05-05,20026,20342,19835,20013,0
2004-05-06,19190,20019,19189,20019,0
2004-05-07,18620,19184,18573,19184,0
2004-05-10,17604,18616,17601,18616,0
2004-05-11,18537,18583,17607,17607,0
2004-05-12,18326,18745,17885,18543,0
2004-05-13,18402,18619,17902,18326,0
2004-05-14,18611,18952,18421,18421,0
2004-05-17,18122,18609,17973,18609,0
2004-05-18,18556,18610,18125,18125,0
2004-05-19,18688,19120,18602,18602,0
2004-05-20,18240,18688,18229,18688,0
2004-05-21,18285,18387,18041,18239,0
2004-05-24,18669,18670,18288,18288,0
2004-05-25,18860,18869,18590,18675,0
2004-05-26,19069,19079,18737,18860,0
2004-05-27,19734,19763,19061,19069,0
2004-05-28,19667,19991,19580,19734,0
2004-05-31,19545,19769,19421,19672,0
2004-06-01,19546,19613,19177,19545,0
2004-06-02,19717,19923,19553,19553,0
2004-06-03,19400,19776,19332,19723,0
2004-06-04,19819,19902,19404,19404,0
2004-06-07,20447,20487,19826,19826,0
2004-06-08,20284,20529,20159,20447,0
2004-06-09,19865,20298,19797,20269,0
2004-06-11,19834,19979,19789,19865,0
2004-06-14,19488,19833,19371,19833,0
2004-06-15,20047,20047,19496,19496,0
2004-06-16,20460,20514,20006,20050,0
2004-06-17,20335,20697,20203,20460,0
2004-06-18,20333,20455,20076,20330,0
2004-06-21,20293,20654,20274,20336,0
2004-06-22,20199,20360,20070,20293,0
2004-06-23,20836,20836,20199,20199,0
2004-06-24,20708,21068,20681,20837,0
2004-06-25,20750,20940,20669,20708,0
2004-06-28,20351,20892,20351,20750,0
2004-06-29,20801,20833,20352,20352,0
2004-06-30,21149,21183,20733,20809,0
2004-07-01,21349,21394,21094,21152,0
2004-07-02,21568,21747,21349,21349,0
2004-07-05,21670,21775,21429,21565,0
2004-07-06,21188,21669,21124,21669,0
2004-07-07,21171,21364,21118,21190,0
2004-07-08,20887,21167,20821,21167,0
2004-07-12,21532,21561,20885,20885,0
2004-07-13,21677,21759,21456,21533,0
2004-07-14,21673,22090,21373,21676,0
2004-07-15,22065,22198,21679,21679,0
2004-07-16,22447,22676,22064,22064,0
2004-07-19,22102,22518,22045,22445,0
2004-07-20,22361,22426,22046,22115,0
2004-07-21,21810,22516,21776,22362,0
2004-07-22,21730,21938,21490,21821,0
2004-07-23,21591,22100,21559,21729,0
2004-07-26,21318,21930,21056,21635,0
2004-07-27,21737,21813,21236,21325,0
2004-07-28,22168,22213,21613,21740,0
2004-07-29,22228,22366,22019,22169,0
2004-07-30,22337,22534,22111,22224,0
2004-08-02,22448,22493,21929,22342,0
2004-08-03,22373,22600,22340,22453,0
2004-08-04,22178,22523,22159,22370,0
2004-08-05,21330,22244,21178,22174,0
2004-08-06,21653,21702,21194,21341,0
2004-08-09,21261,21745,21243,21653,0
2004-08-10,21737,21737,21261,21261,0
2004-08-11,21570,21736,21411,21736,0
2004-08-12,21570,21723,21484,21574,0
2004-08-13,21401,21706,21307,21570,0
2004-08-16,21764,21829,21361,21404,0
2004-08-17,22061,22159,21767,21767,0
2004-08-18,22779,22779,21898,22059,0
2004-08-19,22935,23285,22772,22779,0
2004-08-20,23196,23381,22919,22935,0
2004-08-23,22852,23241,22773,23205,0
2004-08-24,22870,23111,22743,22863,0
2004-08-25,23058,23166,22745,22870,0
2004-08-26,22582,23047,22479,23047,0
2004-08-27,22597,22801,22504,22583,0
2004-08-30,22869,22869,22316,22600,0
2004-08-31,22803,23071,22685,22886,0
2004-09-01,22513,22971,22363,22803,0
2004-09-02,22688,22768,22267,22516,0
2004-09-03,22415,22769,22378,22688,0
2004-09-06,22502,22537,22416,22416,0
2004-09-08,22534,22977,22508,22508,0
2004-09-09,22286,22622,22071,22536,0
2004-09-10,21968,22299,21846,22276,0
2004-09-13,21809,22226,21739,21970,0
2004-09-14,22309,22348,21741,21810,0
2004-09-15,22344,22577,22213,22310,0
2004-09-16,22876,22897,22346,22346,0
2004-09-17,23074,23190,22876,22876,0
2004-09-20,23078,23485,23078,23079,0
2004-09-21,23106,23268,22916,23078,0
2004-09-22,22749,23207,22697,23106,0
2004-09-23,22944,23006,22749,22749,0
2004-09-24,22972,23110,22892,22944,0
2004-09-27,22834,22981,22733,22981,0
2004-09-28,23231,23275,22593,22834,0
2004-09-29,23208,23287,23069,23230,0
2004-09-30,23245,23423,23183,23210,0
2004-10-01,23777,23777,23246,23246,0
2004-10-04,24150,24173,23784,23784,0
2004-10-05,24205,24362,23946,24150,0
2004-10-06,24027,24205,23899,24205,0
2004-10-07,24104,24141,23814,24014,0
2004-10-08,23927,24346,23914,24120,0
2004-10-11,23954,24091,23921,23928,0
2004-10-13,23289,24066,23068,23953,0
2004-10-14,22959,23287,22865,23287,0
2004-10-15,23368,23422,22961,22961,0
2004-10-18,23411,23448,23021,23368,0
2004-10-19,22893,23621,22887,23411,0
2004-10-20,22873,22929,22565,22893,0
2004-10-21,23059,23116,22779,22873,0
2004-10-22,22735,23326,22692,23061,0
2004-10-25,22603,22735,22390,22735,0
2004-10-26,22849,22849,22557,22603,0
2004-10-27,23171,23228,22783,22861,0
2004-10-28,22929,23171,22826,23171,0
2004-10-29,23052,23089,22877,22945,0
2004-11-01,23273,23309,22941,23050,0
2004-11-03,23660,23770,23275,23275,0
2004-11-04,23880,23963,23629,23660,0
2004-11-05,23542,24000,23499,23864,0
2004-11-08,23212,23542,23072,23542,0
2004-11-09,23216,23305,23022,23213,0
2004-11-10,23455,23479,23223,23223,0
2004-11-11,23521,23521,23192,23457,0
2004-11-12,24035,24035,23524,23524,0
2004-11-16,23772,24035,23698,24035,0
2004-11-17,24170,24289,23772,23772,0
2004-11-18,24143,24325,23845,24167,0
2004-11-19,24034,24361,23848,24147,0
2004-11-22,24445,24508,23839,24034,0
2004-11-23,24340,24684,24290,24446,0
2004-11-24,24368,24641,24339,24339,0
2004-11-25,24867,24872,24372,24372,0
2004-11-26,24998,25072,24756,24867,0
2004-11-29,24855,25084,24653,25000,0
2004-11-30,25128,25160,24736,24855,0
2004-12-01,25235,25381,25118,25129,0
2004-12-02,25200,25360,25057,25235,0
2004-12-03,25468,25604,25218,25218,0
2004-12-06,25633,25709,25430,25474,0
2004-12-07,24989,25667,24945,25632,0
2004-12-08,24968,25041,24615,24988,0
2004-12-09,24526,25053,24452,24970,0
2004-12-10,24933,24954,24494,24530,0
2004-12-13,25225,25260,24867,24933,0
2004-12-14,25563,25568,25226,25226,0
2004-12-15,25576,25919,25363,25568,0
2004-12-16,25831,25877,25543,25561,0
2004-12-17,25659,25835,25474,25835,0
2004-12-20,25537,25772,25456,25661,0
2004-12-21,25890,25898,25465,25537,0
2004-12-22,25723,26075,25713,25892,0
2004-12-23,25878,25971,25618,25719,0
2004-12-27,25937,26084,25862,25862,0
2004-12-28,26117,26145,25919,25937,0
2004-12-29,26161,26245,26091,26117,0
2004-12-30,26196,26270,26108,26171,0
2005-01-03,25722,26492,25671,26193,0
2005-01-04,24848,25873,24791,25722,0
2005-01-05,24692,25001,24523,24859,0
2005-01-06,24367,24808,24250,24695,0
2005-01-07,24747,24874,24376,24376,0
2005-01-10,24292,24825,24086,24747,0
2005-01-11,24370,24457,24127,24295,0
2005-01-12,24510,24560,23983,24370,0
2005-01-13,24806,24919,24523,24523,0
2005-01-14,24924,24966,24481,24802,0
2005-01-17,24515,25022,24515,24924,0
2005-01-18,24089,24515,24019,24515,0
2005-01-19,24271,24465,24091,24091,0
2005-01-20,23610,24271,23534,24271,0
2005-01-21,23818,24006,23609,23618,0
2005-01-24,24198,24302,23813,23819,0
2005-01-26,24530,24555,24207,24207,0
2005-01-27,24030,24529,23869,24529,0
2005-01-28,23968,24056,23595,24006,0
2005-01-31,24351,24399,23970,23970,0
2005-02-01,24149,24506,24073,24392,0
2005-02-02,24605,24624,24139,24150,0
2005-02-03,24874,24896,24548,24606,0
2005-02-04,25732,25736,24818,24874,0
2005-02-09,26314,26314,25733,25733,0
2005-02-10,26416,26456,25882,26314,0
2005-02-11,26671,26786,26132,26414,0
2005-02-14,26532,26753,26321,26660,0
2005-02-15,26610,26660,26212,26532,0
2005-02-16,26384,26683,26312,26611,0
2005-02-17,27091,27159,26385,26385,0
2005-02-18,26756,27184,26707,27086,0
2005-02-21,26853,27094,26698,26730,0
2005-02-22,26740,27329,26620,26856,0
2005-02-23,27198,27198,26746,26746,0
2005-02-24,28436,28436,27198,27198,0
2005-02-25,28425,28778,28178,28429,0
2005-02-28,28139,28555,27799,28423,0
2005-03-01,27730,28137,27643,28135,0
2005-03-02,28200,28200,27498,27730,0
2005-03-03,28668,28766,28204,28204,0
2005-03-04,29197,29228,28676,28676,0
2005-03-07,29455,29584,29183,29464,0
2005-03-08,29021,29452,28883,29452,0
2005-03-09,28514,29058,28381,29018,0
2005-03-10,28567,28682,28049,28511,0
2005-03-11,28075,28932,28008,28567,0
2005-03-14,28099,28135,27715,28075,0
2005-03-15,27588,28300,27455,28107,0
2005-03-16,27827,27841,27260,27587,0
2005-03-17,28086,28162,27319,27824,0
2005-03-18,27593,28174,27498,28088,0
2005-03-21,27411,27633,27214,27587,0
2005-03-22,26618,27844,26480,27419,0
2005-03-23,26248,26792,26131,26613,0
2005-03-24,26702,26827,26267,26267,0
2005-03-28,26257,26705,26224,26705,0
2005-03-29,25842,26620,25761,26259,0
2005-03-30,26470,26470,25861,25861,0
2005-03-31,26611,26768,26259,26471,0
2005-04-01,26774,27178,26612,26612,0
2005-04-04,26407,26770,26204,26770,0
2005-04-05,26038,26724,25965,26407,0
2005-04-06,25695,26254,25615,26038,0
2005-04-07,26308,26308,25656,25695,0
2005-04-08,25885,26310,25826,26305,0
2005-04-11,25900,25943,25695,25884,0
2005-04-12,26206,26324,25611,25900,0
2005-04-13,26066,26579,26057,26206,0
2005-04-14,24984,26113,24949,26069,0
2005-04-15,24656,25115,24575,25000,0
2005-04-18,24877,24965,24420,24656,0
2005-04-19,25566,25566,24877,24877,0
2005-04-20,25062,25692,24954,25566,0
2005-04-22,24767,25428,24691,25062,0
2005-04-25,25232,25297,24744,24769,0
2005-04-26,25305,25563,25067,25232,0
2005-04-27,25242,25295,24886,25295,0
2005-04-28,24440,25238,24423,25238,0
2005-04-29,24844,24858,24154,24454,0
2005-05-02,24705,24904,24468,24847,0
2005-05-03,24716,24926,24548,24711,0
2005-05-04,25474,25560,24738,24738,0
2005-05-05,25436,25697,25225,25478,0
2005-05-06,25589,25808,25437,25437,0
2005-05-09,25465,25623,25404,25593,0
2005-05-10,24763,25530,24636,25467,0
2005-05-11,24699,24837,24290,24765,0
2005-05-12,24117,24923,23985,24699,0
2005-05-13,23887,24260,23680,24115,0
2005-05-16,24379,24381,23765,23883,0
2005-05-17,24413,24513,24024,24362,0
2005-05-18,24898,24967,24410,24410,0
2005-05-19,24829,24882,24530,24882,0
2005-05-20,24522,24836,24494,24827,0
2005-05-23,24215,24586,24208,24525,0
2005-05-24,24545,24583,24012,24215,0
2005-05-25,24478,24682,24345,24541,0
2005-05-27,25255,25270,24480,24480,0
2005-05-30,25424,25616,25215,25248,0
2005-05-31,25207,25633,25154,25426,0
2005-06-01,25949,25993,25209,25209,0
2005-06-02,26640,26755,25930,25950,0
2005-06-03,26366,26692,26145,26642,0
2005-06-06,25556,26363,25217,26363,0
2005-06-07,25026,25556,24933,25556,0
2005-06-08,24702,25423,24645,25026,0
2005-06-09,24484,24702,24224,24702,0
2005-06-10,24951,25049,24484,24484,0
2005-06-13,24902,25309,24846,24955,0
2005-06-14,25744,25789,24330,24898,0
2005-06-15,25481,25744,24916,25744,0
2005-06-16,25751,25895,25479,25479,0
2005-06-17,26093,26267,25752,25752,0
2005-06-20,26046,26142,25764,26093,0
2005-06-21,25722,26130,25578,26046,0
2005-06-22,25678,25755,25324,25730,0
2005-06-23,24816,25704,24816,25678,0
2005-06-24,24917,25011,24725,24811,0
2005-06-27,25226,25306,24640,24917,0
2005-06-28,25261,25454,25098,25226,0
2005-06-29,25126,25451,25031,25267,0
2005-06-30,25051,25279,25051,25132,0
2005-07-01,25311,25409,25047,25051,0
2005-07-04,25045,25314,24899,25314,0
2005-07-05,24675,25059,24526,25042,0
2005-07-06,24517,24677,24267,24677,0
2005-07-07,24450,24603,24192,24513,0
2005-07-08,24423,24657,24287,24452,0
2005-07-11,25016,25032,24425,24425,0
2005-07-12,25536,25576,24932,25027,0
2005-07-13,25856,26043,25557,25557,0
2005-07-14,25920,26142,25725,25859,0
2005-07-15,25222,25916,25222,25916,0
2005-07-18,25321,25412,24916,25222,0
2005-07-19,25271,25312,24960,25312,0
2005-07-20,25705,25795,24970,25268,0
2005-07-21,25842,25964,25505,25706,0
2005-07-22,25391,25848,25244,25834,0
2005-07-25,24531,25388,24410,25388,0
2005-07-26,24868,24899,24328,24506,0
2005-07-27,25338,25362,24774,24882,0
2005-07-28,26068,26125,25340,25340,0
2005-07-29,26042,26306,25946,26065,0
2005-08-01,26298,26452,25911,26042,0
2005-08-02,26789,26824,26325,26325,0
2005-08-03,26714,27317,26638,26789,0
2005-08-04,26470,26960,26440,26714,0
2005-08-05,26518,26881,26350,26469,0
2005-08-08,26711,26985,26521,26521,0
2005-08-09,27291,27291,26711,26711,0
2005-08-10,27117,27606,26935,27291,0
2005-08-11,26633,27512,26494,27099,0
2005-08-12,26951,26951,25734,26629,0
2005-08-15,27375,27413,26944,26960,0
2005-08-16,27080,27696,26967,27376,0
2005-08-17,27416,27519,27057,27084,0
2005-08-18,26900,27419,26806,27395,0
2005-08-19,26644,27183,26129,26909,0
2005-08-22,27261,27287,26647,26647,0
2005-08-23,26769,27264,26648,27261,0
2005-08-24,26712,26862,26479,26769,0
2005-08-25,27402,27403,26712,26712,0
2005-08-26,27095,27422,27008,27397,0
2005-08-29,27385,27432,26981,27113,0
2005-08-30,27604,27619,27339,27385,0
2005-08-31,28045,28072,27626,27626,0
2005-09-01,27962,28237,27799,28044,0
2005-09-02,28319,28347,27972,27972,0
2005-09-05,28522,28579,28322,28322,0
2005-09-06,28855,28855,28338,28523,0
2005-09-08,28828,28956,28709,28855,0
2005-09-09,29308,29387,28820,28837,0
2005-09-12,29086,29331,28991,29308,0
2005-09-13,28873,29194,28814,29084,0
2005-09-14,29050,29152,28842,28874,0
2005-09-15,29366,29561,29048,29048,0
2005-09-16,29816,29863,29368,29368,0
2005-09-19,30076,30076,29715,29816,0
2005-09-20,30059,30370,29889,30076,0
2005-09-21,30837,30890,29815,30059,0
2005-09-22,30678,30931,30422,30839,0
2005-09-23,31294,31371,30683,30683,0
2005-09-26,31141,31565,30957,31301,0
2005-09-27,30875,31219,30593,31146,0
2005-09-28,31317,31405,30879,30879,0
2005-09-29,31209,31524,30839,31318,0
2005-09-30,31584,31584,31135,31209,0
2005-10-03,31856,31985,31542,31582,0
2005-10-04,31284,32052,31235,31857,0
2005-10-05,30164,31272,30118,31272,0
2005-10-06,29227,30241,28893,30165,0
2005-10-07,29973,30213,29227,29227,0
2005-10-10,30277,30502,29982,29982,0
2005-10-11,30614,30775,30275,30275,0
2005-10-13,29880,30561,29337,30561,0
2005-10-14,29770,30251,29090,29880,0
2005-10-17,30242,30377,29777,29777,0
2005-10-18,29068,30451,29068,30241,0
2005-10-19,29297,29558,28596,29072,0
2005-10-20,28344,29975,28161,29300,0
2005-10-21,29176,29176,28346,28346,0
2005-10-24,29835,29835,29120,29176,0
2005-10-25,29498,30095,29396,29837,0
2005-10-26,29730,29971,29244,29492,0
2005-10-27,29133,29842,29005,29730,0
2005-10-28,29318,29567,29133,29133,0
2005-10-31,30194,30252,29333,29333,0
2005-11-01,30900,30981,30194,30194,0
2005-11-03,31100,31487,30899,30899,0
2005-11-04,30888,31234,30584,31080,0
2005-11-07,30952,31363,30728,30888,0
2005-11-08,30971,31078,30587,30951,0
2005-11-09,30666,31232,30493,30971,0
2005-11-10,30725,30726,30218,30665,0
2005-11-11,30511,30746,30385,30722,0
2005-11-14,30219,30510,29948,30510,0
2005-11-16,30482,30516,30157,30219,0
2005-11-17,31087,31248,30483,30483,0
2005-11-18,31102,31180,30887,31087,0
2005-11-21,31110,31291,30969,31102,0
2005-11-22,31489,31500,30473,31110,0
2005-11-23,31943,32014,31489,31489,0
2005-11-24,31945,32123,31678,31938,0
2005-11-25,31920,32059,31840,31947,0
2005-11-28,31358,32350,31337,31920,0
2005-11-29,31652,31767,31360,31360,0
2005-11-30,31917,31918,31296,31652,0
2005-12-01,32617,32700,31921,31921,0
2005-12-02,32832,32936,32617,32617,0
2005-12-05,32701,32910,32547,32835,0
2005-12-06,33223,33332,32712,32712,0
2005-12-07,32757,33271,32649,33225,0
2005-12-08,32480,32997,32476,32756,0
2005-12-09,32922,32971,32483,32483,0
2005-12-12,32971,33299,32868,32925,0
2005-12-13,33420,33432,32835,32971,0
2005-12-14,33629,33837,33369,33420,0
2005-12-15,33193,33799,33103,33625,0
2005-12-16,33292,33579,33193,33193,0
2005-12-19,33005,33496,32908,33284,0
2005-12-20,33067,33140,32768,33008,0
2005-12-21,33517,33553,33068,33068,0
2005-12-22,33513,33652,33463,33521,0
2005-12-23,33331,33575,33280,33509,0
2005-12-26,33298,33435,33140,33331,0
2005-12-27,33371,33631,33239,33297,0
2005-12-28,33138,33463,32965,33371,0
2005-12-29,33456,33456,33137,33137,0
2006-01-02,33507,33519,32860,33462,0
2006-01-03,34541,34563,33507,33507,0
2006-01-04,35002,35223,34540,34540,0
2006-01-05,34936,35088,34681,35006,0
2006-01-06,35475,35529,34940,35170,0
2006-01-09,35337,35601,35108,35475,0
2006-01-10,35049,35338,34687,35338,0
2006-01-11,35952,35953,35050,35050,0
2006-01-12,35779,36286,35641,35953,0
2006-01-13,35897,35951,35480,35779,0
2006-01-16,36534,36534,35891,35897,0
2006-01-17,36119,36534,35817,36534,0
2006-01-18,35805,36115,35380,36115,0
2006-01-19,36858,36979,35813,35813,0
2006-01-20,36695,36938,36432,36857,0
2006-01-23,36632,36771,36213,36687,0
2006-01-24,37400,37428,36632,36632,0
2006-01-26,38014,38031,37402,37402,0
2006-01-27,37822,38804,37688,38018,0
2006-01-30,38242,38276,37501,37824,0
2006-01-31,38383,38456,37630,38243,0
2006-02-01,38485,38500,37886,38382,0
2006-02-02,37304,38508,37237,38482,0
2006-02-03,37262,37609,36526,37304,0
2006-02-06,37321,37776,37229,37262,0
2006-02-07,36562,37376,36556,37320,0
2006-02-08,36499,36784,36183,36553,0
2006-02-09,36882,37177,36501,36501,0
2006-02-10,36975,37813,36633,36886,0
2006-02-13,36114,37076,36114,36975,0
2006-02-14,36627,36734,35891,36117,0
2006-02-15,37239,37447,36422,36629,0
2006-02-16,38256,38268,37245,37245,0
2006-02-17,38422,38642,38256,38256,0
2006-02-20,38539,38678,38032,38418,0
2006-02-21,38166,38978,38166,38541,0
2006-02-22,38246,38633,38056,38166,0
2006-02-23,38405,38522,37747,38242,0
2006-02-24,38610,38610,38337,38406,0
2006-03-01,39178,39203,38533,38610,0
2006-03-02,39126,39367,38989,39182,0
2006-03-03,39240,39356,38716,39129,0
2006-03-06,38354,39395,38348,39241,0
2006-03-07,37423,38350,37130,38350,0
2006-03-08,37289,37421,36446,37421,0
2006-03-09,36312,37739,36085,37289,0
2006-03-10,36891,37161,36218,36328,0
2006-03-13,36793,37259,36513,36891,0
2006-03-14,37541,37541,36417,36789,0
2006-03-15,38244,38341,37543,37546,0
2006-03-16,38157,38578,37962,38245,0
2006-03-17,38049,38268,37769,38159,0
2006-03-20,38204,38500,37978,38049,0
2006-03-21,37398,38204,37351,38204,0
2006-03-22,37851,37851,37156,37398,0
2006-03-23,37474,38128,37207,37850,0
2006-03-24,37577,37775,37301,37473,0
2006-03-27,37641,37893,37153,37577,0
2006-03-28,36682,37731,36682,37640,0
2006-03-29,37492,37492,36684,36684,0
2006-03-30,37777,38089,37469,37493,0
2006-03-31,37952,38016,37619,37783,0
2006-04-03,38717,38851,37952,37952,0
2006-04-04,38802,39086,38606,38718,0
2006-04-05,39053,39054,38475,38803,0
2006-04-06,39285,39310,38700,39053,0
2006-04-07,38926,39397,38630,39285,0
2006-04-10,38475,38927,38239,38927,0
2006-04-11,37901,38885,37823,38478,0
2006-04-12,38427,38448,37816,37901,0
2006-04-13,38082,38479,37984,38426,0
2006-04-17,38462,38698,38086,38086,0
2006-04-18,39572,39584,38466,38466,0
2006-04-19,39938,40026,39492,39581,0
2006-04-20,39775,40278,39435,39941,0
2006-04-24,39751,40089,39616,39775,0
2006-04-25,39738,39953,39577,39753,0
2006-04-26,40410,40422,39739,39739,0
2006-04-27,39751,40410,39631,40410,0
2006-04-28,40363,40425,39752,39752,0
2006-05-02,41017,41017,40277,40365,0
2006-05-03,40920,41068,40574,41016,0
2006-05-04,40976,41258,40894,40926,0
2006-05-05,41417,41449,40976,40976,0
2006-05-08,41515,41693,41095,41417,0
2006-05-09,41979,42016,41446,41505,0
2006-05-10,41752,41985,41418,41981,0
2006-05-11,40847,42062,40777,41758,0
2006-05-12,40223,40862,40121,40847,0
2006-05-15,39271,40209,38871,39688,0
2006-05-16,39416,39953,38923,39271,0
2006-05-17,38291,39411,38099,39411,0
2006-05-18,37807,38591,37807,38290,0
2006-05-19,37733,38465,37325,37820,0
2006-05-22,36497,37732,35664,37732,0
2006-05-23,36110,37567,36099,36498,0
2006-05-24,35792,36341,34911,36104,0
2006-05-25,37569,37569,35794,35794,0
2006-05-26,38506,38510,37574,37574,0
2006-05-29,38145,38734,38055,38634,0
2006-05-30,36413,38149,36413,38149,0
2006-05-31,36530,37216,36362,36414,0
2006-06-01,37748,37748,36502,36531,0
2006-06-02,37942,38437,37411,37750,0
2006-06-05,36740,37976,36670,37939,0
2006-06-06,36558,36740,35673,36740,0
2006-06-07,35264,36771,35262,36559,0
2006-06-08,35438,35608,34360,35262,0
2006-06-09,35075,36181,35075,35438,0
2006-06-12,33555,35266,33537,35083,0
2006-06-13,32848,33582,32824,33535,0
2006-06-14,32941,33474,32057,32848,0
2006-06-16,34399,34543,32942,32942,0
2006-06-19,33897,34669,33549,34407,0
2006-06-20,33632,34156,33568,33897,0
2006-06-21,34547,34601,33216,33632,0
2006-06-22,34317,34714,34226,34544,0
2006-06-23,34661,34864,33880,34314,0
2006-06-26,34631,34875,34584,34663,0
2006-06-27,34376,35015,34368,34631,0
2006-06-28,34835,34837,34349,34374,0
2006-06-29,36487,36487,34835,34835,0
2006-06-30,36631,37036,36359,36487,0
2006-07-03,37357,37402,36534,36629,0
2006-07-04,37367,37601,37188,37358,0
2006-07-05,36378,37366,36304,37366,0
2006-07-06,36533,36993,36380,36380,0
2006-07-07,36102,36796,35850,36541,0
2006-07-10,36141,36427,35863,36107,0
2006-07-11,36554,36581,35590,36137,0
2006-07-12,36230,36747,36189,36555,0
2006-07-13,35354,36221,35344,36221,0
2006-07-14,35350,35651,35001,35353,0
2006-07-17,34866,35469,34814,35344,0
2006-07-18,35130,35311,34591,34871,0
2006-07-19,36785,36785,35136,35136,0
2006-07-20,35847,37043,35847,36786,0
2006-07-21,35510,36144,35307,35847,0
2006-07-24,36224,36283,35525,35525,0
2006-07-25,36681,36709,36011,36223,0
2006-07-26,36594,36951,36475,36681,0
2006-07-27,36888,37112,36593,36595,0
2006-07-28,37381,37522,36841,36886,0
2006-07-31,37077,37399,37077,37381,0
2006-08-01,36839,37084,36536,37077,0
2006-08-02,37288,37481,36834,36843,0
2006-08-03,37451,37688,36893,37288,0
2006-08-04,37848,38172,37462,37462,0
2006-08-07,37698,37879,37518,37845,0
2006-08-08,37600,38081,37532,37699,0
2006-08-09,37255,38086,37180,37602,0
2006-08-10,37354,37423,36929,37255,0
2006-08-11,36944,37502,36886,37354,0
2006-08-14,36557,37184,36490,36950,0
2006-08-15,37296,37417,36559,36559,0
2006-08-16,37678,37697,37210,37296,0
2006-08-17,37559,38022,37402,37451,0
2006-08-18,37552,37589,37178,37559,0
2006-08-21,37161,37550,37139,37550,0
2006-08-22,36678,37255,36511,37161,0
2006-08-23,35512,36690,35512,36675,0
2006-08-24,35797,35872,35123,35514,0
2006-08-25,35958,36128,35586,35795,0
2006-08-28,36375,36389,35649,35958,0
2006-08-29,36304,36617,36013,36384,0
2006-08-30,36313,36520,36125,36303,144235600
2006-08-31,36232,36606,36013,36313,0
2006-09-01,37329,37329,36232,36232,98953400
2006-09-04,37693,37739,37287,37330,83711000
2006-09-05,37368,37693,37271,37693,104148400
2006-09-06,36710,37368,36710,37368,99016400
2006-09-08,36558,36725,36495,36705,80359000
2006-09-11,35772,36561,35666,36561,158480500
2006-09-12,36147,36147,35626,35777,127765600
2006-09-13,36550,36726,36034,36147,142775800
2006-09-14,36154,36680,36087,36548,91091800
2006-09-15,36170,36469,35878,36154,81902200
2006-09-18,36483,36670,36134,36168,68704200
2006-09-19,35886,36487,35555,36477,115664900
2006-09-20,35197,36069,34928,35889,153831600
2006-09-21,34830,35332,34624,35199,198934000
2006-09-22,34799,34897,34397,34829,131281600
2006-09-25,34973,35054,34127,34803,126964700
2006-09-26,35819,35827,34972,34972,121505000
2006-09-27,36106,36114,35611,35817,152445400
2006-09-28,36486,36487,36031,36105,124881800
2006-09-29,36449,36570,36261,36486,128959000
2006-10-02,37058,37317,36450,36450,149989200
2006-10-03,36438,37057,36438,37057,121786200
2006-10-04,37749,37780,36441,36441,201054100
2006-10-05,37977,38205,37624,37750,147085300
2006-10-06,37940,37976,37493,37976,88616400
2006-10-09,38406,38626,37736,37930,111501800
2006-10-10,38655,38778,38407,38411,119440600
2006-10-11,38322,38652,38091,38652,87991000
2006-10-13,38850,39177,38328,38328,112580700
2006-10-16,39229,39261,38672,38852,110698100
2006-10-17,38898,39226,38672,39226,88848400
2006-10-18,38686,39446,38557,38898,208399200
2006-10-19,38920,38940,38561,38595,0
2006-10-20,38643,38958,38440,38919,71733800
2006-10-23,39227,39227,38273,38643,101060500
2006-10-24,39499,39552,39091,39227,74334200
2006-10-25,39563,39721,39341,39499,122633500
2006-10-26,39645,39843,39365,39563,98565000
2006-10-27,39328,39746,39293,39640,115174800
2006-10-30,38900,39340,38681,39327,94526000
2006-10-31,39263,39263,38880,38900,166833700
2006-11-01,39930,40104,39279,39279,151358200
2006-11-03,40435,40482,39924,39930,160846800
2006-11-06,41247,41256,40437,40437,171533400
2006-11-07,41048,41402,40863,41247,129699300
2006-11-08,41334,41345,40624,41042,142110100
2006-11-09,40815,41813,40657,41334,140119600
2006-11-10,40720,40942,40322,40815,163280500
2006-11-13,40606,40724,40038,40724,116856500
2006-11-14,41291,41342,40607,40607,141768700
2006-11-16,41162,41781,41153,41296,157412900
2006-11-17,41029,41164,40482,41164,0
2006-11-21,41570,41570,40986,41029,118526800
2006-11-22,41913,41951,41308,41579,109892600
2006-11-23,42070,42308,41913,41913,91746800
2006-11-24,41758,42071,41468,42071,92538600
2006-11-27,40915,41758,40722,41758,0
2006-11-28,41043,41083,40428,40915,0
2006-11-29,41970,41988,41041,41041,146202300
2006-11-30,41932,42175,41497,41971,141201400
2006-12-01,41327,42095,41192,41930,84178800
2006-12-04,42654,42660,41282,41329,86575800
2006-12-05,43157,43261,42636,42652,97888000
2006-12-06,43096,43422,42831,43158,87843400
2006-12-07,42909,43506,42758,43097,81579600
2006-12-08,42978,43303,42818,42910,66396000
2006-12-11,43297,43432,42968,42968,99182800
2006-12-12,43018,43297,42794,43297,94209200
2006-12-13,43285,43394,42783,43026,194334000
2006-12-14,43755,43797,43291,43291,155097100
2006-12-15,43596,44263,43447,43755,140263800
2006-12-18,43509,44048,43400,43596,138330400
2006-12-19,43590,43590,42891,43038,0
2006-12-20,43502,43946,43379,43592,111485500
2006-12-21,43385,43689,43100,43505,80744600
2006-12-22,43356,43602,43125,43385,65730800
2006-12-26,43603,43611,43356,43356,47331000
2006-12-27,44526,44526,43602,43602,101324300
2006-12-28,44474,44675,44373,44526,113108900
2007-01-02,45383,45388,44476,44476,75560200
2007-01-03,44445,45379,44284,45379,122372800
2007-01-04,44020,44442,43623,44442,86577000
2007-01-05,42245,44081,42160,44019,164055000
2007-01-08,42830,42926,42144,42249,114007100
2007-01-09,42007,43001,41438,42831,112991900
2007-01-10,42336,42336,41266,42001,110755900
2007-01-11,42670,43128,41940,42336,84165800
2007-01-12,43095,43188,42526,42669,96842400
2007-01-15,42919,43473,42875,43095,45027800
2007-01-16,42624,42916,42415,42916,93088400
2007-01-17,42735,42930,42252,42626,73003000
2007-01-18,42478,43402,42407,42741,97203200
2007-01-19,43428,43428,42477,42477,0
2007-01-22,43553,43879,43183,43431,70802000
2007-01-23,44177,44243,43432,43549,109921200
2007-01-24,44687,44808,44041,44177,114652200
2007-01-26,44412,44687,43870,44687,102456700
2007-01-29,43573,44435,43555,44414,95144400
2007-01-30,44044,44065,43508,43573,110700200
2007-01-31,44642,44643,43824,44046,131510700
2007-02-01,44815,45212,44642,44642,120498200
2007-02-02,44998,45204,44597,44815,106514300
2007-02-05,45286,45286,44851,44999,79481200
2007-02-06,45352,45486,45038,45287,109404000
2007-02-07,44588,45425,44488,45352,114293700
2007-02-08,44892,44892,44070,44585,124663400
2007-02-09,44284,45050,44180,44894,133298700
2007-02-12,43935,44464,43850,44286,94842200
2007-02-13,45197,45197,43932,43932,116712300
2007-02-14,45996,46106,45198,45198,232265300
2007-02-15,45955,46178,45734,45996,140012600
2007-02-16,45849,45966,45614,45955,107391100
2007-02-21,46090,46095,45558,45849,73069000
2007-02-22,46452,46752,46097,46097,121582000
2007-02-23,46016,46517,45813,46452,76534200
2007-02-26,46207,46450,45885,46021,94900800
2007-02-27,43145,46190,42571,46190,189354000
2007-02-28,43892,43923,43122,43150,176098100
2007-03-01,43517,43886,42037,43886,131228800
2007-03-02,42370,43518,42297,43518,199570400
2007-03-05,41179,42370,41117,42370,123682700
2007-03-06,43218,43218,41192,41192,119195300
2007-03-07,42667,43396,42660,43224,128354000
2007-03-08,43466,43726,42672,42672,85353800
2007-03-09,44133,44173,43466,43466,129008600
2007-03-12,44249,44406,43845,44133,116185400
2007-03-13,42749,44249,42724,44249,159221400
2007-03-14,43288,43290,42051,42749,160333800
2007-03-15,43278,43573,42951,43289,136954300
2007-03-16,42730,43568,42598,43278,112346700
2007-03-19,43713,43714,42734,42734,142704400
2007-03-20,44351,44353,43679,43713,165675100
2007-03-21,45631,45631,44350,44350,201404600
2007-03-22,45424,45950,45272,45631,139703500
2007-03-23,45533,45759,45168,45425,82313000
2007-03-26,45645,45712,44965,45533,78423800
2007-03-27,45207,45646,45143,45646,95099400
2007-03-28,44484,45204,44315,45204,132180500
2007-03-29,45355,45570,44493,44493,134403900
2007-03-30,45805,45805,45138,45355,124972500
2007-04-02,45597,45805,45225,45805,141629100
2007-04-03,46288,46481,45601,45601,208963000
2007-04-04,46554,46692,46113,46290,121560000
2007-04-05,46647,46767,46418,46555,113833700
2007-04-09,46855,47239,46650,46650,124565500
2007-04-10,47174,47234,46822,46855,165433200
2007-04-11,46939,47573,46680,47173,169053700
2007-04-12,47347,47389,46506,46941,117205600
2007-04-13,47926,47968,47267,47347,122908200
2007-04-16,48921,49022,47925,47925,155061700
2007-04-17,48755,49156,48631,48923,140107200
2007-04-18,48710,49339,48456,48760,190930900
2007-04-19,48762,48837,47917,48705,168338300
2007-04-20,49408,49459,48763,48763,155979900
2007-04-23,49162,49477,49097,49409,84795800
2007-04-24,49071,49259,48602,49162,85154000
2007-04-25,49676,49816,49072,49072,139457700
2007-04-26,49068,49856,49060,49678,130519800
2007-04-27,49230,49232,48311,49067,97450000
2007-04-30,48956,49482,48744,49222,155714300
2007-05-02,49472,49630,48953,48955,82439200
2007-05-03,50218,50318,49472,49472,61496600
2007-05-04,50598,50898,50218,50218,48752600
2007-05-07,50282,50618,50154,50591,30581600
2007-05-08,50278,50369,49526,50276,58598200
2007-05-09,51300,51369,50149,50277,129546400
2007-05-10,50235,51298,50205,51298,183381300
2007-05-11,50902,51083,50235,50235,146071500
2007-05-14,50511,51066,50298,50910,82391800
2007-05-15,50518,51042,50370,50511,88112800
2007-05-16,51738,51738,50518,50518,154949100
2007-05-17,51631,51959,51374,51741,100343900
2007-05-18,52078,52088,51499,51633,103165200
2007-05-21,52423,52691,52078,52078,128956500
2007-05-22,52208,52561,52039,52424,54601200
2007-05-23,51813,52505,51670,52210,177385300
2007-05-24,50531,51891,50214,51813,104114900
2007-05-25,51618,51633,50541,50541,93920400
2007-05-28,52120,52209,51616,51616,58686200
2007-05-29,51713,52545,51271,52121,158100700
2007-05-30,52528,52595,50607,51706,140483000
2007-05-31,52268,52877,52098,52536,125166600
2007-06-01,53423,53423,52271,52271,148685200
2007-06-04,53243,53423,52651,53423,90055800
2007-06-05,53162,53271,52673,53245,89869200
2007-06-06,52049,53162,51869,53162,92944800
2007-06-08,52330,52500,50885,52045,84325800
2007-06-11,52777,52952,52184,52324,81569800
2007-06-12,51797,52776,51643,52776,75774200
2007-06-13,52994,53226,51799,51799,175650400
2007-06-14,53713,53798,53009,53011,97862600
2007-06-15,54519,54726,53723,53723,123495800
2007-06-18,54730,55000,54355,54519,115684800
2007-06-19,54644,54797,54450,54730,99302200
2007-06-20,54029,55003,54029,54644,120526300
2007-06-21,54657,54844,53911,54030,103576000
2007-06-22,54267,54644,53952,54644,94636800
2007-06-25,54042,54605,53605,54270,84710200
2007-06-26,53852,54413,53842,54045,68430600
2007-06-27,54143,54164,53202,53852,86424600
2007-06-28,54147,54648,54147,54154,89190200
2007-06-29,54392,54783,53958,54150,85396000
2007-07-02,55371,55386,54396,54396,67223800
2007-07-03,55700,55783,55259,55371,33761000
2007-07-04,55696,56000,55598,55698,23831400
2007-07-05,55932,55932,55345,55696,54025000
2007-07-06,56444,56444,55932,55932,39105400
2007-07-10,55883,56544,55678,56444,50772400
2007-07-11,56356,56495,55628,55882,42577400
2007-07-12,57613,57676,56378,56380,43539800
2007-07-13,57644,57983,57327,57613,49967000
2007-07-16,57374,57666,57035,57644,51594200
2007-07-17,57660,57799,57307,57376,0
2007-07-18,57556,57660,56903,57660,0
2007-07-19,58125,58293,57556,57556,0
2007-07-20,57443,58125,57103,58125,36497000
2007-07-23,58037,58070,57443,57443,40731200
2007-07-24,55795,58057,55165,58036,61823000
2007-07-25,56001,56409,54520,55797,79978200
2007-07-26,53893,55998,52627,55998,80241800
2007-07-27,52922,54407,52922,53893,64166800
2007-07-30,54573,54790,52925,52925,46189400
2007-07-31,54183,55662,54169,54602,60286200
2007-08-01,54234,54234,53036,54170,60579400
2007-08-02,54691,54959,54202,54245,46542600
2007-08-03,52846,54725,52575,54697,83125000
2007-08-06,53091,53207,51317,52846,81613200
2007-08-07,53802,54113,52746,53092,37271000
2007-08-08,55241,55616,53804,53804,64404600
2007-08-09,53431,55213,53324,55213,50735200
2007-08-10,52638,53431,51682,53431,58812200
2007-08-13,52434,53670,52202,52647,48389000
2007-08-14,50912,52945,50912,52434,49403000
2007-08-15,49285,51286,49106,50912,108086200
2007-08-16,48016,49281,44938,49281,94943000
2007-08-17,48559,49588,46877,48026,69136800
2007-08-20,49206,49574,48561,48561,40150000
2007-08-21,49815,50064,48739,49208,25605200
2007-08-22,51745,51749,49815,49815,26165200
2007-08-23,51848,52351,51082,51745,18680600
2007-08-24,52998,52998,51390,51845,48704200
2007-08-27,53078,53396,52502,52995,23481800
2007-08-28,51645,53072,51390,53072,20718200
2007-08-29,52735,52810,51647,51648,20048400
2007-08-30,52858,53645,52223,52728,28670400
2007-08-31,54637,54715,52874,52874,46496600
2007-09-03,54833,54998,54519,54641,5239000
2007-09-04,55250,55566,54588,54834,9577600
2007-09-05,54408,55243,54156,55243,2828400
2007-09-06,54569,55094,54413,54413,5897800
2007-09-10,52653,54554,52321,54554,4085000
2007-09-11,53921,53954,52660,52660,4894200
2007-09-12,53883,54622,53718,53922,5599000
2007-09-13,54908,55087,53883,53883,3627600
2007-09-14,54671,55465,54378,54909,5843200
2007-09-17,54341,54733,53691,54671,4175800
2007-09-18,56666,56844,54351,54351,7547200
2007-09-19,57264,58079,56675,56675,7791400
2007-09-20,56906,57609,56607,57263,4655000
2007-09-21,57799,57899,56919,56919,7360400
2007-09-24,58719,58719,57799,57799,5824600
2007-09-25,58858,58862,57969,58717,3464800
2007-09-26,59715,59825,58859,58859,6099200
2007-09-27,61052,61052,59713,59713,6392800
2007-09-28,60465,61054,60086,61054,5429200
2007-10-01,62340,62355,60465,60465,15394000
2007-10-02,62017,62356,61241,62341,6097200
2007-10-03,60099,62021,60094,62021,6852200
2007-10-04,60407,61080,59536,60102,8710600
2007-10-05,62319,62704,60408,60408,9083000
2007-10-08,62661,62725,61841,62319,4076200
2007-10-09,63549,63658,62661,62661,7505800
2007-10-10,63197,63565,62894,63550,4719800
2007-10-11,62456,64169,61487,63197,5273600
2007-10-15,62969,63841,62412,62456,4598800
2007-10-16,61718,62965,61565,62965,4902600
2007-10-17,63194,63194,61460,61720,7642000
2007-10-18,63261,63322,61943,63192,4539800
2007-10-19,60894,63349,60883,63270,5454000
2007-10-22,61215,61379,59473,60884,4185400
2007-10-23,62697,62773,61214,61214,7591000
2007-10-24,62625,62816,61448,62693,7745200
2007-10-25,62341,63206,61968,62628,6487200
2007-10-26,64276,64320,62346,62346,6239600
2007-10-29,65044,65670,64275,64275,7741000
2007-10-30,64383,65147,64264,65044,7817400
2007-10-31,65318,65949,64385,64385,4318400
2007-11-01,64050,65317,63774,65317,6187200
2007-11-05,62960,64049,62720,64049,9279400
2007-11-06,64503,64524,62967,62967,4556000
2007-11-07,63501,64603,63223,64503,112200
2007-11-08,63562,65283,63140,63503,7195800
2007-11-09,64321,65281,62279,63571,6871000
2007-11-12,61527,64321,61452,64321,5393400
2007-11-13,62927,62933,61034,61526,5980600
2007-11-14,64631,64896,62919,62919,10894400
2007-11-16,64609,64802,63627,64634,4450600
2007-11-19,62336,64609,62321,64609,3819200
2007-11-21,60582,62335,59847,62335,6540600
2007-11-22,60653,61102,60124,60582,2223600
2007-11-23,60971,61334,60662,60662,8923600
2007-11-26,59069,61560,59067,60973,6195600
2007-11-27,59432,59971,58096,59067,6147400
2007-11-28,61715,61858,59432,59432,6116600
2007-11-29,62156,63190,61465,61720,5978200
2007-11-30,63006,63701,62157,62157,4849000
2007-12-03,63200,63682,62729,63018,0
2007-12-04,63482,63722,62373,63203,0
2007-12-05,64928,65204,63483,63483,0
2007-12-06,65791,65791,64692,64929,3108800
2007-12-07,65639,66529,65278,65789,2289000
2007-12-10,65446,65874,65228,65642,3680000
2007-12-11,64512,66451,64127,65448,4639800
2007-12-12,64742,66171,64502,64512,0
2007-12-13,62861,64735,62466,64735,2936800
2007-12-14,62445,63455,62445,62868,3054000
2007-12-17,59828,62445,59820,62445,2242400
2007-12-18,61096,61421,59414,59832,3616600
2007-12-19,61722,61734,60915,61108,0
2007-12-20,61716,62467,61416,61724,4797200
2007-12-21,63098,63398,61725,61725,2453000
2007-12-26,64288,64304,63101,63101,1820200
2007-12-27,63774,64584,63590,64287,2043800
2007-12-28,63886,64124,63598,63776,2588600
2008-01-02,62815,63906,62659,63885,2980200
2008-01-03,62892,63129,62556,62814,1895800
2008-01-04,61037,63436,60574,62898,2613800
2008-01-07,60772,61505,60092,61054,2223400
2008-01-08,62081,62650,60771,60771,3314000
2008-01-09,62674,62674,61487,62078,3480400
2008-01-10,63515,63615,62594,62677,3227000
2008-01-11,61942,63514,61942,63514,2920600
2008-01-14,62188,62536,61643,61950,2829000
2008-01-15,59907,62180,59897,62180,4080800
2008-01-16,58777,59906,58077,59906,3455400
2008-01-17,57037,59643,56734,58773,3594000
2008-01-18,57506,58291,56241,57039,5810600
2008-01-21,53709,57503,53487,57503,3566400
2008-01-22,56097,56541,53610,53705,3650200
2008-01-23,54235,56098,53011,56098,3719400
2008-01-24,57463,57675,54242,54242,3801800
2008-01-28,58594,58721,56360,57457,3928600
2008-01-29,59530,59715,58597,58597,3441800
2008-01-30,60289,60289,58752,59522,4314400
2008-01-31,59490,60288,57886,60288,6158800
2008-02-01,61080,61187,59491,59491,3601800
2008-02-06,58969,61076,58742,61076,0
2008-02-07,58965,59581,58030,58965,3993400
2008-02-08,59076,59520,58843,58967,2023200
2008-02-11,60643,60805,59081,59081,2569600
2008-02-12,61805,62828,60645,60645,13473600
2008-02-13,62591,63002,61802,61802,4423000
2008-02-14,61819,63224,61737,62595,2359200
2008-02-15,61272,61803,60717,61803,2353000
2008-02-18,62801,62883,61292,61292,1497200
2008-02-19,62297,63590,62180,62801,2089200
2008-02-20,63747,63780,61634,62292,2756400
2008-02-21,63792,64631,63620,63748,2422600
2008-02-22,64609,64609,63360,63780,2075800
2008-02-25,65001,65013,64060,64605,2370400
2008-02-26,65183,65399,63983,64994,3564000
2008-02-27,65495,65968,64647,65178,4842600
2008-02-28,65555,66005,65248,65495,3693000
2008-02-29,63489,65553,63482,65553,2817000
2008-03-03,64490,64644,63159,63496,2267000
2008-03-04,63656,64530,62745,64486,2141800
2008-03-05,64629,65045,63653,63653,2322800
2008-03-06,62975,64676,62975,64631,2246000
2008-03-07,61868,62973,61382,62973,2489000
2008-03-10,59999,61923,59996,61869,1901000
2008-03-11,62368,62368,60006,60006,3223600
2008-03-12,62177,63036,62022,62378,2316400
2008-03-13,62280,62413,60168,62175,3854200
2008-03-14,61991,63028,60710,62280,2813200
2008-03-17,60012,61987,59342,61987,2131800
2008-03-18,61933,61933,60040,60040,3084800
2008-03-19,58827,62372,58805,61936,2229400
2008-03-20,58987,59170,57824,58818,2717800
2008-03-24,59813,61083,58994,58994,2289000
2008-03-25,61234,61616,59820,59820,2523800
2008-03-26,61415,61849,60759,61234,2351000
2008-03-27,60762,62200,60679,61418,1639200
2008-03-28,60452,61062,60192,60762,1673400
2008-03-31,60968,60982,59917,60449,2168400
2008-04-01,62775,62788,60965,60965,1205600
2008-04-02,63364,63816,62775,62775,1076800
2008-04-03,64175,64731,62793,63367,1039400
2008-04-04,64446,64630,63906,64177,812800
2008-04-07,64176,65409,63919,64447,909400
2008-04-08,64540,64833,63453,64180,878000
2008-04-09,63477,64621,63167,64540,863400
2008-04-10,63527,63646,62712,63475,909400
2008-04-11,62585,63526,62459,63526,696800
2008-04-14,62153,62733,61467,62592,926600
2008-04-15,62618,62825,62151,62151,841600
2008-04-16,64152,64314,62625,62625,1237800
2008-04-17,64552,64945,63599,64150,908400
2008-04-18,64923,65384,64554,64554,856800
2008-04-22,65413,65689,64922,64922,965800
2008-04-23,64948,65689,64914,65413,862800
2008-04-24,64576,65086,64223,64946,971600
2008-04-25,65187,65253,64172,64576,1111000
2008-04-28,65678,66025,65191,65191,1183000
2008-04-29,63826,65678,63706,65678,1113600
2008-04-30,67868,68038,63826,63826,2112800
2008-05-02,69366,70973,67865,67869,1981800
2008-05-05,70175,70435,69366,69366,1347400
2008-05-06,70195,70215,69561,70175,1518000
2008-05-07,69018,70545,68599,70201,1342600
2008-05-08,69722,69877,69014,69021,975000
2008-05-09,69646,69722,68764,69722,841200
2008-05-12,70416,70420,69068,69646,966600
2008-05-13,70503,71084,70108,70422,1207600
2008-05-14,70027,70966,70027,70495,1200000
2008-05-15,71492,71492,70031,70031,1144400
2008-05-16,72767,72767,71496,71496,1348800
2008-05-19,73439,73794,72458,72767,1494600
2008-05-20,73517,73522,72146,73445,1256200
2008-05-21,72295,73780,72150,73508,1465000
2008-05-23,71452,72295,70774,72295,1094000
2008-05-26,71629,71988,71423,71452,503200
2008-05-27,70992,71659,70335,71629,1409600
2008-05-28,73153,73180,70734,70995,1455000
2008-05-29,71798,73920,71695,73154,1542600
2008-05-30,72593,72862,71766,71798,1770400
2008-06-02,71897,72593,71352,72593,1171000
2008-06-03,70012,72019,69602,71897,1301200
2008-06-04,68673,70012,68465,70012,1438400
2008-06-05,71235,71235,68674,68674,1219200
2008-06-06,69786,71211,69515,71208,1199800
2008-06-09,69281,69990,68534,69786,1035000
2008-06-10,67775,69275,67067,69275,1256000
2008-06-11,66795,68061,66715,67775,1254200
2008-06-12,67322,67958,66798,66798,1142800
2008-06-13,67204,67885,66907,67326,917400
2008-06-16,67285,67618,66430,67206,1043400
2008-06-17,68438,69029,67284,67284,1200200
2008-06-18,67090,68431,66917,68431,1361400
2008-06-19,66590,67339,66182,67090,1172000
2008-06-20,64614,66611,64602,66584,1141400
2008-06-23,64640,65401,64440,64622,858600
2008-06-24,64168,65084,63713,64636,1128800
2008-06-25,65853,66308,64173,64173,1351400
2008-06-26,63947,65804,63689,65804,1265000
2008-06-27,64321,64624,63881,63951,1100000
2008-06-30,65018,65353,64326,64326,970400
2008-07-01,63396,65018,62911,65018,1261800
2008-07-02,61106,63945,61028,63397,1309000
2008-07-03,59273,61601,59243,61094,1207600
2008-07-04,59365,59779,58786,59266,642000
2008-07-07,59088,60795,58731,59372,1078400
2008-07-08,59536,59536,57945,59081,1235600
2008-07-10,60253,60589,58338,59528,1487000
2008-07-11,60148,61053,59603,60256,1051000
2008-07-14,60721,61306,60156,60156,970400
2008-07-15,61015,61679,58790,60715,1473400
2008-07-16,62056,62183,60863,61018,1575600
2008-07-17,60109,62606,59985,62063,1893000
2008-07-18,59988,61299,59479,60106,1230600
2008-07-21,60772,61275,60002,60002,1230600
2008-07-22,59647,60780,59231,60772,1203800
2008-07-23,59421,60242,59313,59646,1422000
2008-07-24,57434,59641,57334,59425,1776800
2008-07-25,57199,57711,56418,57420,1183400
2008-07-28,56869,58176,56839,57207,887600
2008-07-29,58043,58043,56869,56869,1118200
2008-07-30,59998,59998,58069,58069,1527800
2008-07-31,59505,60023,59225,59998,1277200
2008-08-01,57630,59505,57492,59505,999400
2008-08-04,55609,57641,55367,57619,1148000
2008-08-05,56471,56974,55609,55609,1402400
2008-08-06,57542,57813,56473,56473,1266800
2008-08-07,57018,57942,56960,57546,1116400
2008-08-08,56584,57146,56152,57018,1054200
2008-08-11,54720,56974,54569,56590,1208600
2008-08-12,54503,55355,54325,54721,1226200
2008-08-13,54573,55492,54035,54509,1922800
2008-08-14,55138,55725,54573,54573,1065600
2008-08-15,54244,55307,53831,55137,945800
2008-08-18,53327,54928,53050,54252,847000
2008-08-19,53639,54329,52345,53326,1006600
2008-08-20,55377,55545,53641,53641,1149400
2008-08-21,55935,56144,55380,55380,1113200
2008-08-22,55850,56430,55202,55933,823400
2008-08-25,54477,55906,54468,55854,653400
2008-08-26,54359,55088,54153,54477,836200
2008-08-27,55519,55591,54366,54366,881600
2008-08-28,56382,56524,55516,55516,1062400
2008-08-29,55680,56856,55678,56388,1102400
2008-09-01,55162,55665,54933,55665,520000
2008-09-02,54404,55412,54207,55161,1163200
2008-09-03,53527,55241,52891,54414,1439800
2008-09-04,51409,53749,51157,53527,1542200
2008-09-05,51940,51940,50092,51404,1441600
2008-09-08,50718,53706,50646,51940,1466000
2008-09-09,48435,50711,48419,50711,1481000
2008-09-10,49633,49957,47606,48439,1904800
2008-09-11,51270,51270,48217,49629,1556200
2008-09-12,52393,52591,50789,51267,1393800
2008-09-15,48416,52386,48409,52386,1589800
2008-09-16,49229,49313,46261,48404,2046400
2008-09-17,45909,49218,45859,49218,2322200
2008-09-18,48423,49002,45295,45909,2332600
2008-09-19,53055,53168,48424,48424,2103800
2008-09-22,51541,53455,51530,53055,1450200
2008-09-23,49593,51856,49289,51537,1648800
2008-09-24,49843,50747,49598,49598,1203000
2008-09-25,51828,51867,49848,49848,1401400
2008-09-26,50783,51824,49902,51824,1989400
2008-09-29,46028,50743,43766,50743,1881800
2008-09-30,49541,49541,46026,46026,1557000
2008-10-01,49799,49834,47641,49538,1498000
2008-10-02,46145,49805,45113,49805,1684200
2008-10-03,44517,48075,44158,46155,1577200
2008-10-06,42101,44502,37617,44502,2075600
2008-10-07,40140,43167,39583,42104,1969600
2008-10-08,38594,40439,37597,40137,2832800
2008-10-09,37080,40479,36832,38594,2180800
2008-10-10,35610,37079,33238,37079,2444600
2008-10-13,40829,40829,35609,35609,1974000
2008-10-14,41569,43753,40218,40833,2264400
2008-10-15,36833,41567,35411,41567,2147000
2008-10-16,36442,37394,33752,36835,2284000
2008-10-17,36399,38342,35834,36440,1849400
2008-10-20,39441,39453,36401,36401,1549600
2008-10-21,39043,39980,38083,39440,1533600
2008-10-22,35070,39043,35028,39043,1647800
2008-10-23,33818,35777,32706,35069,1962800
2008-10-24,31482,33809,30788,33809,2251800
2008-10-27,29435,31480,29435,31480,1696200
2008-10-28,33387,33387,29438,29438,2342000
2008-10-29,34845,35766,33387,33387,2184800
2008-10-30,37449,37590,34852,34852,2485800
2008-10-31,37257,37945,35858,37447,2002000
2008-11-03,38249,38545,36938,37261,1676800
2008-11-04,40255,41003,38256,38256,2134200
2008-11-05,37786,40245,37711,40245,2127800
2008-11-06,36362,37786,35387,37786,1999000
2008-11-07,36665,37716,36297,36362,1764400
2008-11-10,36776,38725,36298,36672,1467000
2008-11-11,37262,37629,35499,36775,1536400
2008-11-12,34374,37261,34221,37261,2413400
2008-11-13,35993,36244,33645,34374,1890000
2008-11-14,35789,36697,35016,36003,1628600
2008-11-17,35717,36373,34427,35777,1393600
2008-11-18,34095,35698,33882,35698,1750800
2008-11-19,33405,34786,33275,34098,1567200
2008-11-21,31251,33403,31081,33403,1894800
2008-11-24,34189,34382,31255,31255,1995600
2008-11-25,34813,35532,33620,34189,1712200
2008-11-26,36470,36877,34319,34814,2075200
2008-11-27,36213,36817,36114,36470,878600
2008-11-28,36596,37217,35944,36216,1547400
2008-12-01,34741,36596,34396,36596,1458800
2008-12-02,35001,35734,34743,34743,1596400
2008-12-03,35297,35476,33798,35001,2237800
2008-12-04,35128,35944,35128,35311,1264800
2008-12-05,35347,35435,34013,35125,1929800
2008-12-08,38285,38426,35347,35347,2422400
2008-12-09,37968,38863,37653,38285,2011600
2008-12-10,39004,39748,37972,37972,2233000
2008-12-11,38519,39880,38515,39009,1952400
2008-12-12,39374,39374,37014,38517,1692800
2008-12-15,38320,39735,38320,39368,1631600
2008-12-16,39993,39993,38324,38324,1614000
2008-12-17,39947,40361,39121,39993,2284800
2008-12-18,39536,40498,38995,39947,1696200
2008-12-19,39131,39785,38728,39535,1219200
2008-12-22,37619,39452,37478,39140,1275600
2008-12-23,36471,38005,36452,37617,860000
2008-12-26,36864,37136,36334,36470,508600
2008-12-29,37060,37631,36638,36864,984800
2008-12-30,37550,37783,37065,37070,1569800
2009-01-02,40244,40265,37550,37550,1055200
2009-01-05,41519,41889,39526,40243,1909200
2009-01-06,42312,42363,41520,41520,1791000
2009-01-07,40820,42308,40563,42308,1383600
2009-01-08,41991,41991,40251,40819,1556000
2009-01-09,41583,42525,41181,41992,1573400
2009-01-12,39403,41585,39345,41585,1554600
2009-01-13,39544,40323,38623,39397,1798400
2009-01-14,37982,39570,37658,39537,2198400
2009-01-15,39151,39197,36806,37993,2029400
2009-01-16,39342,39904,38578,39149,1734200
2009-01-19,38828,39570,38700,39351,791000
2009-01-20,37272,39174,37272,38828,1417800
2009-01-21,38543,38543,37279,37279,1672000
2009-01-22,37894,38845,37255,38543,1744600
2009-01-23,38132,38660,36744,37891,1433000
2009-01-26,38509,39065,37831,38130,1493800
2009-01-27,38699,39025,38422,38511,1423800
2009-01-28,40227,40438,38704,38704,2132400
2009-01-29,39638,40229,39369,40229,1330400
2009-01-30,39301,40273,39185,39637,1477600
2009-02-02,38666,39364,38453,39296,1334600
2009-02-03,39747,39765,38655,38665,1545000
2009-02-04,40129,41490,39746,39746,2408600
2009-02-05,41109,41373,39791,40120,1932800
2009-02-06,42756,42873,41110,41110,2180000
2009-02-09,42100,43441,41977,42755,1749400
2009-02-10,41207,42819,40960,42101,2280000
2009-02-11,40846,42032,40286,41207,1673400
2009-02-12,40501,41082,39992,40827,1782200
2009-02-13,41674,41833,40512,40512,1445400
2009-02-16,41841,41841,41026,41672,1088600
2009-02-17,39847,41838,39817,41838,1729800
2009-02-18,39674,40434,39209,39848,1654400
2009-02-19,39730,40433,39630,39675,1162600
2009-02-20,38715,39725,38103,39725,1711600
2009-02-25,38232,38933,37694,38712,1216400
2009-02-26,38180,39219,38180,38234,1520800
2009-02-27,38183,38801,37324,38178,1654000
2009-03-02,36235,38180,36196,38180,1728000
2009-03-03,36468,37085,35722,36236,1731400
2009-03-04,38402,38554,36468,36468,1796200
2009-03-05,37369,38391,36973,38391,1354600
2009-03-06,37105,38309,36476,37367,1481200
2009-03-09,36741,37464,36392,37103,1067400
2009-03-10,38795,38804,36745,36745,1788200
2009-03-11,38805,39310,38238,38795,1401200
2009-03-12,39152,39304,38286,38806,1631800
2009-03-13,39015,39707,38580,39152,1595200
2009-03-16,38607,39713,38467,39018,1526800
2009-03-17,39511,39511,38080,38608,1456800
2009-03-18,40142,40551,38850,39508,1731800
2009-03-19,40453,41137,40146,40146,1902800
2009-03-20,40076,41053,40076,40453,1394200
2009-03-23,42439,42509,40077,40077,1883400
2009-03-24,41476,42439,41476,42439,1826200
2009-03-25,41799,42623,41114,41478,1956400
2009-03-26,42589,42680,41801,41801,1640400
2009-03-27,41907,42589,41586,42589,1342000
2009-03-30,40653,41909,40351,41909,1508600
2009-03-31,40926,41610,40661,40661,1591200
2009-04-01,41976,42005,40256,40918,1671600
2009-04-02,43736,44286,41977,41977,2363600
2009-04-03,44391,44610,43520,43738,1882800
2009-04-06,44167,44385,43429,44385,1466200
2009-04-07,43825,44471,43593,44163,1707600
2009-04-08,44182,44390,43706,43828,1782400
2009-04-09,45539,45702,44183,44183,1923800
2009-04-13,45992,46179,45226,45536,1552600
2009-04-14,45418,46591,45284,45989,2127600
2009-04-15,45273,45453,44811,45420,1758000
2009-04-16,46025,46211,45277,45277,1770800
2009-04-17,45778,46187,45723,46018,1465600
2009-04-20,44433,45778,44275,45778,1272800
2009-04-22,44888,45369,44434,44434,1364400
2009-04-23,45801,45804,44888,44888,1243600
2009-04-24,46772,46946,45801,45801,1528400
2009-04-27,45820,46772,45662,46772,1687400
2009-04-28,45821,46138,44966,45819,1792400
2009-04-29,47227,47410,45825,45825,2053400
2009-04-30,47290,48126,47235,47235,2136000
2009-05-04,50405,50405,47290,47290,2502000
2009-05-05,50670,50909,50013,50404,1945400
2009-05-06,51499,52096,50672,50675,2468600
2009-05-07,50058,52079,49743,51499,2030200
2009-05-08,51396,51396,50051,50066,1692800
2009-05-11,50976,51389,50060,51389,1285600
2009-05-12,50326,51565,49808,50980,1852000
2009-05-13,48679,50317,48430,50317,1712200
2009-05-14,49446,49461,48284,48671,1416200
2009-05-15,49007,49552,48796,49447,1508800
2009-05-18,51463,51490,49012,49012,1731600
2009-05-19,51347,52145,50987,51465,2003200
2009-05-20,51245,52640,51143,51349,2062000
2009-05-21,50087,51244,49565,51244,1681000
2009-05-22,50568,50893,49989,50089,1308800
2009-05-25,50816,50969,50558,50558,491000
2009-05-26,51841,51934,50074,50817,1456600
2009-05-27,51792,53092,51637,51840,1731400
2009-05-28,53041,53041,51795,51795,1518800
2009-05-29,53198,53806,52432,53047,2841400
2009-06-01,54486,54857,53202,53202,1803000
2009-06-02,54000,54955,53850,54486,1919000
2009-06-03,52087,54001,51643,53999,2037400
2009-06-04,53464,53464,51745,52094,1398400
2009-06-05,53341,54627,53050,53474,1442200
2009-06-08,53630,53905,52483,53340,1184800
2009-06-09,53157,54102,52845,53633,1228400
2009-06-10,53411,54048,52819,53159,1437800
2009-06-12,53558,53936,53143,53411,1421800
2009-06-15,52034,53558,51252,53558,1662800
2009-06-16,51206,52494,51166,52035,1328600
2009-06-17,51046,51197,50265,51197,1638000
2009-06-18,50903,51275,50510,51050,1165000
2009-06-19,51374,51665,50908,50908,1225000
2009-06-22,49495,51367,49411,51367,1602000
2009-06-23,49814,49902,49130,49496,1395200
2009-06-24,49672,50758,49520,49819,1370200
2009-06-25,51515,51515,49327,49668,1591600
2009-06-26,51486,51935,51341,51517,1220400
2009-06-29,52138,52275,51488,51488,1052800
2009-06-30,51465,52435,51102,52143,1321200
2009-07-01,51544,52383,51464,51464,1371200
2009-07-02,51025,51538,50608,51538,1006400
2009-07-03,50935,51167,50915,51026,487800
2009-07-06,50622,50932,49691,50932,1377800
2009-07-07,49457,50621,49400,50619,1637400
2009-07-08,49178,49846,48456,49460,1545600
2009-07-10,49221,49326,48714,49175,1038800
2009-07-13,49187,49644,48262,49221,1331400
2009-07-14,48873,49647,48573,49186,1431200
2009-07-15,51297,51488,48876,48876,1885000
2009-07-16,51918,52338,50703,51292,1547400
2009-07-17,52072,52352,51736,51918,1232200
2009-07-20,53155,53262,52073,52073,1498200
2009-07-21,53234,53716,52520,53155,1396200
2009-07-22,53073,53664,52543,53232,1360000
2009-07-23,54249,54629,53065,53074,2061200
2009-07-24,54457,54600,54037,54249,1131800
2009-07-27,54549,54886,53943,54458,1108600
2009-07-28,54472,54547,53779,54547,1304800
2009-07-29,53735,54470,53256,54470,1231600
2009-07-30,54478,55083,53735,53735,1248200
2009-07-31,54766,54980,54206,54474,1225200
2009-08-03,55998,56200,54766,54766,1256400
2009-08-04,56038,56656,55727,55998,1512800
2009-08-05,56384,56586,55407,56041,1241000
2009-08-06,55755,56780,55361,56385,1333400
2009-08-07,56330,56644,55758,55758,1259200
2009-08-10,56830,56830,56151,56329,1191200
2009-08-11,55761,56816,55568,56816,1406600
2009-08-12,56588,56696,55714,55761,1659800
2009-08-13,57048,57367,56533,56588,1511400
2009-08-14,56638,57190,55979,57048,1496800
2009-08-17,55218,56636,54881,56636,1402000
2009-08-18,55749,55891,55216,55219,1129400
2009-08-19,56156,56212,54918,55748,1279200
2009-08-20,56831,56897,56143,56173,1070200
2009-08-21,57729,57782,56836,56836,1240400
2009-08-24,57775,58634,57698,57731,1428000
2009-08-25,57421,58311,57401,57778,1251200
2009-08-26,57766,57791,57106,57425,1237600
2009-08-27,57704,57878,56845,57769,1345200
2009-08-28,57701,58136,57344,57704,1176200
2009-08-31,56489,57698,56170,57698,1504200
2009-09-01,55815,57002,55764,56489,1443600
2009-09-02,55386,55948,55386,55813,1644400
2009-09-03,55707,55888,55339,55389,1272200
2009-09-04,56652,56729,55656,55707,1198000
2009-09-08,57855,57855,56655,56655,1375000
2009-09-09,57910,58089,57534,57844,1357800
2009-09-10,58536,58538,57615,57908,1401400
2009-09-11,58366,58834,58145,58537,1119800
2009-09-14,58868,58868,57753,58363,990600
2009-09-15,59264,59401,58691,58868,1128800
2009-09-16,60411,60526,59265,59265,1810800
2009-09-17,60236,61027,60116,60409,1594200
2009-09-18,60703,60710,60158,60236,1290400
2009-09-21,60928,61066,60014,60703,1358600
2009-09-22,61493,62017,60938,60938,1587200
2009-09-23,60496,61630,60478,61489,1521000
2009-09-24,60046,60978,59600,60496,1312000
2009-09-25,60356,60472,59755,60045,989800
2009-09-28,61317,61317,60357,60357,955800
2009-09-29,61235,61599,60750,61316,1175400
2009-09-30,61518,61926,60978,61241,1544800
2009-10-01,60459,61519,60306,61519,1401200
2009-10-02,61172,61333,59678,60453,1736000
2009-10-05,62369,62460,61178,61178,1335400
2009-10-06,62671,63291,62002,62378,1665600
2009-10-07,62638,63015,62104,62666,1413600
2009-10-08,63760,63816,62640,62640,1766000
2009-10-09,64071,64177,63493,63772,1153000
2009-10-13,64646,64646,63967,64075,1190600
2009-10-14,66201,66393,64653,64653,2096400
2009-10-15,66703,66703,65837,66199,1328400
2009-10-16,66200,66703,65499,66703,1484600
2009-10-19,67239,67530,66194,66200,1402200
2009-10-20,65303,67231,64076,67231,2649200
2009-10-21,65486,67157,65221,65302,1792600
2009-10-22,66135,66502,65454,65490,1273200
2009-10-23,65059,66982,64988,66144,1393800
2009-10-26,65086,65901,64501,65056,1380400
2009-10-27,63161,65498,63161,65090,1499200
2009-10-28,60162,63173,60146,63161,2238800
2009-10-29,63721,63907,60167,60167,1747800
2009-10-30,61546,64226,60913,63721,1996200
2009-11-03,62643,63237,60724,61539,1902600
2009-11-04,63913,64142,62650,62650,1891200
2009-11-05,64816,64830,63700,63907,1575600
2009-11-06,64466,65094,63587,64820,1659000
2009-11-09,66214,66236,64475,64475,1599800
2009-11-10,66303,66709,65706,66214,1652000
2009-11-11,66431,67170,66028,66303,1807800
2009-11-12,64448,66614,64319,66427,1914400
2009-11-13,65326,65788,64229,64452,1859000
2009-11-16,66627,66896,65326,65326,1757800
2009-11-17,67406,67409,66232,66632,1733800
2009-11-18,66516,68060,66494,67430,1592000
2009-11-19,66327,66564,65547,66514,1467000
2009-11-23,66809,67365,66335,66335,1582600
2009-11-24,67317,67317,65969,66812,1348000
2009-11-25,67917,67997,67241,67319,1385400
2009-11-26,66392,67911,66236,67911,825600
2009-11-27,67082,67086,65737,66371,1172000
2009-11-30,67044,67545,66876,67082,2224800
2009-12-01,68546,68616,67051,67051,2326400
2009-12-02,68615,69139,68412,68412,1362000
2009-12-03,68315,69336,68308,68622,1223400
2009-12-04,67604,69361,67328,68316,1410600
2009-12-07,68512,68866,67611,67611,1186200
2009-12-08,67729,68511,67470,68511,1550000
2009-12-09,68012,68272,67484,67736,1141400
2009-12-10,68728,68912,68021,68021,1473200
2009-12-11,69267,69502,68750,68750,1489600
2009-12-14,69349,69785,69193,69273,1294000
2009-12-15,69311,69515,68822,69345,1284200
2009-12-16,68622,69622,68466,69310,1710000
2009-12-17,67068,68619,66792,68619,1339400
2009-12-18,66794,67281,66322,67068,1075200
2009-12-21,65925,67671,65925,66806,1406000
2009-12-22,67418,67421,65940,65940,1272600
2009-12-23,67589,67810,66943,67418,904400
2009-12-28,67902,68277,67591,67591,556400
2009-12-29,68296,68309,67902,67902,669200
2009-12-30,68588,68588,67749,68277,1182200
2010-01-04,70045,70081,68587,68587,1655400
2010-01-05,70240,70595,69928,70046,1984200
2010-01-06,70729,70937,70016,70237,2243600
2010-01-07,70451,70723,70045,70723,1555000
2010-01-08,70263,70766,70158,70455,1634400
2010-01-11,70433,71068,70158,70267,1569000
2010-01-12,70076,70429,69284,70429,1628600
2010-01-13,70385,70626,69535,70081,1818800
2010-01-14,69801,70508,69661,70377,1830200
2010-01-15,68978,69788,68695,69780,1648400
2010-01-18,69401,69748,68983,68983,1139000
2010-01-19,69909,70036,68867,69396,1323400
2010-01-20,68200,69901,67546,69901,1990600
2010-01-21,66270,68458,65996,68200,2263800
2010-01-22,66220,66660,65445,66264,1305000
2010-01-26,65524,66213,64719,66213,1990400
2010-01-27,65070,65663,64553,65527,1813600
2010-01-28,65588,66049,64541,65071,1649400
2010-01-29,65402,66576,65140,65591,1823200
2010-02-01,66572,66763,65362,65402,1494400
2010-02-02,67163,67321,66539,66589,1587800
2010-02-03,67109,67347,66774,67163,1765000
2010-02-04,63934,67100,63750,67100,2262400
2010-02-05,62763,64001,61341,63934,3053000
2010-02-08,63153,63923,62728,62760,1875600
2010-02-09,64718,65526,63164,63164,1357400
2010-02-10,65051,65170,64320,64721,891000
2010-02-11,66129,66145,64344,65050,1259000
2010-02-12,65855,66133,65123,66129,873200
2010-02-17,67285,67542,65863,65863,0
2010-02-18,67836,67836,66550,67285,1286600
2010-02-19,67597,67935,67210,67811,1248000
2010-02-22,67184,68120,67035,67598,1401600
2010-02-23,66108,67179,65660,67179,1644800
2010-02-24,65795,66514,65534,66110,1573000
2010-02-25,66121,66325,64429,65765,1792200
2010-02-26,66503,66510,65607,66118,1731400
2010-03-01,67228,67397,66511,66511,1363000
2010-03-02,67779,68250,67228,67228,1708600
2010-03-03,67641,68813,67482,67780,2113800
2010-03-04,67815,68198,66924,67643,1398600
2010-03-05,68847,68930,67823,67823,1950600
2010-03-08,68575,69070,68318,68851,1428200
2010-03-09,69576,70144,68255,68573,2464200
2010-03-10,69979,70476,69578,69578,1909200
2010-03-11,69885,70183,69411,69981,1627200
2010-03-12,69341,70486,69341,69901,1569000
2010-03-15,69024,69384,68623,69340,1453000
2010-03-16,69942,69949,69022,69023,1302400
2010-03-17,69723,70424,69376,69945,1372000
2010-03-18,69697,70128,68972,69726,1656200
2010-03-19,68829,69998,68773,69701,1957400
2010-03-22,69042,69121,67899,68814,1395200
2010-03-23,69387,69613,68913,69049,1606600
2010-03-24,68913,69677,68744,69382,1597400
2010-03-25,68442,69572,68377,68916,1478400
2010-03-26,68683,68910,68024,68442,1771400
2010-03-29,69939,69943,68681,68681,1528000
2010-03-30,69960,70451,69750,69942,1490000
2010-03-31,70372,70392,69573,69960,1676800
2010-04-01,71136,71401,70373,70375,1552800
2010-04-05,71290,71645,71148,71148,1316000
2010-04-06,71096,71711,70823,71290,1697000
2010-04-07,70793,71257,70531,71092,1720400
2010-04-08,71785,71805,70462,70793,1701800
2010-04-09,71417,71989,71307,71783,1680000
2010-04-12,70614,71607,70505,71414,1471600
2010-04-13,70792,71053,70169,70618,1634200
2010-04-14,71035,71207,70628,70794,1758800
2010-04-15,70524,71066,70429,71036,2264600
2010-04-16,69421,70522,69013,70522,2043800
2010-04-19,69098,69431,68378,69418,1722000
2010-04-20,69318,69702,69101,69101,1750200
2010-04-22,69386,69528,68081,69313,1787200
2010-04-23,69509,69709,68832,69388,1366800
2010-04-26,68872,69810,68813,69509,1179400
2010-04-27,66511,68868,66499,68868,2062200
2010-04-28,66656,67253,65914,66513,1855600
2010-04-29,67978,68012,66661,66661,1609400
2010-04-30,67530,67975,67243,67975,2120200
2010-05-03,67119,67969,66723,67534,1776000
2010-05-04,64869,67116,64588,67116,2820000
2010-05-05,64914,65612,63533,64859,2681200
2010-05-06,63414,65533,60774,64915,3207600
2010-05-07,62871,63945,61663,63416,2903400
2010-05-10,65453,66083,62872,62872,2377400
2010-05-11,64425,65733,64425,65449,2401600
2010-05-12,65224,65351,64438,64438,1981400
2010-05-13,64788,65427,64738,65223,1798200
2010-05-14,63412,64787,63050,64787,2220800
2010-05-17,62866,63593,61825,63406,2746000
2010-05-18,60841,63529,60810,62871,2787000
2010-05-19,59689,60850,59068,60841,3203000
2010-05-20,58192,59684,57634,59684,3369200
2010-05-21,60259,60303,57997,58192,2558200
2010-05-24,59915,60850,59815,60255,1792600
2010-05-25,59184,59912,57876,59912,2477800
2010-05-26,60190,60701,59179,59182,3638600
2010-05-27,62092,62262,60189,60191,2388000
2010-05-28,61947,62247,61305,62080,2081600
2010-05-31,63047,63047,61950,61950,1197600
2010-06-01,61841,63033,61605,63033,2253800
2010-06-02,62943,63198,61814,61836,1878400
2010-06-04,61676,62940,61422,62940,1691000
2010-06-07,61183,62119,61099,61675,1627000
2010-06-08,61856,62000,61187,61187,1605200
2010-06-09,61479,62684,61479,61799,1736400
2010-06-10,63049,63146,61484,61484,1717000
2010-06-11,63605,63766,62371,63044,1345800
2010-06-14,63533,64296,63529,63613,1793600
2010-06-15,64442,64554,63534,63534,1267200
2010-06-16,64751,65097,63974,64442,2441000
2010-06-17,64541,65182,64115,64745,1888800
2010-06-18,64438,64941,64239,64542,1871800
2010-06-21,64829,65517,64442,64442,1623000
2010-06-22,64811,65831,64690,64834,1931800
2010-06-23,65160,65161,64247,64812,1762200
2010-06-24,63937,65154,63736,65154,1786400
2010-06-25,64824,64869,63806,63937,1257200
2010-06-28,64225,65105,64225,64825,943200
2010-06-29,61978,64216,61670,64216,2196000
2010-06-30,60936,62645,60936,61972,1958400
2010-07-01,61236,61381,60056,60935,2130000
2010-07-02,61430,61812,60764,61236,1143800
2010-07-05,60865,61667,60796,61436,760000
2010-07-06,62065,62451,60870,60870,1786600
2010-07-07,63284,63313,62004,62067,1732200
2010-07-08,63476,63596,62895,63282,1658000
2010-07-12,62960,63972,62750,63477,1229000
2010-07-13,63686,63777,62964,62964,1583800
2010-07-14,63479,63688,63015,63686,1450400
2010-07-15,63489,63612,62960,63482,1564800
2010-07-16,62339,63492,62298,63487,1326400
2010-07-19,63297,63300,62351,62351,1276400
2010-07-20,64463,64481,62902,63290,2429400
2010-07-21,64477,65136,64209,64468,1821800
2010-07-22,65748,66213,64504,64504,2320600
2010-07-23,66323,66323,65427,65748,1540000
2010-07-26,66443,66619,66151,66322,1234400
2010-07-27,66674,67102,66293,66449,1601800
2010-07-28,66808,67051,66427,66670,1939400
2010-07-29,66954,67428,66596,66796,2160200
2010-07-30,67515,67608,66218,66951,2088400
2010-08-02,68517,68754,67524,67524,1766600
2010-08-03,67997,68561,67942,68517,1900000
2010-08-04,68272,68534,67577,67996,1875200
2010-08-05,68412,68471,68002,68271,1611600
2010-08-06,68095,68509,67686,68416,1513200
2010-08-09,67862,68513,67749,68096,1254800
2010-08-10,67223,67836,66946,67836,1625400
2010-08-11,65790,67217,65690,67217,1732800
2010-08-12,65966,66027,65257,65788,1546600
2010-08-13,66264,66590,65921,65964,1841200
2010-08-16,66702,66868,66187,66260,1394800
2010-08-17,67584,67666,66702,66702,1747000
2010-08-18,67638,67745,67006,67584,2367000
2010-08-19,66887,67713,66824,67641,1920000
2010-08-20,66677,66892,66337,66892,1414600
2010-08-23,65982,67175,65982,66678,1379600
2010-08-24,65156,65946,65013,65946,1604200
2010-08-25,64803,65156,64164,65156,1753000
2010-08-26,63867,65271,63804,64802,1773400
2010-08-27,65585,65589,63848,63875,1764000
2010-08-30,64261,65585,64255,65585,1286400
2010-08-31,65145,65182,64202,64262,3284800
2010-09-01,67073,67073,65154,65154,2509000
2010-09-02,66808,67168,66405,67073,1601200
2010-09-03,66679,67673,66541,66812,2019200
2010-09-06,66747,66949,66380,66679,651400
2010-09-08,66407,66739,66101,66739,1716000
2010-09-09,66624,66807,66353,66411,1438800
2010-09-10,66807,66920,66459,66622,1561000
2010-09-13,68031,68142,66807,66807,2144400
2010-09-14,67692,68093,67561,68030,2594000
2010-09-15,68107,68107,67119,67690,2234200
2010-09-16,67663,68103,67507,68103,1464400
2010-09-17,67089,67773,66993,67665,1629400
2010-09-20,68190,68241,67009,67087,1775200
2010-09-21,67719,68255,67528,68189,1734000
2010-09-22,68325,68549,67346,67711,2495200
2010-09-23,68794,69601,67892,68321,3305200
2010-09-24,68196,69571,68021,68800,3441000
2010-09-27,68816,68926,68011,68197,2138600
2010-09-28,69228,69431,68455,68817,1851800
2010-09-29,69228,69420,68958,69225,3067200
2010-09-30,69430,69737,68924,69230,2466200
2010-10-01,70229,70243,69228,69438,2452600
2010-10-04,70385,70551,70089,70230,1876800
2010-10-05,71283,71285,70390,70390,2713000
2010-10-06,70541,71290,70343,71284,2780600
2010-10-07,69918,70739,69314,70545,2587200
2010-10-08,70809,70828,69698,69921,2136000
2010-10-11,70946,71111,70810,70810,1169000
2010-10-13,71675,71995,70950,70950,2985000
2010-10-14,71692,71961,71264,71676,2633000
2010-10-15,71830,72140,71351,71699,2015200
2010-10-18,71736,71884,71341,71830,2111600
2010-10-19,69864,71735,69628,71735,2495200
2010-10-20,70405,70720,69814,69863,2407200
2010-10-21,69652,70958,68952,70406,2587800
2010-10-22,69530,70312,68847,69658,2421600
2010-10-25,69580,70231,69451,69536,3836000
2010-10-26,70740,70834,69055,69582,2576800
2010-10-27,70569,70844,70059,70735,2202600
2010-10-28,70320,71263,70234,70573,2230200
2010-10-29,70673,70776,70322,70322,2208800
2010-11-01,71561,71751,70673,70686,1555000
2010-11-03,71905,72110,71510,71560,2145800
2010-11-04,72996,73103,71910,71910,2175800
2010-11-05,72607,72987,72534,72987,1732000
2010-11-08,72657,72875,72336,72607,1077600
2010-11-09,71679,73045,71651,72654,1505000
2010-11-10,71638,71854,70868,71674,0
2010-11-11,71195,71639,70941,71639,1353200
2010-11-12,70367,71191,70004,71191,1188600
2010-11-16,69192,70364,68662,70364,2240800
2010-11-17,69709,70080,69187,69189,0
2010-11-18,70781,70904,69716,69716,1881600
2010-11-19,70898,70898,70236,70774,1506400
2010-11-22,69633,70898,69202,70898,1739200
2010-11-23,67953,69629,67728,69629,2080600
2010-11-24,69629,69746,67955,67955,1990600
2010-11-25,69362,69780,69362,69634,981600
2010-11-26,68226,69349,68219,69349,1564800
2010-11-29,67908,68422,67103,68218,1777800
2010-11-30,67705,68476,67271,67901,2159200
2010-12-01,69346,69605,67731,67731,0
2010-12-02,69527,69943,69219,69341,2111800
2010-12-03,69766,69963,68943,69529,2828000
2010-12-06,69552,69932,69378,69759,0
2010-12-07,69338,70589,69338,69563,0
2010-12-08,68175,69354,68046,69338,2671600
2010-12-09,67879,68561,67563,68173,2447200
2010-12-10,68342,68514,67866,67889,0
2010-12-13,69126,69221,68342,68342,0
2010-12-14,68743,69127,68531,69127,0
2010-12-15,67870,68741,67711,68741,2962400
2010-12-16,67306,68377,67138,67875,2401400
2010-12-17,67981,67981,66948,67304,0
2010-12-20,67264,68196,67264,67979,2352800
2010-12-21,68215,68461,67261,67261,1897400
2010-12-22,68471,68472,67727,68218,1656800
2010-12-23,68486,68562,68250,68470,1229400
2010-12-27,67803,68476,67803,68476,1035400
2010-12-28,68041,68104,67810,67810,0
2010-12-29,68952,69040,68043,68043,1307800
2010-12-30,69305,69527,68940,68953,2102200
2011-01-03,69962,70471,69305,69310,1862400
2011-01-04,70318,70318,69560,69962,2427200
2011-01-05,71091,71173,69802,70311,2309200
2011-01-06,70579,71167,70469,71093,2546000
2011-01-07,70057,70783,69718,70580,1761000
2011-01-10,70127,70133,69666,70056,1610800
2011-01-11,70423,70647,70145,70146,2138000
2011-01-12,71633,71633,70429,70429,2516000
2011-01-13,70721,71924,70719,71631,2237800
2011-01-14,70940,71184,70397,70723,1806600
2011-01-17,70609,70940,70544,70940,1538600
2011-01-18,70920,71094,70612,70612,1877400
2011-01-19,70058,71190,69966,70921,1884800
2011-01-20,69562,70083,69177,70056,2169600
2011-01-21,69133,70027,69095,69560,2071800
2011-01-24,69427,69513,68786,69134,1474400
2011-01-26,68709,69556,68515,69427,2542400
2011-01-27,68051,69108,67775,68717,2304400
2011-01-28,66698,68182,65898,68051,2544000
2011-01-31,66575,67166,66271,66697,2253800
2011-02-01,67847,67922,66575,66575,2114000
2011-02-02,66688,68012,66643,67844,2551400
2011-02-03,66765,66849,66091,66688,2380800
2011-02-04,65269,66946,65160,66752,2676800
2011-02-07,65362,65893,64916,65272,1980400
2011-02-08,65771,66238,65110,65359,2764000
2011-02-09,64218,65767,64016,65767,2811400
2011-02-10,64578,65106,64185,64217,2356400
2011-02-11,65756,65890,64562,64582,2396400
2011-02-14,66558,66743,65462,65751,1945000
2011-02-15,66341,66861,66117,66558,2355400
2011-02-16,67571,67793,66342,66342,2672400
2011-02-17,67685,67876,67107,67580,2147800
2011-02-18,68067,68226,67386,67685,1944000
2011-02-21,67259,68067,67085,68067,1453000
2011-02-22,66440,67570,66342,67255,3045400
2011-02-23,66910,67266,66049,66440,3335000
2011-02-24,66949,67344,66693,66909,2699200
2011-02-25,66903,67632,66331,66952,2394600
2011-02-28,67383,67458,66687,66909,2640400
2011-03-01,66243,67708,66243,67381,2166400
2011-03-02,67282,67282,66101,66242,2518600
2011-03-03,68146,68188,67284,67284,2254600
2011-03-04,68012,68220,67514,68138,1840000
2011-03-09,67264,68057,67109,68010,1407600
2011-03-10,66041,67256,65854,67256,2375000
2011-03-11,66685,67014,65559,66041,2491000
2011-03-14,67169,67333,66088,66684,1874200
2011-03-15,67005,67168,65463,67168,2852200
2011-03-16,66003,67502,65663,67011,3056800
2011-03-17,66216,66950,66015,66017,1985000
2011-03-18,66880,67384,66217,66217,2842800
2011-03-21,66690,67676,66656,66887,2557400
2011-03-22,67578,67631,66531,66684,2357800
2011-03-23,67796,67918,67317,67570,2145600
2011-03-24,67533,68009,67406,67799,1819800
2011-03-25,67766,68256,67497,67528,2223800
2011-03-28,67193,68070,67193,67767,1444400
2011-03-29,67419,67862,67046,67194,1768200
2011-03-30,67997,68004,67423,67423,1859800
2011-03-31,68587,68606,68000,68000,2124400
2011-04-01,69268,69387,68588,68588,2397400
2011-04-04,69704,69787,69270,69270,1200
2011-04-05,69838,70047,69465,69704,0
2011-04-06,69037,70108,68954,69841,0
2011-04-07,69176,69334,68695,69040,0
2011-04-08,68718,69430,68472,69180,2111400
2011-04-11,68164,69177,68029,68719,2173800
2011-04-12,66896,68153,66721,68153,2525800
2011-04-13,66486,67411,66251,66909,2515200
2011-04-14,66279,67042,66090,66483,2259000
2011-04-15,66684,66765,65832,66281,2145800
2011-04-18,65415,66706,65158,66689,3060400
2011-04-19,66158,66257,65417,65417,2214400
2011-04-20,67058,67077,66165,66165,2397400
2011-04-25,66972,67124,66552,67058,1385800
2011-04-26,67144,67413,66722,66972,1726600
2011-04-27,66264,67228,65885,67143,2151200
2011-04-28,65673,66249,65105,66249,3090000
2011-04-29,66133,66294,65461,65664,2645000
2011-05-02,65463,66500,65346,66119,2306800
2011-05-03,64318,65468,64244,65458,2235400
2011-05-04,63616,64807,63548,64320,2490000
2011-05-05,63407,64268,62973,63609,2806000
2011-05-06,64417,64704,63422,63422,2690000
2011-05-09,64622,64782,64150,64416,1880800
2011-05-10,64877,65143,64619,64622,1982600
2011-05-11,63776,64877,63622,64877,2458400
2011-05-12,64003,64329,63125,63772,2486800
2011-05-13,63235,64165,63063,64003,2667400
2011-05-16,62830,63829,62676,63233,2459600
2011-05-17,63673,63680,62414,62830,2210800
2011-05-18,62841,64015,62830,63675,2488000
2011-05-19,62367,63607,62225,62844,2291200
2011-05-20,62597,63043,62086,62370,2087000
2011-05-23,62345,62597,61659,62597,1767600
2011-05-24,63337,63415,62350,62350,2006400
2011-05-25,63388,63857,63025,63329,1918600
2011-05-26,64099,64121,63232,63389,2397000
2011-05-27,64295,64548,64092,64101,1672000
2011-05-30,63954,64460,63915,64295,629000
2011-05-31,64620,64620,63932,63961,2428400
2011-06-01,63411,64674,63401,64616,2158200
2011-06-02,64218,64218,63277,63411,2135600
2011-06-03,64341,64979,63628,64216,2155800
2011-06-06,63068,64512,62960,64341,1822400
2011-06-07,63218,63784,63072,63072,2089600
2011-06-08,63033,63354,62709,63204,1805800
2011-06-09,63469,63773,62872,63037,1946800
2011-06-10,62697,63478,62495,63470,1688200
2011-06-13,62023,62968,62022,62701,1397200
2011-06-14,62205,62697,62023,62023,1762400
2011-06-15,61604,62198,61448,62198,2668000
2011-06-16,60881,62040,60489,61602,1991000
2011-06-17,61060,61268,60566,60883,1974600
2011-06-20,61168,61571,60784,61059,2019800
2011-06-21,61424,61543,61179,61188,1696600
2011-06-22,61194,61859,61194,61420,1863400
2011-06-24,61017,61459,60921,61192,1449000
2011-06-27,61217,61456,60772,61017,1634000
2011-06-28,62303,62309,61216,61216,1796400
2011-06-29,62334,62625,62033,62303,1873400
2011-06-30,62404,62574,61959,62337,1814000
2011-07-01,63394,63455,62148,62404,2376200
2011-07-04,63891,63891,63314,63397,1000400
2011-07-05,63039,63886,63030,63886,1937800
2011-07-06,62565,63039,62391,63039,1612600
2011-07-07,62207,63206,62207,62573,1865000
2011-07-08,61513,62207,61366,62207,1670600
2011-07-11,60224,61502,60098,61502,1773200
2011-07-12,59705,60516,59705,60220,1946200
2011-07-13,60670,60847,59718,59718,2284200
2011-07-14,59679,60685,59452,60673,2363400
2011-07-15,59478,60104,59180,59679,1960200
2011-07-18,58838,59479,58631,59479,1956400
2011-07-19,59082,59394,58677,58838,1888000
2011-07-20,59120,59552,59045,59094,1946000
2011-07-21,60263,60441,59120,59120,2159600
2011-07-22,60270,60696,60077,60263,1809600
2011-07-25,59971,60285,59640,60264,1772400
2011-07-26,59340,60204,59261,59972,2174800
2011-07-27,58288,59336,58169,59336,2619000
2011-07-28,58708,59167,58290,58297,2234000
2011-07-29,58823,58952,58009,58703,2366400
2011-08-01,58536,59542,58168,58823,2109400
2011-08-02,57311,58673,57259,58526,2696200
2011-08-03,56017,57352,55249,57318,3491800
2011-08-04,52811,55999,52629,55999,4455400
2011-08-05,52949,53866,51153,52811,4320600
2011-08-08,48668,52938,47793,52938,4894600
2011-08-09,51151,51151,48666,48671,5268200
2011-08-10,51395,52164,49947,51151,4358800
2011-08-11,53343,53724,51398,51398,4066000
2011-08-12,53473,53643,52650,53344,3269800
2011-08-15,54652,54968,53474,53478,2540600
2011-08-16,54324,54651,53539,54651,2464600
2011-08-17,55073,55073,53828,54324,3160600
2011-08-18,53134,55037,52246,55037,3120400
2011-08-19,52448,53601,52336,53135,2577200
2011-08-22,52440,53552,52397,52472,2140800
2011-08-23,53787,53787,51853,52440,2679000
2011-08-24,53796,54279,52993,53787,2492200
2011-08-25,52953,54155,52677,53796,2381200
2011-08-26,53351,53598,51971,52955,2223000
2011-08-29,54861,55027,53356,53356,2293800
2011-08-30,55385,55768,54425,54861,2343400
2011-08-31,56495,56495,55399,55399,2940000
2011-09-01,58118,58589,56498,56498,4013600
2011-09-02,56532,58114,56302,58114,3147400
2011-09-05,54998,56521,54818,56521,1609000
2011-09-06,56607,56676,54121,54998,2846800
2011-09-08,57624,58242,56609,56609,2757000
2011-09-09,55778,57614,55528,57614,2481800
2011-09-12,55685,55792,54310,55773,2376200
2011-09-13,55544,56336,55166,55690,2099400
2011-09-14,56286,56776,55090,55544,2836200
2011-09-15,56381,57161,56196,56287,2136800
2011-09-16,57210,57210,56257,56381,1970000
2011-09-19,57103,57208,56060,57208,2328200
2011-09-20,56379,57620,56379,57105,2677000
2011-09-21,55982,57600,55915,56381,2777000
2011-09-22,53280,55981,52706,55981,3603600
2011-09-23,53230,53855,52754,53273,2689200
2011-09-26,53748,53873,52399,53243,2143200
2011-09-27,53920,54992,53751,53751,2454200
2011-09-28,53270,54796,53258,53921,2340800
2011-09-29,53385,54207,52849,53276,2304800
2011-09-30,52324,53385,51897,53385,3072600
2011-10-03,50792,52319,50792,52319,3112400
2011-10-04,50686,50790,49433,50790,4038800
2011-10-05,51014,51199,50209,50683,2830400
2011-10-06,52290,52729,51016,51016,3145600
2011-10-07,51244,52891,50902,52290,2627200
2011-10-10,53273,53294,51244,51244,2180600
2011-10-11,53838,54113,52820,53271,2845400
2011-10-13,54601,54751,53308,53836,3574200
2011-10-14,55030,55179,54447,54603,2323200
2011-10-17,53911,55021,53536,55021,2366200
2011-10-18,55032,55225,53188,53915,2540000
2011-10-19,54966,55244,54483,55037,2430800
2011-10-20,54010,54953,53610,54953,2282800
2011-10-21,55255,55504,54014,54014,2151200
2011-10-24,56892,57226,55259,55259,2656000
2011-10-25,56286,56885,55770,56885,2262800
2011-10-26,57144,57334,56249,56306,2172400
2011-10-27,59270,59901,57146,57146,3665800
2011-10-28,59513,59668,58760,59270,2388000
2011-10-31,58338,59513,58094,59513,2258000
2011-11-01,57323,58300,56099,58300,2827600
2011-11-03,58196,58481,57327,57327,2445800
2011-11-04,58670,58804,57547,58186,1946600
2011-11-07,59199,59440,58645,58670,1869400
2011-11-08,59026,59616,58505,59205,1934000
2011-11-09,57550,59011,57201,59011,2623000
2011-11-10,57322,58314,57294,57561,1959000
2011-11-11,58547,58747,57325,57325,2136400
2011-11-14,58258,58717,58013,58539,1791000
2011-11-16,58560,58877,57784,58256,2703800
2011-11-17,56989,58555,56663,58550,3054600
2011-11-18,56731,57477,56418,56989,2297200
2011-11-21,56285,56722,55505,56722,2894800
2011-11-22,55878,56570,55609,56290,2681600
2011-11-23,54972,55879,54813,55879,2429400
2011-11-24,55280,55519,54537,54978,1410200
2011-11-25,54894,55610,54742,55271,1815000
2011-11-28,56017,56444,54899,54899,2271000
2011-11-29,55300,56364,55300,56028,2822000
2011-11-30,56875,57592,55307,55307,4893000
2011-12-01,58143,58302,56876,56876,3297000
2011-12-02,57886,58980,57618,58147,2985600
2011-12-05,58910,59245,57894,57894,2535200
2011-12-06,59536,59576,58497,58910,2178000
2011-12-07,58663,59535,58581,59534,2171800
2011-12-08,57455,59217,57260,58664,2720800
2011-12-09,58236,58540,57455,57455,1946400
2011-12-12,57347,58235,56839,58235,2502200
2011-12-13,57495,58153,57333,57355,2901200
2011-12-14,56647,57495,56647,57495,4140400
2011-12-15,56331,57332,56232,56647,2605800
2011-12-16,56097,56823,56087,56334,2440000
2011-12-19,55298,56376,55298,56100,2833400
2011-12-20,56865,56865,55301,55301,3233000
2011-12-21,56653,56865,56046,56865,2264400
2011-12-22,57348,57459,56557,56656,2289000
2011-12-23,57701,57792,57348,57348,1767200
2011-12-26,57669,57856,57669,57702,0
2011-12-27,58005,58111,57611,57666,1616600
2011-12-28,56534,58010,56447,58006,1612000
2011-12-29,56754,56945,56313,56534,2779200
2012-01-03,59265,59288,57836,57836,3083000
2012-01-04,59365,59519,58558,59263,2252000
2012-01-05,58546,59354,57963,59354,2351200
2012-01-06,58600,59261,58355,58565,1659200
2012-01-09,59083,59220,58599,58601,2244600
2012-01-10,59806,60112,59090,59090,2689200
2012-01-11,59962,60094,59423,59799,2245200
2012-01-12,59921,60504,59586,59966,2145600
2012-01-13,59147,59918,58874,59918,5624200
2012-01-16,59956,59982,59146,59146,1705000
2012-01-17,60646,60891,59961,59961,2524200
2012-01-18,61723,61723,60610,60643,2757800
2012-01-19,61927,62181,61566,61726,2843400
2012-01-20,62312,62312,61593,61932,2246400
2012-01-23,62386,62693,61908,62312,2376000
2012-01-24,62486,62536,61667,62386,2731000
2012-01-26,62953,63805,62485,62486,3174000
2012-01-27,62904,63263,62769,62955,2218200
2012-01-30,62770,62902,61989,62902,2197600
2012-01-31,63072,63394,62664,62772,3437800
2012-02-01,64567,64567,63085,63085,3904000
2012-02-02,64593,64855,64224,64569,3107600
2012-02-03,65217,65619,64137,64589,3059800
2012-02-06,65224,65229,64743,65217,1919600
2012-02-07,65917,65944,64801,65213,2722000
2012-02-08,65831,66383,65647,65918,2887000
2012-02-09,65530,66324,65189,65831,2688400
2012-02-10,63998,65525,63880,65525,3501400
2012-02-13,65692,65713,63999,63999,2619200
2012-02-14,65039,65855,64826,65699,2738200
2012-02-15,65368,66004,65041,65041,3825400
2012-02-16,66142,66161,64798,65364,3068400
2012-02-17,66204,66562,65823,66158,2352600
2012-02-23,65820,66329,65590,66084,2322800
2012-02-24,65943,66335,65820,65820,2119800
2012-02-27,65241,65954,65068,65938,2226000
2012-02-28,65959,66152,65240,65245,2717000
2012-02-29,65812,66662,65533,65970,3345400
2012-03-01,66810,66931,65812,65812,2328800
2012-03-02,67782,67791,66810,66810,2557000
2012-03-05,66964,67782,66756,67782,2315800
2012-03-06,65114,66962,64892,66962,2742600
2012-03-07,66017,66053,65123,65123,2683400
2012-03-08,66908,67272,66032,66032,2890800
2012-03-09,66704,67419,66679,66908,2253600
2012-03-12,66385,66687,65965,66687,2149800
2012-03-13,68394,68420,66386,66386,3165200
2012-03-14,68257,68970,67797,68386,2732800
2012-03-15,67749,68259,67458,68259,2295200
2012-03-16,67684,68153,67505,67749,2408600
2012-03-19,67730,68159,67547,67685,2143600
2012-03-20,67296,67725,66704,67725,2071400
2012-03-21,66860,67436,66762,67297,1981000
2012-03-22,65828,66860,65534,66860,2676200
2012-03-23,65813,66253,65576,65831,2524800
2012-03-26,66685,66776,65818,65818,2010800
2012-03-27,66037,66968,65925,66683,2723000
2012-03-28,65079,66032,64819,66032,2883000
2012-03-29,64872,65074,64096,65074,2895600
2012-03-30,64511,65363,64245,64875,3155800
2012-04-02,65216,65593,64199,64515,2966600
2012-04-03,64284,65530,64015,65218,2773600
2012-04-04,63529,64301,63450,64301,2739600
2012-04-05,63691,64299,63384,63518,2294800
2012-04-09,62923,63690,62462,63690,1788200
2012-04-10,61738,62922,61344,62922,3094000
2012-04-11,61293,62356,61291,61741,2952600
2012-04-12,63058,63061,61300,61300,3115800
2012-04-13,62106,63039,61778,63039,2959600
2012-04-16,61955,62688,61465,62120,2316600
2012-04-17,62699,62961,61959,61959,2704600
2012-04-18,63010,63243,62429,62696,4053800
2012-04-19,62618,63274,62478,63007,2358200
2012-04-20,62494,63369,62431,62620,2285200
2012-04-23,61539,62494,60897,62494,2533400
2012-04-24,61971,62001,61380,61537,2377000
2012-04-25,61750,62441,61328,61989,3307200
2012-04-26,62198,62282,61033,61750,3130000
2012-04-27,61691,62486,61667,62203,2547600
2012-04-30,61820,61900,61231,61691,1963200
2012-05-02,62424,62502,61594,61820,2955600
2012-05-03,62104,62783,61731,62427,3036000
2012-05-04,60821,62167,60438,62104,4961600
2012-05-07,61220,61299,60391,60802,3370400
2012-05-08,60365,61218,59871,61218,3091200
2012-05-09,59786,60346,59199,60346,3261600
2012-05-10,59702,60752,59637,59796,2701400
2012-05-11,59445,60340,59138,59703,2532400
2012-05-14,57540,59443,57539,59443,3047400
2012-05-15,56238,58024,56145,57540,4189200
2012-05-16,55888,57693,55415,56245,4327600
2012-05-17,54038,56296,54038,55886,3709800
2012-05-18,54513,54914,53856,54032,4306200
2012-05-21,56590,56678,54516,54516,3569000
2012-05-22,55039,56586,54886,56586,3667400
2012-05-23,54619,55052,53028,55039,4334000
2012-05-24,54063,54820,53176,54620,4013800
2012-05-25,54463,54970,53847,54062,2988400
2012-05-28,55213,55609,54467,54467,1857200
2012-05-29,54633,55763,54554,55214,3048000
2012-05-30,53798,54632,53382,54632,3298400
2012-05-31,54490,54509,53090,53805,4826000
2012-06-01,53403,54488,53087,54488,2986400
2012-06-04,53417,53960,53367,53408,2360000
2012-06-05,52481,53917,52481,53413,2530000
2012-06-06,54156,54195,52486,52486,3542000
2012-06-08,54430,54432,53685,54150,2627600
2012-06-11,54001,55401,53905,54434,2736600
2012-06-12,55049,55049,53906,54001,3894600
2012-06-13,55651,55989,54523,55041,4187800
2012-06-14,55352,55769,54952,55641,3299200
2012-06-15,56105,56105,55203,55349,3900800
2012-06-18,56195,56579,55486,56066,2960600
2012-06-19,57195,57567,56210,56210,3658800
2012-06-20,57167,57611,56529,57196,3202000
2012-06-21,55505,57218,55505,57162,2601800
2012-06-22,55440,56019,55083,55518,2476800
2012-06-25,53805,55406,53694,55406,2160000
2012-06-26,53837,54193,53398,53806,2707000
2012-06-27,53109,54006,53084,53837,3825800
2012-06-28,52652,53306,52271,53107,3531600
2012-06-29,54355,54355,52656,52656,3744800
2012-07-02,54693,54754,53961,54355,2874200
2012-07-03,55780,56228,54704,54704,4064400
2012-07-04,56077,56322,55485,55780,1718400
2012-07-05,56379,56943,55828,56083,3128600
2012-07-06,55394,56376,54967,56376,2701800
2012-07-10,53706,55588,53668,55392,3467800
2012-07-11,53569,54135,53233,53708,2970600
2012-07-12,53421,53616,52489,53564,3047600
2012-07-13,54331,54428,53420,53422,2784600
2012-07-16,53402,54418,53216,54316,2821800
2012-07-17,53909,54037,53119,53403,2519400
2012-07-18,54583,54588,53551,53909,2296200
2012-07-19,55347,55491,54588,54588,2879200
2012-07-20,54195,55337,54138,55337,2865000
2012-07-23,53034,54183,52213,54183,2807800
2012-07-24,52639,53416,52399,53038,2762600
2012-07-25,52608,53233,52346,52658,2216000
2012-07-26,54003,54126,52638,52638,3017600
2012-07-27,56553,57046,54024,54024,4674400
2012-07-30,57241,57241,56090,56551,2965600
2012-07-31,56097,57466,56097,57243,692000
2012-08-01,55623,56385,55425,56091,598200
2012-08-02,55520,56289,55239,56289,2838000
2012-08-03,57255,57399,55524,55524,3577400
2012-08-06,58345,58996,56893,57255,3613400
2012-08-07,57726,59316,57679,58343,3447200
2012-08-08,58951,58964,57603,57723,3233200
2012-08-09,58797,59202,58115,58950,2863000
2012-08-10,59281,59365,58128,58774,3080000
2012-08-13,59123,59543,58601,59281,2539200
2012-08-14,58083,59605,57904,59123,3533800
2012-08-15,58189,58375,57630,58083,4578200
2012-08-16,59446,59544,58190,58190,3477000
2012-08-17,59082,59822,58944,59443,2954200
2012-08-20,59283,59462,58629,59083,3001200
2012-08-21,58918,60209,58684,59298,3926400
2012-08-22,59381,59585,58443,58918,3708800
2012-08-23,58512,59382,58145,59382,3342000
2012-08-24,58426,58750,57833,58511,3212600
2012-08-27,58111,58462,57853,58424,2344200
2012-08-28,58406,58745,57976,58109,2728200
2012-08-29,57369,58553,57061,58414,4106200
2012-08-30,57256,57508,56901,57366,3132600
2012-08-31,57061,57835,56719,57257,5747200
2012-09-03,57281,57457,56954,57065,2317000
2012-09-04,56234,57272,56203,57272,3236000
2012-09-05,56864,56904,56236,56236,3313000
2012-09-06,58321,58328,56868,56868,3620600
2012-09-10,58404,59421,58325,58325,3513600
2012-09-11,59423,59515,58404,58405,3854800
2012-09-12,59922,60136,59205,59429,4849800
2012-09-13,61958,62117,59629,59921,5974600
2012-09-14,62105,63428,61823,61955,5816200
2012-09-17,61806,62692,61552,62106,3903000
2012-09-18,61804,62132,61447,61806,3202000
2012-09-19,61652,62514,61519,61806,3391000
2012-09-20,61688,61908,60961,61652,2923200
2012-09-21,61320,62223,61300,61695,2985400
2012-09-24,61910,61932,61075,61319,3329800
2012-09-25,60501,61947,60357,61913,3873600
2012-09-26,60478,60506,59725,60506,3139400
2012-09-27,60240,60889,59876,60483,3811000
2012-09-28,59176,60240,58864,60240,3690000
2012-10-01,59571,60216,59171,59171,2759600
2012-10-02,59222,60091,59028,59575,3198400
2012-10-03,58627,59483,58542,59222,3195600
2012-10-04,58458,59002,58105,58627,3365200
2012-10-05,58572,59441,58414,58460,3244200
2012-10-08,59317,59318,58170,58572,2596200
2012-10-09,58939,59697,58616,59319,3146400
2012-10-10,58456,59320,58341,58944,2781600
2012-10-11,59162,59360,58460,58460,2817800
2012-10-15,59602,59758,58790,59164,3119200
2012-10-16,59744,60412,59484,59602,3251000
2012-10-17,60087,60398,59683,59742,4209400
2012-10-18,59734,60087,59322,60087,3321200
2012-10-19,58922,59846,58782,59701,3000200
2012-10-22,58700,59205,58541,58925,2803400
2012-10-23,57690,58679,57388,58679,3395600
2012-10-24,57161,57986,57159,57686,2934800
2012-10-25,57837,58274,57161,57161,0
2012-10-26,57277,57833,57061,57833,2999400
2012-10-29,57177,57267,56581,57267,1709800
2012-10-30,57684,57764,57178,57178,1606000
2012-10-31,57068,57935,56929,57682,2794200
2012-11-01,58383,58383,56960,57065,2980200
2012-11-05,58210,58374,57551,58374,2617200
2012-11-06,59459,59561,58174,58220,3470000
2012-11-07,58517,59460,58274,59460,3084000
2012-11-08,57524,59008,57420,58523,3201000
2012-11-09,57358,58109,56862,57517,4250400
2012-11-12,57064,57712,56988,57358,2071200
2012-11-13,57486,57529,56593,57049,3363400
2012-11-14,56279,57472,56038,57472,3606400
2012-11-16,55402,56277,55126,56277,3471800
2012-11-19,56451,56666,55387,55387,2782800
2012-11-21,56242,56789,55946,56453,3592200
2012-11-22,56437,56643,56242,56245,2146200
2012-11-23,57574,57574,56248,56439,3182000
2012-11-26,56737,57572,56502,57571,2752800
2012-11-27,56248,57420,56248,56737,3554200
2012-11-28,56539,56591,55686,56206,3465400
2012-11-29,57853,57853,56562,56562,3401400
2012-11-30,57475,58031,56704,57845,5047000
2012-12-03,58202,58332,57479,57479,3485800
2012-12-04,57563,58520,57547,58212,3937200
2012-12-05,57679,58127,57231,57597,3582400
2012-12-06,57656,57860,57129,57685,3203200
2012-12-07,58487,58594,57636,57656,3042400
2012-12-10,59248,59248,58091,58468,3061800
2012-12-11,59623,59747,58951,59257,3988600
2012-12-12,59474,59859,59291,59626,4749600
2012-12-13,59317,59969,59154,59459,3569400
2012-12-14,59605,59824,59273,59320,3405800
2012-12-17,59567,59914,59323,59604,3114400
2012-12-18,60461,60539,59565,59568,4364800
2012-12-19,60998,61212,60396,60461,4427600
2012-12-20,61276,61276,60622,60992,3083400
2012-12-21,61007,61271,60221,61271,3157400
2012-12-26,60960,61322,60861,61003,2598000
2012-12-27,60416,61191,60233,60964,2852600
2012-12-28,60952,61066,60416,60416,2626000
2013-01-02,62550,62887,60990,60990,3739800
2013-01-03,63312,63473,62341,62555,3355800
2013-01-04,62523,63314,62415,63314,6233800
2013-01-07,61933,62699,61639,62523,3985800
2013-01-08,61128,62265,61081,61933,3840600
2013-01-09,61579,61812,61103,61129,3236400
2013-01-10,61678,61947,61156,61578,4100600
2013-01-11,61497,61683,61198,61662,3161000
2013-01-14,62081,62285,61511,61511,3481400
2013-01-15,61728,62151,61695,62079,3819200
2013-01-16,61787,61787,61241,61726,2789200
2013-01-17,62194,62309,61683,61806,3382000
2013-01-18,61956,62395,61822,62197,3495200
2013-01-21,61900,62052,61804,61962,2143400
2013-01-22,61692,61995,61534,61904,3475000
2013-01-23,61966,61969,61543,61692,3209000
2013-01-24,61170,62249,60838,61966,3605200
2013-01-28,60027,61313,59921,61178,3426800
2013-01-29,60406,60428,59758,60027,3192600
2013-01-30,59337,60405,59305,60405,4661200
2013-01-31,59761,59771,59114,59344,4749400
2013-02-01,60351,60496,59742,59764,3412400
2013-02-04,59576,60350,59256,60350,3347800
2013-02-05,59445,59974,59132,59576,4429600
2013-02-06,58951,59582,58588,59442,4410400
2013-02-07,58372,59435,58116,58936,4071600
2013-02-08,58498,58638,58025,58374,3152400
2013-02-13,58406,58754,58252,58495,2803800
2013-02-14,58077,58406,57751,58406,2385200
2013-02-15,57903,58352,57802,58076,3519200
2013-02-18,57614,57929,57420,57906,2697200
2013-02-19,57314,58061,57234,57619,3921000
2013-02-20,56178,57569,56034,57312,4950200
2013-02-21,56155,56227,55430,56153,4915800
2013-02-22,56697,56742,56107,56159,5113800
2013-02-25,56618,57157,56419,56698,3965400
2013-02-26,56949,57007,56047,56616,4510600
2013-02-27,57274,57402,56685,56948,5034000
2013-02-28,57424,57798,56925,57273,4441800
2013-03-01,56884,57422,56526,57422,3889600
2013-03-04,56499,56878,56067,56878,4033800
2013-03-05,55951,57227,55951,56508,4261000
2013-03-06,57940,58150,55953,55953,5806000
2013-03-07,58847,59472,57940,57940,6338200
2013-03-08,58433,59031,58129,58842,4129200
2013-03-11,58545,58547,57800,58440,4129000
2013-03-12,58209,58709,58113,58542,3805000
2013-03-13,57386,58411,57286,58204,4536800
2013-03-14,57281,57850,56722,57386,4581200
2013-03-15,56869,57532,56805,57275,5182400
2013-03-18,56973,57152,56139,56869,3741000
2013-03-19,56361,57038,56100,56973,3828800
2013-03-20,56030,56396,55831,56361,4179200
2013-03-21,55577,56044,55382,56025,4368400
2013-03-22,55243,55893,55098,55577,3744400
2013-03-25,54873,55450,54648,55250,3849400
2013-03-26,55671,55763,54879,54879,3755400
2013-03-27,56034,56178,55130,55677,4052600
2013-03-28,56352,56374,55874,56035,4373800
2013-04-01,55902,56348,55897,56348,2755200
2013-04-02,54889,56257,54809,55901,3588600
2013-04-03,55563,55574,54740,54888,4480400
2013-04-04,54648,55579,54432,55563,4574000
2013-04-05,55051,55227,53794,54646,5975800
2013-04-08,55092,55136,54333,55049,5504200
2013-04-09,55912,56305,55101,55101,5186200
2013-04-10,56187,56976,55913,55913,5388600
2013-04-11,55401,56284,55174,56190,3836800
2013-04-12,54963,55531,54458,55398,4805800
2013-04-15,52950,54952,52950,54952,4709400
2013-04-16,53991,54095,52953,52953,4353800
2013-04-17,52882,53984,52540,53984,7413000
2013-04-18,53166,53474,52392,52887,4554200
2013-04-19,53929,54018,53169,53169,3733000
2013-04-22,54298,54298,53420,53927,4174800
2013-04-23,54885,55282,54165,54301,5365600
2013-04-24,54984,55546,54723,54875,3949800
2013-04-25,54963,55544,54792,54989,4347800
2013-04-26,54252,55034,54147,54963,4660200
2013-04-29,54887,55336,54254,54254,5931200
2013-04-30,55910,55910,54585,54888,7138200
2013-05-02,55322,55919,55104,55919,5436000
2013-05-03,55488,56366,55330,55330,8860800
2013-05-06,55430,55542,54652,55488,6452600
2013-05-07,56275,56450,55207,55429,6235400
2013-05-08,55805,56814,55805,56281,6519800
2013-05-09,55448,56072,54905,55805,4799400
2013-05-10,55108,55446,54832,55446,5315200
2013-05-13,54448,55106,54389,55106,3956400
2013-05-14,54667,55030,54327,54442,5094800
2013-05-15,54936,55216,54488,54668,4899800
2013-05-16,54773,55539,54592,54943,5080200
2013-05-17,55164,55489,54780,54780,4067400
2013-05-20,55701,55705,54630,55162,4164800
2013-05-21,56265,56265,55379,55699,3898600
2013-05-22,56429,57099,56037,56269,4872400
2013-05-23,56350,56423,55379,56423,4072000
2013-05-24,56406,56506,55901,56350,4852600
2013-05-27,56396,56562,56353,56415,2051200
2013-05-28,56036,56979,56009,56399,4175200
2013-05-29,54635,56032,54635,56032,5004200
2013-05-31,53506,54776,52942,54633,8790400
2013-06-03,53944,53993,53143,53512,4336200
2013-06-04,54018,54289,53498,53944,4314600
2013-06-05,52799,54207,52774,54019,4630200
2013-06-06,52885,52937,52244,52813,4088800
2013-06-07,51619,52877,51428,52877,5635400
2013-06-10,51317,51836,51160,51619,4689400
2013-06-11,49770,51314,49709,51314,5560600
2013-06-12,49181,50380,48746,49777,7780000
2013-06-13,50415,50444,48968,49758,6228400
2013-06-14,49332,50656,49330,50415,5826000
2013-06-17,49089,50123,49074,49337,5324600
2013-06-18,49465,49550,48414,49089,5977200
2013-06-19,47893,49698,47838,49457,6582600
2013-06-20,48214,48214,45930,47884,8789400
2013-06-21,47056,48209,46918,48209,6416400
2013-06-24,45965,47039,45406,47039,6301400
2013-06-25,46893,47119,45967,45967,4773600
2013-06-26,47172,47725,46903,46903,5636200
2013-06-27,47609,48053,47135,47135,5567200
2013-06-28,47457,47639,47059,47609,5752800
2013-07-01,47230,47674,46676,47458,6658400
2013-07-02,45229,47222,44819,47222,8123400
2013-07-03,45044,45827,44552,45227,6998800
2013-07-04,45763,46097,45046,45046,5100400
2013-07-05,45210,45757,44107,45757,6988200
2013-07-08,45076,45740,44839,45211,4664000
2013-07-10,45483,45955,45082,45211,4867600
2013-07-11,46626,46719,45494,45494,5587800
2013-07-12,45533,46624,45529,46624,5357200
2013-07-15,46739,46840,45533,45533,4842800
2013-07-16,46869,47330,46417,46749,4775800
2013-07-17,47407,47710,46869,46869,5185000
2013-07-18,47657,48057,47093,47404,4285200
2013-07-19,47400,47650,47163,47650,3474000
2013-07-22,48574,48879,47407,47407,4132000
2013-07-23,48820,49379,48579,48579,4579400
2013-07-24,48374,48888,47999,48816,5006400
2013-07-25,49067,49123,48007,48372,4935600
2013-07-26,49422,49422,48633,49068,3997400
2013-07-29,49212,49461,48975,49414,3285200
2013-07-30,48562,49669,48560,49220,5507600
2013-07-31,48234,48824,48140,48558,4944600
2013-08-01,49141,49281,48235,48235,4687400
2013-08-02,48474,49550,48448,49141,4491200
2013-08-05,48436,48707,48264,48477,3743000
2013-08-06,47422,48522,47225,48436,5267000
2013-08-07,47447,47665,47164,47422,4463400
2013-08-08,48929,49230,47453,47453,5221800
2013-08-09,49875,50001,48836,48949,6321000
2013-08-12,50299,51380,49878,49878,7041200
2013-08-13,50601,50734,50040,50299,6511900
2013-08-14,50896,51364,50414,50594,11269000
2013-08-15,50908,51453,50050,50880,8357400
2013-08-16,51539,51555,50800,50906,7402400
2013-08-19,51574,52089,51115,51540,6388000
2013-08-20,50507,51561,50499,51561,5834400
2013-08-21,50405,51171,50055,50501,5993400
2013-08-22,51398,51458,50408,50408,5570000
2013-08-23,52197,52197,51166,51401,5887800
2013-08-26,51429,52398,51429,52200,4283400
2013-08-27,50092,51425,50018,51425,5718400
2013-08-28,49867,50591,49530,50092,8503400
2013-08-29,49922,50558,49845,49867,7991000
2013-08-30,50008,50480,49649,49932,14233400
2013-09-02,51835,51976,50012,50012,9666200
2013-09-03,51626,52289,51422,51833,6887000
2013-09-04,51716,51830,51108,51621,5036400
2013-09-05,52352,52498,51256,51715,6194200
2013-09-06,53749,54125,52354,52354,10524400
2013-09-09,54252,54531,53257,53752,7775400
2013-09-10,53979,54740,53769,54252,6826400
2013-09-11,53570,54304,53307,53982,6817000
2013-09-12,53307,53839,52945,53570,6094600
2013-09-13,53798,53859,52917,53311,4938600
2013-09-16,53822,54463,53559,53799,4775000
2013-09-17,54271,54271,53576,53823,4249200
2013-09-18,55703,55827,53982,54273,7541000
2013-09-19,55096,55900,54966,55703,5134600
2013-09-20,54110,55243,54019,55095,4421000
2013-09-23,54602,54683,54027,54110,3915400
2013-09-24,54431,54818,54164,54600,4296000
2013-09-25,54261,54612,53968,54425,3904000
2013-09-26,53783,54344,53429,54263,6266400
2013-09-27,53739,54131,53611,53781,4217400
2013-09-30,52338,53737,52291,53737,6498600
2013-10-01,53179,53179,52093,52337,5041900
2013-10-02,53100,53474,52871,53176,4144800
2013-10-03,52490,53429,52296,53101,3992100
2013-10-04,52849,52872,52113,52489,4300400
2013-10-07,52417,52912,52274,52841,3472200
2013-10-08,52312,52556,51870,52413,4002600
2013-10-09,52548,52836,51955,52313,4212400
2013-10-10,52997,53133,52512,52550,4136800
2013-10-11,53150,53301,52739,53000,3052400
2013-10-14,54171,54197,52833,53150,4094500
2013-10-15,54981,55190,54053,54176,8575300
2013-10-16,55973,56747,54902,54983,12960000
2013-10-17,55358,56168,55146,55966,7207200
2013-10-18,55378,56052,55004,55360,5977600
2013-10-21,56077,56109,55257,55380,4658500
2013-10-22,56460,56720,55898,56074,4607000
2013-10-23,55440,56459,55380,56459,4019200
2013-10-24,54877,55864,54443,55440,5649300
2013-10-25,54154,54911,54141,54863,4940300
2013-10-28,55073,55076,54070,54156,5796100
2013-10-29,54539,55267,54224,55076,6136200
2013-10-30,54173,54764,53917,54541,6039200
2013-10-31,54256,54466,53602,54174,12953800
2013-11-01,54013,54387,53753,54255,4094400
2013-11-04,54437,54531,54008,54014,2731000
2013-11-05,53832,54539,53731,54436,3327700
2013-11-06,53385,53857,53073,53840,4258800
2013-11-07,52741,53891,52558,53390,4874300
2013-11-08,52249,52868,51735,52739,4105300
2013-11-11,52624,52646,52072,52247,2317800
2013-11-12,51804,52811,51636,52624,3848200
2013-11-13,52230,52271,51290,51804,3415400
2013-11-14,53452,53566,52233,52233,3609700
2013-11-18,54307,54317,53452,53452,3320500
2013-11-19,53033,54304,52831,54304,3649200
2013-11-21,52688,53027,52190,53027,3624600
2013-11-22,52801,53221,52096,52686,3467000
2013-11-25,52264,52995,52116,52807,3075300
2013-11-26,51447,52410,51433,52259,3730200
2013-11-27,51861,52113,51448,51448,3108000
2013-11-28,51847,52458,51697,51862,2416600
2013-11-29,52482,52482,51847,51847,2633500
2013-12-02,51245,52479,51245,52479,3793600
2013-12-03,50349,51257,50224,51240,3683100
2013-12-04,50216,50744,50114,50359,3641200
2013-12-05,50788,51124,50220,50220,3672300
2013-12-06,50944,51365,50610,50788,3353300
2013-12-09,51165,51298,50832,50942,2277900
2013-12-10,50993,51334,50956,51167,2128000
2013-12-11,50068,51039,50068,50991,3083200
2013-12-12,50122,50331,49842,50077,3049400
2013-12-13,50051,50519,50006,50133,2875700
2013-12-16,50280,50611,50049,50049,2796500
2013-12-17,50090,50563,50049,50279,2678300
2013-12-18,50563,50869,50110,50110,4527700
2013-12-19,50819,51168,50578,50578,1146000
2013-12-20,51186,51641,51025,51620,3715200
2013-12-23,51356,51605,51188,51188,2305800
2013-12-26,51221,51610,51185,51358,1810000
2013-12-27,51267,51395,51207,51239,2002600
2013-12-30,51507,51996,51274,51274,2048600
2014-01-02,50341,51656,50246,51522,3476300
2014-01-03,50981,50981,50269,50348,7360400
2014-01-06,50974,51002,50451,50980,3727800
2014-01-07,50430,51478,50429,50982,3339500
2014-01-08,50577,50793,50424,50431,2916500
2014-01-09,49322,50576,49259,50576,3702600
2014-01-10,49696,50145,49267,49322,3509600
2014-01-13,49427,50003,49309,49708,2803000
2014-01-14,49703,49834,49263,49421,2887800
2014-01-15,50105,50230,49715,49715,2835600
2014-01-16,49696,50577,49628,50106,2944500
2014-01-17,49182,49868,49174,49696,2615000
2014-01-20,48708,49292,48673,49180,1413000
2014-01-21,48542,49124,48440,48728,3104400
2014-01-22,49300,49487,48543,48543,3873300
2014-01-23,48321,49598,48321,49294,3881700
2014-01-24,47787,48327,47493,48325,3535000
2014-01-27,47701,48147,47493,47782,2936000
2014-01-28,47841,48488,47750,47750,2694500
2014-01-29,47557,47884,47154,47839,3324900
2014-01-30,47244,48034,47115,47554,3108300
2014-01-31,47639,47652,46814,47234,3718700
2014-02-03,46148,47623,46109,47623,3622100
2014-02-04,46964,47132,46146,46148,3471600
2014-02-05,46624,47148,46224,46964,3358900
2014-02-06,47738,48034,46632,46988,3632200
2014-02-07,48074,48253,47557,47739,3195800
2014-02-10,47711,48136,47465,48070,2634500
2014-02-11,48463,48604,47589,47715,3379300
2014-02-12,48217,48669,48044,48467,2766300
2014-02-13,47813,48211,47129,48211,3167100
2014-02-14,48201,48314,47756,47816,3192200
2014-02-17,47576,48297,47540,48199,1884200
2014-02-18,46600,47712,46600,47575,3860000
2014-02-19,47151,47155,46134,46597,3995400
2014-02-20,47289,47600,46634,47127,2996900
2014-02-21,47380,47816,47075,47290,2605800
2014-02-24,47393,47538,46991,47375,2990700
2014-02-25,46716,47388,46614,47388,2924800
2014-02-26,46599,47010,46403,46718,3225700
2014-02-27,47607,47781,46622,46622,3046300
2014-02-28,47094,47813,47043,47613,4088300
2014-03-05,46589,47154,46473,47092,2293000
2014-03-06,47093,47400,46502,46592,3164900
2014-03-07,46244,47218,46086,47093,3982800
2014-03-10,45533,46242,45203,46242,3673600
2014-03-11,45698,46050,45401,45533,3282400
2014-03-12,45862,45916,45508,45687,3021300
2014-03-13,45444,46176,45250,45864,3118200
2014-03-14,44966,45562,44905,45444,3477100
2014-03-17,45118,45499,44969,44979,2929300
2014-03-18,46150,46217,45074,45115,3593900
2014-03-19,46567,46803,45909,46152,3337700
2014-03-20,47278,47484,46151,46565,4364800
2014-03-21,47381,47832,46721,47272,4187600
2014-03-24,47993,48142,47382,47382,3008900
2014-03-25,48180,48441,47950,47993,2953800
2014-03-26,47966,48725,47963,48182,3439100
2014-03-27,49647,49647,47962,47965,5928200
2014-03-28,49768,50181,49606,49653,4230500
2014-03-31,50415,50418,49770,49770,3645900
2014-04-01,50270,50627,49774,50412,3501200
2014-04-02,51701,51794,50201,50273,4790700
2014-04-03,51408,51991,51059,51712,3503400
2014-04-04,51082,52288,51034,51428,3696200
2014-04-07,52155,52229,51115,51115,3673400
2014-04-08,51629,53394,51377,52173,5496100
2014-04-09,51185,51629,50653,51629,4195300
2014-04-10,51127,51522,50732,51185,3588900
2014-04-11,51867,51871,50518,51127,3395300
2014-04-14,51596,52110,51361,51867,2686800
2014-04-15,50454,51593,49890,51593,3858800
2014-04-16,51201,51288,50469,50469,3427100
2014-04-17,52112,52338,50887,51201,3015500
2014-04-22,51977,52460,51682,52112,3492900
2014-04-23,51570,51975,51400,51975,2844000
2014-04-24,51817,51963,51238,51570,3186900
2014-04-25,51399,51817,51019,51817,2954700
2014-04-28,51384,51471,50777,51397,2711300
2014-04-29,51839,52416,51386,51386,4326300
2014-04-30,51626,51837,51250,51837,4623600
2014-05-02,52980,53060,51628,51630,8106000
2014-05-05,53446,53506,52931,52989,4441100
2014-05-06,53780,53986,53094,53446,4965700
2014-05-07,54053,54226,53499,53786,4569600
2014-05-08,53422,54249,53222,54053,3344300
2014-05-09,53100,53639,53057,53422,3177900
2014-05-12,54053,54053,53103,53103,2744300
2014-05-13,53907,54243,53731,54056,2956600
2014-05-14,54413,54459,53867,53913,2878900
2014-05-15,53856,54404,53565,54404,3436100
2014-05-16,53976,54382,53709,53856,3541400
2014-05-19,53353,53991,53267,53976,3089500
2014-05-20,52366,53843,52313,53353,3948600
2014-05-21,52203,52875,52203,52366,3248100
2014-05-22,52806,52851,52133,52206,2941400
2014-05-23,52626,52936,52403,52807,2462300
2014-05-26,52932,53044,52649,52649,1186800
2014-05-27,52172,53309,52079,52932,2894700
2014-05-28,52640,52858,52009,52174,2842500
2014-05-29,52239,52889,52031,52649,2394300
2014-05-30,51239,52233,51239,52233,4533200
2014-06-02,51606,51879,51239,51239,2597900
2014-06-03,52032,52032,51377,51606,2859400
2014-06-04,51833,52032,51609,52032,2571500
2014-06-05,51559,52245,51470,51833,2890000
2014-06-06,53129,53175,51562,51562,4298400
2014-06-09,54273,54462,53091,53129,3660000
2014-06-10,54604,54604,53960,54273,3729900
2014-06-11,55102,55284,54676,54676,3796000
2014-06-13,54807,55104,54649,55102,2664400
2014-06-16,54630,54855,54475,54807,2637400
2014-06-17,54300,54638,54150,54630,1588400
2014-06-18,55203,55203,54046,54301,3265400
2014-06-20,54638,55192,54540,55192,2347800
2014-06-23,54210,54724,54097,54637,1403100
2014-06-24,54281,55002,54094,54194,3121500
2014-06-25,53426,54393,53363,54281,2953100
2014-06-26,53506,53790,53331,53426,2241300
2014-06-27,53157,53614,52919,53507,2370800
2014-06-30,53168,53311,52709,53158,2448700
2014-07-01,53171,53698,52887,53170,2693300
2014-07-02,53029,53245,52735,53171,3156000
2014-07-03,53875,53877,52760,53029,3302900
2014-07-04,54055,54086,53703,53892,753800
2014-07-07,53802,54042,53376,54042,2194500
2014-07-08,53635,53905,53459,53814,1854600
2014-07-10,54593,54600,53643,53643,4720300
2014-07-11,54786,54952,54320,54593,3377200
2014-07-14,55744,55896,54786,54786,4170300
2014-07-15,55974,56107,55629,55742,3222300
2014-07-16,55717,56332,55573,55973,4094500
2014-07-17,55638,56190,55237,55712,3975700
2014-07-18,57013,57484,55639,55639,5296300
2014-07-21,57634,57756,56864,57014,3034800
2014-07-22,57983,58138,57500,57636,3010300
2014-07-23,57420,57983,57142,57983,2735100
2014-07-24,57978,58122,57357,57420,3040100
2014-07-25,57821,58069,57648,57978,2422200
2014-07-28,57696,58040,57415,57823,2366800
2014-07-29,57119,58013,57083,57697,2702100
2014-07-30,56878,57439,56706,57119,2446200
2014-07-31,55829,56878,55502,56878,3488600
2014-08-01,55903,56059,55267,55827,3229100
2014-08-04,56616,56620,55586,55906,2195100
2014-08-05,56202,56937,56064,56621,3752600
2014-08-06,56487,56797,55696,56202,4006200
2014-08-07,56188,56923,55985,56487,3049200
2014-08-08,55573,56187,55319,56187,3017300
2014-08-11,56613,56657,55578,55578,2672500
2014-08-12,56442,56811,56312,56613,2145000
2014-08-13,55581,56736,55239,56454,4810800
2014-08-14,55780,55947,55437,55558,3045400
2014-08-15,56964,56965,55783,55783,3437700
2014-08-18,57561,57665,56968,56968,3268300
2014-08-19,58449,58475,57371,57561,3485000
2014-08-20,58878,59010,58320,58450,3300100
2014-08-21,58992,59207,58558,58878,3322000
2014-08-22,58407,58992,58164,58992,2327300
2014-08-25,59735,59743,58408,58408,2875600
2014-08-26,59821,60093,59522,59735,4014100
2014-08-27,60951,61247,59822,59822,5389100
2014-08-28,60291,60980,60189,60945,4462600
2014-08-29,61288,61442,60272,60291,4942400
2014-09-01,61141,62279,61141,61294,2769100
2014-09-02,61896,62231,60930,61142,3995800
2014-09-03,61837,62305,61199,61900,4164300
2014-09-04,60800,61836,60739,61836,4010700
2014-09-05,60681,61029,60243,60800,3808600
2014-09-08,59193,61513,59191,60708,4386000
2014-09-09,58676,59485,58306,59158,4461200
2014-09-10,58199,58675,57450,58675,3805800
2014-09-11,58337,58809,58112,58202,2893100
2014-09-12,56928,58336,56666,58336,4620200
2014-09-15,57949,57949,56852,56930,2902300
2014-09-16,59115,60243,57946,57949,4876300
2014-09-17,59108,60025,59096,59115,3525800
2014-09-18,58374,59267,58118,59108,3848200
2014-09-19,57789,58516,57514,58356,3464700
2014-09-22,56818,57788,55974,57788,3814900
2014-09-23,56541,57332,56086,56818,3317200
2014-09-24,56824,57131,55934,56539,2848300
2014-09-25,55962,56822,55876,56822,2845400
2014-09-26,57212,57489,55946,55965,2982200
2014-09-29,54625,57211,54124,57211,5186400
2014-09-30,54116,54626,53536,54626,5222300
2014-10-01,52858,54115,52647,54115,4918800
2014-10-02,53519,54022,52480,52859,3986300
2014-10-03,54540,54540,53368,53519,3708600
2014-10-06,57116,58897,54542,54542,6714000
2014-10-07,57436,58318,57124,57124,4874100
2014-10-08,57058,58191,56199,57440,4807200
2014-10-09,57268,58246,57077,57079,4503200
2014-10-10,55312,57266,55312,57266,3635700
2014-10-13,57957,58747,55313,55313,4544400
2014-10-14,58015,58856,57258,57945,3904700
2014-10-15,56135,58012,54919,58012,5671200
2014-10-16,54298,56124,54132,56124,5427800
2014-10-17,55724,55949,54298,54298,4406300
2014-10-20,54303,55720,54300,55720,3868300
2014-10-21,52432,54300,51922,54300,6578000
2014-10-22,52411,53229,52064,52427,3755400
2014-10-23,50713,52409,50654,52409,6346100
2014-10-24,51941,53146,50596,50687,5852100
2014-10-27,50504,51937,48722,51937,7999300
2014-10-28,52330,52374,50503,50504,5761300
2014-10-29,51049,52330,51049,52330,4915300
2014-10-30,52337,52574,51049,51049,4299700
2014-10-31,54629,54629,52335,52338,5348200
2014-11-03,53947,54629,53054,54629,3665200
2014-11-04,54384,54384,53432,53947,3529800
2014-11-05,53698,54384,53589,54384,2901600
2014-11-06,52637,53697,52418,53697,3692500
2014-11-07,53223,53483,52197,52637,3592600
2014-11-10,52725,53830,52716,53223,2973700
2014-11-11,52474,52718,52003,52718,2678500
2014-11-12,52979,53435,52187,52473,3198600
2014-11-13,51846,53323,51846,52979,3032900
2014-11-14,51772,51900,50886,51834,3789300
2014-11-17,51257,52223,51047,51772,2824600
2014-11-18,52062,52122,51067,51257,3639700
2014-11-19,53403,53403,52032,52062,4251300
2014-11-21,56084,56214,53403,53403,6026200
2014-11-24,55407,57359,55292,56086,4588700
2014-11-25,55561,56387,55204,55410,5033200
2014-11-26,55098,56100,54977,55561,3033300
2014-11-27,54721,56065,54592,55099,2292700
2014-11-28,54664,55436,54664,54731,2637700
2014-12-01,52276,54719,52156,54719,4312800
2014-12-02,51612,52639,51471,52277,3296400
2014-12-03,52320,52470,51610,51610,2724600
2014-12-04,51427,52539,51074,52320,2913300
2014-12-05,51992,52023,51163,51427,2530100
2014-12-08,50274,51992,50015,51992,3302600
2014-12-09,50193,50260,49395,50250,3852900
2014-12-10,49548,50192,49297,50192,3168900
2014-12-11,49861,49946,48808,49548,3828900
2014-12-12,48002,49861,47973,49861,3756700
2014-12-15,47019,48401,46410,48002,4685700
2014-12-16,47008,47595,45853,47016,5339900
2014-12-17,48714,49258,47008,47008,6209500
2014-12-18,48496,49565,48296,48714,4240500
2014-12-19,49651,49658,48435,48492,3620400
2014-12-22,50121,50121,49105,49651,2675200
2014-12-23,50890,50890,49815,50121,2668300
2014-12-26,50145,50973,49914,50891,1911100
2014-12-29,50594,50903,50008,50145,1852500
2014-12-30,50007,50841,49993,50601,2925300
2015-01-02,48512,50005,48345,50005,2882100
2015-01-05,47517,48512,47264,48512,3866100
2015-01-06,48001,48061,47338,47517,4559300
2015-01-07,49463,49882,48006,48006,4408800
2015-01-08,49943,50261,49017,49463,3621900
2015-01-09,48840,49955,48501,49955,2999200
2015-01-12,48140,48840,47956,48840,3246100
2015-01-13,48042,48939,48042,48144,3881600
2015-01-14,47646,48281,47372,48038,3697200
2015-01-15,48026,48853,47648,47648,4463600
2015-01-16,49017,49264,48028,48028,3344900
2015-01-19,47758,49009,47503,49009,2096000
2015-01-20,47877,48687,47619,47759,2899100
2015-01-21,49224,49329,47888,47888,3561400
2015-01-22,49443,50281,49227,49227,4952300
2015-01-23,48775,49523,48496,49432,3081600
2015-01-26,48577,48712,48004,48712,2774200
2015-01-27,48591,48864,47352,48577,3890900
2015-01-28,47695,48589,47550,48589,4241400
2015-01-29,47762,47894,47007,47696,4405500
2015-01-30,46908,47759,46484,47759,4846600
2015-02-02,47651,47684,46760,46933,3247800
2015-02-03,48964,48993,47664,47664,4819800
2015-02-04,49301,49718,48214,48965,4811300
2015-02-05,49234,49816,49020,49299,4004000
2015-02-06,48792,49231,48209,49231,4591400
2015-02-09,49383,49522,48416,48792,3658900
2015-02-10,48510,49799,48510,49359,3796000
2015-02-11,48240,48762,47841,48508,4307600
2015-02-12,49533,49690,48240,48240,3828500
2015-02-13,50636,50726,49476,49546,3888100
2015-02-18,51280,51868,50639,50639,2940700
2015-02-19,51294,51638,50870,51281,2485100
2015-02-20,51238,51450,50711,51301,2208700
2015-02-23,51281,51690,50861,51238,2824500
2015-02-24,51874,51956,51049,51288,3004200
2015-02-25,51811,51863,51051,51863,3477200
2015-02-26,51761,51922,51181,51812,3239000
2015-02-27,51583,52457,51474,51760,4177300
2015-03-02,51021,51580,50775,51580,2793700
2015-03-03,51304,51432,50995,51021,2746200
2015-03-04,50468,51303,50399,51303,3654700
2015-03-05,50365,50734,50114,50472,2732500
2015-03-06,49981,50401,49779,50355,2787800
2015-03-09,49181,49978,48952,49978,3299100
2015-03-10,48293,49177,48293,49177,4434300
2015-03-11,48906,48937,48309,48309,3839700
2015-03-12,48880,49633,48684,48908,3833200
2015-03-13,48596,48858,47905,48858,4475600
2015-03-16,48848,49205,48394,48602,3155400
2015-03-17,50285,50384,48841,48849,4013900
2015-03-18,51526,51773,49788,50284,4458900
2015-03-19,50954,51547,50791,51530,3263600
2015-03-20,51967,52286,50964,50964,4916800
2015-03-23,51908,52178,51516,51970,3397500
2015-03-24,51506,52223,51006,51908,3436500
2015-03-25,51858,52319,51507,51507,4774600
2015-03-26,50580,51835,50528,51835,3638500
2015-03-27,50095,50575,49909,50575,3927700
2015-03-30,51243,51265,50100,50100,2798500
2015-03-31,51150,51466,50612,51243,3511300
2015-04-01,52322,52613,51186,51186,4411500
2015-04-02,53123,53312,52322,52322,4266500
2015-04-06,53737,54146,53122,53124,3322100
2015-04-07,53729,54002,53436,53738,3487100
2015-04-08,53661,54458,53508,53732,4780400
2015-04-09,53803,54002,53292,53638,4338300
2015-04-10,54214,54413,53556,53803,3683000
2015-04-13,54240,54866,54004,54214,3660300
2015-04-14,53982,54625,53773,54240,3747100
2015-04-15,54919,54960,54037,54037,4069600
2015-04-16,54674,54919,54316,54919,4133000
2015-04-17,53955,54672,53896,54672,3537200
2015-04-20,53761,54385,53510,53965,2688000
2015-04-22,54617,54848,53762,53762,3700600
2015-04-23,55685,55782,54064,54616,5535100
2015-04-24,56594,56965,55687,55687,4982000
2015-04-27,55535,56962,55515,56554,3854300
2015-04-28,55812,56018,54973,55549,4082600
2015-04-29,55325,55809,55067,55809,3888400
2015-04-30,56229,56229,55080,55312,4947500
2015-05-04,57354,57520,56230,56230,3492600
2015-05-05,58052,58147,57096,57350,3903800
2015-05-06,57103,58575,56820,58050,4598400
2015-05-07,56921,57290,56507,57103,3065100
2015-05-08,57149,57621,56595,56965,3410900
2015-05-11,57197,57490,57013,57166,2966300
2015-05-12,56792,57424,56753,57193,3087600
2015-05-13,56372,56900,56199,56790,3071700
2015-05-14,56657,56921,56105,56376,3209800
2015-05-15,57249,57288,56422,56656,2894400
2015-05-18,56204,57606,55926,57250,3778400
2015-05-19,55499,56212,55027,56204,3223000
2015-05-20,54901,55645,54820,55497,3278700
2015-05-21,55112,55112,54526,54900,3303700
2015-05-22,54377,55223,54038,55112,3689100
2015-05-25,54609,54868,53972,54378,1604600
2015-05-26,53630,54609,53548,54609,3324200
2015-05-27,54236,54293,53136,53631,3475600
2015-05-28,53976,54230,53363,54230,2914500
2015-05-29,52760,53974,52760,53974,5553300
2015-06-01,53031,53233,52666,52753,2675400
2015-06-02,54236,54236,53035,53035,3476000
2015-06-03,53523,54254,53462,54254,3317500
2015-06-05,52973,53518,52808,53518,2729100
2015-06-08,52810,53325,52810,52975,2582500
2015-06-09,52816,53292,52688,52810,3678000
2015-06-10,53876,54102,52817,52817,3587500
2015-06-11,53689,54271,53444,53876,3093500
2015-06-12,53348,53689,53033,53689,2379500
2015-06-15,53138,53338,52548,53338,2607700
2015-06-16,53702,53969,53107,53144,3280300
2015-06-17,53249,53755,52965,53698,2993200
2015-06-18,54239,54352,53214,53251,2665000
2015-06-19,53749,54236,53479,54236,2948200
2015-06-22,53864,54342,53655,53750,2354400
2015-06-23,53772,54361,53772,53865,2625300
2015-06-24,53843,54236,53628,53772,2731100
2015-06-25,53176,53840,52879,53840,3234900
2015-06-26,54017,54076,53151,53181,2705400
2015-06-29,53014,54013,52647,54013,2550600
2015-06-30,53081,53345,52813,53014,3021100
2015-07-01,52758,53456,52603,53081,2714000
2015-07-02,53106,53357,52758,52758,2998100
2015-07-03,52519,53106,52370,53106,1498600
2015-07-06,52149,52679,51683,52511,2573500
2015-07-07,52344,52388,51130,52149,3538900
2015-07-08,51782,52468,51574,52343,2880300
2015-07-10,52591,52786,51782,51782,2678700
2015-07-13,53119,53164,52591,52591,2606900
2015-07-14,53239,53416,52653,53119,2740900
2015-07-15,52902,53334,52790,53239,2533600
2015-07-16,53070,53417,52714,52902,2075700
2015-07-17,52342,53310,52221,53070,2440800
2015-07-20,51600,52424,51525,52341,2635000
2015-07-21,51474,51998,51244,51603,2942600
2015-07-22,50916,51474,50592,51474,3123300
2015-07-23,49807,51063,49668,50916,4181500
2015-07-24,49246,49831,48624,49804,3632500
2015-07-27,48736,49298,48640,49246,3489100
2015-07-28,49602,49871,48740,48740,4137600
2015-07-29,50245,50333,49422,49602,3746800
2015-07-30,49897,50645,49612,50245,3261200
2015-07-31,50865,50895,49892,49897,3142200
2015-08-03,50138,50867,50054,50867,2613200
2015-08-04,50058,50574,49827,50138,2670400
2015-08-05,50287,50853,50067,50067,2662100
2015-08-06,50011,50534,49624,50280,3640800
2015-08-07,48577,50013,48512,50013,3218400
2015-08-10,49353,49512,48578,48578,2842100
2015-08-11,49072,49340,48306,49340,3288000
2015-08-12,48388,49064,48028,49064,4234500
2015-08-13,48010,48606,47722,48390,3186500
2015-08-14,47508,48186,47508,48010,2878900
2015-08-17,47217,47788,47217,47509,2411800
2015-08-18,47451,48084,46676,47220,3544600
2015-08-19,46588,47451,45977,47451,3236800
2015-08-20,46649,46781,46030,46588,2945700
2015-08-21,45720,46649,45677,46649,2869600
2015-08-24,44336,45715,42749,45715,4727700
2015-08-25,44545,45588,44338,44338,3726600
2015-08-26,46038,46039,44540,44546,3739600
2015-08-27,47715,47997,46038,46038,4252000
2015-08-28,47154,47872,46847,47697,3778600
2015-08-31,46626,47151,45570,47151,4667300
2015-09-01,45477,46625,45278,46625,3665000
2015-09-02,46464,46474,45445,45484,3740100
2015-09-03,47366,47532,46279,46468,4103000
2015-09-04,46498,47377,46320,47366,4174900
2015-09-08,46762,47243,46497,46501,2851000
2015-09-09,46657,47840,46614,46762,3699200
2015-09-10,46504,46819,45592,46656,4483200
2015-09-11,46401,46558,46176,46509,3615300
2015-09-14,47282,47386,46218,46400,3579400
2015-09-15,47364,47689,46746,47281,3562000
2015-09-16,48553,48681,47364,47364,4320300
2015-09-17,48551,49396,48082,48553,4184700
2015-09-18,47264,48550,46928,48550,4381000
2015-09-21,46590,47391,46425,47263,2601200
2015-09-22,46265,46585,45276,46585,4193100
2015-09-23,45340,46480,45340,46263,3962000
2015-09-24,45292,45572,44183,45340,4331700
2015-09-25,44831,45969,44697,45300,3135300
2015-09-28,43957,44832,43767,44832,2771900
2015-09-29,44132,44531,43956,43956,2960700
2015-09-30,45059,45294,44132,44132,4831200
2015-10-01,45313,45547,44789,45064,3773200
2015-10-02,47033,47033,44973,45313,4001300
2015-10-05,47598,48081,47019,47033,3323700
2015-10-06,47735,48092,47389,47598,3370800
2015-10-07,48914,49290,47715,47735,6060700
2015-10-08,49107,49247,48658,48915,3585000
2015-10-09,49338,49752,48698,49105,4551200
2015-10-13,47363,49339,47135,49339,4221100
2015-10-14,46710,47715,46701,47349,6141700
2015-10-15,47161,47188,46321,46730,3653000
2015-10-16,47236,47727,46517,47161,3537700
2015-10-19,47447,47536,46917,47242,3133600
2015-10-20,47077,47728,46623,47447,3297000
2015-10-21,47026,47274,46654,47077,2957300
2015-10-22,47772,47909,47027,47027,3124100
2015-10-23,47597,48837,47502,47774,3592300
2015-10-26,47209,47875,47105,47607,2451400
2015-10-27,47043,47338,46742,47205,3443800
2015-10-28,46741,47441,46388,47038,4085200
2015-10-29,45628,46740,45628,46740,3082000
2015-10-30,45869,45975,45401,45628,3231400
2015-11-03,48054,48054,45866,45869,4603800
2015-11-04,47710,49054,47441,48059,3627200
2015-11-05,48047,48061,47430,47712,3189000
2015-11-06,46919,48046,46397,48046,3091100
2015-11-09,46195,47001,46057,46915,2278500
2015-11-10,46179,46195,45397,46195,2401800
2015-11-11,47065,47231,46207,46207,3071700
2015-11-12,46884,47460,46696,47065,3154200
2015-11-13,46517,46884,46311,46884,3517200
2015-11-16,46847,46905,46399,46519,3144900
2015-11-17,47248,47698,46848,46848,3341700
2015-11-18,47436,47951,47241,47241,3965500
2015-11-19,48139,48227,47437,47437,4069100
2015-11-23,48150,48745,47988,48138,3277600
2015-11-24,48284,48320,47442,48143,3445700
2015-11-25,46867,48270,46742,48270,3976000
2015-11-26,47146,47199,46867,46867,2288300
2015-11-27,45873,47144,45812,47144,3031900
2015-11-30,45120,45931,45106,45871,7164800
2015-12-01,45047,45482,44775,45121,4176300
2015-12-02,44915,45338,44579,45046,4179400
2015-12-03,46393,47142,44923,44923,4421500
2015-12-04,45361,46385,45023,46385,3520900
2015-12-07,45223,46157,45217,45361,2853300
2015-12-08,44443,45233,44232,45223,3203200
2015-12-09,46108,46438,44444,44444,4446400
2015-12-10,45631,46323,45351,46084,3638300
2015-12-11,45263,45981,45068,45630,3281900
2015-12-14,44747,45258,44531,45258,2481600
2015-12-15,44872,45423,44748,44748,2558500
2015-12-16,45016,45099,44095,44868,3324300
2015-12-17,45261,46251,45016,45016,3028800
2015-12-18,43911,45249,43690,45249,4564700
2015-12-21,43200,44223,43196,43912,3452900
2015-12-22,43470,43632,43137,43208,2577000
2015-12-23,44015,44233,43479,43479,2501300
2015-12-28,43764,44087,43709,44016,1793200
2015-12-29,43654,44042,43523,43781,1675900
2015-12-30,43350,43662,43217,43653,2679200
2016-01-04,42141,43349,42125,43349,2976300
2016-01-05,42419,42534,42137,42139,2557200
2016-01-06,41773,42410,41590,42410,3935900
2016-01-07,40695,41772,40695,41772,4032300
2016-01-08,40612,41218,40463,40695,3221600
2016-01-11,39950,40974,39924,40612,3086400
2016-01-12,39514,40261,39426,39955,3383700
2016-01-13,38944,40050,38822,39518,3569600
2016-01-14,39500,39502,38459,38944,3868600
2016-01-15,38569,39494,37986,39494,4076400
2016-01-18,37937,38633,37937,38572,2161200
2016-01-19,38057,38857,37941,37941,3044900
2016-01-20,37645,38056,37046,38056,3958400
2016-01-21,37717,38079,37495,37647,3773600
2016-01-22,38031,38444,37737,37737,4197500
2016-01-26,37497,38031,37112,38031,3607000
2016-01-27,38376,38766,37402,37501,4648600
2016-01-28,38630,39100,37996,38376,4464600
2016-01-29,40406,40406,38635,38635,5475700
2016-02-01,40570,40570,39738,40397,3661700
2016-02-02,38596,40564,38596,40564,4425300
2016-02-03,39589,39726,38597,38597,4238100
2016-02-04,40822,41444,39589,39589,5388500
2016-02-05,40592,41249,40566,40812,3669000
2016-02-10,40377,40592,39960,40592,3700000
2016-02-11,39318,40370,38928,40370,3794000
2016-02-12,39808,39901,39324,39324,3327800
2016-02-15,40093,40671,39808,39808,1694300
2016-02-16,40948,41206,40074,40093,3921300
2016-02-17,41631,42436,40958,40958,5307100
2016-02-18,41478,41698,41183,41624,3534900
2016-02-19,41543,41828,41071,41477,3298700
2016-02-22,43235,43345,41544,41544,4508500
2016-02-23,42521,43601,42359,43235,3805300
2016-02-24,42085,42521,41211,42521,3522700
2016-02-25,41888,42327,41442,42084,4046700
2016-02-26,41593,42495,41417,41889,3274600
2016-02-29,42794,43053,41599,41599,4473500
2016-03-01,44122,44181,42795,42795,4610100
2016-03-02,44893,44983,43841,44122,5009600
2016-03-03,47193,47375,44900,44900,9031000
2016-03-04,49085,50024,47194,47194,10284300
2016-03-07,49246,49639,48746,49089,5720600
2016-03-08,49102,49914,48847,49244,7150500
2016-03-09,48665,50001,48623,49102,6230600
2016-03-10,49571,49974,47922,48667,7467200
2016-03-11,49639,50038,49156,49574,6002200
2016-03-14,48867,50166,48757,49639,4801100
2016-03-15,47130,48866,46684,48866,5502200
2016-03-16,47763,47814,46521,47130,5111000
2016-03-17,50914,51268,47770,47770,7245100
2016-03-18,50815,51308,50202,50915,5448400
2016-03-21,51172,51370,50765,50816,3708500
2016-03-22,51010,51215,50812,51170,3896600
2016-03-23,49690,51005,49491,51005,3638700
2016-03-24,49657,49686,48778,49686,3688400
2016-03-28,50838,51149,49687,49687,3515800
2016-03-29,51155,51765,50387,50839,4320900
2016-03-30,51249,52262,50900,51155,4730600
2016-03-31,50055,51248,49642,51248,4251900
2016-04-01,50562,50768,49361,50054,3890600
2016-04-04,48780,50556,48600,50556,3556500
2016-04-05,49054,49629,48149,48778,3546100
2016-04-06,48096,49054,47874,49054,3810000
2016-04-07,48513,48940,48099,48099,3059900
2016-04-08,50293,50486,48517,48517,5047700
2016-04-11,50165,51089,50078,50303,4050700
2016-04-12,52002,52327,50166,50166,5146900
2016-04-13,53150,53844,52010,52010,6376500
2016-04-14,52411,53699,52242,53150,5492100
2016-04-15,53228,53390,52414,52414,5047800
2016-04-18,52894,53479,52305,53229,4385600
2016-04-19,53710,54054,52894,52894,5033900
2016-04-20,53631,53857,53149,53711,4554100
2016-04-22,52908,53630,52629,53630,4259400
2016-04-25,51862,52949,51748,52911,3693200
2016-04-26,53083,53108,51838,51867,3749400
2016-04-27,54478,54560,53094,53094,4897900
2016-04-28,54312,54978,53963,54475,4413500
2016-04-29,53911,54705,53592,54317,4898400
2016-05-02,53562,54113,53265,53910,3286100
2016-05-03,52260,53557,52260,53557,3892400
2016-05-04,52553,52672,51931,52253,4263800
2016-05-05,51671,53071,51311,52569,3653100
2016-05-06,51718,52159,51204,51671,3296100
2016-05-09,50990,51717,49908,51717,4938400
2016-05-10,53071,53071,50994,50994,4079200
2016-05-11,52764,53976,52736,53072,4350000
2016-05-12,53241,53703,52424,52765,4630400
2016-05-13,51804,53250,51366,53236,4314300
2016-05-16,51803,52305,51585,51803,3529500
2016-05-17,50839,51946,50689,51795,3871100
2016-05-18,50562,51373,50301,50836,4072500
2016-05-19,50133,50556,49588,50556,3905500
2016-05-20,49723,50822,49723,50133,3254500
2016-05-23,49330,49709,48695,49709,3412800
2016-05-24,49345,50002,49153,49330,3138900
2016-05-25,49483,50357,49347,49347,3472600
2016-05-27,49051,49805,48869,49481,2711800
2016-05-30,48964,49203,48799,49051,1169200
2016-05-31,48472,49269,48292,48963,5802800
2016-06-01,49013,49057,48200,48468,3290000
2016-06-02,49887,49906,48781,49008,3525800
2016-06-03,50619,50634,49888,49888,3329400
2016-06-06,50432,50924,50097,50627,3111900
2016-06-07,50488,50641,50005,50432,2958800
2016-06-08,51629,51812,50490,50490,4206400
2016-06-09,51118,51633,50832,51633,3213200
2016-06-10,49422,51117,49421,51117,2977400
2016-06-13,49661,49764,48804,49419,2630500
2016-06-14,48648,49894,48216,49662,3885000
2016-06-15,48915,49415,48324,48649,5009800
2016-06-16,49412,49412,48067,48901,3887200
2016-06-17,49534,50191,49405,49409,4248900
2016-06-20,50329,50782,49539,49539,3487000
2016-06-21,50838,50870,49678,50326,3349200
2016-06-22,50156,51239,50060,50835,3632900
2016-06-23,51560,51673,50161,50161,3166800
2016-06-24,50105,51561,49544,51561,4139100
2016-06-27,49246,50162,48954,50106,3228500
2016-06-28,50007,50301,49252,49252,3406400
2016-06-29,51002,51229,50009,50009,3970100
2016-06-30,51527,51619,50585,51001,4377800
2016-07-01,52233,52346,51411,51540,4116100
2016-07-04,52569,52918,52241,52241,2081800
2016-07-05,51842,52565,51510,52565,3121400
2016-07-06,51902,51909,50825,51842,3277000
2016-07-07,52015,52719,51888,51902,3712200
2016-07-08,53141,53166,52020,52020,2995500
2016-07-11,53960,54021,53143,53143,3206300
2016-07-12,54256,54746,53961,53961,3878700
2016-07-13,54598,54647,53733,54256,4037100
2016-07-14,55481,55634,54601,54601,4408500
2016-07-15,55578,55649,55233,55482,3684500
2016-07-18,56484,56509,55355,55573,3984500
2016-07-19,56698,56698,56246,56487,3794000
2016-07-20,56578,56927,56221,56699,3865800
2016-07-21,56641,56906,56233,56578,3486900
2016-07-22,57002,57171,56518,56641,2912000
2016-07-25,56873,57205,56398,57006,3126900
2016-07-26,56783,57309,56708,56876,3351800
2016-07-27,56853,57380,56788,56788,3795700
2016-07-28,56667,56853,55993,56853,3912600
2016-07-29,57308,57474,56340,56664,4416500
2016-08-01,56756,57729,56676,57309,4088000
2016-08-02,56162,56974,55696,56756,3857700
2016-08-03,57077,57101,55788,56157,4058600
2016-08-04,57594,58030,57076,57076,4192000
2016-08-05,57661,57951,57290,57609,3354600
2016-08-08,57635,57917,57504,57655,3153800
2016-08-09,57689,58095,57615,57637,3049900
2016-08-10,56920,57953,56735,57690,3510600
2016-08-11,58300,58308,56923,56925,3905700
2016-08-12,58298,58753,57987,58300,3811800
2016-08-15,59146,59324,58316,58316,3487200
2016-08-16,58855,59187,58589,59144,3874400
2016-08-17,59324,59324,58081,58847,4179800
2016-08-18,59166,59418,58829,59324,3608700
2016-08-19,59099,59240,58599,59158,2661700
2016-08-22,57781,59099,57631,59080,3133500
2016-08-23,58020,58596,57781,57781,3635900
2016-08-24,57718,58332,57456,58019,3221400
2016-08-25,57722,58124,57639,57718,2974200
2016-08-26,57716,58655,57259,57725,3611600
2016-08-29,58610,58957,57642,57717,2759700
2016-08-30,58575,58882,58293,58610,2729400
2016-08-31,57901,58910,57506,58580,4077700
2016-09-01,58236,58417,57638,57901,3687600
2016-09-02,59616,59655,58241,58241,3771500
2016-09-05,59566,59986,59402,59616,1824900
2016-09-06,60129,60129,59182,59566,3150500
2016-09-08,60232,60310,59743,60129,3843900
2016-09-09,58000,60220,57961,60220,3992900
2016-09-12,58586,58595,57511,57998,3529200
2016-09-13,56821,58580,56459,58580,4377800
2016-09-14,57059,57342,56694,56812,3329100
2016-09-15,57909,58127,57068,57068,2812000
2016-09-16,57080,57909,56794,57909,3710700
2016-09-19,57350,58025,57083,57083,2691100
2016-09-20,57736,57902,57356,57356,3001000
2016-09-21,58394,58575,57326,57736,3889700
2016-09-22,58994,59462,58408,58408,3365300
2016-09-23,58697,59131,58409,58992,2809900
2016-09-26,58054,58697,57904,58697,2108800
2016-09-27,58382,58490,57411,58066,2953400
2016-09-28,59356,59415,58353,58383,3233400
2016-09-29,58351,59621,58292,59346,3200300
2016-09-30,58367,58900,58271,58350,2858200
2016-10-03,59461,59549,58367,58370,2774100
2016-10-04,59339,59580,58892,59461,3894600
2016-10-05,60254,60477,59340,59340,3378900
2016-10-06,60644,60724,60070,60254,3507200
2016-10-07,61109,61275,60479,60645,4243800
2016-10-10,61668,61756,61130,61130,2936900
2016-10-11,61022,61668,60885,61668,3568000
2016-10-13,61119,61329,60243,61020,4952700
2016-10-14,61767,62039,61120,61120,3691200
2016-10-17,62696,62696,61719,61768,3340700
2016-10-18,63782,63937,62701,62701,4390300
2016-10-19,63506,64089,63309,63784,3614000
2016-10-20,63838,63927,62729,63495,3421500
2016-10-21,64108,64372,63379,63838,3662900
2016-10-24,64060,64691,63914,64141,3663900
2016-10-25,63866,64266,63248,64059,3918100
2016-10-26,63826,63924,63084,63860,4299200
2016-10-27,64250,64609,63827,63827,3587500
2016-10-28,64308,64728,63778,64251,3788500
2016-10-31,64925,65054,64312,64312,3816900
2016-11-01,63326,65291,63019,64922,4505600
2016-11-03,61750,63524,61750,63325,4124000
2016-11-04,61598,62699,61491,61749,3972500
2016-11-07,64052,64193,61601,61601,3325900
2016-11-08,64158,64767,63381,64052,3265100
2016-11-09,63258,64358,61794,64157,5630100
2016-11-10,61201,63903,60553,63261,7623700
2016-11-11,59184,61626,58921,61199,7572800
2016-11-14,59657,59961,58322,59183,5408500
2016-11-16,60759,60915,59364,59658,4582900
2016-11-17,59770,61493,59746,60763,3531300
2016-11-18,59962,60193,59327,59770,3462400
2016-11-21,61070,61070,59963,59963,3520100
2016-11-22,61954,62550,61072,61072,3987100
2016-11-23,61986,62046,61234,61956,3489700
2016-11-24,61396,62105,61392,61999,1647100
2016-11-25,61559,61559,60573,61394,2653700
2016-11-28,62855,62934,61240,61559,2752000
2016-11-29,60987,62859,60980,62859,3423900
2016-11-30,61906,62590,60994,60994,4587300
2016-12-01,59507,61911,59058,61906,5352800
2016-12-02,60316,60379,58092,59499,4344200
2016-12-05,59832,60720,59635,60322,2861200
2016-12-06,61088,61235,59396,59828,3606500
2016-12-07,61414,61918,61062,61111,3841700
2016-12-08,60677,61936,60499,61430,2936600
2016-12-09,60501,61129,60316,60688,3339800
2016-12-12,59179,60517,59035,60517,3244400
2016-12-13,59281,59946,58758,59178,3589100
2016-12-14,58212,59338,58212,59280,3857000
2016-12-15,58396,58635,57575,58214,3569400
2016-12-16,58389,59312,58365,58398,3683900
2016-12-19,57111,58600,57109,58390,3396500
2016-12-20,57583,57918,57038,57116,2673400
2016-12-21,57647,58049,57221,57583,2461900
2016-12-22,57255,57646,56829,57646,2809800
2016-12-23,57937,58143,57255,57255,2155400
2016-12-26,58620,58781,57941,57941,680200
2016-12-27,58697,59068,58402,58627,1624700
2016-12-28,59782,59911,58688,58688,1960500
2016-12-29,60227,60248,59278,59782,2119500
2017-01-02,59589,60227,59371,60227,808700
2017-01-03,61814,61815,59631,59631,3328300
2017-01-04,61589,61940,61302,61811,2840800
2017-01-05,62071,62409,61594,61594,3313000
2017-01-06,61665,62072,61396,62072,2374800
2017-01-09,61700,62112,61307,61680,2480800
2017-01-10,62132,62446,61710,61710,2623400
2017-01-11,62446,62674,61665,62134,3139800
2017-01-12,63954,64342,62448,62448,4535000
2017-01-13,63652,64092,63366,63940,2735500
2017-01-16,63831,64014,63556,63652,1763700
2017-01-17,64354,64658,63456,63827,2933800
2017-01-18,64150,64680,64063,64360,3008900
2017-01-19,63951,64456,63574,64145,2867100
2017-01-20,64521,64694,63951,63951,3416700
2017-01-23,65749,65816,64500,64519,2957000
2017-01-24,65840,66173,65615,65752,3850500
2017-01-26,66191,66594,65842,65842,3494100
2017-01-27,66034,66242,65876,66195,2583400
2017-01-30,64302,66025,64165,66025,2264300
2017-01-31,64671,64901,64284,64310,2737700
2017-02-01,64836,65594,64687,64687,3214300
2017-02-02,64578,65132,64163,64835,2959200
2017-02-03,64954,65387,64264,64579,3482700
2017-02-06,63993,65327,63933,64957,2551400
2017-02-07,64199,64815,63938,64022,2776200
2017-02-08,64835,64835,63740,64200,3138600
2017-02-09,64965,65302,64587,64850,2641700
2017-02-10,66125,66292,64935,64965,3439000
2017-02-13,66968,67094,66125,66125,3108800
2017-02-14,66713,67110,66251,66971,3370900
2017-02-15,67976,68016,66712,66712,4119600
2017-02-16,67814,68456,67661,67979,3550800
2017-02-17,67748,67819,67158,67814,2787300
2017-02-20,68533,68674,67756,67756,2171300
2017-02-21,69052,69112,68536,68536,3051100
2017-02-22,68590,69052,68282,69052,3374600
2017-02-23,67461,69488,67279,68590,3977800
2017-02-24,66662,67458,66452,67458,3059900
2017-03-01,66989,67398,66661,66661,2378500
2017-03-02,65855,67035,65594,67000,3095300
2017-03-03,66786,66801,65860,65860,2654400
2017-03-06,66341,66892,66119,66786,3337500
2017-03-07,65742,66641,65668,66343,2886200
2017-03-08,64718,65810,64496,65748,3727200
2017-03-09,64585,65068,64203,64718,3513300
2017-03-10,64675,65725,64472,64586,3432900
2017-03-13,65534,65651,64674,64674,2162800
2017-03-14,64699,65549,64699,65511,2824800
2017-03-15,66235,66318,64537,64702,3742100
2017-03-16,65783,66554,65531,66232,2860400
2017-03-17,64210,66205,64152,65783,5213000
2017-03-20,64884,65136,63672,64232,3613900
2017-03-21,62980,64965,62795,64884,3700200
2017-03-22,63521,63747,62496,62980,4063300
2017-03-23,63531,63942,62840,63521,3447400
2017-03-24,63854,63997,63469,63554,2571200
2017-03-27,64308,64356,63030,63829,2672800
2017-03-28,64640,64847,64042,64308,3359100
2017-03-29,65528,65551,64476,64636,3488200
2017-03-30,65266,65775,65070,65541,2335700
2017-03-31,64984,65597,64859,65266,2614200
2017-04-03,65211,65384,64774,64989,2858500
2017-04-04,65769,65775,64990,65212,2085300
2017-04-05,64775,66211,64493,65770,2982200
2017-04-06,64223,64921,63762,64775,2875000
2017-04-07,64593,65197,64016,64202,2853100
2017-04-10,64650,64928,64115,64593,2984000
2017-04-11,64360,64872,63351,64650,3178400
2017-04-12,63892,64456,63814,64362,4253500
2017-04-13,62826,63992,62826,63891,3212900
2017-04-17,64335,64424,62828,62828,0
2017-04-18,64159,64591,63717,64336,3144800
2017-04-19,63407,64572,63219,64165,3069500
2017-04-20,63761,64163,63388,63406,2899700
2017-04-24,64389,64754,63761,63761,3194100
2017-04-25,65148,65148,63875,64384,3037200
2017-04-26,64862,65436,64679,65144,3221600
2017-04-27,64677,65327,64292,64872,3112100
2017-04-28,65403,65403,64592,64679,2973700
2017-05-02,66722,66877,65404,65404,3497000
2017-05-03,66094,66758,65898,66720,3446400
2017-05-04,64863,66099,64721,66069,3779900
2017-05-05,65710,65768,64863,64869,2760000
2017-05-08,65526,66015,65295,65705,2273300
2017-05-09,66278,66536,65533,65533,2679100
2017-05-10,67350,67528,66284,66284,3174100
2017-05-11,67538,67709,67191,67355,2872600
2017-05-12,68222,68429,67536,67536,3822600
2017-05-15,68474,68593,68081,68227,3290300
2017-05-16,68684,68792,68124,68473,3672400
2017-05-17,67540,68674,67163,68674,3317200
2017-05-18,61597,67536,60315,67536,11046700
2017-05-19,62639,63488,61597,61597,6120800
2017-05-22,61673,62638,60925,62638,5815800
2017-05-23,62662,62775,61670,61670,4753500
2017-05-24,63257,64016,62673,62673,4181200
2017-05-25,63227,63991,62762,63256,4001000
2017-05-26,64085,64170,63228,63228,3849400
2017-05-29,63761,64055,63531,64055,1646300
2017-05-30,63962,64107,63720,63765,2235300
2017-05-31,62711,63984,62673,63961,4535100
2017-06-01,62289,63293,62165,62711,3370200
2017-06-02,62511,62773,62161,62289,2874500
2017-06-05,62450,62800,62010,62503,2421700
2017-06-06,62955,63302,62426,62450,2993300
2017-06-07,63171,63637,62912,62955,2892300
2017-06-08,62756,63171,62376,63171,2702400
2017-06-09,62211,63066,62095,62755,3099900
2017-06-12,61700,62286,61279,62219,3026600
2017-06-13,61829,62012,61510,61708,2469100
2017-06-14,61923,62475,61508,61831,4328500
2017-06-16,61626,61921,61269,61911,5088000
2017-06-19,62014,62272,61620,61620,2752600
2017-06-20,60766,62011,60766,62011,3956200
2017-06-21,60762,61188,60544,60783,3274700
2017-06-22,61272,61354,60758,60762,3066900
2017-06-23,61087,61400,60992,61272,2836700
2017-06-26,62188,62251,61088,61088,2599200
2017-06-27,61675,62424,61580,62188,3275700
2017-06-28,62018,62057,61433,61684,2719100
2017-06-29,62239,62499,61689,62010,2915500
2017-06-30,62900,63038,62238,62238,2688200
2017-07-03,63280,63338,62901,62901,2086300
2017-07-04,63232,63346,63076,63268,950700
2017-07-05,63154,63485,62708,63215,3169900
2017-07-06,62470,63188,62354,63156,3038700
2017-07-07,62322,62926,62035,62474,2894200
2017-07-10,63025,63135,62322,62322,2224000
2017-07-11,63832,63891,62908,63027,2566700
2017-07-12,64836,64938,63827,63840,4116300
2017-07-13,65178,65302,64854,64854,3121700
2017-07-14,65436,65624,65178,65178,2711600
2017-07-17,65212,65478,65119,65431,2255300
2017-07-18,65338,65338,64943,65208,2213500
2017-07-19,65180,65604,64874,65337,2622700
2017-07-20,64938,65505,64898,65178,2252900
2017-07-21,64684,65150,64599,64936,2125500
2017-07-24,65100,65104,64678,64695,1908900
2017-07-25,65668,65749,65101,65101,2737400
2017-07-26,65011,65873,64992,65668,2942300
2017-07-27,65277,65678,65013,65013,2483900
2017-07-28,65497,65497,64953,65253,2760700
2017-07-31,65920,66048,65503,65503,2572700
2017-08-01,66516,66606,65925,65925,2762600
2017-08-02,67136,67277,66305,66504,3713700
2017-08-03,66777,67256,66705,67136,2722400
2017-08-04,66898,67104,66525,66783,2370900
2017-08-07,67940,68043,66887,66898,2996800
2017-08-08,67899,68500,67671,67936,3134300
2017-08-09,67671,67894,67290,67894,2488000
2017-08-10,66992,67671,66650,67671,2820800
2017-08-11,67359,67623,66678,66992,2890000
2017-08-14,68285,68642,67226,67364,2827300
2017-08-15,68355,68846,68293,68296,2753200
2017-08-16,68594,68950,68304,68356,3753400
2017-08-17,67977,68596,67866,68596,2661800
2017-08-18,68715,68808,67979,67990,3464800
2017-08-21,68635,69068,68514,68713,2643300
2017-08-22,70011,70278,68645,68645,3907500
2017-08-23,70478,70587,69947,70011,3348400
2017-08-24,71133,71238,70482,70482,3113000
2017-08-25,71074,71506,70801,71138,2411000
2017-08-28,71017,71390,70909,71074,2196400
2017-08-29,71330,71330,70517,71005,2274700
2017-08-30,70886,71454,70755,71328,2663200
2017-08-31,70835,71234,70516,70887,4245100
2017-09-01,71923,72217,70846,70848,3880900
2017-09-04,72129,72141,71671,71921,1998000
2017-09-05,72151,73180,71827,72134,4230900
2017-09-06,73412,73608,72157,72157,4242500
2017-09-08,73079,73646,72925,73413,3114100
2017-09-11,74319,74636,73096,73096,3283100
2017-09-12,74539,75332,74294,74322,3591700
2017-09-13,74788,75146,74196,74543,3212500
2017-09-14,74657,74949,74397,74787,3206100
2017-09-15,75757,75820,74648,74656,4825000
2017-09-18,75990,76404,75621,75758,3437400
2017-09-19,75974,76071,75300,75990,3026100
2017-09-20,76004,76420,75074,75974,3890900
2017-09-21,75604,76251,75282,76014,3228500
2017-09-22,75390,75734,75029,75618,2801700
2017-09-25,74443,75470,74303,75381,3376500
2017-09-26,74319,74971,74319,74443,3565400
2017-09-27,73797,74744,73125,74358,3788600
2017-09-28,73567,74011,73277,73808,3082900
2017-09-29,74294,74518,73571,73571,3126600
2017-10-02,74360,74506,73845,74295,2512000
2017-10-03,76763,76763,74363,74363,3816900
2017-10-04,76591,77004,76422,76763,3119500
2017-10-05,76618,78024,76592,76592,4112900
2017-10-06,76055,76618,75603,76618,2994300
2017-10-09,75727,76067,75181,76055,2335300
2017-10-10,76897,76996,75745,75745,3489200
2017-10-11,76660,76985,76323,76910,3781500
2017-10-13,76990,77319,76659,76659,3200100
2017-10-16,76892,77382,76565,76985,3075600
2017-10-17,76201,76892,76046,76892,2771100
2017-10-18,76591,76730,76012,76211,3156800
2017-10-19,76283,76591,75366,76591,2509800
2017-10-20,76391,76971,76291,76291,2645300
2017-10-23,75413,76498,75315,76398,2631800
2017-10-24,76350,76420,75426,75426,3047500
2017-10-25,76671,76883,75404,76350,2953800
2017-10-26,75896,77061,75813,76671,2901100
2017-10-27,75976,76617,75601,75898,3434400
2017-10-30,74800,75973,74305,75973,3811600
2017-10-31,74308,75142,74145,74798,3545700
2017-11-01,73824,75199,73823,74310,3668100
2017-11-03,73915,74254,73094,73834,4386900
2017-11-06,74311,74445,73830,73911,3297400
2017-11-07,72415,74306,72386,74306,4888900
2017-11-08,74363,74481,72468,72468,3408800
2017-11-09,72931,74363,72795,74363,3303800
2017-11-10,72166,73019,71920,72932,3140100
2017-11-13,72475,72735,71776,72167,2783400
2017-11-14,70827,72838,70825,72442,4352600
2017-11-16,72512,72896,70827,70827,3340900
2017-11-17,73437,73632,72390,72512,2749700
2017-11-21,74595,75073,73439,73439,3539600
2017-11-22,74519,75019,74242,74611,3410600
2017-11-23,74487,74578,73851,74519,1556800
2017-11-24,74157,74542,74093,74503,2510300
2017-11-27,74059,74157,73159,74157,2810800
2017-11-28,74140,74989,74056,74060,3030700
2017-11-29,72700,74515,72700,74146,3639400
2017-11-30,71971,72700,71215,72700,5348800
2017-12-01,72264,72472,71488,71955,3003100
2017-12-04,73090,73749,72266,72266,3038600
2017-12-05,72546,74166,72319,73090,2913300
2017-12-06,73268,73418,71906,72535,3099300
2017-12-07,72487,73268,71356,73268,3260800
2017-12-08,72732,73425,72489,72489,3085600
2017-12-11,72800,73361,72498,72775,2450200
2017-12-12,73814,73814,71798,72800,2956100
2017-12-13,72914,74622,72569,73827,4494700
2017-12-14,72429,72913,71969,72913,3491800
2017-12-15,72608,73069,72277,72428,4659500
2017-12-18,73115,73519,72621,72621,3202900
2017-12-19,72680,73139,72347,73122,2351600
2017-12-20,73367,73492,72680,72680,2219600
2017-12-21,75133,75133,73265,73367,3056400
2017-12-22,75187,75227,74623,75128,1906900
2017-12-26,75688,75758,74924,75187,1579700
2017-12-27,76073,76293,75708,75708,1792200
2017-12-28,76402,76437,76077,76077,2083000
2017-12-29,76402,76437,76077,76077,0
2018-01-02,77891,77909,76403,76403,2880300
2018-01-03,77995,78414,77602,77889,3142200
2018-01-04,78647,79135,77998,77998,3486100
2018-01-05,79071,79071,78218,78644,2747100
2018-01-08,79379,79395,78631,79070,2550800
2018-01-09,78864,79415,78699,79379,3458600
2018-01-10,78201,78864,78164,78864,2759900
2018-01-11,79365,79365,78201,78201,3409400
2018-01-12,79349,79440,78861,79365,3577800
2018-01-15,79752,79847,79349,79349,1941000
2018-01-16,79832,80246,79668,79751,2982500
2018-01-17,81189,81189,79828,79832,3341200
2018-01-18,80963,81367,80498,81185,3429600
2018-01-19,81220,81429,80854,80965,3123200
2018-01-22,81675,81675,80923,81220,2693000
2018-01-23,80678,81676,80524,81676,3711200
2018-01-24,83680,83680,80679,80679,5503700
2018-01-26,85531,85531,83680,83680,5410600
2018-01-29,84698,85531,84341,85531,3889600
2018-01-30,84482,84697,83804,84697,3566000
2018-01-31,84913,86213,84484,84485,4233500
2018-02-01,85495,86028,84833,84913,4085300
2018-02-02,84041,85495,83831,85495,3376900
2018-02-05,81861,84311,81861,84040,3253600
2018-02-06,83894,84162,80804,81857,5599100
2018-02-07,82767,84410,82548,83894,3886000
2018-02-08,81533,83501,81109,82773,4011400
2018-02-09,80899,81897,79690,81532,4283400
2018-02-14,83543,83782,80901,80901,3910700
2018-02-15,84291,84686,83551,83551,3489300
2018-02-16,84525,84575,83824,84291,3475800
2018-02-19,84793,84956,84525,84525,2088900
2018-02-20,85804,86290,84261,84792,4078100
2018-02-21,86052,87358,85804,85804,4815500
2018-02-22,86686,87159,86050,86050,3535700
2018-02-23,87293,87345,86138,86690,4178600
2018-02-26,87653,88318,87242,87296,4047100
2018-02-27,86935,87839,86613,87649,3534700
2018-02-28,85481,87109,85431,86939,5947100
2018-03-01,85378,86260,84640,85337,4341300
2018-03-02,85761,85761,83897,85378,3884300
2018-03-05,86023,86165,85053,85292,3425200
2018-03-06,85653,86931,85653,86023,3608600
2018-03-07,85484,85653,84397,85653,3456800
2018-03-08,84985,85830,84491,85510,3694700
2018-03-09,86371,86389,84749,84987,3481500
2018-03-12,86900,87046,86386,86386,2602900
2018-03-13,86384,87333,86119,86902,2735800
2018-03-14,86051,86970,85691,86383,2561000
2018-03-15,84928,86051,84720,86051,3840100
2018-03-16,84886,85495,84525,84928,5446200
2018-03-19,83913,84886,83678,84886,3330600
2018-03-20,84164,84412,83682,83919,2682000
2018-03-21,84977,85145,84080,84166,3260900
2018-03-22,84768,85499,84197,84984,3241700
2018-03-23,84377,85450,84042,84766,3176900
2018-03-26,85088,85553,84357,84377,2355600
2018-03-27,83808,85296,83542,85103,2948400
2018-03-28,83874,83889,82889,83806,2911400
2018-03-29,85366,85708,83874,83874,3150300
2018-04-02,84666,85675,84166,85365,2598500
2018-04-03,84623,85411,84210,84669,2579000
2018-04-04,84360,84610,82826,84610,2948300
2018-04-05,85210,86148,84374,84374,4257700
2018-04-06,84820,85210,83833,85210,3069100
2018-04-09,83307,85110,83155,84832,3174800
2018-04-10,84510,84538,83312,83312,3518700
2018-04-11,85246,85417,84340,84494,3370600
2018-04-12,85444,85577,85025,85246,2837000
2018-04-13,84334,85441,84144,85441,3504200
2018-04-16,82862,84591,82762,84328,2913400
2018-04-17,84086,84191,82810,82862,2628600
2018-04-18,85776,86149,84090,84090,4196900
2018-04-19,85824,86059,85197,85775,3522500
2018-04-20,85550,85823,85025,85823,2990100
2018-04-23,85602,85746,84711,85520,2426000
2018-04-24,85469,86578,85106,85603,2845000
2018-04-25,85044,85466,84349,85466,3218400
2018-04-26,86383,86383,85051,85051,3138000
2018-04-27,86445,87179,86262,86383,0
2018-04-30,86115,86739,85979,86443,2181000
2018-05-02,84547,86111,84383,86111,3720600
2018-05-03,83288,84562,83178,84547,3977800
2018-05-04,83118,83671,82746,83286,3472900
2018-05-07,82714,83643,82602,83199,2843000
2018-05-08,82956,83409,82201,82715,3949500
2018-05-09,84265,84447,82855,82977,4695400
2018-05-10,85861,86201,84284,84284,4611100
2018-05-11,85220,86406,85183,85861,4379700
2018-05-14,85232,86105,84688,85222,4080700
2018-05-15,85130,85231,83830,85225,4405100
2018-05-16,86537,86678,85044,85122,3707000
2018-05-17,83622,86537,83377,86537,5508600
2018-05-18,83082,83614,81391,83614,5730200
2018-05-21,81815,83883,81576,83095,4242200
2018-05-22,82739,83396,81613,81817,4785500
2018-05-23,80867,82742,80867,82742,3875500
2018-05-24,80122,80860,79027,80860,6182200
2018-05-25,78898,80629,78622,80123,4650100
2018-05-28,75356,78886,75337,78886,4176200
2018-05-29,76072,77214,75361,75361,5972300
2018-05-30,76754,77097,75515,76058,7442100
2018-06-01,77240,78169,75524,76779,6044400
2018-06-04,78596,78637,77244,77244,4023100
2018-06-05,76642,78892,76412,78595,4499800
2018-06-06,76117,76967,75518,76641,4871700
2018-06-07,73851,76117,71162,76117,7919200
2018-06-08,72942,74031,71679,73848,5952400
2018-06-11,72308,73716,71843,72943,3564300
2018-06-12,72754,73322,72124,72308,3889600
2018-06-13,72122,72977,71035,72757,4360200
2018-06-14,71421,72708,71344,72151,4281600
2018-06-15,70758,71421,69583,71421,6456800
2018-06-18,69815,70757,69360,70757,3475200
2018-06-19,71394,72010,69069,69811,5185300
2018-06-20,72123,72617,71155,71397,4414600
2018-06-21,70075,72207,70019,72117,3490800
2018-06-22,70641,71058,69907,70077,3054700
2018-06-25,70953,71323,69779,70642,3346300
2018-06-26,71405,71622,70203,70968,3502300
2018-06-27,70609,72032,70134,71405,3588900
2018-06-28,71767,72092,70439,70609,3511400
2018-06-29,72763,73020,71779,71779,3879400
2018-07-02,72840,72840,71935,72763,2753900
2018-07-03,73668,74515,72848,72848,3253800
2018-07-04,74743,74904,73450,73667,2142100
2018-07-05,74553,75127,73756,74751,3562800
2018-07-06,75010,75065,74048,74558,0
2018-07-10,74862,75895,74431,75015,3901000
2018-07-11,74399,75025,74196,74862,3766800
2018-07-12,75856,75898,74403,74403,3508500
2018-07-13,76594,76682,75554,75856,0
2018-07-16,76653,76924,76129,76587,3134700
2018-07-17,78130,78522,76482,76653,3882900
2018-07-18,77363,78496,77164,78124,3394300
2018-07-19,77487,77487,75890,77360,3781100
2018-07-20,78571,79489,77500,77500,4745200
2018-07-23,77996,78639,77871,78571,2446800
2018-07-24,79155,79497,78005,78005,3283200
2018-07-25,80218,80437,79154,79154,3472700
2018-07-26,79405,80589,79081,80242,3596500
2018-07-27,79866,80251,79405,79405,3015600
2018-07-30,80276,80492,79699,79866,2631400
2018-07-31,79220,80279,79016,80279,3354500
2018-08-01,79302,79731,78769,79213,3227100
2018-08-02,79637,79896,78573,79237,3005500
2018-08-03,81435,81792,79656,79656,3802600
2018-08-06,81051,81765,80965,81445,2516600
2018-08-07,80347,81742,79923,81093,3861200
2018-08-08,79152,80912,78966,80347,3833800
2018-08-09,78768,79461,78156,79171,3717400
2018-08-10,76514,78766,76043,78766,0
2018-08-13,77496,77689,75931,76513,3958200
2018-08-14,78602,78742,77499,77499,3713000
2018-08-15,77078,78618,76829,78614,4386400
2018-08-16,76819,77704,76381,77085,3285400
2018-08-17,76029,76817,75633,76817,3742300
2018-08-20,76328,76497,75608,76029,3578100
2018-08-21,75180,76340,74915,76327,4077000
2018-08-22,76902,76904,74876,75171,3610400
2018-08-23,75634,77232,75466,76898,3866700
2018-08-24,76262,76629,75647,75647,3159900
2018-08-27,77930,78008,76264,76264,2750600
2018-08-28,77473,78038,77149,77928,2964800
2018-08-29,78389,78783,77399,77472,3127600
2018-08-30,76404,78389,76372,78389,3546800
2018-08-31,76678,77202,76026,76386,4145600
2018-09-03,76193,76675,75729,76675,1673300
2018-09-04,74712,76192,74605,76192,3162300
2018-09-05,75092,75370,74276,74712,2830400
2018-09-06,76416,76533,74986,75098,3298500
2018-09-10,76436,77293,76115,76416,3105200
2018-09-11,74657,76437,74275,76437,0
2018-09-12,75125,75680,74499,74680,3709100
2018-09-13,74687,75407,74501,75126,3062100
2018-09-14,75429,75705,74445,74687,3231700
2018-09-17,76789,76893,75227,75428,3397600
2018-09-18,78314,78454,76677,76781,4167000
2018-09-19,78169,79021,77624,78268,3780800
2018-09-20,78116,78944,77820,78169,3137600
2018-09-21,79444,80002,78116,78116,4666800
2018-09-24,77984,79447,77857,79447,0
2018-09-25,78630,78688,77005,77980,3700400
2018-09-26,78656,79461,78530,78634,3735300
2018-09-27,80000,80107,78676,78676,4475000
2018-09-28,79342,80000,78967,80000,4061400
2018-10-01,78624,79557,78091,79350,3134400
2018-10-02,81612,81778,78625,78625,5929900
2018-10-03,83273,85442,81623,81624,7618600
2018-10-04,82953,83430,81892,83275,4935600
2018-10-05,82322,83805,82030,82972,5394800
2018-10-08,86084,87333,82324,82324,9999000
2018-10-09,86088,86573,85433,86053,6461000
2018-10-10,83679,86085,83679,86084,0
2018-10-11,82921,84749,82607,83700,5188700
2018-10-15,83360,84278,82922,82922,4782900
2018-10-16,85718,85718,83420,83420,4811300
2018-10-17,85764,86167,84944,85714,4858600
2018-10-18,83847,85760,83846,85760,4085300
2018-10-19,84220,84954,83667,83845,3753500
2018-10-22,85597,85772,84222,84222,3873700
2018-10-23,85300,85595,84032,85595,4388100
2018-10-24,83064,85786,83035,85302,4679200
2018-10-25,84084,84831,83124,83124,0
2018-10-26,85720,85720,83497,84084,6471500
2018-10-29,83797,88377,82783,85728,7733900
2018-10-30,86886,86990,83802,83802,6556900
2018-10-31,87424,88028,86213,86889,5889800
2018-11-01,88419,89017,87094,87428,5878400
2018-11-05,89598,89598,88347,88418,4620800
2018-11-06,88669,89587,88066,89587,0
2018-11-07,87714,89565,87541,88676,4371300
2018-11-08,85620,88570,85620,87719,5297700
2018-11-09,85641,86233,84030,85620,4814400
2018-11-12,85525,86227,85009,85644,3534000
2018-11-13,84914,85941,84071,85531,4410700
2018-11-14,85973,85973,84267,84898,5591600
2018-11-16,88515,88516,85975,85975,5184200
2018-11-19,87901,88484,87047,88472,3642100
2018-11-21,87269,87896,86254,87896,4140600
2018-11-22,87477,87656,87222,87269,2244500
2018-11-23,86230,87479,85763,87479,4148700
2018-11-26,85547,87147,84905,86237,4557300
2018-11-27,87891,88018,85377,85547,4971300
2018-11-28,89251,89483,87153,87891,5295600
2018-11-29,89710,89910,88475,89145,4257400
2018-11-30,89504,90246,89258,89709,6736700
2018-12-03,89820,91242,89429,89511,5935600
2018-12-04,88624,90452,88041,89820,4879700
2018-12-05,89040,89111,88449,88644,2790000
2018-12-06,88846,88933,87025,88933,4370100
2018-12-07,88115,89986,87907,88849,4479100
2018-12-10,85915,88384,85915,88115,4084400
2018-12-11,86420,87520,85583,85918,4390100
2018-12-12,86977,87946,86420,86420,5000500
2018-12-13,87838,87842,86856,86979,3658600
2018-12-14,87450,88184,87106,87838,3553300
2018-12-17,86400,87820,86328,87448,3849300
2018-12-18,86610,87274,86400,86400,4093500
2018-12-19,85674,88101,85674,86617,5664200
2018-12-20,85269,86584,84756,85678,6100500
2018-12-21,85697,86554,85134,85269,6076200
2018-12-26,85136,85684,83892,85684,3355100
2018-12-27,85460,85739,84876,85141,3820900
2018-12-28,87887,88044,85469,85469,3649100
2019-01-02,91012,91479,87536,87887,5615400
2019-01-03,91564,91596,89922,91011,6066200
2019-01-04,91841,92701,90824,91577,5322100
2019-01-07,91699,92552,91288,91845,4565000
2019-01-08,92032,92231,91064,91699,4496500
2019-01-09,93613,93626,92028,92033,5011400
2019-01-10,93806,93987,93050,93599,4840600
2019-01-11,93658,93961,93359,93806,5330500
2019-01-14,94474,94474,93335,93645,4486900
2019-01-15,94056,94695,93402,94474,4836400
2019-01-16,94393,94393,93687,94057,4257400
2019-01-17,95351,95682,93950,94393,4944200
2019-01-18,96097,96396,95386,95386,4884000
2019-01-21,96010,96093,94863,96093,2717600
2019-01-22,95103,96070,94662,96008,4256000
2019-01-23,96558,96576,95116,95116,0
2019-01-24,97677,97677,96558,96558,5019400
2019-01-28,95444,97937,94783,97674,7185300
2019-01-29,95639,96751,95508,95508,5262000
2019-01-30,96996,97107,95643,95643,6164400
2019-01-31,97394,98405,96996,96996,5976000
2019-02-01,97861,98044,96990,97395,4301600
2019-02-04,98589,98589,96901,97861,4278300
2019-02-05,98311,98587,97596,98587,4773700
2019-02-06,94636,98308,94636,98308,5458200
2019-02-07,94406,95642,93507,94654,5612500
2019-02-08,95343,95486,93424,94401,5302500
2019-02-11,94413,95499,93737,95351,3767300
2019-02-12,96168,96571,94420,94420,4915000
2019-02-13,95842,96804,95389,96169,5814400
2019-02-14,98015,98019,94915,95843,5222300
2019-02-15,97526,98238,97083,98015,4586300
2019-02-18,96510,97527,96239,97527,2837100
2019-02-19,97659,98185,96513,96513,4830600
2019-02-20,96545,98544,96545,97661,5906800
2019-02-21,96932,97231,95793,96546,5814100
2019-02-22,97886,97887,96929,96929,4426600
2019-02-25,97240,98190,97087,97881,4360000
2019-02-26,97603,97904,97235,97242,3555100
2019-02-27,97307,97782,96886,97603,3873500
2019-02-28,95584,97528,95364,97307,5365700
2019-03-01,94604,96113,94394,95584,4054700
2019-03-06,94217,94889,93945,94604,2715300
2019-03-07,94340,94532,93729,94216,4104300
2019-03-08,95365,95476,93305,94340,4054200
2019-03-11,98027,98027,95384,95384,4251500
2019-03-12,97828,98150,97267,98038,3832900
2019-03-13,98904,99267,97464,97831,4812100
2019-03-14,98605,99036,97776,98905,3584500
2019-03-15,99137,99393,98597,98605,5136400
2019-03-18,99994,100038,99141,99141,4204100
2019-03-19,99588,100439,99373,99991,5231100
2019-03-20,98041,99708,97981,99588,4633200
2019-03-21,96729,98046,95456,98041,5321200
2019-03-22,93735,96725,93380,96725,6001100
2019-03-25,93662,94384,93103,93735,4508400
2019-03-26,95307,95525,93668,93668,4660700
2019-03-27,91903,95297,91903,95297,5726900
2019-03-28,94389,94854,91584,91901,5192300
2019-03-29,95415,95863,94402,94402,4674600
2019-04-01,96054,96752,95423,95423,3753500
2019-04-02,95387,96690,94825,96062,3713200
2019-04-03,94491,96442,94124,95392,4308900
2019-04-04,96313,96394,94334,94503,4086200
2019-04-05,97108,97493,96152,96319,3689000
2019-04-08,97369,97610,96743,97110,3430800
2019-04-09,96292,97366,95488,97366,3733400
2019-04-10,95953,96902,95670,96292,4574600
2019-04-11,94755,95954,94173,95954,3530500
2019-04-12,92875,94768,92516,94747,6712200
2019-04-15,93083,93723,92697,92875,4629800
2019-04-16,94333,95062,92879,93082,4581600
2019-04-17,93285,95042,92338,94337,6458600
2019-04-18,94578,95140,93285,93285,4933300
2019-04-22,94588,95038,93721,94578,3176600
2019-04-23,95923,96315,94590,94590,4309100
2019-04-24,95045,95923,94163,95923,4658800
2019-04-25,96552,96552,94213,95027,4878200
2019-04-26,96236,96563,95620,96552,3767100
2019-04-29,96188,97123,96004,96254,3225400
2019-04-30,96353,96707,95613,96191,4228600
2019-05-02,95528,96339,95312,96339,3863600
2019-05-03,96008,96315,95521,95521,4014800
2019-05-06,95009,95992,94540,95992,3216000
2019-05-07,94389,95009,92750,95009,4907400
2019-05-08,95597,96312,94389,94389,4916500
2019-05-09,94808,95597,93883,95597,4152200
2019-05-10,94258,94848,93234,94809,4097900
2019-05-13,91727,94252,91600,94252,4662600
2019-05-14,92092,92529,91562,91736,4045400
2019-05-15,91623,92088,90295,92088,4791900
2019-05-16,90024,91622,89778,91622,5570000
2019-05-17,89993,91321,89409,90023,5342700
2019-05-20,91946,92117,89822,90006,4620000
2019-05-21,94485,94573,91946,91946,5397000
2019-05-22,94361,95212,93883,94485,4232500
2019-05-23,93910,94547,93300,94360,3787800
2019-05-24,93628,94900,93545,93912,3484700
2019-05-27,94864,95444,93626,93626,2544800
2019-05-28,96393,96552,94707,94863,6383100
2019-05-29,96567,96986,95690,96389,4559100
2019-05-30,97457,97939,96511,96566,4398200
2019-05-31,97030,97992,96792,97420,5089500
2019-06-03,97020,97757,96430,97036,4547900
2019-06-04,97380,97723,96593,97020,4293300
2019-06-05,95999,97686,95686,97381,3769100
2019-06-06,97205,97462,96002,96002,4054900
2019-06-07,97821,98326,97205,97205,3718500
2019-06-10,97467,97856,96782,97828,3584000
2019-06-11,98960,98985,97467,97467,4922400
2019-06-12,98321,99240,97831,98960,4948800
2019-06-13,98774,99364,98321,98321,5594000
2019-06-14,98040,98981,97601,98776,9184900
2019-06-17,97623,98439,97623,98038,3926300
2019-06-18,99404,99412,97633,97633,4524500
2019-06-19,100303,100327,98978,99403,4411300
2019-06-21,102013,102100,100305,100305,5490800
2019-06-24,102062,102617,101589,102018,3559800
2019-06-25,100093,102061,99890,102061,4469200
2019-06-26,100689,101126,100095,100095,5013800
2019-06-27,100724,101025,99421,100689,4154700
2019-06-28,100967,101563,100726,100726,4079900
2019-07-01,101340,102432,100973,100973,411600
2019-07-02,100605,101565,100073,101342,4951600
2019-07-03,102043,102177,100451,100576,4801200
2019-07-04,103636,104022,102047,102047,3978700
2019-07-05,104089,104176,102622,103628,4208400
2019-07-08,104530,104679,103988,104090,3500300
2019-07-10,105817,106650,104537,104537,6815700
2019-07-11,105146,105886,104814,105818,4845300
2019-07-12,103906,105731,103903,105158,4748000
2019-07-15,103803,104578,103495,103909,3995500
2019-07-16,103775,104440,103361,103805,4475800
2019-07-17,103856,104453,103712,103775,3818300
2019-07-18,104717,104773,103859,103859,4410900
2019-07-19,103452,104723,103388,104716,3484400
2019-07-22,103949,104278,103452,103452,3464400
2019-07-23,103704,104430,103518,103949,4050300
2019-07-24,104120,104570,103707,103707,4872700
2019-07-25,102655,103464,102390,102991,5804700
2019-07-26,102819,103209,102196,102654,5141400
2019-07-29,103483,103483,102461,102817,3559900
2019-07-30,102933,103555,102596,103483,4060500
2019-07-31,101812,103129,100950,102946,5072900
2019-08-01,102126,104056,101819,101819,7129100
2019-08-02,102674,103180,101667,102122,4923500
2019-08-05,100098,102658,99630,102658,5000400
2019-08-06,102164,102178,100098,100098,5074800
2019-08-07,102782,102784,100476,102163,5570600
2019-08-08,104115,104282,102811,102811,5538300
2019-08-09,103996,104848,103547,104102,4549300
2019-08-12,101915,103946,101621,103946,4509700
2019-08-13,103299,103778,101414,101912,5198900
2019-08-14,100258,103270,99955,103270,6485200
2019-08-15,99057,101014,98200,100262,6585300
2019-08-16,99806,100567,99059,99059,5483400
2019-08-19,99469,100948,98908,99810,4924000
2019-08-20,99222,99665,98002,99472,5235200
2019-08-21,101202,101240,99221,99227,5969700
2019-08-22,100011,101469,100011,101209,4495500
2019-08-23,97667,100025,97085,100007,5668800
2019-08-26,96430,98436,95961,97687,4136800
2019-08-27,97276,97951,95855,96434,6581700
2019-08-28,98194,98346,96557,97273,4350800
2019-08-29,100524,100684,98194,98194,5163300
2019-08-30,101135,101551,100526,100526,6109600
2019-09-02,100626,101611,100626,101133,2685400
2019-09-03,99681,101417,99406,100626,0
2019-09-04,101201,101201,99706,99706,4310700
2019-09-05,102243,103258,101204,101204,4814300
2019-09-06,102935,103182,102246,102247,3976000
2019-09-09,103181,104260,102793,102937,5516800
2019-09-10,103032,103503,102231,103180,5478900
2019-09-11,103446,104156,103036,103036,4877000
2019-09-12,104371,104618,103733,104389,4962500
2019-09-13,103501,104699,103275,104371,4039400
2019-09-16,103680,104005,102782,103496,6038700
2019-09-17,104617,104619,103079,103680,4574900
2019-09-18,104532,104762,103684,104616,3882100
2019-09-19,104339,106001,104286,104555,4915800
2019-09-20,104817,105045,103914,104339,6769100
2019-09-23,104638,104817,104020,104817,6769100
2019-09-24,103876,104893,103504,104638,3972200
2019-09-25,104481,104481,103034,103857,4117500
2019-09-26,105319,105342,104337,104485,4138700
2019-09-27,105078,105633,104506,105319,3471200
2019-09-30,104745,105178,104638,105077,3895800
2019-10-01,104053,105121,103837,104745,4095700
2019-10-02,101031,104049,100944,104049,5066200
2019-10-03,101516,101560,99826,101031,4665600
2019-10-04,102551,102580,101057,101516,4649400
2019-10-07,100573,102546,100542,102546,3938300
2019-10-08,99981,101296,99868,100565,4342700
2019-10-09,101249,101567,100005,100005,3939000
2019-10-10,101817,102483,101152,101244,4373100
2019-10-11,103832,104381,101819,101819,4351800
2019-10-14,104302,104305,103438,103834,2987900
2019-10-15,104490,105048,104052,104299,4093400
2019-10-16,105423,105462,103521,104486,4509400
2019-10-17,105016,105891,104827,105389,4189000
2019-10-18,104729,105464,104525,105012,4478100
2019-10-21,106022,106027,104696,104729,3504900
2019-10-22,107381,107382,107076,107101,5224900
2019-10-23,107544,107959,107041,107381,4656200
2019-10-24,106986,107744,106593,107553,5619200
2019-10-25,107364,108083,106990,106990,5398900
2019-10-28,108187,108393,107362,107366,3967200
2019-10-29,107556,108195,107313,108189,4313200
2019-10-30,108408,108408,106622,107557,5450600
2019-10-31,107220,108403,106356,108403,5376000
2019-11-01,108196,108496,107220,107221,5466300
2019-11-04,108601,109352,108196,108196,5182200
2019-11-05,108451,109343,108253,108779,5657600
2019-11-06,108336,109633,107446,108719,5505500
2019-11-07,109581,109672,108360,108360,6075600
2019-11-08,107629,109572,107127,109572,5419600
2019-11-11,108215,108263,106814,107622,3928900
2019-11-12,106785,108368,106232,108368,5219300
2019-11-13,105914,106786,105261,106751,5339000
2019-11-14,106557,106758,105820,106052,5364300
2019-11-18,106347,107519,106282,106566,4919800
2019-11-19,105618,106950,105367,106269,3610300
2019-11-21,107497,107497,105864,105866,5819400
2019-11-22,108692,108692,107157,107497,4796100
2019-11-25,108424,108915,108080,108692,4512400
2019-11-26,107059,108424,106414,108424,6904900
2019-11-27,107708,107991,106312,107059,4418200
2019-11-28,108290,108333,107148,107708,3666100
2019-11-29,108233,108708,107759,108283,4186600
2019-12-02,109061,109279,108245,108246,4708000
2019-12-03,108956,109198,108190,108931,5223100
2019-12-04,110301,110301,108962,108962,4889500
2019-12-05,110622,111073,110008,110297,4399100
2019-12-06,111126,111430,110623,110623,4968100
2019-12-09,110977,111453,110870,111125,4991500
2019-12-10,110672,111184,110133,110973,4758800
2019-12-11,110964,111227,110530,110672,5146100
2019-12-12,112200,112445,110963,110963,5682000
2019-12-13,112565,112829,111780,112205,7712100
2019-12-16,111896,113197,111896,112565,6078300
2019-12-17,112616,112695,111897,111897,5352500
2019-12-18,114315,114339,112300,112618,7940900
2019-12-19,115131,115132,113712,114313,5784600
2019-12-20,115121,115171,114526,115133,6887400
2019-12-23,115863,115863,114964,115119,3995200
2019-12-26,117203,117220,115673,115864,3788900
2019-12-27,116534,117803,115995,117205,3905900
2019-12-30,115964,117086,115790,116530,3667900
2020-01-02,118573,118573,115649,115652,5162700
2020-01-03,117707,118792,117341,118564,6834500
2020-01-06,116878,117707,116269,117707,6570000
2020-01-07,116662,117076,115965,116872,4854100
2020-01-08,116247,117335,115693,116667,5910500
2020-01-09,115947,116820,115411,116248,5953500
2020-01-10,115503,116745,114952,115948,4783400
2020-01-13,117325,117333,115503,115503,5685100
2020-01-14,117632,117705,116610,117325,5361700
2020-01-15,116414,117632,116188,117632,5569400
2020-01-16,116704,117106,115961,116415,5422700
2020-01-17,118478,118479,116710,116710,4947200
2020-01-20,118862,118862,117928,118478,3843500
2020-01-21,117026,118861,117026,118861,5085600
2020-01-22,118391,118401,117035,117035,5765700
2020-01-23,119528,119535,116906,118391,6572400
2020-01-24,118376,119593,118108,119528,4778700
2020-01-27,114482,118347,114376,118347,6097800
2020-01-28,116479,116797,114475,114482,5229400
2020-01-29,115385,117171,115164,116494,5097800
2020-01-30,115528,115528,112825,115375,6315600
2020-01-31,113761,115518,113148,115518,6219900
2020-02-03,114629,115299,113467,113761,5512200
2020-02-04,115557,116556,114631,114631,5829400
2020-02-05,116028,117701,115562,115563,7173800
2020-02-06,115190,117382,114723,116033,7382400
2020-02-07,113770,115190,113769,115190,6594100
2020-02-10,112570,114176,112134,113771,7486300
2020-02-11,115371,115576,112574,112574,6767900
2020-02-12,116674,117581,115371,115371,8159200
2020-02-13,115662,116660,114801,116660,5635700
2020-02-14,114381,115663,114132,115663,5335900
2020-02-17,115309,115696,114381,114381,0
2020-02-18,114977,115309,113532,115309,5548400
2020-02-19,116518,116545,114774,114982,6334100
2020-02-20,114586,116552,114379,116518,6793000
2020-02-21,113681,114585,112661,114585,5896200
2020-02-26,105718,113647,105053,113647,9369800
2020-02-27,102984,106656,102984,105711,11237700
2020-02-28,104172,104172,99951,102984,11228400
2020-03-02,106625,107220,103779,104260,8858400
2020-03-03,105537,108804,104405,106630,9385600
2020-03-04,107224,107809,105042,105540,8410500
2020-03-05,102233,107217,100536,107217,8598600
2020-03-06,97997,102231,96886,102231,11864200
2020-03-09,86067,97982,85880,97982,14645500
2020-03-10,92214,92230,86071,86071,13531700
2020-03-11,85171,92202,80796,92202,11786900
2020-03-12,72583,85103,68488,85103,12008700
2020-03-13,82678,83758,72621,72621,15766300
2020-03-16,71168,82565,70855,82565,12847800
2020-03-17,74617,77255,70783,71178,14945900
2020-03-18,66895,74576,63547,74576,16751500
2020-03-19,68332,70071,61691,66883,16144700
2020-03-20,67069,72247,66120,68344,15152400
2020-03-23,63570,67604,62161,67067,11962200
2020-03-24,69729,71535,63604,63604,11679900
2020-03-25,74956,76714,69360,69727,12951100
2020-03-26,77710,78846,74923,74956,12758000
2020-03-27,73429,77708,73057,77708,10301400
2020-03-30,74640,75430,73184,73431,9032200
2020-03-31,73020,75511,72385,74629,11141500
2020-04-01,70967,73011,69569,73011,10093500
2020-04-02,72253,73861,70957,70969,10540200
2020-04-03,69538,72241,67802,72241,10411300
2020-04-06,74073,75260,69556,69556,9685400
2020-04-07,76358,79855,74078,74078,11286500
2020-04-08,78625,79058,76115,76335,10206300
2020-04-09,77682,80428,77457,78640,10748700
2020-04-13,78836,78836,76405,77682,7651300
2020-04-14,79918,81668,78848,78848,8593600
2020-04-15,78831,80035,77546,79911,9758400
2020-04-16,77812,80167,77452,78837,9028400
2020-04-17,78990,79846,77754,77817,8317800
2020-04-20,78973,80106,76943,78989,8874700
2020-04-22,80687,81184,78973,78973,9848900
2020-04-23,79673,81934,78622,80690,10823500
2020-04-24,75331,79667,72041,79667,16529200
2020-04-27,78239,78563,75327,75334,10656900
2020-04-28,81312,81427,78243,78243,12939000
2020-04-29,83171,83598,81313,81313,11719700
2020-04-30,80506,83169,80168,83169,11804600
2020-05-04,78876,80502,77640,80501,8594200
2020-05-05,79471,81066,78886,78887,9154700
2020-05-06,79064,79996,78056,79473,9775900
2020-05-07,78119,80061,78061,79072,13808900
2020-05-08,80263,80557,78152,78152,10734400
2020-05-11,79065,80723,78994,80263,9781900
2020-05-12,77872,80344,77872,79065,10245400
2020-05-13,77772,78911,77152,77877,11575900
2020-05-14,79011,79011,75697,77770,13818900
2020-05-15,77557,79538,77426,79011,11718200
2020-05-18,81194,81420,77571,77576,11533100
2020-05-19,80742,82175,80647,81197,10740100
2020-05-20,81319,82290,80740,80747,9522800
2020-05-21,83027,83309,81317,81320,11395200
2020-05-22,82173,83027,81669,83027,9281200
2020-05-25,85663,85876,82193,82198,8764400
2020-05-26,85469,87333,85396,85668,12030800
2020-05-27,87946,87946,85468,85468,11212000
2020-05-28,86949,88091,86767,87946,10117000
2020-05-29,87403,87410,85384,86951,16550900
2020-06-01,88620,89019,86837,87395,9849400
2020-06-02,91046,91046,88622,88622,11827300
2020-06-03,93002,93710,91048,91048,15137900
2020-06-04,93829,94132,92221,92993,11488000
2020-06-05,94637,97356,93839,93839,13320300
2020-06-08,97645,97693,94635,94640,11096500
2020-06-09,96747,97644,95386,97644,11278800
2020-06-10,94686,97646,94665,96747,11739600
2020-06-12,92795,94703,90811,94677,12785600
2020-06-15,92376,93112,90148,92780,13317500
2020-06-16,93531,95216,92387,92387,12034200
2020-06-17,95547,96611,93531,93531,11134700
2020-06-18,96125,97110,94698,95547,10008500
2020-06-19,96572,97540,95874,96138,13134400
2020-06-22,95336,96870,94869,96572,8264700
2020-06-23,95975,97486,95344,95344,9752700
2020-06-24,94377,95974,93259,95974,9962700
2020-06-25,95983,96260,94152,94382,8697900
2020-06-26,93834,95979,93514,95979,8439100
2020-06-29,95735,95735,93825,93837,8906800
2020-06-30,95056,96257,94806,95728,10144500
2020-07-01,96203,96852,95062,95062,10163300
2020-07-02,96235,97864,96052,96206,10062900
2020-07-03,96765,96765,95803,96237,5351600
2020-07-06,98937,99257,96768,96776,9489400
2020-07-07,97761,98938,97272,98937,8951400
2020-07-08,99770,99973,97765,97765,9142700
2020-07-09,99160,100191,98861,99770,0
2020-07-10,100032,100101,98739,99160,9147200
2020-07-13,98697,100858,98697,100027,10382300
2020-07-14,100440,100632,98289,98699,10019400
2020-07-15,101791,102114,100444,100444,9285600
2020-07-16,100553,101792,100160,101791,8127100
2020-07-17,102888,103017,100554,100554,10429400
2020-07-20,104426,104439,102744,102888,8931800
2020-07-21,104310,105449,103732,104426,11105800
2020-07-22,104290,104980,103277,104312,10833700
2020-07-23,102293,104949,102119,104291,10366600
2020-07-24,102382,102694,100859,102292,9795200
2020-07-27,104477,104585,102381,102381,9622400
2020-07-28,104109,104663,103592,104477,9087100
2020-07-29,105605,105704,104112,104112,9238300
2020-07-30,105009,105607,103920,105605,9591700
2020-07-31,102912,105462,102642,105010,12929300
2020-08-03,102830,103863,102304,102913,10901000
2020-08-04,101216,103012,100005,102826,12029800
2020-08-05,102802,103763,101220,101220,10922100
2020-08-06,104126,104523,102733,102733,9686600
2020-08-07,102776,104126,101957,104116,10337100
2020-08-10,103444,103722,101282,102776,8259500
2020-08-11,102174,104409,102174,103449,9360900
2020-08-12,102118,103116,100698,102176,10114200
2020-08-13,100461,103237,100187,102118,10721300
2020-08-14,101353,101717,100445,100469,8576300
2020-08-17,99595,101689,98513,101348,10816200
2020-08-18,102065,102247,99597,99597,9418700
2020-08-19,100854,102334,100800,102072,10025800
2020-08-20,101468,101749,99131,100853,9405000
2020-08-21,101521,101566,100412,101460,9100200
2020-08-24,102298,102515,101525,101525,7723000
2020-08-25,102118,102708,101623,102293,8170900
2020-08-26,100627,102521,99359,102119,9861200
2020-08-27,100624,101548,99857,100625,7360600
2020-08-28,102143,102347,100631,100631,7665700
2020-08-31,99369,102142,99369,102142,12226100
2020-09-01,102168,102238,99382,99382,9384700
2020-09-02,101911,102824,100872,102168,7557900
2020-09-03,100721,103226,99751,101911,12611000
2020-09-04,101242,101582,98961,100733,11327400
2020-09-08,100050,101239,99373,101239,8479000
2020-09-09,101292,101578,100050,100050,7955600
2020-09-10,98835,101536,98687,101291,8894600
2020-09-11,98363,99435,97758,98839,9107900
2020-09-14,100275,100520,98367,98367,8182100
2020-09-15,100298,100949,99647,100277,9216700
2020-09-16,99676,100663,99663,100299,7139400
2020-09-17,100098,100251,98562,99674,0
2020-09-18,98290,100102,98045,100098,11370300
2020-09-21,96991,98283,95820,98283,9738000
2020-09-22,97294,97684,96390,96995,7281300
2020-09-23,95735,97389,95728,97294,8830700
2020-09-24,97012,97955,95653,95735,9331000
2020-09-25,96999,97012,95632,97011,7351100
2020-09-28,94666,98314,94371,97005,10508900
2020-09-29,93580,95505,93408,94665,8737200
2020-09-30,94603,95340,93584,93586,9454300
2020-10-01,95479,95486,93599,94604,9243500
2020-10-02,94016,95996,93897,95475,8584900
2020-10-05,96089,96414,93984,94019,8616000
2020-10-06,95615,97405,95211,96091,11299600
2020-10-07,95526,96380,94881,95616,9829900
2020-10-08,97920,97938,95530,95530,11163600
2020-10-09,97483,98642,97161,97924,10810500
2020-10-13,98503,98998,97336,97483,7867500
2020-10-14,99334,99571,98501,98502,8891000
2020-10-15,99054,99486,97778,99328,8335200
2020-10-16,98309,99172,98309,99054,7840200
2020-10-19,98658,99917,98310,98310,9929400
2020-10-20,100540,100722,98664,98664,8796000
2020-10-21,100552,101586,100149,100541,8661100
2020-10-22,101918,102020,100457,100553,9556900
2020-10-23,101260,102218,101188,101918,7561100
2020-10-26,101017,101784,99762,101260,8070400
2020-10-27,99606,101660,99414,101017,8672300
2020-10-28,95369,99598,95369,99598,11051600
2020-10-29,96582,96688,93387,95368,12704400
2020-10-30,93952,96579,93559,96579,10643200
2020-11-03,95587,96250,93968,93968,10191800
2020-11-04,97811,98296,95987,95992,10704600
2020-11-05,100774,100922,97872,97873,10455300
2020-11-06,100799,100928,99837,100751,8382800
2020-11-09,103913,105147,100954,100954,17410500
2020-11-10,105351,105758,103453,103516,16665200
2020-11-11,104532,105462,104143,105067,10841000
2020-11-12,102175,105019,102034,104810,10860300
2020-11-13,104512,104707,102509,102509,9772100
2020-11-16,106430,106518,104729,104729,11724300
2020-11-17,107229,107810,105847,106430,10311000
2020-11-18,106483,107467,106217,107246,10337300
2020-11-19,106517,106973,105545,106117,8555700
2020-11-23,107379,107495,106050,106050,9686000
2020-11-24,109786,109956,107361,107378,11934800
2020-11-25,110133,110596,109315,109786,8564700
2020-11-26,110227,110245,109418,110133,6166800
2020-11-27,110575,111603,110161,110229,8790300
2020-11-30,108888,110934,108829,110598,19300000
2020-12-01,111335,111840,108897,108897,11324800
2020-12-02,111814,112315,110579,111402,9814300
2020-12-03,112919,113377,111874,111874,11474200
2020-12-04,113682,113864,112294,112294,8892900
2020-12-07,113625,114531,112629,113751,9633900
2020-12-08,113571,114381,112820,113590,8810900
2020-12-09,112722,114020,112567,113799,8431100
2020-12-10,114992,115262,112732,113002,11803600
2020-12-11,115323,115527,113949,115128,8372300
2020-12-14,114975,115740,114431,115137,8190900
2020-12-15,116146,116390,114613,114613,8195100
2020-12-16,117947,118178,115496,116149,9808100
2020-12-17,118157,119027,117856,117864,7701400
2020-12-18,117679,119370,117639,118395,8636000
2020-12-21,116016,118021,114730,118021,10347100
2020-12-22,116348,116903,115648,115825,6947900
2020-12-23,117857,118311,116636,116636,6483300
2020-12-28,119051,119213,117805,117806,7171700
2020-12-29,119475,119861,118750,119130,6769700
2020-12-30,119306,120150,118919,119410,8235700
2021-01-04,118558,120354,118062,119024,8741400
2021-01-05,119223,119790,116756,118835,9257100
2021-01-06,119851,120924,118917,119377,11638200
2021-01-07,121956,121983,119101,119103,11774800
2021-01-08,125077,125324,122386,122387,11085800
2021-01-11,122807,125075,122506,125075,9537600
2021-01-12,123998,124584,123227,123255,8949000
2021-01-13,122040,124032,121016,123996,10291500
2021-01-14,123481,123896,121947,121947,8974400
2021-01-15,120502,123472,120374,123472,9387600
2021-01-18,121242,122586,120351,120351,7223100
2021-01-19,120673,122120,119257,121250,7886000
2021-01-20,119708,121449,118740,120645,7947300
2021-01-21,118443,120243,117785,119628,8573900
2021-01-22,117172,118318,116109,118318,9373100
2021-01-26,116464,119167,116109,117381,10681400
2021-01-27,115882,117840,114887,116463,12380400
2021-01-28,119314,119314,115734,115882,12065900
2021-01-29,116007,118880,115299,118880,10965200
2021-02-01,117365,117862,115093,115093,8716500
2021-02-02,118234,119805,117519,117520,11625900
2021-02-03,119725,120210,118234,118235,8704300
2021-02-04,119261,120560,118918,119728,8100700
2021-02-05,119925,121117,119261,119261,8208400
2021-02-08,119516,120844,119140,120239,8619100
2021-02-09,119429,119975,118246,119696,7913500
2021-02-10,118430,119738,117970,119472,8644600
2021-02-11,119235,120283,118440,118440,7567400
2021-02-12,119116,119763,118163,119300,7655900
2021-02-17,120391,120573,118880,119421,8326100
2021-02-18,119140,120845,118515,120361,10720600
2021-02-19,118748,119250,117867,119199,10402800
2021-02-22,112668,118388,111650,118388,21768700
2021-02-23,115227,115380,112667,112676,15174900
2021-02-24,115668,116208,114668,115229,11399300
2021-02-25,112256,116506,111764,115668,12466500
2021-02-26,110035,113466,109827,112260,14618500
2021-03-01,110335,112445,110036,110036,11239900
2021-03-02,111540,112428,107319,110328,14823200
2021-03-03,111184,112398,107466,111529,15144300
2021-03-04,112690,114433,111163,111191,14221600
2021-03-05,115202,115504,112504,112690,13254800
2021-03-08,110612,115202,110268,115202,0
2021-03-09,111331,112525,109343,110611,12135300
2021-03-10,112776,112928,109999,111331,12511800
2021-03-11,114984,115127,112776,112782,12092100
2021-03-12,114160,114984,113253,114984,8110700
2021-03-15,114851,114903,113635,114093,8224700
2021-03-16,114019,114974,113370,114845,78000
2021-03-17,116549,116736,113428,114018,94300
2021-03-18,114835,116751,114302,116549,9920100
2021-03-19,116222,116446,114610,114837,12341800
2021-03-22,114979,116225,113620,116222,8160600
2021-03-23,113262,115599,113062,114977,8301500
2021-03-24,112064,114823,112064,113272,9834000
2021-03-25,113750,114024,110927,112065,10306500
2021-03-26,114781,115416,113305,113750,8659500
2021-03-29,115419,115553,114096,114776,7463300
2021-03-30,116850,117090,114999,115414,8141600
2021-03-31,116634,117249,115932,116850,10659200
2021-04-01,115253,117088,114991,116644,8009200
2021-04-05,117518,117668,115262,115262,7245100
2021-04-06,117499,118213,117176,117519,6800800
2021-04-07,117624,118303,116748,117499,0
2021-04-08,118313,118850,117486,117624,8778200
2021-04-09,117670,118643,117336,118313,7739400
2021-04-12,118812,118812,117661,117661,7000500
2021-04-13,119297,119529,118041,118809,8977600
2021-04-14,120295,120871,119298,119298,10076600
2021-04-15,120701,121409,120084,120290,7948100
2021-04-16,121114,121333,120199,120701,7945600
2021-04-19,120934,121974,120682,121116,10028100
2021-04-20,120062,121354,119841,120925,7811500
2021-04-22,119371,120995,119203,120064,8598600
2021-04-23,120530,120815,119372,119372,7615500
2021-04-26,120595,121393,119860,120534,7095300
2021-04-27,119388,121012,119003,120595,8362300
2021-04-28,121053,121276,119392,119392,9081500
2021-04-29,120066,121498,119703,121053,8500200
2021-04-30,118894,120125,118894,120064,11093200
2021-05-03,119209,119904,118528,118951,8888300
2021-05-04,117712,119293,117631,119209,8765500
2021-05-05,119564,119734,117725,117725,9059100
2021-05-06,119921,119966,119071,119577,8779600
2021-05-07,122038,122038,119922,119922,8865100
2021-05-10,121909,122772,121795,122038,8219100
2021-05-11,122964,122964,120145,121904,7988600
2021-05-12,119710,122964,119458,122964,9405200
2021-05-13,120706,121426,119711,119711,9356200
2021-05-14,121881,122195,120719,120719,10136300
2021-05-17,122938,123074,121680,121880,7408100
2021-05-18,122980,123544,122550,122937,7840100
2021-05-19,122636,123013,121595,122976,8825300
2021-05-20,122701,122734,122136,122636,7906400
2021-05-21,122592,122799,121760,122701,9493600
2021-05-24,124032,124167,122526,122592,8186300
2021-05-25,122988,124696,122701,124032,8914500
2021-05-26,123989,124256,122988,122988,8258400
2021-05-27,124367,124537,123470,123989,0
2021-05-28,125561,125698,124284,124367,8838500
2021-05-31,126216,126216,125540,125561,5946500
2021-06-01,128267,128363,126218,126218,12496100
2021-06-02,129601,129601,128167,128268,12781100
2021-06-04,130126,130137,129148,129600,9814800
2021-06-07,130776,131190,129498,130125,9655400
2021-06-08,129787,130776,129230,130776,10346600
2021-06-09,129907,130882,129281,129800,9833700
2021-06-10,130076,130527,129526,129911,8537900
2021-06-11,129441,130294,128678,130076,7748200
2021-06-14,130208,131084,129441,129441,8155700
2021-06-15,130091,130436,129304,130208,7211500
2021-06-16,129259,130283,128345,130091,12879400
2021-06-17,128057,129919,127576,129259,9664700
2021-06-18,128405,128796,127595,128050,12432000
2021-06-21,129265,129412,128048,128405,7333600
2021-06-22,128767,129259,127803,129242,9328000
2021-06-23,128428,129901,128182,128769,7988900
2021-06-24,129514,129541,128428,128433,7237000
2021-06-25,127256,129748,126697,129513,9363800
2021-06-28,127429,128067,126629,127255,8155600
2021-06-29,127327,127507,126184,127429,7777900
2021-06-30,126802,127323,126199,127323,9098600
2021-07-01,125666,127204,124994,126802,9292000
2021-07-02,127622,127672,125667,125667,7434800
2021-07-05,126920,127633,126531,127622,5255600
2021-07-06,125095,126919,124866,126919,7651300
2021-07-07,127019,127249,125094,125096,8151400
2021-07-08,125428,127013,124310,127013,8881400
2021-07-12,127594,127782,125428,125428,7421600
2021-07-13,128168,128420,126441,127594,7152000
2021-07-14,128407,129620,128085,128169,0
2021-07-15,127468,128976,126922,128407,7418600
2021-07-16,125960,128010,125808,127468,7355800
2021-07-19,124395,125958,123317,125958,9210200
2021-07-20,125401,125631,123631,124395,7627500
2021-07-21,125929,126112,125247,125404,7148900
2021-07-22,126147,126428,125416,125930,6480400
2021-07-23,125053,126204,124422,126140,6051800
2021-07-26,126004,126214,125006,125058,6325500
2021-07-27,124612,126026,123670,126004,7313800
2021-07-28,126286,126712,124542,124615,9038200
2021-07-29,125675,126476,124917,126285,7488400
2021-07-30,121801,125673,121748,125672,9399200
2021-08-02,122516,124536,121797,121803,8565400
2021-08-03,123577,123765,120807,122516,9391300
2021-08-04,121801,123587,121072,123577,9164200
2021-08-05,121633,123541,121128,121801,10913000
2021-08-06,122810,123287,121568,121633,7499200
2021-08-09,123019,123597,122258,122809,7171500
2021-08-10,122202,123513,122061,123021,8297600
2021-08-11,122056,122756,120827,122203,8685200
2021-08-12,120701,122095,120534,122056,11066000
2021-08-13,121194,121275,120045,120701,10642200
2021-08-16,119180,121191,118684,121191,9741700
2021-08-17,117904,119179,116248,119179,11218200
2021-08-18,116643,118739,116489,117904,11745800
2021-08-19,117165,117453,114801,116641,10525900
2021-08-20,118053,118308,116040,117163,8929300
2021-08-23,117472,118445,117062,118053,7853000
2021-08-24,120211,120463,117474,117474,9181000
2021-08-25,120818,120818,119226,120210,7520100
2021-08-26,118724,120833,118719,120817,8426900
2021-08-27,120678,120678,118721,118725,7323600
2021-08-30,119740,120684,119354,120677,6391900
2021-08-31,118781,120157,117911,119738,11535600
2021-09-01,119396,119942,118067,118793,9523000
2021-09-02,116677,119397,116534,119394,9862800
2021-09-03,116933,117396,115583,116679,12517500
2021-09-06,117869,117981,116156,116926,5111300
2021-09-08,113413,117866,113172,117866,12254400
2021-09-09,115361,116354,112435,113413,13890600
2021-09-10,114286,116896,114286,115370,11155700
2021-09-13,116404,117046,114300,114300,9253400
2021-09-14,116181,117270,115809,116405,9034100
2021-09-15,115063,116312,114741,116191,9456800
2021-09-16,113794,115062,113395,115062,10685500
2021-09-17,111439,113794,111157,113794,14827600
2021-09-20,108844,111435,107520,111435,11500200
2021-09-21,110250,110923,108859,108859,11247700
2021-09-22,112282,113321,110251,110252,12158600
2021-09-23,114064,114330,112281,112282,11476300
2021-09-24,113283,114062,112505,114062,9121200
2021-09-27,113583,114432,112360,113283,10739700
2021-09-28,110124,113584,109981,113584,13190800
2021-09-29,111107,112028,110125,110125,11372600
2021-09-30,110979,112371,110743,111117,13160600
2021-10-01,112900,113020,110980,110980,10779100
2021-10-04,110393,112900,109979,112900,11814200
2021-10-05,110458,111691,110087,110397,10379000
2021-10-06,110560,110614,108180,110454,13279200
2021-10-07,110585,111522,110563,110563,10646000
2021-10-08,112833,114172,110586,110586,12871400
2021-10-11,112180,113982,112052,112834,10283700
2021-10-13,113456,114159,111807,112180,11732700
2021-10-14,113185,113881,112708,113457,8956200
2021-10-15,114648,114776,113049,113189,11174900
2021-10-18,114428,114927,112841,114647,11201300
2021-10-19,110673,114422,109947,114422,14129200
2021-10-20,110786,112023,110176,110677,11735800
2021-10-21,107735,110767,105714,110767,16507700
2021-10-22,106296,107749,102854,107714,21165700
2021-10-25,108715,109372,106296,106298,11512100
2021-10-26,106420,108713,106321,108713,10762200
2021-10-27,106363,108224,106045,106433,10831300
2021-10-28,105705,107210,105282,106369,11502900
2021-10-29,103501,105954,103430,105707,12595800
2021-11-01,105551,106136,103514,103514,10734800
2021-11-03,105617,106754,104205,105547,14696900
2021-11-04,103412,105627,102835,105617,12084000
2021-11-05,104824,105555,103412,103412,12595000
2021-11-08,104781,105679,104182,104824,9358000
2021-11-09,105535,106674,104783,104783,11021200
2021-11-10,105968,107407,105140,105535,12277400
2021-11-11,107725,108669,105988,105988,12661400
2021-11-12,106312,107915,105842,107576,13248100
2021-11-16,104508,106971,104113,106336,11579400
2021-11-17,102945,105535,102551,104405,12832200
2021-11-18,102524,103757,102014,102948,10905700
2021-11-19,103035,103975,102143,102426,11101500
2021-11-22,102122,104613,102122,103036,10410000
2021-11-23,103663,103692,101736,102124,13032400
2021-11-24,104514,105041,102464,103652,10466600
2021-11-25,105811,106400,104514,104514,7890400
2021-11-26,102224,105810,101495,105810,10969100
2021-11-29,102814,104149,102226,102227,10283300
2021-11-30,101915,103066,100075,102814,18195100
2021-12-01,100775,104087,100727,101916,13762900
2021-12-02,104466,104466,100785,100785,14846500
2021-12-03,105070,106814,104090,104467,14581500
2021-12-06,106859,107498,105070,105070,11127500
2021-12-07,107558,108655,106868,106868,11773100
2021-12-08,108096,108521,107309,107558,13166800
2021-12-09,106291,106754,105890,106573,11082900
2021-12-10,107758,108275,106296,106296,10466000
2021-12-13,107383,109493,107383,107758,12512300
2021-12-14,106760,109148,106445,107387,11604300
2021-12-15,107370,107603,105697,106763,12663100
2021-12-16,108212,109034,107433,107433,13754600
2021-12-17,107201,108324,106518,108324,14934300
2021-12-20,105020,107171,104358,107171,10570000
2021-12-21,105500,105906,105020,105020,9041600
2021-12-22,105244,105711,104386,105499,8052900
2021-12-23,104891,105453,104637,105251,7283600
2021-12-27,105531,105694,104798,104892,7594900
2021-12-28,104864,105652,104503,105555,7509000
2021-12-29,104107,105190,103851,104863,6590000
2021-12-30,104822,105269,104106,104106,11138100
2022-01-03,103922,106125,103413,104823,11128500
2022-01-04,103514,104276,103096,103922,11491600
2022-01-05,101006,103514,100850,103514,0
2022-01-06,101561,102235,101000,101006,11749200
2022-01-07,102719,102719,101104,101561,11733200
2022-01-10,101945,102719,101038,102719,10264700
2022-01-11,103779,103780,101918,101946,12421500
2022-01-12,105686,105869,103771,103779,13026500
2022-01-13,105530,106251,104974,105686,11712300
2022-01-14,106928,107062,105028,105530,11457100
2022-01-17,106692,106928,106097,106927,6924200
2022-01-18,106522,107013,105786,106369,11221900
2022-01-19,108013,108602,106669,106670,12595600
2022-01-20,109102,109873,108015,108015,13630500
2022-01-21,108942,109786,108368,109097,13408400
2022-01-24,107752,108948,106624,108941,12700800
2022-01-25,109845,110115,107185,107935,13713900
2022-01-26,111573,112695,110204,110207,15513800
2022-01-27,112315,113057,111303,111303,14812000
2022-01-28,111478,112969,111407,112611,13520100
2022-01-31,112388,112495,111195,111910,12190800
2022-02-01,113147,113302,112135,112143,11133300
2022-02-02,112161,113666,111645,113228,11751200
2022-02-03,111696,112502,111225,111897,11039700
2022-02-04,112245,112415,110321,111696,0
2022-02-07,111996,112517,111490,112247,10672800
2022-02-08,112234,112251,110943,111995,10157500
2022-02-09,112461,113163,111710,112233,13794500
2022-02-10,113359,113812,112163,112462,13267900
2022-02-11,113572,114899,113128,113368,18602800
2022-02-14,113807,114167,113358,113643,10757600
2022-02-15,114660,114819,113882,113905,11649600
2022-02-16,115181,115734,114816,114830,12052100
2022-02-17,113528,115214,113389,115181,10807500
2022-02-18,112768,114213,112701,113534,11300700
2022-02-21,111725,113405,111608,112880,7864900
2022-02-22,112892,113315,111727,111727,12707000
2022-02-23,112008,113721,111748,112892,12120600
2022-02-24,111592,112001,109125,112001,16794700
2022-02-25,113142,113142,110673,111591,17555700
2022-03-02,115174,115429,113143,113143,0
2022-03-03,115166,115948,115010,115173,12123000
2022-03-04,114474,115166,113389,115166,10715700
2022-03-07,111593,114529,111140,114469,14057700
2022-03-08,111203,112390,110969,111594,15698500
2022-03-09,113900,114051,111207,111210,14705400
2022-03-10,113663,113939,111889,113900,12984000
2022-03-11,111713,114627,111332,113664,12475800
2022-03-14,109928,112299,109717,111716,10480900
2022-03-15,108959,109925,107781,109925,13653800
2022-03-16,111112,111183,108958,108958,13205200
2022-03-17,113076,113088,111070,111113,14407500
2022-03-18,115311,115311,112475,113076,19552500
2022-03-21,116155,116360,115208,115307,10378700
2022-03-22,117272,117541,116157,116157,11382700
2022-03-23,117457,118270,117036,117270,11083700
2022-03-24,119053,119256,117151,117460,13474400
2022-03-25,119081,119729,118548,119062,13814500
2022-03-28,118738,119444,118061,119082,9167700
2022-03-29,120014,120900,118740,118740,12931900
2022-03-30,120260,120531,119775,120013,10893300
2022-03-31,119999,120880,119999,120261,11202100
2022-04-01,121570,121579,120001,120001,13780900
2022-04-04,121280,121570,120754,121569,8812500
2022-04-05,118885,121628,118794,121279,11788300
2022-04-06,118228,118885,116791,118885,13410800
2022-04-07,118862,119247,117509,118226,11520100
2022-04-08,118322,118868,117487,118861,11225800
2022-04-11,116953,118320,116953,118320,9558400
2022-04-12,116147,118615,116054,116963,11406800
2022-04-13,116782,117329,116150,116150,12070500
2022-04-14,116182,116781,115624,116781,10365400
2022-04-18,115687,116191,115177,116182,8404900
2022-04-19,115057,115687,114277,115687,0
2022-04-20,114344,115057,113945,115057,10747700
2022-04-22,111078,114343,110591,114343,10877300
2022-04-25,110685,111155,109222,111077,11098300
2022-04-26,108213,110685,107978,110684,11747500
2022-04-27,109349,110107,108214,108214,11515700
2022-04-28,109919,110702,108905,109349,11129900
2022-04-29,107876,111819,107876,109922,13662200
2022-05-02,106639,107884,105218,107876,11935100
2022-05-03,106528,107127,106033,106640,9935500
2022-05-04,108344,108382,104933,106529,14558600
2022-05-05,105304,108337,103923,108337,13826200
2022-05-06,105135,106268,103984,105303,14137700
2022-05-09,103250,105109,102768,105109,13196700
2022-05-10,103110,104286,102386,103251,13507400
2022-05-11,104397,105374,103008,103110,13425100
2022-05-12,105688,105708,103579,104395,13995600
2022-05-13,106924,107773,105691,105691,12369300
2022-05-16,108233,108685,108199,108685,10596900
2022-05-17,108789,109774,108245,108246,16503400
2022-05-18,106247,108096,106038,107903,14752800
2022-05-19,107005,107420,105760,106249,11426400
2022-05-20,108488,108795,107351,108520,12866400
2022-05-23,110346,110680,108500,108500,10682700
2022-05-24,110581,110635,108399,110340,11724400
2022-05-25,110580,111006,109699,110085,10737700
2022-05-26,111890,112102,110388,110577,13077400
2022-05-27,111942,112441,111558,111890,9979300
2022-05-30,111032,112690,110655,111944,7284500
2022-05-31,111351,111903,110685,111036,15809400
2022-06-01,111360,111931,110822,111351,9790200
2022-06-02,112393,112709,111218,111363,10051100
2022-06-03,111102,112392,110935,112392,8757500
2022-06-06,110186,111935,110015,111102,8212400
2022-06-07,110070,110435,109394,110185,9466200
2022-06-08,108368,110142,108045,110067,10379900
2022-06-09,107094,108510,107068,108367,11955500
2022-06-10,105481,107092,104648,107091,12840500
2022-06-13,102598,105478,101700,105476,13837900
2022-06-14,102063,103328,101325,102598,11563200
2022-06-15,102807,103952,102046,102068,16023500
2022-06-17,99825,102801,98402,102800,18927300
2022-06-20,99853,100481,98409,99824,10900800
2022-06-21,99685,101069,99167,99854,11072300
2022-06-22,99522,100374,98050,99678,11675100
2022-06-23,98080,100232,97775,99523,12397700
2022-06-24,98672,99313,98031,98081,10345200
2022-06-27,100764,101106,98672,98673,9895900
2022-06-28,100591,102237,99956,100766,10493900
2022-06-29,99622,101313,99218,100592,10448100
2022-06-30,98542,99619,97758,99619,14588800
2022-07-01,98954,99340,97231,98542,11609800
2022-07-04,98609,99353,98264,98952,6279300
2022-07-05,98295,98608,96499,98608,13358800
2022-07-06,98719,99141,97423,98294,13348200
2022-07-07,100730,101420,98722,98722,12696300
2022-07-08,100289,101577,99958,100732,9730400
2022-07-11,98212,100282,97854,100282,8893400
2022-07-12,98271,98737,97253,98212,12566300
2022-07-13,97881,98928,97403,98258,12208100
2022-07-14,96121,97879,95431,97879,12579000
2022-07-15,96551,96971,95267,96119,11347600
2022-07-18,96916,98291,96553,96553,10738200
2022-07-19,98245,98346,96917,96920,10295900
2022-07-20,98287,98366,97277,98244,12941700
2022-07-21,99033,99057,97088,98286,10060000
2022-07-22,98925,99724,98321,99034,10033500
2022-07-25,100270,100508,98925,98926,8621800
2022-07-26,99772,100753,99365,100270,9136600
2022-07-27,101438,101471,99772,99773,10263100
2022-07-28,102597,102686,101045,101437,11130000
2022-07-29,103165,103989,102514,102597,12934200
2022-08-01,102225,103317,101764,103165,11626700
2022-08-02,103362,103660,101694,102225,10124500
2022-08-03,103775,103878,102822,103362,12379600
2022-08-04,105892,106162,103777,103777,15499000
2022-08-05,106472,107176,105518,105893,12947500
2022-08-08,108402,108489,106473,106473,12674600
2022-08-09,108651,109331,107842,108403,12147900
2022-08-10,110236,110362,108657,108658,13376200
2022-08-11,109718,111310,109604,110236,14944800
2022-08-12,112764,112764,109718,109718,18704900
2022-08-15,113032,113214,111067,112767,15552900
2022-08-16,113512,113626,112690,113034,12986400
2022-08-17,113708,114146,112483,113508,14652800
2022-08-18,113813,114375,113304,113708,10644200
2022-08-19,111496,113807,111146,113807,12678600
2022-08-22,110501,111487,109858,111487,11010900
2022-08-23,112857,112965,110503,110504,11892000
2022-08-24,112898,113888,112632,112856,13758600
2022-08-25,113532,114156,112768,112898,11838500
2022-08-26,112299,114091,111978,113533,11159700
2022-08-29,112323,113222,111689,112296,9795800
2022-08-30,110431,112869,110103,112323,11937900
2022-08-31,109523,111364,109523,110431,14791100
2022-09-01,110405,110405,108217,109524,14478000
2022-09-02,110864,112264,110409,110409,16691800
2022-09-05,112203,112671,110865,110868,9515500
2022-09-06,109764,112203,109348,112203,14296100
2022-09-08,109916,110768,108619,109771,13759500
2022-09-09,112300,112540,109922,109922,12155200
2022-09-12,113407,114160,112305,112307,11707100
2022-09-13,110794,113400,110522,113398,12612500
2022-09-14,110547,111504,110118,110794,11630900
2022-09-15,109954,111100,109524,110547,11622500
2022-09-16,109280,109952,108489,109951,18843300
2022-09-19,111824,111976,108508,109283,12594800
2022-09-20,112517,112544,111393,111824,12570300
2022-09-21,111936,113294,111380,112517,14726800
2022-09-22,114070,114392,111819,111942,15684400
2022-09-23,111716,112457,110732,112258,13542300
2022-09-26,109114,111713,109022,111713,13127000
2022-09-27,108376,110161,108120,109122,14517500
2022-09-28,108451,108970,107914,108377,13540500
2022-09-29,107664,108449,106244,108449,14588500
2022-09-30,110037,110502,107315,107664,16536300
2022-10-03,116134,116134,110048,110048,20982900
2022-10-04,116230,118280,115837,116704,16078700
2022-10-05,117198,117514,115906,116231,13555200
2022-10-06,117561,118382,117144,117200,14520500
2022-10-07,116375,117960,115924,117560,13616500
2022-10-10,115941,116841,115261,116377,11429900
2022-10-11,114827,115928,114297,115928,13137900
2022-10-13,114300,115367,112690,114819,14583700
2022-10-14,112072,114712,111631,114301,13096100
2022-10-17,113624,114406,112090,112107,11633000
2022-10-18,115743,115795,113627,113627,14744200
2022-10-19,116274,116459,115264,115744,12729900
2022-10-20,117171,117367,116276,116276,16915800
2022-10-21,119929,120752,116736,117170,18579800
2022-10-24,116013,119924,115793,119922,13278800
2022-10-25,114626,116203,114626,116016,14727200
2022-10-26,112764,114626,112577,114626,16088200
2022-10-27,114641,116236,112765,112766,15530800
2022-10-28,114539,114712,113336,114636,14392400
2022-10-31,116037,116763,112113,114533,21637900
2022-11-01,116929,118261,115547,116037,17969700
2022-11-03,116896,117373,114485,116927,15634600
2022-11-04,118155,120039,116904,116907,16209500
2022-11-07,115342,118240,115266,118148,15221900
2022-11-08,116160,117072,114688,115340,14239800
2022-11-09,113580,116183,113110,116153,20531600
2022-11-10,109775,113579,108516,113579,26029300
2022-11-11,112253,113010,109408,109775,25038700
2022-11-14,113161,114322,111930,112256,15080400
2022-11-16,110243,113473,109512,113166,18351000
2022-11-17,109703,110242,107245,110241,23119600
2022-11-18,108880,111585,108512,109706,18769100
2022-11-21,109748,110235,107957,108868,16651600
2022-11-22,109037,110224,107867,109750,15056500
2022-11-23,108683,109285,107902,109036,13198400
2022-11-24,111831,112612,108846,108846,10296900
2022-11-25,108977,112025,108552,111831,12309100
2022-11-28,108782,109476,108378,108977,11492600
2022-11-29,110910,112187,108784,108784,14721700
2022-11-30,112486,112486,110202,110910,19703200
2022-12-01,110926,112479,110548,112479,15193700
2022-12-02,111924,113761,109963,110926,15982000
2022-12-05,109401,112150,109270,111922,12308400
2022-12-06,109533,110663,109217,109403,13437500
2022-12-07,109361,110247,108612,110188,13825300
2022-12-08,107245,109286,106906,109068,14921000
2022-12-09,107689,108566,107089,107250,10676300
2022-12-12,105264,107561,103877,107518,15481900
2022-12-13,103892,106689,103409,105345,17702200
2022-12-14,103803,104516,101632,103536,24923500
2022-12-15,103738,105483,103014,103739,15568200
2022-12-16,102825,104018,102248,103737,18255000
2022-12-19,104530,105107,102770,102859,16773400
2022-12-20,106979,107792,104607,104740,19125600
2022-12-21,107313,107991,106066,106866,17634900
2022-12-22,107317,108383,106510,107436,11494600
2022-12-23,109698,109994,107552,107552,12847100
2022-12-26,108738,109755,108309,109699,5219500
2022-12-27,108347,109353,107418,108739,11158100
2022-12-28,110237,110536,108578,108578,11193900
2022-12-29,110031,111178,109560,110237,13389100
2023-01-02,106376,109734,105981,109734,8130500
2023-01-03,104166,106684,103852,106377,14466700
2023-01-04,105334,105627,103915,104167,14451200
2023-01-05,107518,107743,105333,105336,15512000
2023-01-06,108836,109433,107642,107642,12626600
2023-01-09,109227,109938,108134,108964,12047300
2023-01-10,110912,111193,108478,109129,13697900
2023-01-11,111763,111841,110752,110816,14461400
2023-01-12,111877,113129,110982,112516,19839100
2023-01-13,110916,111847,110428,111843,15939000
2023-01-16,109213,110908,108753,110908,12512400
2023-01-17,111439,111577,109214,109214,14363200
2023-01-18,112452,113306,111441,111442,14128600
2023-01-19,113006,113172,111307,112219,15594300
2023-01-20,112301,113025,111735,112922,15436600
2023-01-23,111709,113061,111542,112041,13701000
2023-01-24,113028,113040,111669,111746,11551500
2023-01-25,114195,114386,111927,113028,11413000
2023-01-26,114109,114835,113591,114271,10920800
2023-01-27,112502,114191,112044,114178,10614500
2023-01-30,111888,112920,111824,112319,11272700
2023-01-31,113532,113581,112145,112273,12900200
2023-02-01,112303,113598,110729,113430,17821500
2023-02-02,109935,112943,109747,112072,15241800
2023-02-03,108490,110570,108185,110141,13235300
2023-02-06,108456,108710,107416,108518,11514600
2023-02-07,107920,109037,107234,108727,12956300
2023-02-08,109882,110175,107830,107832,13837000
2023-02-09,107783,110046,107781,109952,12956000
2023-02-10,108150,108647,107620,108002,14458000
2023-02-13,108846,109193,107420,108074,9973600
2023-02-14,107659,109564,107557,108839,11894600
2023-02-15,109442,110210,107267,107849,15499500
2023-02-16,109905,110437,108378,109599,12995900
2023-02-17,109303,109941,108968,109941,10058400
2023-02-22,107152,109174,106720,109174,9356400
2023-02-23,107720,108663,106731,107152,11459000
2023-02-24,105873,107611,105360,107582,10221100
2023-02-27,105711,106402,105227,105807,9570700
2023-02-28,104932,106794,104932,105706,15672400
2023-03-01,104385,105497,103105,104933,19853000
2023-03-02,103326,104912,103321,104375,14738800
2023-03-03,103866,104440,103323,103326,13101500
2023-03-06,104700,105171,103170,103865,14277800
2023-03-07,104228,105179,103480,104700,12578200
2023-03-08,106540,106721,104228,104228,15904100
2023-03-09,105071,106724,105053,106540,19174300
2023-03-10,103618,105071,103201,105071,17952200
2023-03-13,103121,103907,102255,103608,12993800
2023-03-14,102932,104153,102482,103121,13133800
2023-03-15,102675,103048,100692,102930,15246500
2023-03-16,103435,103911,102455,102683,14385800
2023-03-17,101982,103434,101664,103434,17560000
2023-03-20,100923,102328,100679,101982,0
2023-03-21,100998,101670,100923,100923,9672100
2023-03-22,100221,101888,100129,100998,11504600
2023-03-23,97926,101126,96997,100221,0
2023-03-24,98829,99258,97688,97926,0
2023-03-27,99670,99997,98833,98833,9990600
2023-03-28,101185,101559,99488,99672,13500100
2023-03-29,101793,102213,100248,101185,12456100
2023-03-30,103713,104085,101796,101796,14901600
2023-03-31,101882,104041,101476,103714,15111200
2023-04-03,101506,101916,100651,101883,12794800
2023-04-04,101869,103056,101505,101505,11695800
2023-04-05,100978,101960,99898,101869,13256500
2023-04-06,100822,101628,100443,100978,9818500
2023-04-10,101847,102196,100819,100822,8148700
2023-04-11,106214,106455,101848,101849,18725700
2023-04-12,106890,108277,106217,106218,17345500
2023-04-13,106458,107037,106220,106890,12182900
2023-04-14,106279,106701,104934,106458,11501000
2023-04-17,106016,106830,105623,106279,10253400
2023-04-18,106163,106475,105122,106023,11207900
2023-04-19,103913,106149,103604,106149,12713600
2023-04-20,104367,104615,103087,103913,12378000
2023-04-24,103947,104822,103247,104367,10935400
2023-04-25,103220,103947,102633,103947,10873200
2023-04-26,102312,103668,102233,103220,10115500
2023-04-27,102923,103177,101975,102310,11302800
2023-04-28,104432,104432,102449,102923,13080900
2023-05-02,101927,104447,101569,104431,12018000
2023-05-03,101797,102331,101433,101927,11688200
2023-05-04,102174,103321,101063,101798,14837300
2023-05-05,105148,105306,102175,102175,16699500
2023-05-08,106042,106716,105161,105161,13259200
2023-05-09,107114,107731,105549,106028,13526600
2023-05-10,107448,107744,106538,107114,13576900
2023-05-11,108256,108667,106419,107446,12772100
2023-05-12,108464,108817,107497,108256,0
2023-05-15,109029,109271,108356,108469,11603200
2023-05-16,108194,110151,108085,109029,16897300
2023-05-17,109460,109774,108188,108194,13993000
2023-05-18,110108,110206,108864,109459,13613100
2023-05-19,110745,111211,109787,110113,16135800
2023-05-22,110213,111643,110178,110745,11769400
2023-05-23,109929,111325,109713,110213,12334800
2023-05-24,108800,109920,108546,109920,12980200
2023-05-25,110054,111115,108800,108800,14745300
2023-05-26,110906,111706,109900,110058,11019700
2023-05-29,110333,111168,110195,110906,5913000
2023-05-30,108967,111291,108552,110333,11588000
2023-05-31,108335,109137,108193,108967,15861100
2023-06-01,110565,110745,108335,108339,14669000
2023-06-02,112558,113070,110567,110568,14545800
2023-06-05,112696,113071,111736,112558,9078800
2023-06-06,114610,114783,112696,112697,15025400
2023-06-07,115488,115978,114610,114610,14017100
2023-06-09,117019,117603,115489,115489,13527100
2023-06-12,117336,117735,116704,117022,12016200
2023-06-13,116743,117924,116363,117337,12392200
2023-06-14,119069,119085,116745,116753,16938600
2023-06-15,119221,119686,118693,119068,12298000
2023-06-16,118758,119555,118487,119208,15251700
2023-06-19,119858,119939,118558,118757,6776300
2023-06-20,119622,119858,118416,119858,10924200
2023-06-21,120420,120519,119332,119623,11736700
2023-06-22,118934,120420,118018,120420,11831500
2023-06-23,118977,119386,118178,118959,12845400
2023-06-26,118243,119148,117491,118977,10456600
2023-06-27,117523,119212,116561,118246,13077000
2023-06-28,116681,117937,116560,117524,10646300
2023-06-29,118383,118623,116683,116683,11055300
2023-06-30,118087,119447,118087,118388,0
2023-07-03,119673,119877,118092,118092,8907500
2023-07-04,119076,119678,118830,119673,6555200
2023-07-05,119549,120200,118688,119072,10959000
2023-07-06,117426,119548,117096,119548,11025700
2023-07-07,118898,119549,117427,117427,10521000
2023-07-10,117942,118897,117814,118897,8104000
2023-07-11,117220,117942,115704,117942,10592500
2023-07-12,117666,119156,117557,117557,8941200
2023-07-13,119264,119739,117668,117671,9257600
2023-07-14,117711,119329,117526,119268,8980000
2023-07-17,118219,118302,116591,117711,8201900
2023-07-18,117841,118732,117324,118218,8584800
2023-07-19,117552,118011,116660,117842,9728700
2023-07-20,118083,118290,117484,117558,8986400
2023-07-21,120217,120373,118086,118090,11181500
2023-07-24,121342,121772,120099,120220,10494800
2023-07-25,122008,123010,121344,121344,11427100
2023-07-26,122560,122747,121370,122003,9988800
2023-07-27,119990,122599,119825,122560,10678700
2023-07-28,120187,120660,119706,120002,8464200
2023-07-31,121943,122149,120188,120188,10122700
2023-08-01,121248,121945,120154,121945,10302800
2023-08-02,120859,121252,119798,121249,10565900
2023-08-03,120586,122619,120365,120859,13027300
2023-08-04,119508,121442,119215,120586,15065200
2023-08-07,119380,120104,118894,119509,8726500
2023-08-08,119090,119553,117492,119378,10246000
2023-08-09,118409,119090,117901,119090,11245600
2023-08-10,118350,119438,118113,118412,12689600
2023-08-11,118065,119054,117415,118350,11867500
2023-08-14,116810,118082,116530,118067,11203500
2023-08-15,116171,117697,116033,116809,14636000
2023-08-16,115592,117338,115534,116171,18862600
2023-08-17,114982,116610,114859,115592,12747500
2023-08-18,115409,115729,114423,114973,10601000
2023-08-21,114429,115425,114067,115404,9794400
2023-08-22,116156,116286,114433,114433,9828500
2023-08-23,118135,118135,116159,116160,11542800
2023-08-24,117026,118136,116848,118135,9196200
2023-08-25,115837,117252,115397,117025,9214100
2023-08-28,117121,117253,115836,115838,9596900
2023-08-29,118404,118493,117124,117124,9631600
2023-08-30,117535,118841,117471,118404,8924000
2023-08-31,115742,117637,115742,117537,12950000
2023-09-01,117893,117991,115744,115744,11890700
2023-09-04,117777,118576,117590,117893,5529700
2023-09-05,117331,117957,116637,117776,10870700
2023-09-06,115985,117971,115984,117331,9916100
2023-09-08,115313,115979,114839,115979,8360700
2023-09-11,116883,117131,115316,115316,8789000
2023-09-12,117968,118154,116885,116885,9192800
2023-09-13,118176,119318,117722,117968,12075300
2023-09-14,119392,119748,118181,118181,13279300
2023-09-15,118758,119780,118666,119393,16107600
2023-09-18,118288,119486,118123,118759,11273100
2023-09-19,117846,118458,117628,118293,11453800
2023-09-20,118695,119616,117847,117864,9238800
2023-09-21,116145,118695,116013,118695,12685800
2023-09-22,116009,116968,115855,116147,9443500
2023-09-25,115925,116031,115573,116009,9580000
2023-09-26,114193,115922,114162,115922,11241800
2023-09-27,114327,115340,113366,114194,13359300
2023-09-28,115731,115954,114811,114875,10387000
2023-09-29,116565,116899,115742,115742,11143200
2023-10-02,115057,116672,114761,116565,8524900
2023-10-03,113419,115056,113151,115055,11104800
2023-10-04,113607,114075,113036,113430,10813800
2023-10-05,113284,114359,112705,113609,9507200
2023-10-06,114170,114491,111599,113283,13138200
2023-10-09,115156,115219,113448,114169,9474400
2023-10-10,116737,116900,115158,115158,11621500
2023-10-11,117051,117099,116231,116737,9949800
2023-10-13,115754,117070,115658,117050,10609300
2023-10-16,116534,116905,115760,115760,8989900
2023-10-17,115908,116917,115564,116526,10371700
2023-10-18,114060,115907,113952,115907,15492200
2023-10-19,114004,115063,113768,114059,11497600
2023-10-20,113155,114090,112533,113996,0
2023-10-23,112785,113680,112164,113145,10701800
2023-10-24,113762,114249,112814,112814,10711800
2023-10-25,112830,114319,112680,113762,12306500
2023-10-26,114777,114886,112840,112840,12770600
2023-10-27,113301,115342,112953,114777,12289500
2023-10-30,112532,114204,112309,113303,9741800
2023-10-31,113144,113597,112098,112534,10557400
2023-11-01,115053,115433,113157,113157,13904100
2023-11-03,118160,118502,115062,115062,15714000
2023-11-06,118487,118758,118045,118160,10167700
2023-11-07,119268,119577,118026,118422,16393100
2023-11-08,119099,119976,118464,119268,15193500
2023-11-09,119012,120257,118446,119180,15568300
2023-11-10,120636,120823,119036,119036,0
2023-11-13,120376,120606,119878,120561,11198000
2023-11-14,123328,123370,120411,120411,19427900
2023-11-16,124576,124737,123165,123165,18355600
2023-11-17,125062,125431,124547,124639,15719100
2023-11-20,126095,126162,124773,124773,11108500
2023-11-21,125607,125957,125060,125957,10793500
2023-11-22,126035,126875,125439,125626,14058500
2023-11-23,126576,126760,125764,126035,7816400
2023-11-24,125542,126553,125341,126553,9613100
2023-11-27,125683,125826,124840,125517,11013800
2023-11-28,126538,126916,125388,125726,12394200
2023-11-29,126101,127388,126018,126541,12417500
2023-11-30,127331,127399,126168,126168,19238400
2023-12-01,128103,128165,126656,127331,13696500
2023-12-04,126803,128183,126643,128183,10270500
2023-12-05,126903,127489,126491,126802,11960300
2023-12-06,125623,127538,125614,126907,10837300
2023-12-07,126010,126581,125566,125623,10505300
2023-12-08,127094,127289,125562,126010,10745300
2023-12-11,126916,127154,126526,127093,7091900
2023-12-12,126403,127359,126013,126923,10266500
2023-12-13,129465,129793,126299,126406,15066200
2023-12-14,130842,131260,129469,129469,15822800
2023-12-15,130197,131661,129884,130842,15141000
2023-12-18,131084,131447,130198,130202,9604400
2023-12-19,131851,132047,131086,131088,9429700
2023-12-20,130804,132341,130710,131851,10335800
2023-12-21,132182,132277,130822,130826,8681000
2023-12-22,132753,133035,132094,132553,8231100
2023-12-26,133533,133645,132753,132753,0
2023-12-27,134194,134195,133328,133523,6168200
2023-12-28,134185,134392,133832,134194,7812700
2024-01-02,132697,134195,132095,134186,8437800
2024-01-03,132834,133576,132250,132697,8702400
2024-01-04,131226,132885,131024,132831,8972300
2024-01-05,132023,132635,130579,131218,9199700
2024-01-08,132427,132498,131015,132023,8497500
2024-01-09,131447,132426,131203,132424,9287500
2024-01-10,130841,131628,130438,131447,8958400
2024-01-11,130649,131308,129898,130841,9761700
2024-01-12,130988,131927,130410,130652,10661900
2024-01-15,131521,131606,130253,130988,5746600
2024-01-16,129294,131517,129147,131515,11911300
2024-01-17,128524,129296,128312,129293,9952500
2024-01-18,127316,129047,127316,128524,12460800
2024-01-19,127636,127820,126533,127319,11956900
2024-01-22,126602,127843,125876,127636,9509100
2024-01-23,128263,128331,126612,126612,9366100
2024-01-24,127816,129446,127680,128275,8823800
2024-01-25,128169,128697,127803,127815,8757600
2024-01-26,128967,129252,127869,128196,8508000
2024-01-29,128503,129068,127853,128970,8764500
2024-01-30,127402,128492,127105,128492,10037400
2024-01-31,127752,129558,127326,127402,12495200
2024-02-01,128481,128481,127284,127752,10226400
2024-02-02,127182,128878,126628,128471,10982800
2024-02-05,127593,127834,126443,127182,9637200
2024-02-06,130416,130417,127593,127593,13780300
2024-02-07,129608,130552,129518,130412,15425400
2024-02-08,128217,130126,127912,129950,13634900
2024-02-09,128026,128896,127579,128216,12115800
2024-02-14,127018,128026,126663,128026,7748300
2024-02-15,127804,127824,126932,127018,10980100
2024-02-16,128726,129069,127653,127809,10119100
2024-02-19,129036,129036,128097,128720,5799100
2024-02-20,129916,129916,128326,129033,12237000
2024-02-21,130032,130034,129359,129916,12585700
2024-02-22,130241,130829,129971,130035,10771700
2024-02-23,129419,130624,129077,130240,9230300
2024-02-26,129609,129978,129077,129417,7436900
2024-02-27,131689,131696,129613,129613,10049000
2024-02-28,130155,131685,129771,131685,9045600
2024-02-29,129020,130155,128669,130155,12003100
2024-03-01,129180,129716,128717,129026,9765100
2024-03-04,128341,129307,128278,129176,7967700
2024-03-05,128098,128989,127823,128336,9692200
2024-03-06,128890,129323,128099,128099,11057900
2024-03-07,128340,129188,128033,128890,7350000
2024-03-08,127071,128338,125802,128335,11937900
2024-03-11,126124,127068,126065,127068,8899100
2024-03-12,127668,128039,126121,126124,9483700
2024-03-13,128006,128530,127439,127668,8837200
2024-03-14,127690,128256,127192,127992,9292600
2024-03-15,126742,127957,126502,127682,14992400
2024-03-18,126954,127540,126272,126758,10512100
2024-03-19,127529,128000,126955,126955,11184800
2024-03-20,129125,129210,127349,127534,10819300
2024-03-21,128159,129556,128093,129125,9570800
2024-03-22,127027,128159,126879,128159,9367800
2024-03-25,126931,127224,126750,127027,8060500
2024-03-26,126863,127193,126591,126931,9435700
2024-03-27,127691,127756,126223,126863,9918200
2024-03-28,128106,128364,127270,127689,9943400
2024-04-01,126990,128659,126772,128106,9372600
2024-04-02,127549,127654,126669,126990,9073600
2024-04-03,127318,127694,126181,127546,11032700
2024-04-04,127428,129627,127178,127313,13229200
2024-04-05,126795,127432,126394,127422,9101300
2024-04-08,128857,129178,126796,126796,8128300
2024-04-09,129890,129956,128826,128858,8489700
2024-04-10,128054,129872,127732,129872,10451800
2024-04-11,127396,128051,127069,128051,8882900
2024-04-12,125946,127640,125635,127396,10246600
2024-04-15,125334,126250,125034,125946,13504500
2024-04-16,124389,125316,123756,125316,14009800
2024-04-17,124171,125301,123642,124389,11370900
2024-04-18,124196,125140,123397,124171,10662400
2024-04-19,125124,125509,124056,124197,13604100
2024-04-22,125573,126081,124633,125124,10264100
2024-04-23,125148,125826,124310,125572,11257800
2024-04-24,124741,125473,124556,125149,10526300
2024-04-25,124646,124732,123703,124718,10093100
2024-04-26,126526,126826,124651,124651,8900000
2024-04-29,127352,127352,126467,126527,8385100
2024-04-30,125924,127352,125856,127352,10889600
2024-05-02,127122,127670,125926,125926,11547800
2024-05-03,128509,128787,127130,127130,12799200
2024-05-06,128466,129181,128294,128506,8779100
2024-05-07,129210,129745,128464,128466,10177500
2024-05-08,129481,129564,128048,129210,9788900
2024-05-09,128188,129468,127376,129468,13369000
2024-05-10,127600,129022,127467,128188,12574200
2024-05-13,128155,128669,127599,127600,8917300
2024-05-14,128515,128965,127962,128155,11886800
2024-05-15,128028,128646,127029,128514,10855600
2024-05-16,128284,128965,127922,128029,9852200
2024-05-17,128151,128464,127696,128280,10262600
2024-05-20,127751,128730,127488,128151,9340300
2024-05-21,127412,128272,127205,127754,9138500
2024-05-22,125650,127412,125524,127412,12403500
2024-05-23,124729,125665,124431,125650,9985400
2024-05-24,124306,125257,124259,124731,9211500
2024-05-27,124496,124535,124081,124297,4327600
2024-05-28,123780,125392,123537,124498,9179800
2024-05-29,122707,123780,122458,123780,8257700
2024-05-31,122098,122837,121929,122704,15918600
2024-06-03,122032,122495,121496,122100,8428100
2024-06-04,121802,122032,120878,122032,8529300
2024-06-05,121407,122170,121253,121803,8768700
2024-06-06,122899,123246,121377,121408,8404200
2024-06-07,120767,122899,120679,122899,9801200
2024-06-10,120760,121421,120540,120769,6568400
2024-06-11,121635,121759,120757,120760,7477000
2024-06-12,119936,122483,119544,121644,11278800
2024-06-13,119568,120222,119171,119936,8543000
2024-06-14,119662,120214,118828,119558,7847600
2024-06-17,119138,119663,118685,119663,7380600
2024-06-18,119630,120109,118872,119138,8100100
2024-06-19,120261,120383,118960,119630,5646300
2024-06-20,120446,121607,120156,120267,8659500
2024-06-21,121341,121580,120061,120446,12906900
2024-06-24,122637,122840,121307,121343,7836100
2024-06-25,122331,122849,121997,122804,6942900
2024-06-26,122641,122701,121402,122331,8178800
2024-06-27,124308,124308,122642,122642,8707300
2024-06-28,123907,124500,123298,124308,9070800
2024-07-01,124718,125220,123735,123905,0
2024-07-02,124787,125491,124310,124720,8368000
2024-07-03,125662,126581,124787,124787,8534200
2024-07-04,126164,126660,125666,125666,6535700
2024-07-05,126267,126662,125556,126165,8085600
2024-07-08,126548,126551,125614,126280,7430300
2024-07-09,127108,127295,125937,126548,6684600
2024-07-10,127218,127769,126928,127109,8152600
2024-07-11,128294,128326,127221,127221,7972900
2024-07-12,128897,129015,128002,128293,7206600
2024-07-15,129321,129485,128723,128898,5826900
2024-07-16,129110,129521,128761,129322,6818900
2024-07-17,129450,129658,128741,129112,6672400
2024-07-18,127652,129454,127523,129450,7591500
2024-07-19,127616,128360,127413,127652,7620400
2024-07-22,127860,128151,127456,127616,6098200
2024-07-23,126590,127860,126530,127860,7022900
2024-07-24,126423,126823,126218,126596,7304800
2024-07-25,125954,126423,125626,126423,7134100
2024-07-26,127492,127700,125953,125964,8272000
2024-07-29,126954,127657,126606,127492,7075400
2024-07-30,126139,126951,125973,126951,6848600
2024-07-31,127652,127853,126139,126139,9471900
2024-08-01,127395,128762,127150,127652,9814200
2024-08-02,125854,128104,125731,127395,9950900
2024-08-05,125270,125851,123073,125851,10886100
2024-08-06,126267,126966,125261,125270,10052600
2024-08-07,127514,127517,126268,126268,8837900
2024-08-08,128661,128793,127515,127515,8624000
2024-08-09,130615,130631,128662,128662,11324800
2024-08-12,131116,131662,130615,130615,8601600
2024-08-13,132398,132430,131115,131115,9798900
2024-08-14,133318,133777,132112,132398,12158400
2024-08-15,134153,134575,133319,133319,10534800
2024-08-16,133953,134781,133852,134154,10871900
2024-08-19,135778,136179,133953,133953,11281500
2024-08-20,136087,136330,135312,135779,8106800
2024-08-21,136464,137040,136086,136088,9572200
2024-08-22,135173,136462,134836,136462,8050200
2024-08-23,135608,136478,135174,135174,8649400
2024-08-26,136889,137013,135596,135608,7560000
2024-08-27,136776,137213,136664,136888,6745900
2024-08-28,137344,137469,135746,136776,7457100
2024-08-29,136041,137370,135858,137349,8385100
2024-08-30,136004,136139,134910,136041,18397900
2024-09-02,134981,136004,134497,136004,3666100
2024-09-03,134353,135011,134171,134907,8802400
2024-09-04,136111,136838,134359,134359,9419500
2024-09-05,136502,136656,135959,136112,7528700
2024-09-06,134572,136653,134476,136508,7563300
2024-09-09,134737,135250,134399,134574,6587600
2024-09-10,134320,134738,133754,134738,8253500
2024-09-11,134677,135087,133757,134319,7947300
2024-09-12,134029,134777,133591,134677,7004900
2024-09-13,134882,135879,134031,134031,8866000
2024-09-16,135118,135715,134870,134885,6707000
2024-09-17,134960,135118,134180,135118,7314500
2024-09-18,133748,135203,133748,134960,9792800
2024-09-19,133123,134759,133123,133748,9254500
2024-09-20,131065,133128,130907,133121,13605800
2024-09-23,130568,131065,130100,131065,9140800
2024-09-24,132156,133073,130570,130570,9367100
2024-09-25,131586,132982,131489,132156,10527200
2024-09-26,133010,133313,131594,131595,11618300
2024-09-27,132730,133923,132628,133010,9338900
2024-09-30,131816,133120,131816,132761,9131600
2024-10-01,132495,133405,131817,131817,9841100
2024-10-02,133515,134922,132495,132495,9398700
2024-10-03,131672,133514,131176,133514,9821200
2024-10-04,131792,131936,131156,131672,7054700
2024-10-07,132018,132943,131676,131792,7702100
2024-10-08,131512,132016,130371,132016,9093200
2024-10-09,129962,131520,129719,131510,9220400
2024-10-10,130353,130418,129835,129963,7617300
2024-10-11,129992,130354,129338,130354,7973300
2024-10-14,131005,131220,129729,129992,8502100
2024-10-15,131043,131457,130200,131005,7982900
2024-10-16,131750,132233,130780,131045,10282800
2024-10-17,130793,131716,129902,131716,7086000
2024-10-18,130499,131725,130121,130793,8683700
2024-10-21,130362,131124,130157,130499,7774900
2024-10-22,129721,130346,129094,130346,5522000
2024-10-23,129233,129949,128589,129949,7962200
2024-10-24,130067,130130,128798,129233,8310600
2024-10-25,129893,130529,129806,130067,8513300
2024-10-28,131213,131421,129894,129894,7135300
2024-10-29,130730,131765,130693,131214,7636400
2024-10-30,130639,131027,130473,130730,7327100
2024-10-31,129713,130798,129642,130639,9068100
2024-11-01,128121,129902,128070,129718,9897900
2024-11-04,130515,130609,128128,128130,9013500
2024-11-05,130661,130769,129692,130515,8556100
2024-11-06,130341,130670,128822,130613,10540900
2024-11-07,129682,131319,129406,130341,10520800
2024-11-08,127830,129647,126973,129647,13183200
2024-11-11,127874,128095,127306,127829,8395300
2024-11-12,127698,128210,127411,127873,9522100
2024-11-13,127734,128100,126869,127698,12692800
2024-11-14,127792,128423,127389,127734,13138300
2024-11-18,127768,128277,127226,127791,10742000
2024-11-19,128197,128579,127235,127768,9103600
2024-11-21,126922,128197,126594,128197,10271900
2024-11-22,129126,129126,126944,126944,9186200
2024-11-25,129036,129495,128932,129125,14411200
2024-11-26,129922,130361,129042,129043,9745200
2024-11-27,127669,130283,127669,129923,12318800
2024-11-28,124610,127668,124390,127667,12833100
2024-11-29,125668,126056,123946,124611,16398000
2024-12-02,125236,125901,124734,125668,11517200
2024-12-03,126139,126417,125233,125235,9990000
2024-12-04,126087,126720,125828,126139,9388600
2024-12-05,127858,127989,126087,126088,9530800
2024-12-06,125946,127872,125833,127856,11223300
2024-12-09,127210,127542,125946,125946,9367300
2024-12-10,128228,128511,127213,127213,9141300
2024-12-11,129593,130899,127362,128228,13170900
2024-12-12,126042,129587,125829,129587,13453200
2024-12-13,124612,126290,124578,126102,11762700
2024-12-16,123560,124956,123495,124610,11071100
2024-12-17,124698,125301,123560,123560,17561100
2024-12-18,120772,124699,120457,124699,19742800
2024-12-19,121188,121770,120768,120768,13682900
2024-12-20,122102,122209,120700,121183,18128200
2024-12-23,120767,122105,120617,122105,9953300
2024-12-26,121078,121612,120428,120767,8338500
2024-12-27,120269,121609,120252,121078,8937000
2024-12-30,120283,121050,120158,120267,8895300
2025-01-02,120125,120782,119120,120283,9373600
2025-01-03,118533,120356,118404,120125,9804400
2025-01-06,120022,120322,118534,118534,9685600
2025-01-07,121163,121713,120022,120022,11116400
2025-01-08,119625,121160,119351,121160,10230700
2025-01-09,119781,120145,119502,119625,6611500
2025-01-10,118856,120052,118732,119781,9255500
2025-01-13,119007,119729,118743,118856,8161500
2025-01-14,119299,119451,118223,119007,9349300
2025-01-15,122650,122988,119303,119309,11928800
2025-01-16,121234,122660,120796,122649,11312100
2025-01-17,122350,122674,121074,121258,10242300
2025-01-20,122543,123098,121511,122349,4185300
2025-01-21,123338,123462,122290,122850,7819600
2025-01-22,122972,123865,122926,123345,9975100
2025-01-23,122483,123958,122159,122965,9491400
2025-01-24,122447,122908,122196,122483,7777800
2025-01-27,124862,124862,122207,122443,11021500
2025-01-28,124056,124881,123973,124861,8313500
2025-01-29,123432,124767,123278,124056,7348500
2025-01-30,126913,127169,123432,123433,11688100
2025-01-31,126135,127532,126057,126914,10242600
2025-02-03,125970,126473,125566,126135,9548900
2025-02-04,125147,125964,124694,125964,9784500
2025-02-05,125534,125846,124637,125146,9957400
2025-02-06,126225,126399,125249,125531,10028600
2025-02-07,124619,126524,124320,126219,10952400
2025-02-10,125572,126386,124619,124619,8908600
2025-02-11,126522,126886,125570,125571,11242800
2025-02-12,124380,126513,124116,126513,14625100
2025-02-13,124850,124853,123778,124372,9048100
2025-02-14,128219,128482,124849,124849,12560100
2025-02-17,128869,129534,128229,128229,7032800
2025-02-18,128532,129294,128012,128553,10994100
2025-02-19,127309,128528,127028,128528,9295100
2025-02-20,127601,127871,127063,127309,10640300
2025-02-21,127128,127654,126483,127601,11093300
2025-02-24,125401,127275,125162,127129,10148900
2025-02-25,125980,126718,125382,125401,11078000
2025-02-26,124769,126563,124732,125980,11361800
2025-02-27,124799,125497,124352,124768,12554000
2025-02-28,122799,124916,122659,124798,24873800
2025-03-05,123047,123364,122747,122799,9604100
2025-03-06,123358,124112,122681,123048,10060600
2025-03-07,125035,125822,122530,123357,9975600
2025-03-10,124519,125031,123471,125031,9370800
2025-03-11,123507,124625,122636,124519,8810400
2025-03-12,123864,124048,122969,123507,8254800
2025-03-13,125637,125774,123590,123863,11259000
2025-03-14,128957,129194,125647,125647,14572600
2025-03-17,130834,131313,128957,128959,11063200
2025-03-18,131475,131834,130722,130832,10992400
2025-03-19,132508,132984,131451,131476,12204900
2025-03-20,131955,132713,131813,132505,14187500
2025-03-21,132345,132588,131776,132005,14192000
2025-03-24,131321,132424,130992,132344,8301200
2025-03-25,132068,133471,131325,131327,9237600
2025-03-26,132520,132984,132068,132069,9404600
2025-03-27,133149,133904,132479,132522,10016200
2025-03-28,131902,133143,131315,133143,8905500
2025-03-31,130260,131901,130115,131900,9994900
