Date,Close,High,Low,Open,Volume
1997-07-02,1199.06103515625,1261.57104492188,1147.3310546875,1255.90905761719,0
1997-07-03,1150.623046875,1194.67602539063,1149.93994140625,1194.67602539063,0
1997-07-04,1159.34204101563,1163.2490234375,1124.77600097656,1138.92102050781,0
1997-07-07,1096.81896972656,1163.44702148438,1085.57202148438,1161.70703125,0
1997-07-08,1109.666015625,1115.43298339844,1066.0439453125,1092.79895019531,0
1997-07-09,1120.84094238281,1122.67395019531,1104.08605957031,1113.64099121094,0
1997-07-10,1120.15405273438,1137.86901855469,1115.21203613281,1121.25903320313,0
1997-07-11,1154.7939453125,1155.05603027344,1114.39697265625,1116.4150390625,0
1997-07-14,1200.11401367188,1201.21398925781,1180.19104003906,1189.47399902344,0
1997-07-16,1190.82604980469,1204.85498046875,1184.44494628906,1201.59497070313,0
1997-07-17,1197.22595214844,1203.50402832031,1180.93395996094,1188.26696777344,0
1997-07-18,1209.85705566406,1210.43994140625,1191.28894042969,1199.39904785156,0
1997-07-21,1193.52502441406,1218.48095703125,1188.875,1215.83898925781,0
1997-07-22,1208.248046875,1208.26196289063,1163.46801757813,1189.11804199219,0
1997-07-23,1198.86096191406,1223.82299804688,1194.70300292969,1219.05505371094,0
1997-07-24,1174.21704101563,1200.30895996094,1172.36694335938,1194.70495605469,0
1997-07-25,1170.86206054688,1177.65295410156,1158.13598632813,1166.56604003906,0
1997-07-28,1141.77697753906,1167.88000488281,1138.47497558594,1167.81298828125,0
1997-07-29,1153.22900390625,1161.19494628906,1133.17504882813,1137.31896972656,0
1997-07-30,1179.42102050781,1179.47802734375,1157.00402832031,1157.08996582031,0
1997-07-31,1189.76000976563,1192.19995117188,1179.71496582031,1184.93701171875,0
1997-08-01,1192.82800292969,1194.03100585938,1182.22302246094,1191.65100097656,0
1997-08-04,1200.3330078125,1201.92004394531,1188.67602539063,1196.25402832031,0
1997-08-05,1196.27404785156,1207.22802734375,1193.69604492188,1203.35803222656,0
1997-08-06,1171.94104003906,1197.44494628906,1170.26696777344,1196.03503417969,0
1997-08-07,1199.23999023438,1199.23999023438,1161.63195800781,1167.92700195313,0
1997-08-08,1206.05297851563,1216.56103515625,1201.35803222656,1205.95202636719,0
1997-08-11,1184.0830078125,1206.75903320313,1182.44702148438,1206.4560546875,0
1997-08-12,1146.80895996094,1183.43603515625,1145.748046875,1177.26098632813,0
1997-08-13,1120.126953125,1153.49499511719,1118.20202636719,1139.24597167969,0
1997-08-14,1168.11303710938,1168.3349609375,1120.24499511719,1120.47094726563,0
1997-08-15,1143.06396484375,1174.88195800781,1133.89001464844,1174.18298339844,0
1997-08-18,1134.63403320313,1139.60595703125,1116.14794921875,1139.60595703125,0
1997-08-19,1132.90502929688,1143.20104980469,1128.10900878906,1134.61694335938,0
1997-08-20,1144.63903808594,1144.64599609375,1133.74194335938,1135.05004882813,0
1997-08-21,1164.54504394531,1165.21801757813,1147.81604003906,1148.38696289063,0
1997-08-22,1171.8330078125,1174.48596191406,1156.82604980469,1159.38598632813,0
1997-08-25,1184.09594726563,1184.333984375,1175.38403320313,1175.44494628906,0
1997-08-26,1194.04296875,1194.13098144531,1181.24304199219,1186.06896972656,0
1997-08-27,1198.51293945313,1199.47399902344,1188.3310546875,1195.42797851563,0
1997-08-28,1213.89196777344,1216.07604980469,1194.67504882813,1201.05895996094,0
1997-08-29,1221.06396484375,1223.07104492188,1209.47900390625,1214.31005859375,0
1997-09-01,1229.86499023438,1230.06604003906,1219.10095214844,1224.17700195313,0
1997-09-02,1226.30297851563,1232.69104003906,1215.92199707031,1228.47497558594,0
1997-09-03,1240.81994628906,1243.32604980469,1223.46105957031,1223.62097167969,0
1997-09-04,1251.29797363281,1253.15295410156,1245.64001464844,1245.77502441406,0
1997-09-05,1251.55004882813,1253.34997558594,1241.21704101563,1250.60400390625,0
1997-09-08,1255.22900390625,1257.54895019531,1245.74401855469,1253.14501953125,0
1997-09-09,1231.02697753906,1257.92700195313,1230.44201660156,1255.18103027344,0
1997-09-10,1256.041015625,1256.041015625,1227.64294433594,1230.42602539063,0
1997-09-11,1242.71301269531,1264.48901367188,1236.11303710938,1260.51904296875,0
1997-09-12,1208.69702148438,1247.90795898438,1207.8310546875,1240.49597167969,0
1997-09-15,1179.28601074219,1211.68395996094,1175.94799804688,1205.90100097656,0
1997-09-16,1187.21997070313,1193.84704589844,1181.1689453125,1182.75695800781,0
1997-09-17,1167.55700683594,1191.29504394531,1162.24304199219,1188.88500976563,0
1997-09-18,1172.36596679688,1181.748046875,1164.64501953125,1169.67004394531,0
1997-09-19,1184.52099609375,1185.08996582031,1168.86901855469,1174.76904296875,0
1997-09-22,1103.97399902344,1185.09997558594,1102.61694335938,1184.49304199219,0
1997-09-23,1041.96496582031,1105.28198242188,1025.13000488281,1096.18701171875,0
1997-09-24,1110.01196289063,1110.10705566406,1064.66101074219,1064.66101074219,0
1997-09-25,1117.01000976563,1130.1259765625,1106.24597167969,1118.36901855469,0
1997-09-26,1109.63403320313,1118.94104003906,1094.42395019531,1118.68994140625,0
1997-09-29,1084.07202148438,1106.34204101563,1079.33996582031,1106.34204101563,0
1997-09-30,1097.38305664063,1100.38598632813,1083.23205566406,1083.41394042969,0
1997-10-06,1098.90295410156,1105.41101074219,1091.15197753906,1100.69995117188,0
1997-10-07,1102.57299804688,1102.71203613281,1087.01794433594,1098.2939453125,0
1997-10-08,1134.86804199219,1140.93701171875,1116.71301269531,1122.96801757813,0
1997-10-09,1122.46594238281,1138.65698242188,1120.08801269531,1134.59094238281,0
1997-10-10,1130.78503417969,1131.56994628906,1120.51293945313,1121.33801269531,0
1997-10-13,1119.81701660156,1138.40100097656,1117.38903808594,1136.42895507813,0
1997-10-14,1117.92797851563,1118.02197265625,1105.70397949219,1116.29895019531,0
1997-10-15,1125.78198242188,1129.65405273438,1116.42895507813,1119.10803222656,0
1997-10-16,1150.30700683594,1151.39404296875,1131.39404296875,1131.40002441406,0
1997-10-17,1176.48901367188,1180.21801757813,1153.89599609375,1155.42199707031,0
1997-10-20,1187.36804199219,1191.0400390625,1173.55700683594,1183.74401855469,0
1997-10-21,1191.86999511719,1192.33996582031,1179.57397460938,1190.49499511719,0
1997-10-22,1177.52001953125,1203.01794433594,1168.48095703125,1193.70104980469,0
1997-10-23,1173.36401367188,1186.06701660156,1170.23205566406,1178.98303222656,0
1997-10-24,1178.30603027344,1179.80505371094,1164.06396484375,1172.88403320313,0
1997-10-27,1235.82702636719,1235.94494628906,1183.64697265625,1183.64697265625,0
1997-10-28,1177.92395019531,1241.8330078125,1172.89196777344,1239.5849609375,0
1997-10-29,1184.08605957031,1188.79699707031,1162.98095703125,1168.22497558594,0
1997-10-30,1174.84594726563,1207.96997070313,1173.64904785156,1189.26501464844,0
1997-10-31,1180.39294433594,1181.50598144531,1158.73596191406,1164.91296386719,0
1997-11-03,1180.85400390625,1185.06896972656,1176.54699707031,1181.16198730469,0
1997-11-04,1184.69995117188,1190.47094726563,1180.86499023438,1180.86499023438,0
1997-11-05,1194.03796386719,1194.67297363281,1179.35095214844,1186.09497070313,0
1997-11-06,1181.123046875,1203.08605957031,1179.58203125,1198.65795898438,0
1997-11-07,1195.14099121094,1195.73999023438,1177.63195800781,1181.77600097656,0
1997-11-10,1185.78405761719,1202.57897949219,1178.63098144531,1199.36804199219,0
1997-11-11,1186.63403320313,1187.74401855469,1168.48205566406,1183.41796875,0
1997-11-12,1185.02404785156,1193.53100585938,1171.2939453125,1190.01403808594,0
1997-11-13,1185.02404785156,1185.28198242188,1157.2939453125,1169.70397949219,0
1997-11-14,1197.83203125,1208.84204101563,1181.68701171875,1187.35095214844,0
1997-11-17,1191.3330078125,1213.22802734375,1190.43103027344,1210.67700195313,0
1997-11-18,1183.34899902344,1193.31103515625,1182.60705566406,1190.26098632813,0
1997-11-19,1181.626953125,1191.96398925781,1175.78295898438,1185.10302734375,0
1997-11-20,1172.42700195313,1189.49499511719,1169.09704589844,1182.73901367188,0
1997-11-21,1158.55505371094,1169.10498046875,1152.00805664063,1168.96801757813,0
1997-11-24,1124.94104003906,1150.56298828125,1122.93505859375,1150.416015625,0
1997-11-25,1125.52795410156,1131.126953125,1114.13793945313,1120.86401367188,0
1997-11-26,1143.81799316406,1143.81799316406,1124.47705078125,1126.59594726563,0
1997-11-27,1122.51599121094,1141.97094726563,1120.51904296875,1141.77001953125,0
1997-11-28,1139.62805175781,1139.64099121094,1114.43298339844,1117.56896972656,0
1997-12-01,1133.08703613281,1139.29296875,1130.44897460938,1137.58801269531,0
1997-12-02,1130.1669921875,1139.60400390625,1128.5,1133.58996582031,0
1997-12-03,1122.54602050781,1130.31799316406,1121.59301757813,1129.77697753906,0
1997-12-04,1135.873046875,1137.01293945313,1119.20104980469,1121.80297851563,0
1997-12-05,1136.20397949219,1144.22204589844,1134.93200683594,1139.47705078125,0
1997-12-08,1139.32202148438,1143.07995605469,1136.57897949219,1140.54699707031,0
1997-12-09,1148.17102050781,1148.17102050781,1137.31701660156,1139.80603027344,0
1997-12-10,1157.84204101563,1158.98901367188,1149.83203125,1150.47595214844,0
1997-12-11,1159.1689453125,1159.75305175781,1145.54602050781,1159.05395507813,0
1997-12-12,1153.83996582031,1165.81298828125,1153.43200683594,1160.22094726563,0
1997-12-15,1168.02600097656,1168.05603027344,1155.60400390625,1155.71997070313,0
1997-12-16,1174.80200195313,1174.80700683594,1165.60095214844,1170.46203613281,0
1997-12-17,1146.52197265625,1169.73706054688,1145.89099121094,1169.64404296875,0
1997-12-18,1154.166015625,1159.11096191406,1138.39794921875,1142.09997558594,0
1997-12-19,1160.76794433594,1161.87902832031,1151.14099121094,1154.70300292969,0
1997-12-22,1169.00695800781,1169.02905273438,1153.43994140625,1162.68200683594,0
1997-12-23,1171.25402832031,1176.92199707031,1165.05700683594,1171.90197753906,0
1997-12-24,1169.66394042969,1173.5400390625,1164.85803222656,1171.73498535156,0
1997-12-25,1181.27795410156,1181.47900390625,1169.99304199219,1170.56103515625,0
1997-12-26,1191.9189453125,1194.23706054688,1186.52697753906,1187.751953125,0
1997-12-29,1186.60595703125,1198.97399902344,1185.65600585938,1196.29699707031,0
1997-12-30,1181.14294433594,1193.62194824219,1179.55603027344,1186.13903808594,0
1997-12-31,1194.10205078125,1195.04699707031,1182.24694824219,1182.25305175781,0
1998-01-05,1220.47302246094,1220.49499511719,1200.22204589844,1200.94799804688,0
1998-01-06,1233.61999511719,1233.63500976563,1215.40905761719,1223.72998046875,0
1998-01-07,1244.06994628906,1244.09802246094,1231.14599609375,1233.9560546875,0
1998-01-08,1237.16296386719,1250.00500488281,1235.88500976563,1243.12097167969,0
1998-01-09,1239.90100097656,1244.9990234375,1221.29699707031,1233.70104980469,0
1998-01-12,1226.96594238281,1246.65100097656,1226.39697265625,1242.2099609375,0
1998-01-13,1167.64697265625,1211.88305664063,1110.08703613281,1211.88305664063,0
1998-01-14,1202.21496582031,1203.24694824219,1170.32202148438,1170.34594726563,0
1998-01-15,1215.43103027344,1217.86401367188,1196.14794921875,1210.42102050781,0
1998-01-16,1213.96203613281,1220.97399902344,1207.9189453125,1215.81994628906,0
1998-01-19,1213.12902832031,1216.98706054688,1205.47900390625,1215.40795898438,0
1998-01-20,1203.71496582031,1215.56994628906,1195.38195800781,1211.27600097656,0
1998-01-21,1200.20300292969,1209.68896484375,1198.22802734375,1201.98803710938,0
1998-01-22,1204.43005371094,1207.45104980469,1194.38305664063,1200.52099609375,0
1998-01-23,1222.91296386719,1224.12194824219,1206.45397949219,1206.49499511719,0
1998-02-09,1248.0400390625,1262.623046875,1244.42602539063,1257.99499511719,0
1998-02-10,1236.51293945313,1248.59594726563,1233.69799804688,1248.59594726563,0
1998-02-11,1250.23803710938,1251.45300292969,1233.53002929688,1234.18103027344,0
1998-02-12,1246.29504394531,1254.41101074219,1241.99597167969,1253.38500976563,0
1998-02-13,1245.91101074219,1251.91198730469,1241.82397460938,1246.73303222656,0
1998-02-16,1236.23596191406,1247.96496582031,1230.91796875,1246.79602050781,0
1998-02-17,1238.5,1240.57897949219,1228.11096191406,1234.83703613281,0
1998-02-18,1229.8310546875,1240.17797851563,1225.49694824219,1239.63305664063,0
1998-02-19,1232.583984375,1235.49304199219,1223.93200683594,1229.80895996094,0
1998-02-20,1226.02001953125,1237.9150390625,1224.583984375,1234.60095214844,0
1998-02-23,1208.60302734375,1217.85900878906,1195.88793945313,1217.85900878906,0
1998-02-24,1208.21801757813,1216.35302734375,1206.08996582031,1206.92504882813,0
1998-02-25,1194.67297363281,1209.49096679688,1191.7509765625,1208.52404785156,0
1998-02-26,1206.67395019531,1206.67395019531,1189.51293945313,1193.00305175781,0
1998-02-27,1206.53002929688,1213.72900390625,1202.86499023438,1209.44201660156,0
1998-03-02,1188.30603027344,1205.74597167969,1182.61206054688,1196.74194335938,0
1998-03-03,1201.78894042969,1201.80004882813,1185.30297851563,1186.52001953125,0
1998-03-04,1213.25305175781,1214.00305175781,1201.25402832031,1204.94494628906,0
1998-03-05,1207.541015625,1219.28405761719,1206.37194824219,1217.85095214844,0
1998-03-06,1206.45202636719,1208.97802734375,1202.1240234375,1208.7490234375,0
1998-03-09,1200.833984375,1208.61596679688,1197.56896972656,1207.958984375,0
1998-03-10,1199.83203125,1205.83203125,1186.55102539063,1199.625,0
1998-03-11,1190.03698730469,1210.52502441406,1187.44201660156,1201.26196289063,0
1998-03-12,1178.96997070313,1188.28198242188,1175.55395507813,1187.53796386719,0
1998-03-13,1184.96105957031,1184.96105957031,1176.00500488281,1177.81701660156,0
1998-03-16,1188.48205566406,1188.61694335938,1179.43994140625,1186.18603515625,0
1998-03-17,1202.8349609375,1202.83898925781,1193.23901367188,1193.66796875,0
1998-03-18,1193.90905761719,1204.74096679688,1191.90600585938,1204.10302734375,0
1998-03-19,1188.71496582031,1195.82897949219,1184.87097167969,1192.39697265625,0
1998-03-20,1187.5009765625,1192.32299804688,1183.24694824219,1188.59497070313,0
1998-03-23,1179.86901855469,1186.86096191406,1178.0439453125,1186.56103515625,0
1998-03-24,1194.01696777344,1194.05603027344,1179.97302246094,1180.09301757813,0
1998-03-25,1191.55297851563,1209.76599121094,1188.85302734375,1207.61596679688,0
1998-03-26,1188.86499023438,1193.81604003906,1186.22302246094,1191.0009765625,0
1998-03-27,1223.56494140625,1223.92797851563,1188.85498046875,1189.40905761719,0
1998-03-30,1249.43505859375,1249.44299316406,1228.29895019531,1230.94396972656,0
1998-03-31,1243.01599121094,1252.24194335938,1238.64404296875,1251.34301757813,0
1998-04-01,1254.96496582031,1255.01000976563,1240.05798339844,1243.373046875,0
1998-04-02,1269.01501464844,1285.03198242188,1259.5830078125,1259.59301757813,0
1998-04-03,1286.083984375,1286.10705566406,1266.03198242188,1268.56896972656,0
1998-04-06,1306.37805175781,1306.38305664063,1286.43005371094,1291.61401367188,0
1998-04-07,1303.14001464844,1310.28796386719,1296.5419921875,1308.55603027344,0
1998-04-08,1322.79296875,1322.82800292969,1302.41296386719,1303.40795898438,0
1998-04-09,1297.22497558594,1328.78894042969,1288.88793945313,1326.44396972656,0
1998-04-10,1311.51403808594,1311.52795410156,1293.58801269531,1294.61694335938,0
1998-04-13,1318.748046875,1326.29504394531,1311.83203125,1319.94494628906,0
1998-04-14,1313.72094726563,1320.90905761719,1304.375,1318.27404785156,0
1998-04-15,1324.70703125,1324.70703125,1314.00805664063,1314.1650390625,0
1998-04-16,1316.24597167969,1326.42395019531,1312.56494140625,1324.03698730469,0
1998-04-17,1298.10705566406,1311.72998046875,1291.0810546875,1311.5439453125,0
1998-04-20,1296.00500488281,1302.98205566406,1286.5849609375,1292.16198730469,0
1998-04-21,1305.22302246094,1307.85595703125,1295.08801269531,1296.77197265625,0
1998-04-22,1322.18200683594,1333.06604003906,1307.83203125,1307.83203125,0
1998-04-23,1324.55895996094,1340.251953125,1321.0400390625,1337.48901367188,0
1998-04-24,1315.1669921875,1331.85498046875,1313.60900878906,1324.45495605469,0
1998-04-27,1310.37805175781,1318.79699707031,1303.48205566406,1314.34997558594,0
1998-04-28,1332.98999023438,1333.08996582031,1315.32800292969,1315.34594726563,0
1998-04-29,1332.4990234375,1341.5810546875,1328.56298828125,1337.89404296875,0
1998-04-30,1343.44799804688,1343.4599609375,1335.54895019531,1336.01000976563,0
1998-05-04,1352.92602539063,1355.51599121094,1345.35900878906,1353.05603027344,0
1998-05-05,1352.52001953125,1356.05603027344,1346.59204101563,1355.04504394531,0
1998-05-06,1348.41198730469,1355.65698242188,1341.80603027344,1352.72302246094,0
1998-05-07,1327.873046875,1352.55200195313,1326.65002441406,1348.88793945313,0
1998-05-08,1357.59497070313,1357.60400390625,1324.72399902344,1324.74194335938,0
1998-05-11,1354.60595703125,1368.02600097656,1351.59301757813,1367.24194335938,0
1998-05-12,1349.64904785156,1360.06396484375,1342.73303222656,1358.9580078125,0
1998-05-13,1369.26196289063,1369.30395507813,1351.00305175781,1351.18005371094,0
1998-05-14,1367.126953125,1376.29797363281,1360.89099121094,1373.17102050781,0
1998-05-15,1368.08703613281,1379.126953125,1361.84301757813,1373.42700195313,0
1998-05-18,1368.18298339844,1376.38403320313,1360.46899414063,1373.67004394531,0
1998-05-19,1362.2919921875,1372.87097167969,1355.53894042969,1370.67504882813,0
1998-05-20,1357.43103027344,1365.10205078125,1352.166015625,1362.69396972656,0
1998-05-21,1366.65600585938,1367.71594238281,1350.26000976563,1356.958984375,0
1998-05-22,1375.81701660156,1379.89099121094,1370.71997070313,1371.36499023438,0
1998-05-25,1389.36596679688,1389.65600585938,1376.20104980469,1380.1259765625,0
1998-05-26,1390.416015625,1394.43896484375,1383.75903320313,1392.75,0
1998-05-27,1399.5419921875,1399.5419921875,1390.55004882813,1393.73803710938,0
1998-05-28,1397.89501953125,1405.58203125,1392.90002441406,1402.85302734375,0
1998-05-29,1411.208984375,1411.34704589844,1402.01794433594,1402.67504882813,0
1998-06-01,1415.57495117188,1420.55297851563,1411.06103515625,1418.35400390625,0
1998-06-02,1413.07995605469,1419.57702636719,1402.625,1419.22094726563,0
1998-06-03,1420,1421.12097167969,1413.11206054688,1415.01904296875,0
1998-06-04,1406.30297851563,1422.97900390625,1402.74597167969,1420.98596191406,0
1998-06-05,1408.61401367188,1414.36206054688,1390.63195800781,1404.07495117188,0
1998-06-08,1403.72998046875,1415.18005371094,1401.05505371094,1411.9560546875,0
1998-06-09,1369.65002441406,1400.34704589844,1357.46496582031,1400.34704589844,0
1998-06-10,1368.29699707031,1377.833984375,1359.39196777344,1367.74096679688,0
1998-06-11,1347.67700195313,1371.15197753906,1346.06896972656,1367.55505371094,0
1998-06-12,1383.38793945313,1383.46594238281,1365.0830078125,1373.10998535156,0
1998-06-15,1365.34094238281,1386.98498535156,1359.8759765625,1385.32702636719,0
1998-06-16,1348.58801269531,1362.59301757813,1323.52795410156,1362.59094238281,0
1998-06-17,1348.94201660156,1356.66198730469,1344.44396972656,1349.00305175781,0
1998-06-18,1370.68505859375,1372.11999511719,1352.23498535156,1352.23498535156,0
1998-06-19,1392.87805175781,1392.87805175781,1376.19396972656,1376.19396972656,0
1998-06-22,1399.35595703125,1401.51098632813,1392.05603027344,1400.46801757813,0
1998-06-23,1397.9560546875,1398.7060546875,1385.45202636719,1398.23803710938,0
1998-06-24,1401.74194335938,1402.13793945313,1390.85498046875,1399.7080078125,0
1998-06-25,1382.03601074219,1404.04895019531,1377.17700195313,1402.95202636719,0
1998-06-26,1385.61804199219,1388.55395507813,1376.40600585938,1383.2900390625,0
1998-06-29,1361.43200683594,1387.19201660156,1356.21594238281,1387.02404785156,0
1998-06-30,1339.20202636719,1363.58996582031,1335.21203613281,1360.61499023438,0
1998-07-01,1316.44104003906,1367.14697265625,1315.18395996094,1363.26501464844,0
1998-07-02,1331.65002441406,1331.65197753906,1296.99694824219,1314.09997558594,0
1998-07-03,1335.125,1341.72998046875,1327.79699707031,1335.83605957031,0
1998-07-06,1315.28295898438,1339.67797851563,1313.27600097656,1339.26098632813,0
1998-07-07,1324.40002441406,1324.40502929688,1307.90698242188,1313.64904785156,0
1998-07-08,1338.98400878906,1339.16003417969,1326.625,1326.81701660156,0
1998-07-09,1343.23205566406,1344.43103027344,1336.66003417969,1341.35400390625,0
1998-07-10,1360.61901855469,1360.64196777344,1344.63403320313,1344.7490234375,0
1998-07-13,1358.81298828125,1362.99694824219,1352.45703125,1362.68798828125,0
1998-07-14,1336.55798339844,1361.18603515625,1334.70703125,1360.61401367188,0
1998-07-15,1335.46594238281,1341.64196777344,1326.32397460938,1332.41198730469,0
1998-07-16,1325.63305664063,1337.64099121094,1317.88598632813,1335.29895019531,0
1998-07-17,1314.71496582031,1330.81604003906,1311.75402832031,1325.88000488281,0
1998-07-20,1287.07299804688,1311.15295410156,1278.30102539063,1311.05895996094,0
1998-07-21,1313.01000976563,1318.93395996094,1284.79797363281,1285.78503417969,0
1998-07-22,1299.14794921875,1312.36499023438,1295.61401367188,1312.22595214844,0
1998-07-23,1316.27099609375,1316.28503417969,1299.15405273438,1299.21704101563,0
1998-07-24,1326.82104492188,1330.49194335938,1317.84802246094,1317.84802246094,0
1998-07-27,1321.89904785156,1328.72705078125,1314.73205566406,1328.33605957031,0
1998-07-28,1317.94604492188,1324.27404785156,1313.20202636719,1321.63403320313,0
1998-07-29,1311.93994140625,1321.26403808594,1308.26196289063,1317.92895507813,0
1998-07-30,1315.30200195313,1318.02099609375,1309.77404785156,1312.85498046875,0
1998-07-31,1316.9189453125,1319.35803222656,1312.376953125,1316.30700683594,0
1998-08-03,1302.10205078125,1315.46997070313,1299.92700195313,1315.13500976563,0
1998-08-04,1293.45703125,1299.72900390625,1283.19897460938,1299.72900390625,0
1998-08-05,1307.43994140625,1307.48095703125,1293.1240234375,1293.70397949219,0
1998-08-06,1294.16198730469,1312.60400390625,1292.39404296875,1310.29602050781,0
1998-08-07,1271.06896972656,1292.31103515625,1267.92102050781,1292.08203125,0
1998-08-10,1234.5810546875,1262.03198242188,1227.47302246094,1262.00805664063,0
1998-08-11,1207.67199707031,1241.78100585938,1206.63500976563,1230.37902832031,0
1998-08-12,1190.55395507813,1207.72497558594,1158.78698730469,1204.36206054688,0
1998-08-13,1204.18005371094,1205.85498046875,1185.57299804688,1193.36901855469,0
1998-08-14,1168.02600097656,1202.37805175781,1165.86804199219,1202.37805175781,0
1998-08-17,1070.41003417969,1152.67297363281,1068.65600585938,1152.67297363281,0
1998-08-18,1071.30004882813,1094.37902832031,1043.02197265625,1054.18200683594,0
1998-08-19,1126.0810546875,1126.0810546875,1072.71997070313,1072.73999023438,0
1998-08-20,1149.90698242188,1149.95703125,1113.85498046875,1128.75305175781,0
1998-08-21,1177.623046875,1178.73803710938,1141.50695800781,1149.62194824219,0
1998-08-24,1178.55395507813,1190.88098144531,1166.14294433594,1178.55102539063,0
1998-08-25,1179.06604003906,1179.10498046875,1159.38793945313,1174.40795898438,0
1998-08-26,1160.28796386719,1182.333984375,1159.52001953125,1174.84704589844,0
1998-08-27,1145.21594238281,1154.69299316406,1142.16796875,1152.35803222656,0
1998-08-28,1129.72204589844,1146.51196289063,1125.19702148438,1139.81494140625,0
1998-08-31,1150.22302246094,1150.22900390625,1072.42199707031,1117.96997070313,0
1998-09-01,1143.125,1163.17102050781,1123.63500976563,1142.5,0
1998-09-02,1136.89001464844,1149.26904296875,1129.80505371094,1137.30505371094,0
1998-09-03,1147.19702148438,1151.00903320313,1136.13793945313,1136.44201660156,0
1998-09-04,1163.52697753906,1169.46899414063,1148.94299316406,1148.95397949219,0
1998-09-07,1178.375,1178.376953125,1163.20495605469,1168.36499023438,0
1998-09-08,1167.59704589844,1185.09704589844,1166.65905761719,1181.06701660156,0
1998-09-09,1190.68298339844,1190.73706054688,1162.46801757813,1165.65600585938,0
1998-09-10,1213.67395019531,1219.79504394531,1194.11499023438,1194.875,0
1998-09-11,1218.00500488281,1225.14404296875,1206.61096191406,1214.83203125,0
1998-09-14,1239.60498046875,1239.76904296875,1214.44201660156,1219.31799316406,0
1998-09-15,1230.1259765625,1245.42395019531,1228.8759765625,1240.94396972656,0
1998-09-16,1252.13793945313,1252.20202636719,1225.2900390625,1226.90405273438,0
1998-09-17,1233.70300292969,1264.39794921875,1226.72204589844,1257.37902832031,0
1998-09-18,1207.0009765625,1233.40295410156,1199.58203125,1227.56005859375,0
1998-09-21,1222.37902832031,1222.37902832031,1193.82104492188,1199.16796875,0
1998-09-22,1222.63403320313,1229.61804199219,1214.01599121094,1224.39501953125,0
1998-09-23,1229.86206054688,1233.7919921875,1222.36096191406,1223.98999023438,0
1998-09-24,1199.06103515625,1232.27795410156,1196.92297363281,1231.04895019531,0
1998-09-25,1221.57800292969,1221.57800292969,1192.07604980469,1194.31298828125,0
1998-09-28,1230.21105957031,1239.80102539063,1217.65197753906,1224.26599121094,0
1998-09-29,1231.74694824219,1239.10803222656,1226.84204101563,1231.89904785156,0
1998-09-30,1242.89599609375,1242.94299316406,1233.42895507813,1233.58898925781,0
1998-10-05,1234.77905273438,1246.60302734375,1231.40002441406,1245.73706054688,0
1998-10-06,1217.45703125,1237.84399414063,1214.82897949219,1234.14196777344,0
1998-10-07,1213.78503417969,1219.10302734375,1207.92895507813,1214.63598632813,0
1998-10-08,1228.7099609375,1228.73095703125,1215.86999511719,1215.95202636719,0
1998-10-09,1236.93200683594,1241.05004882813,1229.84594726563,1231.94201660156,0
1998-10-12,1247.14599609375,1247.24401855469,1227.85900878906,1239.56494140625,0
1998-10-13,1244.06799316406,1257.34997558594,1239.77001953125,1250.67602539063,0
1998-10-14,1240.59497070313,1247.66101074219,1234.06604003906,1243.71398925781,0
1998-10-15,1241.81396484375,1254.83996582031,1241.25805664063,1243.19494628906,0
1998-10-16,1251.52502441406,1263.71301269531,1249.93103027344,1259.14404296875,0
1998-10-19,1246.23596191406,1256.75598144531,1240.44897460938,1255.05102539063,0
1998-10-20,1243.64501953125,1251.43298339844,1238.30395507813,1248.23498535156,0
1998-10-21,1207.82495117188,1243.60205078125,1206.11804199219,1243.53796386719,0
1998-10-22,1216.09399414063,1216.16796875,1191.55700683594,1202.2080078125,0
1998-10-23,1217.42895507813,1230.82800292969,1215.47302246094,1217.12805175781,0
1998-10-26,1208.26599121094,1215.55895996094,1195.24401855469,1215.55895996094,0
1998-10-27,1216.78796386719,1218.44604492188,1204.73498535156,1207.20202636719,0
1998-10-28,1225.92895507813,1226.11303710938,1217.23205566406,1218.49597167969,0
1998-10-29,1216.76000976563,1229.74304199219,1214.92004394531,1226.92395019531,0
1998-10-30,1217.31604003906,1225.64196777344,1215.45495605469,1216.01403808594,0
1998-11-02,1223.47802734375,1223.53100585938,1210.84594726563,1217.33801269531,0
1998-11-03,1236.87194824219,1236.96496582031,1225.21704101563,1225.26293945313,0
1998-11-04,1235.80395507813,1240.70104980469,1232.78002929688,1239.498046875,0
1998-11-05,1253.27502441406,1253.31005859375,1237.50805664063,1237.5439453125,0
1998-11-06,1259.76501464844,1267.39404296875,1257.17102050781,1258.69494628906,0
1998-11-09,1283.12097167969,1283.1240234375,1263.9580078125,1263.96301269531,0
1998-11-10,1286.55895996094,1288.73803710938,1275.19299316406,1283.91796875,0
1998-11-11,1286.19897460938,1288.35302734375,1278.47302246094,1287.42199707031,0
1998-11-12,1282.98803710938,1295.06396484375,1278.93994140625,1286.55700683594,0
1998-11-13,1282.50805664063,1285.92297363281,1271.32299804688,1281.98999023438,0
1998-11-16,1293.74304199219,1293.76196289063,1281.60095214844,1284.3349609375,0
1998-11-17,1290.59497070313,1300.15197753906,1285.02099609375,1296.6259765625,0
1998-11-18,1285.50305175781,1292.92797851563,1281.59497070313,1291.001953125,0
1998-11-19,1275.60705566406,1284.13903808594,1274.08703613281,1283.96203613281,0
1998-11-20,1275.3740234375,1279.375,1271.65502929688,1272.65600585938,0
1998-11-23,1273.78503417969,1278.0849609375,1269.09899902344,1275.90295410156,0
1998-11-24,1278.916015625,1282.92700195313,1274.41394042969,1274.44604492188,0
1998-11-25,1263.84997558594,1283.96105957031,1262.22705078125,1280.26501464844,0
1998-11-26,1252.81799316406,1262.78198242188,1247.84399414063,1260.07495117188,0
1998-11-27,1245.0810546875,1259.041015625,1242.56701660156,1252.373046875,0
1998-11-30,1247.4169921875,1247.4169921875,1238.13500976563,1244.92199707031,0
1998-12-01,1234.35803222656,1251.86804199219,1231.99597167969,1249.00695800781,0
1998-12-02,1236.96899414063,1236.96899414063,1222.64501953125,1233.16198730469,0
1998-12-03,1232.50598144531,1239.26293945313,1229.85302734375,1238.2919921875,0
1998-12-04,1219.19604492188,1234.63195800781,1213.55505371094,1232.43298339844,0
1998-12-07,1209.541015625,1237.69104003906,1207.75805664063,1234.75903320313,0
1998-12-08,1223.25805664063,1223.33801269531,1209.81103515625,1209.8349609375,0
1998-12-09,1224.08703613281,1225.98901367188,1219.01293945313,1224.35705566406,0
1998-12-10,1204.63500976563,1224.92504882813,1203.06494140625,1224.14904785156,0
1998-12-11,1214.2099609375,1214.24304199219,1194.06701660156,1201.84594726563,0
1998-12-14,1196.29602050781,1214.67102050781,1194.65600585938,1214.60302734375,0
1998-12-15,1194.84399414063,1194.89001464844,1173.92102050781,1193.63793945313,0
1998-12-16,1183.06201171875,1195.54895019531,1180.86401367188,1194.94201660156,0
1998-12-17,1160.08996582031,1180.166015625,1158.50695800781,1180.166015625,0
1998-12-18,1155.08996582031,1167.63598632813,1150.72094726563,1155.7509765625,0
1998-12-21,1154.42797851563,1163.23901367188,1150.38598632813,1153.66296386719,0
1998-12-22,1185.96594238281,1185.97900390625,1155.62194824219,1155.63000488281,0
1998-12-23,1172.51196289063,1187.91394042969,1170.15698242188,1186.97900390625,0
1998-12-24,1168.98095703125,1171.7080078125,1161.84899902344,1171.7080078125,0
1998-12-25,1173.91296386719,1178.9169921875,1169.5400390625,1169.60205078125,0
1998-12-28,1159.93701171875,1179.00305175781,1157.69799804688,1175.63000488281,0
1998-12-29,1142.72900390625,1157.56701660156,1139.98596191406,1157.47705078125,0
1998-12-30,1142.72900390625,1151.71899414063,1125.55895996094,1141.88500976563,0
1998-12-31,1146.69995117188,1153.15002441406,1140.35595703125,1149.83203125,0
1999-01-04,1125.81896972656,1144.88903808594,1124.21301269531,1144.88793945313,0
1999-01-05,1119.96496582031,1123.69604492188,1104.5009765625,1123.69604492188,0
1999-01-06,1132.58996582031,1137.2080078125,1120.40197753906,1120.66796875,0
1999-01-07,1137.72900390625,1140.48205566406,1125.6689453125,1133.1650390625,0
1999-01-08,1168.81396484375,1168.83801269531,1138.76794433594,1138.76794433594,0
1999-01-11,1172.81298828125,1174.42700195313,1158.5439453125,1169.91296386719,0
1999-01-12,1158.86804199219,1171.86499023438,1158.29602050781,1171.74304199219,0
1999-01-13,1148.15405273438,1159.93994140625,1144.44799804688,1153.2939453125,0
1999-01-14,1148.65502929688,1153.09802246094,1142.35205078125,1145.89794921875,0
1999-01-15,1137.30895996094,1150.67504882813,1136.30395507813,1149.78198242188,0
1999-01-18,1153.11901855469,1153.41796875,1123.7060546875,1135.0849609375,0
1999-01-19,1158.55102539063,1160.26403808594,1149.36999511719,1154.16003417969,0
1999-01-20,1151.3740234375,1162.97497558594,1148.80603027344,1159.02502441406,0
1999-01-21,1158.4990234375,1158.51000976563,1145.29699707031,1150.30200195313,0
1999-01-22,1162.34997558594,1168.18200683594,1157.14794921875,1159.9169921875,0
1999-01-25,1148.123046875,1162.43798828125,1146.97302246094,1161.97998046875,0
1999-01-26,1138.2099609375,1146.123046875,1132.95495605469,1145.06701660156,0
1999-01-27,1146.49304199219,1146.5,1134.13195800781,1137.69201660156,0
1999-01-28,1140.97497558594,1150.57897949219,1137.12097167969,1147.86596679688,0
1999-01-29,1134.67297363281,1140.125,1130.33203125,1139.8349609375,0
1999-02-01,1120.53100585938,1131.66003417969,1118.54797363281,1131.65100097656,0
1999-02-02,1126.40405273438,1126.40795898438,1114.7900390625,1119.77905273438,0
1999-02-03,1116.86499023438,1127.27294921875,1115.13098144531,1126.84204101563,0
1999-02-04,1103.49694824219,1114.68896484375,1102.48999023438,1114.64697265625,0
1999-02-05,1081.44201660156,1101.47802734375,1079.21801757813,1101.47802734375,0
1999-02-08,1065.81604003906,1082.4560546875,1064.17395019531,1076.81604003906,0
1999-02-09,1090.08703613281,1090.1689453125,1065.90698242188,1065.90698242188,0
1999-03-01,1097.97497558594,1098.35998535156,1084.15600585938,1092.14501953125,0
1999-03-02,1100.9189453125,1103.25,1090.0439453125,1098.2939453125,0
1999-03-03,1128.73596191406,1128.77905273438,1101.06604003906,1101.13195800781,0
1999-03-04,1128.95397949219,1133.72802734375,1120.7060546875,1130.34301757813,0
1999-03-05,1132.35705566406,1137.958984375,1124.08605957031,1128.61804199219,0
1999-03-08,1142.10705566406,1142.14794921875,1128.38598632813,1133.50805664063,0
1999-03-09,1136.94104003906,1145.7080078125,1135.3740234375,1143.10205078125,0
1999-03-10,1132.73596191406,1136.07995605469,1127.17004394531,1136.02197265625,0
1999-03-11,1149.92504882813,1153.84301757813,1133.15295410156,1133.28698730469,0
1999-03-12,1158.70202636719,1158.71203613281,1148.6650390625,1151.98999023438,0
1999-03-15,1164.63903808594,1169.69897460938,1159.14501953125,1161.49401855469,0
1999-03-16,1166.93005371094,1166.96496582031,1155.93505859375,1164.791015625,0
1999-03-17,1159.09594726563,1173.041015625,1158.58801269531,1167.71899414063,0
1999-03-18,1151.99096679688,1160.67895507813,1147.56896972656,1155.27099609375,0
1999-03-19,1172.92102050781,1172.92102050781,1150.33996582031,1150.60900878906,0
1999-03-22,1172.74304199219,1176.65002441406,1168.33605957031,1175.67504882813,0
1999-03-23,1170.94897460938,1174.47595214844,1163.28002929688,1172.97705078125,0
1999-03-24,1169.03405761719,1177.34094238281,1167.10400390625,1171.30200195313,0
1999-03-25,1156.85400390625,1167.875,1155.01293945313,1167.86401367188,0
1999-03-26,1161.11999511719,1162.416015625,1154.93603515625,1155.34802246094,0
1999-03-29,1169.48901367188,1169.50305175781,1158.08703613281,1160.57604980469,0
1999-03-30,1157.50695800781,1173.66003417969,1156.04504394531,1171.126953125,0
1999-03-31,1158.05395507813,1159.53295898438,1150.81994628906,1156.36999511719,0
1999-04-01,1168.50402832031,1168.52795410156,1158.44201660156,1158.68103027344,0
1999-04-02,1184.40197753906,1184.43298339844,1170.30700683594,1170.76000976563,0
1999-04-05,1194.46899414063,1194.51403808594,1187.05895996094,1188.93103027344,0
1999-04-06,1199.59997558594,1199.84204101563,1191.58203125,1195.94799804688,0
1999-04-07,1201.63403320313,1202.31994628906,1193.72705078125,1200.22399902344,0
1999-04-08,1202.46899414063,1205.41101074219,1192.46203613281,1203.02001953125,0
1999-04-09,1205.13903808594,1210.09997558594,1196.74401855469,1203.44104003906,0
1999-04-12,1195.33703613281,1205.67700195313,1193.65698242188,1205.31896972656,0
1999-04-13,1178.19201660156,1193.32495117188,1174.13500976563,1192.14904785156,0
1999-04-14,1181.51696777344,1184.17602539063,1174.26794433594,1176.77099609375,0
1999-04-16,1166.23706054688,1175.03405761719,1162.31005859375,1168.90795898438,0
1999-04-19,1159.47302246094,1166.0400390625,1156.60705566406,1164.61596679688,0
1999-04-20,1171.60302734375,1171.60302734375,1159.56396484375,1160.05200195313,0
1999-04-21,1144.06494140625,1173.52502441406,1143.04504394531,1171.94799804688,0
1999-04-22,1137.16198730469,1140.89904785156,1110.64599609375,1137.91003417969,0
1999-04-23,1139.99694824219,1144.77795410156,1135.60705566406,1137.60803222656,0
1999-04-26,1112.791015625,1140.17004394531,1111.95495605469,1139.64697265625,0
1999-04-27,1091.69494628906,1108.91101074219,1089.75903320313,1108.91101074219,0
1999-04-28,1091.08898925781,1112.2900390625,1087.7939453125,1090.873046875,0
1999-04-29,1116.40502929688,1116.41796875,1090.56396484375,1091.05700683594,0
1999-04-30,1120.92700195313,1122.22204589844,1114.17797851563,1116.10705566406,0
1999-05-04,1111.92700195313,1121.91003417969,1108.89294433594,1120.90795898438,0
1999-05-05,1116.93200683594,1116.96398925781,1105.34594726563,1110.93701171875,0
1999-05-06,1128.22399902344,1128.90100097656,1116.63903808594,1116.85498046875,0
1999-05-07,1120.73803710938,1131.49304199219,1117.93603515625,1129.53198242188,0
1999-05-10,1071.92700195313,1107.36499023438,1065.18005371094,1107.36499023438,0
1999-05-11,1095.40197753906,1095.40600585938,1072.0439453125,1072.0439453125,0
1999-05-12,1099.99597167969,1104.80895996094,1092.78503417969,1096.73706054688,0
1999-05-13,1088.86303710938,1101.35595703125,1086.4580078125,1100.85705566406,0
1999-05-14,1063.27697753906,1088.001953125,1060.501953125,1087.94201660156,0
1999-05-17,1065.55700683594,1072.166015625,1047.8330078125,1057.48498535156,0
1999-05-18,1059.8740234375,1075.65197753906,1058.38598632813,1066.51904296875,0
1999-05-19,1109.08898925781,1109.11596679688,1057.71997070313,1058.69995117188,0
1999-05-20,1147.70703125,1147.72705078125,1113.31799316406,1114.65905761719,0
1999-05-21,1168.71997070313,1170.14099121094,1152.26098632813,1154.80603027344,0
1999-05-24,1213.65405273438,1215.21594238281,1164.89501953125,1173.13195800781,0
1999-05-25,1202.88500976563,1244.83996582031,1198.06701660156,1223.12902832031,0
1999-05-26,1236.04602050781,1236.14794921875,1195.84301757813,1199.22497558594,0
1999-05-27,1283.02001953125,1283.02697753906,1247.32202148438,1247.32202148438,0
1999-05-28,1277.15002441406,1294.64099121094,1260.71203613281,1291.9599609375,0
1999-05-31,1279.32604980469,1303.47998046875,1253.2509765625,1287.07495117188,0
1999-06-01,1311.59399414063,1311.60095214844,1276.11596679688,1283.30004882813,0
1999-06-02,1287.93103027344,1330.27795410156,1287.01098632813,1319.83203125,0
1999-06-03,1268.32397460938,1286.91296386719,1259.00805664063,1280.47705078125,0
1999-06-04,1285.57897949219,1288.00305175781,1271.16296386719,1271.16796875,0
1999-06-07,1326.51794433594,1326.61096191406,1285.15002441406,1287.46203613281,0
1999-06-08,1333.64404296875,1341.64294433594,1319.49694824219,1336.03002929688,0
1999-06-09,1348.60595703125,1350.13696289063,1323.98596191406,1334.84899902344,0
1999-06-10,1364.34497070313,1382.07397460938,1353.56396484375,1371.00305175781,0
1999-06-11,1364.34802246094,1371.376953125,1363.65795898438,1364.9169921875,0
1999-06-14,1427.70703125,1427.76794433594,1382.53198242188,1382.53198242188,0
1999-06-15,1387.59204101563,1477.14196777344,1366.65405273438,1453.32995605469,0
1999-06-16,1460.16796875,1460.16796875,1402.30395507813,1402.34497070313,0
1999-06-17,1501.00695800781,1501.01599121094,1450.20397949219,1483.06396484375,0
1999-06-18,1498.9150390625,1516.126953125,1480.98095703125,1511.88098144531,0
1999-06-21,1546.40795898438,1546.61096191406,1503.40100097656,1506.82604980469,0
1999-06-22,1564.44396972656,1564.44799804688,1524.49499511719,1551.875,0
1999-06-23,1606.5,1606.5,1566.62902832031,1571.27001953125,0
1999-06-24,1654.10998535156,1654.55004882813,1611.98498535156,1615.63000488281,0
1999-06-25,1593.85900878906,1705.2099609375,1591.07897949219,1665.98498535156,0
1999-06-28,1693.16003417969,1693.16101074219,1606.28198242188,1606.28295898438,0
1999-06-29,1739.20495605469,1742.14697265625,1691.34204101563,1722.73901367188,0
1999-06-30,1689.42797851563,1756.18395996094,1666.01000976563,1755.56103515625,0
1999-07-01,1560.78698730469,1678.83801269531,1540.03405761719,1678.83801269531,0
1999-07-02,1561.38903808594,1561.4169921875,1560.44702148438,1560.78698730469,0
1999-07-05,1581.81896972656,1630.38195800781,1573.73400878906,1627.24597167969,0
1999-07-06,1517.25305175781,1580.23205566406,1504.36596679688,1568.82995605469,0
1999-07-07,1568.65197753906,1568.67297363281,1507.54602050781,1515.16101074219,0
1999-07-08,1577.98706054688,1591.13098144531,1560.43103027344,1579.14294433594,0
1999-07-09,1584.75,1594.57800292969,1563.16296386719,1577.791015625,0
1999-07-12,1559.73205566406,1589.90197753906,1545.56298828125,1588.38000488281,0
1999-07-13,1524.82104492188,1547.34399414063,1511.43103027344,1547.34399414063,0
1999-07-14,1559.52001953125,1559.66296386719,1526.21997070313,1526.97705078125,0
1999-07-15,1549.33605957031,1567.82897949219,1545.06994628906,1565.0400390625,0
1999-07-16,1519.74096679688,1547.60595703125,1512.78405761719,1547.4599609375,0
1999-07-19,1479.07604980469,1509.99401855469,1473.23400878906,1500.44897460938,0
1999-07-20,1574.60302734375,1574.7490234375,1471.50903320313,1476.02697753906,0
1999-07-21,1609.81103515625,1626.95202636719,1573.69995117188,1586.88500976563,0
1999-07-22,1550.72998046875,1606.85595703125,1548.49499511719,1606.85595703125,0
1999-07-23,1585.97998046875,1597.18395996094,1552.23706054688,1552.24499511719,0
1999-07-26,1602.03100585938,1607.07202148438,1587.376953125,1592.41394042969,0
1999-07-27,1590.71301269531,1607.04699707031,1580.81701660156,1605.37194824219,0
1999-07-28,1597.19897460938,1609.7939453125,1584.24597167969,1592.45202636719,0
1999-07-29,1595.85998535156,1615.7490234375,1585.83898925781,1610.11596679688,0
1999-07-30,1601.458984375,1605.27294921875,1587.33801269531,1599.93798828125,0
1999-08-02,1616.27600097656,1622.38305664063,1603.36901855469,1607.06201171875,0
1999-08-03,1626.84094238281,1626.91003417969,1609.1240234375,1622.30102539063,0
1999-08-04,1649.12805175781,1649.25805664063,1630.98999023438,1630.98999023438,0
1999-08-05,1653.53698730469,1658.68994140625,1641.86206054688,1654.52600097656,0
1999-08-06,1646.59301757813,1656.5849609375,1601.84301757813,1655.30603027344,0
1999-08-09,1628.83605957031,1651.63500976563,1624.72094726563,1650.27697753906,0
1999-08-10,1602.14697265625,1623.02600097656,1597.21997070313,1622.96704101563,0
1999-08-11,1583.40100097656,1607.67700195313,1574.71398925781,1598.01501464844,0
1999-08-12,1575.64196777344,1594.88903808594,1566.71398925781,1583.51196289063,0
1999-08-13,1571.90100097656,1591.49304199219,1569.30200195313,1581.22998046875,0
1999-08-16,1560.06799316406,1570.21105957031,1546.83703613281,1568.89904785156,0
1999-08-17,1576.40502929688,1596.15100097656,1562.56005859375,1562.56005859375,0
1999-08-18,1581.92895507813,1582.01599121094,1555.97595214844,1578.26293945313,0
1999-08-19,1637.74304199219,1645.84204101563,1587.86999511719,1587.89794921875,0
1999-08-20,1628.93395996094,1651.17395019531,1627.03894042969,1645.54296875,0
1999-08-23,1644.9990234375,1645.00402832031,1626.95397949219,1631.43505859375,0
1999-08-24,1648.46899414063,1655.14196777344,1638.96301269531,1650.53698730469,0
1999-08-25,1625.76501464844,1651.09204101563,1618.5400390625,1649.60900878906,0
1999-08-26,1638.23303222656,1638.23303222656,1615.85498046875,1622.166015625,0
1999-08-27,1633.90002441406,1644.47094726563,1627.25500488281,1642.06103515625,0
1999-08-30,1619.03894042969,1637.31005859375,1614.44799804688,1635.55297851563,0
1999-08-31,1627.11596679688,1630.01403808594,1609.79602050781,1622.876953125,0
1999-09-01,1599.55200195313,1629.07604980469,1595.96301269531,1627.82104492188,0
1999-09-02,1611.9580078125,1614.10595703125,1572.4169921875,1591.5830078125,0
1999-09-03,1587.88696289063,1614.41198730469,1583.44995117188,1613.30395507813,0
1999-09-06,1560.67797851563,1577.56201171875,1556.833984375,1577.50500488281,0
1999-09-07,1562.77905273438,1574.64794921875,1556.74096679688,1558.86096191406,0
1999-09-08,1571.59802246094,1581.93200683594,1563.60498046875,1563.62097167969,0
1999-09-09,1675.12194824219,1675.26098632813,1590.70104980469,1590.71105957031,0
1999-09-10,1659.92895507813,1695.64404296875,1656.72302246094,1690.02502441406,0
1999-09-13,1670.14294433594,1671.64001464844,1656.16796875,1664.51403808594,0
1999-09-14,1672.89196777344,1681.84704589844,1668.12805175781,1675.7060546875,0
1999-09-15,1662.80297851563,1679.13500976563,1657.78601074219,1675.19104003906,0
1999-09-16,1645.51098632813,1664.96105957031,1643.97998046875,1662.46301269531,0
1999-09-17,1648.55798339844,1662.1650390625,1636.47705078125,1644.80297851563,0
1999-09-20,1633.8349609375,1651.53503417969,1628.89404296875,1649.12097167969,0
1999-09-21,1625.58801269531,1630.26904296875,1617.81201171875,1630.02099609375,0
1999-09-22,1617.05700683594,1632.41101074219,1613.58203125,1625.1650390625,0
1999-09-23,1604.20300292969,1622.6669921875,1597.11499023438,1618.76794433594,0
1999-09-24,1619.32604980469,1631.39904785156,1609.82702636719,1609.82702636719,0
1999-09-27,1602.15795898438,1629.19104003906,1598.70495605469,1624.458984375,0
1999-09-28,1591.43200683594,1606.02294921875,1586.54895019531,1602.7939453125,0
1999-09-29,1584.95397949219,1608.60302734375,1580.9990234375,1593.71899414063,0
1999-09-30,1570.70202636719,1595.00598144531,1567.72399902344,1588.98596191406,0
1999-10-08,1534.51501464844,1568.375,1531.79895019531,1568.23803710938,0
1999-10-11,1522.47998046875,1538.34301757813,1516.62194824219,1529.21997070313,0
1999-10-12,1537.79602050781,1538.27905273438,1526.44897460938,1526.44897460938,0
1999-10-13,1507.42199707031,1544.44897460938,1504.38793945313,1540.59899902344,0
1999-10-14,1508.72595214844,1535.24401855469,1494.93994140625,1504.49694824219,0
1999-10-15,1543.79797363281,1550.708984375,1515.90795898438,1515.90795898438,0
1999-10-18,1501.6650390625,1549.36804199219,1499.46398925781,1547.26696777344,0
1999-10-19,1470.90002441406,1493.48596191406,1468.09802246094,1493.46997070313,0
1999-10-20,1485.82702636719,1490.75805664063,1463.42602539063,1469.28405761719,0
1999-10-21,1458.53002929688,1488.00500488281,1452.708984375,1486.92504882813,0
1999-10-22,1497.46203613281,1512.93005371094,1457.498046875,1457.63500976563,0
1999-10-25,1468.26599121094,1499.38500976563,1465.13696289063,1499.13793945313,0
1999-10-26,1482.6669921875,1496.45202636719,1467.50500488281,1467.52197265625,0
1999-10-27,1536.82104492188,1537.30004882813,1504.99401855469,1509.64001464844,0
1999-10-28,1514.52502441406,1542.04504394531,1507.791015625,1541.28698730469,0
1999-10-29,1504.56298828125,1520.47204589844,1494.7060546875,1515.18395996094,0
1999-11-01,1493.09594726563,1506.99401855469,1488.23400878906,1501.73498535156,0
1999-11-02,1487.46899414063,1499.87194824219,1481.56701660156,1491.75805664063,0
1999-11-03,1475.68395996094,1492.30603027344,1472.72998046875,1488.36596679688,0
1999-11-04,1464.82800292969,1474.13500976563,1457.14001464844,1474.13500976563,0
1999-11-05,1465.23205566406,1478.82897949219,1460.67504882813,1464.60302734375,0
1999-11-08,1471.375,1477.13500976563,1458.65295410156,1464.49304199219,0
1999-11-09,1464.03002929688,1479.833984375,1461.48303222656,1474.001953125,0
1999-11-10,1450.15197753906,1463.72998046875,1436.74194335938,1463.68798828125,0
1999-11-11,1443.90502929688,1459.44702148438,1440.98303222656,1449.62194824219,0
1999-11-12,1450.32702636719,1452.93298339844,1444.126953125,1446.26000976563,0
1999-11-15,1451.53601074219,1454.08801269531,1436.68103027344,1451.54895019531,0
1999-11-16,1431.31896972656,1469.59594726563,1428.748046875,1463.33703613281,0
1999-11-17,1462.7900390625,1462.84802246094,1427.35803222656,1429.71203613281,0
1999-11-18,1482.45202636719,1498.0810546875,1454.46801757813,1466.48803710938,0
1999-11-19,1468.47204589844,1489.89794921875,1466.34594726563,1485.05297851563,0
1999-11-22,1464.58801269531,1468.94396972656,1457.60803222656,1468.21801757813,0
1999-11-23,1466.43395996094,1471.91101074219,1461.38305664063,1464.93395996094,0
1999-11-24,1454.57800292969,1467.84204101563,1451.03295898438,1466.09094238281,0
1999-11-25,1444.24096679688,1451.89001464844,1439.94396972656,1451.876953125,0
1999-11-26,1444.51293945313,1449.03002929688,1441.51696777344,1443.44201660156,0
1999-11-29,1435.46801757813,1444.5849609375,1432.9580078125,1444.01098632813,0
1999-11-30,1434.97302246094,1439.60498046875,1429.55395507813,1433.89599609375,0
1999-12-01,1447.11596679688,1447.68200683594,1432.94604492188,1434.97802734375,0
1999-12-02,1435.83703613281,1447.80895996094,1433.53894042969,1446.68603515625,0
1999-12-03,1437.23303222656,1440.5419921875,1430.66394042969,1436.02001953125,0
1999-12-06,1426.99499511719,1437.18005371094,1422.72705078125,1436.80200195313,0
1999-12-07,1428.26098632813,1438.03601074219,1424.76098632813,1426.68603515625,0
1999-12-08,1424.84802246094,1430.97705078125,1422.04699707031,1428.77294921875,0
1999-12-09,1416.72595214844,1424.91198730469,1413.625,1424.91198730469,0
1999-12-10,1428.93896484375,1429.01098632813,1413.45300292969,1416.36999511719,0
1999-12-13,1417.10705566406,1430.40600585938,1415.28503417969,1429.19396972656,0
1999-12-14,1422.26293945313,1422.35705566406,1411.06701660156,1415.71203613281,0
1999-12-15,1451.05700683594,1461.89904785156,1423.74194335938,1423.76196289063,0
1999-12-16,1434.86694335938,1451.94299316406,1432.82995605469,1451.72497558594,0
1999-12-17,1419.55102539063,1438.22497558594,1416.74304199219,1434.63195800781,0
1999-12-21,1395.49694824219,1416.501953125,1388.05895996094,1416.5,0
1999-12-22,1387.51000976563,1397.1689453125,1383.56494140625,1393.82702636719,0
1999-12-23,1369.46105957031,1387.19494628906,1364.92004394531,1386.7900390625,0
1999-12-24,1355.36694335938,1375.92199707031,1352.09997558594,1367.68701171875,0
1999-12-27,1345.35205078125,1359.07897949219,1341.05200195313,1353.52697753906,0
1999-12-28,1348.82104492188,1368.24597167969,1342.94104003906,1346.45202636719,0
1999-12-29,1356.92602539063,1358.14196777344,1341.93298339844,1350.26696777344,0
1999-12-30,1366.57995605469,1366.67797851563,1357.81494140625,1357.81494140625,0
2000-01-04,1406.37097167969,1407.51794433594,1361.21398925781,1368.69299316406,0
2000-01-05,1409.68200683594,1433.78002929688,1398.32299804688,1407.82897949219,0
2000-01-06,1463.94201660156,1463.95495605469,1400.25305175781,1406.03601074219,0
2000-01-07,1516.60400390625,1522.82495117188,1477.15405273438,1477.15405273438,0
2000-01-10,1545.11206054688,1546.72302246094,1506.40405273438,1531.71203613281,0
2000-01-11,1479.78100585938,1547.7080078125,1468.75695800781,1547.67797851563,0
2000-01-12,1438.02001953125,1489.28002929688,1434.99597167969,1473.76098632813,0
2000-01-13,1424.44201660156,1444.06604003906,1418.81396484375,1437.45300292969,0
2000-01-14,1408.84802246094,1433.47399902344,1401.7060546875,1426.22399902344,0
2000-01-17,1433.32995605469,1433.38305664063,1402.66296386719,1408.98803710938,0
2000-01-18,1426.623046875,1443.59204101563,1421.64196777344,1436.88793945313,0
2000-01-19,1440.72399902344,1443.67199707031,1425.14294433594,1425.8740234375,0
2000-01-20,1466.86303710938,1466.90100097656,1443.09399414063,1443.09399414063,0
2000-01-21,1465.0849609375,1476.4560546875,1458.92504882813,1471.90502929688,0
2000-01-24,1477.34399414063,1477.41198730469,1449.47204589844,1465.85803222656,0
2000-01-25,1476.50598144531,1490.46398925781,1467.43798828125,1483.03295898438,0
2000-01-26,1481.11694335938,1482.46398925781,1469.97998046875,1477.29504394531,0
2000-01-27,1506.76696777344,1506.92199707031,1485.23400878906,1490.44702148438,0
2000-01-28,1534.99694824219,1536.34594726563,1510.74499511719,1514.55798339844,0
2000-02-14,1673.94299316406,1674.13195800781,1587.81799316406,1591.44494628906,0
2000-02-15,1670.67004394531,1746.44299316406,1663.00500488281,1709.22399902344,0
2000-02-16,1693.10900878906,1695.88098144531,1649.69897460938,1674.93603515625,0
2000-02-17,1640.64904785156,1770.88000488281,1615.62902832031,1734.26794433594,0
2000-02-18,1668.09094238281,1668.16394042969,1583.58203125,1623.96105957031,0
2000-02-21,1677.13598632813,1697.01000976563,1652.47595214844,1681.36096191406,0
2000-02-22,1632.2939453125,1687.51098632813,1627.46704101563,1681.29895019531,0
2000-02-23,1594.93005371094,1630.54602050781,1586.63403320313,1618.00805664063,0
2000-02-24,1634.30895996094,1634.32299804688,1593.92895507813,1593.94799804688,0
2000-02-25,1631.57604980469,1650.36499023438,1618.17700195313,1639.9189453125,0
2000-02-28,1704.85498046875,1704.88403320313,1639.69604492188,1639.79895019531,0
2000-02-29,1714.57800292969,1733.14099121094,1678.34997558594,1728.13598632813,0
2000-03-01,1704.85498046875,1721.14001464844,1692.50903320313,1720.59704589844,0
2000-03-02,1713.01403808594,1721.59802246094,1682.53503417969,1697.56201171875,0
2000-03-03,1738.02099609375,1750.64501953125,1721.70495605469,1728.35498046875,0
2000-03-06,1681.0849609375,1762.82897949219,1678.74401855469,1756.31298828125,0
2000-03-07,1694.79797363281,1694.88696289063,1654.44396972656,1661.94799804688,0
2000-03-08,1726.03295898438,1726.04296875,1690.11694335938,1699.46203613281,0
2000-03-09,1732.34594726563,1741.22399902344,1714.92102050781,1734.76696777344,0
2000-03-10,1705.04895019531,1743.13903808594,1701.79296875,1731.93994140625,0
2000-03-13,1728.88696289063,1729.00695800781,1706.34899902344,1706.76904296875,0
2000-03-14,1685.34704589844,1700.373046875,1636.89294433594,1690.65295410156,0
2000-03-15,1681.47094726563,1695.16198730469,1676.5439453125,1680.29602050781,0
2000-03-16,1607.52697753906,1671.17797851563,1596.07202148438,1671.09704589844,0
2000-03-17,1658.60095214844,1661.97595214844,1602.3349609375,1602.36303710938,0
2000-03-20,1699.248046875,1699.28100585938,1641.76501464844,1646.31005859375,0
2000-03-21,1710.32397460938,1713.20495605469,1692.68395996094,1704.0849609375,0
2000-03-22,1720.44604492188,1726.58996582031,1711.15795898438,1713.24096679688,0
2000-03-23,1747.24096679688,1747.28295898438,1711.40502929688,1724.18798828125,0
2000-03-24,1730.4990234375,1770.26293945313,1729.48303222656,1761.44396972656,0
2000-03-27,1775.91394042969,1776.02099609375,1736.69604492188,1736.69604492188,0
2000-03-28,1791.44104003906,1799.95202636719,1774.48205566406,1788.82702636719,0
2000-03-29,1788.80700683594,1803.82702636719,1763.61999511719,1797.88098144531,0
2000-03-30,1810.98400878906,1811.06298828125,1790.84899902344,1793.67602539063,0
2000-03-31,1800.22497558594,1810.89697265625,1780.41101074219,1810.55297851563,0
2000-04-03,1801.00305175781,1816.85998535156,1798.25402832031,1799.57495117188,0
2000-04-04,1760.69201660156,1795.16101074219,1755.97998046875,1795.16101074219,0
2000-04-05,1771.19897460938,1776.71496582031,1746.30200195313,1756.30004882813,0
2000-04-06,1809.14099121094,1809.1689453125,1775.67602539063,1775.78405761719,0
2000-04-07,1819.89599609375,1822.61499023438,1807.54296875,1816.78601074219,0
2000-04-10,1826.06103515625,1831.85302734375,1815.99096679688,1826.61096191406,0
2000-04-11,1821.17395019531,1828.05700683594,1812.00805664063,1826.40295410156,0
2000-04-12,1807.32800292969,1823.83203125,1785.32702636719,1822.39794921875,0
2000-04-13,1831.54797363281,1832.0830078125,1807.71203613281,1807.83703613281,0
2000-04-14,1833.6650390625,1840.18896484375,1820.67199707031,1835.86096191406,0
2000-04-17,1795.05798339844,1829.92895507813,1778.87805175781,1829.61499023438,0
2000-04-18,1813.49499511719,1813.57104492188,1779.2939453125,1794.33898925781,0
2000-04-19,1828.7099609375,1831.56994628906,1817.21105957031,1819.0810546875,0
2000-04-20,1847.02697753906,1847.51000976563,1831.48498535156,1831.65698242188,0
2000-04-21,1841.06396484375,1858.26501464844,1834.84704589844,1851.30700683594,0
2000-04-24,1837.39794921875,1848.97302246094,1827.1669921875,1844.69494628906,0
2000-04-25,1833.46899414063,1841.85998535156,1815.63195800781,1838.05004882813,0
2000-04-26,1832.77905273438,1842.88696289063,1826.39196777344,1835.666015625,0
2000-04-27,1806.82995605469,1840.57202148438,1803.57702636719,1835.60095214844,0
2000-04-28,1836.32104492188,1836.32897949219,1797.71301269531,1805.50305175781,0
2000-05-08,1836.63696289063,1852.90295410156,1828.09704589844,1848.17297363281,0
2000-05-09,1806.63793945313,1839.28796386719,1799.82202148438,1838.99597167969,0
2000-05-10,1752.68896484375,1801.64001464844,1750.01196289063,1801.42602539063,0
2000-05-11,1724.04797363281,1762.125,1718.89196777344,1750.85900878906,0
2000-05-12,1720.60803222656,1740.95397949219,1715.05798339844,1725.86804199219,0
2000-05-15,1704.58703613281,1726.72399902344,1695.53100585938,1722.63500976563,0
2000-05-16,1724.53796386719,1725.90295410156,1706.72802734375,1706.72802734375,0
2000-05-17,1725.39794921875,1736.27404785156,1722.71203613281,1727.42602539063,0
2000-05-18,1758.53698730469,1758.5400390625,1719.84399414063,1725.60400390625,0
2000-05-19,1777.82800292969,1777.98303222656,1754.88403320313,1761.791015625,0
2000-05-22,1824.73596191406,1830.92700195313,1783.30395507813,1785.89404296875,0
2000-05-23,1832.07495117188,1836.99194335938,1811.57702636719,1834.43603515625,0
2000-05-24,1855.49304199219,1861.48400878906,1831.84204101563,1835.56298828125,0
2000-05-25,1880.70397949219,1880.71899414063,1860.77905273438,1866.56298828125,0
2000-05-26,1879.61694335938,1890.68603515625,1860.9189453125,1885.751953125,0
2000-05-29,1898.748046875,1900.67395019531,1882.74194335938,1885.54602050781,0
2000-05-30,1877.47094726563,1908.30603027344,1868.60998535156,1903.53002929688,0
2000-05-31,1894.55395507813,1894.5830078125,1869.33801269531,1875.46301269531,0
2000-06-01,1903.48803710938,1906.81701660156,1889.99499511719,1900.53295898438,0
2000-06-02,1916.25,1916.25,1897.71301269531,1906.16198730469,0
2000-06-05,1899.09204101563,1930.3349609375,1889.81494140625,1921.96899414063,0
2000-06-06,1925.5439453125,1925.55200195313,1891.6650390625,1898.59094238281,0
2000-06-07,1935.03100585938,1940.21997070313,1921.38305664063,1934.3759765625,0
2000-06-08,1925.2060546875,1938.55395507813,1913.36499023438,1937.19494628906,0
2000-06-09,1900.78698730469,1929.94604492188,1896.06103515625,1926.15002441406,0
2000-06-12,1912.55700683594,1912.58898925781,1884.61596679688,1896.42797851563,0
2000-06-13,1938.67395019531,1938.67395019531,1917.18994140625,1918.19201660156,0
2000-06-14,1932.2900390625,1949.17102050781,1929.7060546875,1944.43994140625,0
2000-06-15,1942.28503417969,1942.32604980469,1925.91394042969,1933.05895996094,0
2000-06-16,1926.94396972656,1947.46301269531,1919.40295410156,1945.69799804688,0
2000-06-19,1915.20495605469,1926.98095703125,1910.46899414063,1924.69299316406,0
2000-06-20,1895.34802246094,1913.07397460938,1888.08203125,1913.07397460938,0
2000-06-21,1913.13098144531,1913.14697265625,1894.63403320313,1894.77905273438,0
2000-06-22,1913.90100097656,1921.14794921875,1906.30395507813,1918.16394042969,0
2000-06-23,1939.626953125,1939.63403320313,1913.65002441406,1915.30700683594,0
2000-06-26,1948.63903808594,1953.33898925781,1943.248046875,1946.69799804688,0
2000-06-27,1942.89794921875,1952.45495605469,1938.13500976563,1949.77795410156,0
2000-06-28,1947.78100585938,1953.06396484375,1940.05395507813,1943.98400878906,0
2000-06-29,1937.26098632813,1951.1259765625,1924.47302246094,1949.84704589844,0
2000-06-30,1928.10595703125,1941.40197753906,1924.96899414063,1937.84301757813,0
2000-07-03,1895.63696289063,1917.44702148438,1890.52795410156,1917.44201660156,0
2000-07-04,1907.93103027344,1907.94396972656,1888.2490234375,1891.20495605469,0
2000-07-05,1909.18701171875,1918.90905761719,1904.46801757813,1910.42004394531,0
2000-07-06,1902.55200195313,1910.05395507813,1896.65905761719,1909.23706054688,0
2000-07-07,1932.7919921875,1932.82897949219,1904.0849609375,1904.0849609375,0
2000-07-10,1948.02099609375,1948.06298828125,1932.95495605469,1938.84301757813,0
2000-07-11,1960.541015625,1960.59497070313,1947.666015625,1952.25903320313,0
2000-07-12,1973.3740234375,1974.41394042969,1960.34899902344,1965.23095703125,0
2000-07-13,1979.20104980469,1984.06604003906,1963.55297851563,1978.55200195313,0
2000-07-14,1987.19201660156,1987.22302246094,1972.62194824219,1981.77600097656,0
2000-07-17,1982.47900390625,1997.93798828125,1980.22302246094,1992.89404296875,0
2000-07-18,1993.98596191406,1993.99401855469,1981.73596191406,1982.49694824219,0
2000-07-19,1998.42602539063,2004.46105957031,1987.42004394531,2000.32995605469,0
2000-07-20,1991.56005859375,2003.80200195313,1979.875,1999.08898925781,0
2000-07-21,1996.33605957031,1998.34704589844,1991.83801269531,1994.42297363281,0
2000-07-24,1989.23901367188,1999.90295410156,1982.88098144531,1998.24499511719,0
2000-07-25,1996.57702636719,1997.84899902344,1989.08605957031,1990.14904785156,0
2000-07-26,2012.31896972656,2012.39501953125,1999.40295410156,1999.44201660156,0
2000-07-27,2012.34997558594,2024.998046875,2004.54895019531,2017.45703125,0
2000-07-28,2012.79296875,2016.93994140625,2006.17199707031,2014.11303710938,0
2000-07-31,2023.53894042969,2023.56799316406,2008.63696289063,2016.14404296875,0
2000-08-01,2028.15100097656,2031.92504882813,2023.45300292969,2027.01293945313,0
2000-08-02,2030.68298339844,2033.19104003906,2018.48095703125,2030.78894042969,0
2000-08-03,2036.30102539063,2038.65405273438,2030.10095214844,2032.93701171875,0
2000-08-04,2026.36096191406,2041.28295898438,2013.44995117188,2037.46801757813,0
2000-08-07,2039.4189453125,2039.4189453125,2017.90295410156,2025.18200683594,0
2000-08-08,2049.916015625,2050.07299804688,2040.78295898438,2042.74499511719,0
2000-08-09,2061.17993164063,2061.28393554688,2048.49389648438,2051.65405273438,0
2000-08-10,2065.94311523438,2067.7451171875,2053.86108398438,2065.30493164063,0
2000-08-11,2062.666015625,2070.29809570313,2055.19995117188,2067.78393554688,0
2000-08-14,2076.30590820313,2076.32788085938,2065.93505859375,2065.93505859375,0
2000-08-15,2076.82299804688,2082.73608398438,2066.15991210938,2079.06909179688,0
2000-08-16,2083.46704101563,2083.46704101563,2072.98388671875,2078.48510742188,0
2000-08-17,2091.5859375,2092.3291015625,2086.55908203125,2086.80908203125,0
2000-08-18,2090.18310546875,2097.31494140625,2086.75390625,2093.63208007813,0
2000-08-21,2108.68994140625,2108.87890625,2093.41796875,2095.3779296875,0
2000-08-22,2074.70288085938,2114.52197265625,2074.52001953125,2112.01708984375,0
2000-08-23,2057.9189453125,2080.14404296875,1980.34497070313,2064.044921875,0
2000-08-24,2071.16088867188,2073.94702148438,2043.2060546875,2058.52905273438,0
2000-08-25,2086.70288085938,2086.72094726563,2066.3291015625,2073.71508789063,0
2000-08-28,2100.5849609375,2100.69995117188,2085.60107421875,2092.1220703125,0
2000-08-29,2105.47607421875,2105.63403320313,2094.60888671875,2103.03295898438,0
2000-08-30,2076.14306640625,2108.09692382813,2075.15991210938,2107.01904296875,0
2000-08-31,2021.19897460938,2064.76000976563,2019.44702148438,2062.8349609375,0
2000-09-01,1999.85900878906,2026.35095214844,1997.71704101563,2009.15100097656,0
2000-09-04,2010.60205078125,2010.60205078125,1981.22900390625,1994.88500976563,0
2000-09-05,1963.7919921875,2020.84704589844,1959.59204101563,2015.06201171875,0
2000-09-06,1925.90698242188,1964.26501464844,1923.59802246094,1955.4990234375,0
2000-09-07,1950.66296386719,1963.22802734375,1929.29602050781,1929.29602050781,0
2000-09-08,1959.31201171875,1963.89099121094,1945.91796875,1955.15295410156,0
2000-09-11,1972.04296875,1972.07604980469,1956.07800292969,1963.27099609375,0
2000-09-12,1979.09497070313,1979.32202148438,1965.40100097656,1975.41198730469,0
2000-09-13,1988.93603515625,1995.31701660156,1975.1259765625,1980.52795410156,0
2000-09-14,1979.50500488281,1992.36596679688,1973.02099609375,1989.97399902344,0
2000-09-15,1978.43395996094,1978.46899414063,1966.87902832031,1978.03698730469,0
2000-09-18,1946.75305175781,1981.12902832031,1946.17602539063,1979.53002929688,0
2000-09-19,1903.15405273438,1937.36694335938,1895.48999023438,1937.31896972656,0
2000-09-20,1922.28894042969,1922.29504394531,1892.27600097656,1902.91198730469,0
2000-09-21,1907.30603027344,1927.51501464844,1905.65295410156,1924.82995605469,0
2000-09-22,1891.98400878906,1904.57299804688,1888.09094238281,1904.57299804688,0
2000-09-25,1875.91101074219,1896.71594238281,1874.2099609375,1889.90405273438,0
2000-09-26,1887.82897949219,1890.67199707031,1878.05102539063,1878.31103515625,0
2000-09-27,1914.08605957031,1914.10595703125,1889.873046875,1889.875,0
2000-09-28,1889.28894042969,1917.06103515625,1886.94104003906,1915.49694824219,0
2000-09-29,1910.16101074219,1910.48596191406,1888.06994628906,1888.20104980469,0
2000-10-09,1915.34997558594,1915.49499511719,1897.23803710938,1912.07604980469,0
2000-10-10,1942.14904785156,1942.17004394531,1917.68298339844,1917.89599609375,0
2000-10-11,1933.72595214844,1948.01403808594,1931.46203613281,1944.248046875,0
2000-10-12,1926.32397460938,1933.32897949219,1918.46594238281,1933.14294433594,0
2000-10-13,1918.15698242188,1932.31799316406,1911.35705566406,1927.35400390625,0
2000-10-16,1902.80895996094,1917.55505371094,1897.90600585938,1917.44604492188,0
2000-10-17,1909.48999023438,1909.48999023438,1896.94494628906,1902.07299804688,0
2000-10-18,1922.84497070313,1922.85205078125,1911.70495605469,1911.70495605469,0
2000-10-19,1913.42004394531,1927.36596679688,1911.18200683594,1925.21398925781,0
2000-10-20,1947.45495605469,1947.46899414063,1912.37805175781,1913.16198730469,0
2000-10-23,1958.93798828125,1960.85998535156,1945.67395019531,1952.9560546875,0
2000-10-24,1956.34399414063,1962.13000488281,1945.52697753906,1960.36596679688,0
2000-10-25,1977.25402832031,1978.99194335938,1957.31298828125,1957.37805175781,0
2000-10-26,1967.67297363281,1980.6259765625,1962.19995117188,1979.29602050781,0
2000-10-27,1967.40502929688,1971.78503417969,1957.74401855469,1968.17102050781,0
2000-10-30,1973.57800292969,1974.24096679688,1962.81201171875,1967.65295410156,0
2000-10-31,1961.28698730469,1979.99401855469,1956.4169921875,1974.52697753906,0
2000-11-01,1977.36303710938,1977.373046875,1959.72094726563,1961.0810546875,0
2000-11-02,1984.26000976563,1992.85705566406,1980.88696289063,1981.76501464844,0
2000-11-03,1981.63098144531,1989.10595703125,1977.2099609375,1984.98596191406,0
2000-11-06,1991.17297363281,1992.87902832031,1982.7509765625,1983.07299804688,0
2000-11-07,1997.07702636719,1997.07702636719,1990.05895996094,1993.45397949219,0
2000-11-08,2012.90795898438,2012.98803710938,1998.34497070313,1999.15295410156,0
2000-11-09,2032.48205566406,2032.51794433594,2014.83801269531,2016.21997070313,0
2000-11-10,2047.4580078125,2051.34106445313,2033.626953125,2037.083984375,0
2000-11-13,2070.7880859375,2071.68896484375,2053.43994140625,2054.47900390625,0
2000-11-14,2085.11791992188,2085.11791992188,2055.2119140625,2072.79296875,0
2000-11-15,2081.90502929688,2092.64990234375,2074.376953125,2087.27709960938,0
2000-11-16,2095.98388671875,2096.04809570313,2080.60791015625,2081.13891601563,0
2000-11-17,2093.23510742188,2104.69897460938,2084.89892578125,2098.88793945313,0
2000-11-20,2101.38891601563,2101.39794921875,2078.27709960938,2092.59106445313,0
2000-11-21,2097.98193359375,2112.912109375,2095.58203125,2104.06811523438,0
2000-11-22,2113.30297851563,2113.34790039063,2091.6240234375,2097.28100585938,0
2000-11-23,2119.43896484375,2125.72412109375,2109.21899414063,2119.15600585938,0
2000-11-24,2053.3701171875,2125.40600585938,2045.51403808594,2119.01000976563,0
2000-11-27,2049.6708984375,2062.80590820313,2031.93103027344,2041.15502929688,0
2000-11-28,2079.39599609375,2079.47900390625,2052.77587890625,2052.77587890625,0
2000-11-29,2064.794921875,2082.90087890625,2055.93896484375,2081.49609375,0
2000-11-30,2070.61303710938,2072.291015625,2057.041015625,2067.07006835938,0
2000-12-01,2081.84301757813,2082.02807617188,2071.4951171875,2073.08911132813,0
2000-12-04,2092.13891601563,2092.32299804688,2077.80908203125,2084.48388671875,0
2000-12-05,2091.669921875,2097.2890625,2085.80004882813,2094.99389648438,0
2000-12-06,2075.626953125,2095.43603515625,2070.34912109375,2092.99609375,0
2000-12-07,2075.0439453125,2078.14208984375,2060.72900390625,2072.53100585938,0
2000-12-08,2073.1630859375,2083.27099609375,2069.65991210938,2074.56591796875,0
2000-12-11,2046.07604980469,2072.47607421875,2039.00305175781,2072.28295898438,0
2000-12-12,2059.05297851563,2059.05297851563,2037.90100097656,2045.17004394531,0
2000-12-13,2056.1201171875,2059.60107421875,2050.17797851563,2057.38305664063,0
2000-12-14,2051.0791015625,2059.27294921875,2046.93798828125,2056.998046875,0
2000-12-15,2039.36401367188,2055.60888671875,2036.88098144531,2052.79296875,0
2000-12-18,2044.54504394531,2044.56005859375,2024.28601074219,2038.44799804688,0
2000-12-19,2049.03198242188,2056.75708007813,2046.02905273438,2047.34802246094,0
2000-12-20,2071.26806640625,2071.30908203125,2048.64208984375,2050.06811523438,0
2000-12-21,2076.88598632813,2086.93896484375,2074.3359375,2075.56201171875,0
2000-12-22,2069.76806640625,2079.96704101563,2066.22290039063,2078.42602539063,0
2000-12-26,2076.26611328125,2076.40795898438,2068.81298828125,2070.376953125,0
2000-12-27,2058.24389648438,2079.76196289063,2055.998046875,2077.71801757813,0
2000-12-28,2053.7041015625,2061.05102539063,2047.74194335938,2054.51708984375,0
2000-12-29,2073.47705078125,2073.8779296875,2055.5048828125,2055.82788085938,0
2001-01-02,2103.46899414063,2103.5380859375,2074.88208007813,2077.07592773438,0
2001-01-03,2123.89892578125,2123.89990234375,2105.4970703125,2108.25390625,0
2001-01-04,2117.40502929688,2127.4189453125,2113.17895507813,2125.48510742188,0
2001-01-05,2125.30004882813,2125.38110351563,2114.05590820313,2117.6640625,0
2001-01-08,2102.06396484375,2131.97998046875,2092.09692382813,2128.60205078125,0
2001-01-09,2101.13500976563,2111.10009765625,2082.84106445313,2099.32299804688,0
2001-01-10,2125.61499023438,2125.669921875,2102.06591796875,2102.0849609375,0
2001-01-11,2119.14111328125,2131.36791992188,2117.02905273438,2129.61010742188,0
2001-01-12,2104.7470703125,2117.72705078125,2100.27294921875,2116.84594726563,0
2001-01-15,2032.44299316406,2097.09204101563,2030.28796386719,2097.09106445313,0
2001-01-16,2045.88696289063,2045.94604492188,2007.7060546875,2018.29797363281,0
2001-01-17,2034.583984375,2048.69506835938,2031.75598144531,2046.376953125,0
2001-01-18,2043.10998535156,2049.35498046875,2033.57604980469,2033.68603515625,0
2001-01-19,2065.60595703125,2067.876953125,2046.541015625,2046.5810546875,0
2001-02-05,2008.03198242188,2072.54711914063,2005.68298339844,2069.85595703125,0
2001-02-06,1995.31494140625,1999.72497558594,1956.17797851563,1999.72302246094,0
2001-02-07,1979.93896484375,1998.25,1978.59899902344,1995.60302734375,0
2001-02-08,1930.13793945313,1986.89794921875,1926.40002441406,1977.55895996094,0
2001-02-09,1956.96997070313,1963.32897949219,1935.18798828125,1935.18798828125,0
2001-02-12,1961.22094726563,1961.81005859375,1935.58703613281,1958.65502929688,0
2001-02-13,1963.52795410156,1973.9990234375,1958.99096679688,1962.52697753906,0
2001-02-14,1963.19995117188,1966.83996582031,1956.42297363281,1962.73803710938,0
2001-02-15,1946.47900390625,1966.92297363281,1944.56005859375,1963.44897460938,0
2001-02-16,1941.96398925781,1942.123046875,1911.87097167969,1942.04895019531,0
2001-02-19,1967.55004882813,1969.34704589844,1935.65100097656,1942.57897949219,0
2001-02-20,1953.21801757813,1980.38598632813,1947.25500488281,1969.77697753906,0
2001-02-21,1909.32604980469,1948.4169921875,1901.20495605469,1948.4169921875,0
2001-02-22,1907.26000976563,1922.45703125,1893.78295898438,1901.99304199219,0
2001-02-23,1936.34594726563,1936.63403320313,1906.55102539063,1906.91394042969,0
2001-02-26,1954.69299316406,1954.77905273438,1935.54699707031,1940.77001953125,0
2001-02-27,1962.0419921875,1962.28405761719,1946.97998046875,1956.27197265625,0
2001-02-28,1959.18005371094,1965.02099609375,1950.93103027344,1964.35595703125,0
2001-03-01,1965.12097167969,1968.35705566406,1953.72094726563,1959.00903320313,0
2001-03-02,1985.11096191406,1987.38903808594,1968.96105957031,1969.05603027344,0
2001-03-05,1984.19995117188,1993.80505371094,1979.65405273438,1991.28002929688,0
2001-03-06,1990.06005859375,1990.06005859375,1977.11096191406,1986.73205566406,0
2001-03-07,1991.17700195313,1996.85302734375,1986.0439453125,1991.27600097656,0
2001-03-08,2000.90002441406,2002.251953125,1989.86901855469,1990.63696289063,0
2001-03-09,2011.66003417969,2015.50305175781,1999.47802734375,2003.20495605469,0
2001-03-12,2012.55200195313,2015.59704589844,2004.96398925781,2013.31201171875,0
2001-03-13,1998.69897460938,2012.77197265625,1992.17102050781,2012.15502929688,0
2001-03-14,2018.61596679688,2018.61901855469,1994.94396972656,1996.15197753906,0
2001-03-15,2022.60095214844,2027.3330078125,2017.58801269531,2019.72497558594,0
2001-03-16,2020.23596191406,2024.28002929688,2011.99194335938,2023.02905273438,0
2001-03-19,2036.61694335938,2036.63000488281,2017.49096679688,2019.85095214844,0
2001-03-20,2045.79296875,2045.94104003906,2037.17395019531,2039.55395507813,0
2001-03-21,2066.38989257813,2066.39111328125,2046.43395996094,2047.63305664063,0
2001-03-22,2087.53198242188,2087.53198242188,2068.14208984375,2071.20190429688,0
2001-03-23,2053.5390625,2093.94897460938,2052.55493164063,2091.17602539063,0
2001-03-26,2089.88110351563,2089.98706054688,2052.05493164063,2052.05493164063,0
2001-03-27,2107.25805664063,2107.30200195313,2090.90209960938,2096.501953125,0
2001-03-28,2106.8740234375,2112.87890625,2096.9169921875,2109.7548828125,0
2001-03-29,2101.65795898438,2111.73388671875,2096.93408203125,2107.22412109375,0
2001-03-30,2112.77490234375,2112.8330078125,2096.28393554688,2101.10009765625,0
2001-04-02,2125.083984375,2126.96704101563,2114.77807617188,2117.44995117188,0
2001-04-03,2123.05200195313,2129.8291015625,2109.2509765625,2127.78100585938,0
2001-04-04,2090.71899414063,2128.15698242188,2084.92993164063,2123.88500976563,0
2001-04-05,2112.60009765625,2112.61889648438,2081.64404296875,2084.80688476563,0
2001-04-06,2108.60595703125,2122.21997070313,2103.26391601563,2116.376953125,0
2001-04-09,2117.36694335938,2117.41088867188,2100.97192382813,2108.96899414063,0
2001-04-10,2128.47900390625,2128.54711914063,2119.35888671875,2119.5380859375,0
2001-04-11,2131.39697265625,2134.50708007813,2121.15600585938,2130.89501953125,0
2001-04-12,2134.79809570313,2141.9169921875,2124.81494140625,2132.80810546875,0
2001-04-13,2145.39990234375,2145.43701171875,2130.59399414063,2135.6689453125,0
2001-04-16,2168.05908203125,2168.07788085938,2150.28588867188,2150.2919921875,0
2001-04-17,2176.67895507813,2177.15795898438,2163.19091796875,2173.30395507813,0
2001-04-18,2172.56396484375,2179.74096679688,2167.59301757813,2177.98706054688,0
2001-04-19,2172.8701171875,2175.57495117188,2148.30810546875,2172.43090820313,0
2001-04-20,2152.3349609375,2179.57006835938,2152.00610351563,2173.9560546875,0
2001-04-23,2150.42602539063,2157.51196289063,2132.55004882813,2150.34106445313,0
2001-04-24,2166.17407226563,2166.18994140625,2151.33911132813,2151.34106445313,0
2001-04-25,2119.17993164063,2170.38696289063,2115.26391601563,2168.05102539063,0
2001-04-26,2105.05590820313,2125.7880859375,2102.82495117188,2113.39111328125,0
2001-04-27,2115.10888671875,2120.84399414063,2104.03393554688,2104.03393554688,0
2001-04-30,2119.18408203125,2122.5029296875,2111.95190429688,2117.16796875,0
2001-05-08,2137.99389648438,2138.0380859375,2119.89404296875,2119.89794921875,0
2001-05-09,2132.88989257813,2142.376953125,2127.31909179688,2140.55395507813,0
2001-05-10,2147.28295898438,2147.33911132813,2134.19091796875,2134.19091796875,0
2001-05-11,2155.40502929688,2155.42211914063,2144.75903320313,2150.32202148438,0
2001-05-14,2178.46606445313,2178.69995117188,2160.123046875,2161.61401367188,0
2001-05-15,2191.06396484375,2191.06811523438,2176.78588867188,2184.787109375,0
2001-05-16,2199.5048828125,2199.53588867188,2187.4140625,2195.36499023438,0
2001-05-17,2194.64697265625,2205.01293945313,2187.84106445313,2201.98291015625,0
2001-05-18,2203.3720703125,2203.3740234375,2186.64697265625,2194.6201171875,0
2001-05-21,2213.59497070313,2213.751953125,2202.73901367188,2207.78100585938,0
2001-05-22,2210.3369140625,2218.44506835938,2205.2529296875,2215.77490234375,0
2001-05-23,2197.59497070313,2213.39990234375,2175.27709960938,2210.85107421875,0
2001-05-24,2198.29711914063,2202.84204101563,2192.1689453125,2198.00805664063,0
2001-05-25,2193.57592773438,2204.23901367188,2181.2490234375,2199.66088867188,0
2001-05-28,2179.69897460938,2194.8291015625,2171.68188476563,2194.45288085938,0
2001-05-29,2180.27587890625,2188.76391601563,2176.55810546875,2177.64697265625,0
2001-05-30,2211.20092773438,2211.205078125,2180.52905273438,2180.6201171875,0
2001-05-31,2214.25708007813,2222.65087890625,2208.88403320313,2217.873046875,0
2001-06-01,2219.59106445313,2223.26391601563,2212.15991210938,2216.56005859375,0
2001-06-04,2226.77905273438,2229.05493164063,2222.22802734375,2223.91088867188,0
2001-06-05,2234.98706054688,2235.50390625,2226.81811523438,2229.2470703125,0
2001-06-06,2238.5009765625,2241.0869140625,2224.30395507813,2237.98901367188,0
2001-06-07,2229.81201171875,2242.69091796875,2223.4140625,2241.01391601563,0
2001-06-08,2223.06811523438,2229.4140625,2211.75,2229.205078125,0
2001-06-11,2214.623046875,2226.61010742188,2206.63598632813,2223.794921875,0
2001-06-12,2222.958984375,2223.29711914063,2211.86206054688,2213.544921875,0
2001-06-13,2242.42309570313,2242.42309570313,2226.8779296875,2227.07104492188,0
2001-06-14,2202.39794921875,2245.43505859375,2201.00805664063,2243.29907226563,0
2001-06-15,2210.96997070313,2212.09399414063,2188.25,2196.68505859375,0
2001-06-18,2167.64697265625,2214.10498046875,2157.1220703125,2211.89208984375,0
2001-06-19,2170.4541015625,2174.2109375,2158.75903320313,2163.31909179688,0
2001-06-20,2163.123046875,2180.73095703125,2157.39599609375,2171.01098632813,0
2001-06-21,2189.14501953125,2189.22509765625,2164.09008789063,2164.123046875,0
2001-06-22,2206.06689453125,2206.51098632813,2188.93798828125,2191.35595703125,0
2001-06-25,2230.19702148438,2230.22094726563,2210.041015625,2210.06909179688,0
2001-06-26,2233.59106445313,2236.77807617188,2223.498046875,2234.07104492188,0
2001-06-27,2229.82788085938,2237.52294921875,2223.81201171875,2234.7080078125,0
2001-06-28,2219.25,2237.49194335938,2213.57690429688,2231.36791992188,0
2001-06-29,2218.02905273438,2225.35302734375,2214.15698242188,2218.57299804688,0
2001-07-02,2205.98510742188,2223.20703125,2201.5859375,2220.4189453125,0
2001-07-03,2211.830078125,2211.86010742188,2191.67993164063,2206.84790039063,0
2001-07-04,2202.05810546875,2216.22290039063,2199.62890625,2212.97094726563,0
2001-07-05,2181.6630859375,2204.26293945313,2176.7529296875,2202.30297851563,0
2001-07-06,2170.52099609375,2187.23706054688,2168.78002929688,2179.81005859375,0
2001-07-09,2169.65502929688,2175.1650390625,2164.00903320313,2169.46704101563,0
2001-07-10,2189.78491210938,2189.794921875,2172.59301757813,2172.60791015625,0
2001-07-11,2168.73999023438,2192.52294921875,2167.6708984375,2190.97705078125,0
2001-07-12,2165.49096679688,2168.39501953125,2153.67993164063,2164.9150390625,0
2001-07-13,2161.34008789063,2178.01708984375,2158.85205078125,2167.69995117188,0
2001-07-16,2146.23608398438,2183.51708984375,2142.0830078125,2176.3369140625,0
2001-07-17,2140.98095703125,2146.03295898438,2121.28393554688,2145.48510742188,0
2001-07-18,2146.541015625,2147.837890625,2137.40502929688,2142.01098632813,0
2001-07-19,2150.26489257813,2150.26708984375,2135.24194335938,2146.51489257813,0
2001-07-20,2179.6240234375,2179.77001953125,2153.14404296875,2153.23706054688,0
2001-07-23,2169.00708007813,2185.85498046875,2166.33203125,2183.74291992188,0
2001-07-24,2136.4541015625,2162.7509765625,2129.18090820313,2162.7509765625,0
2001-07-25,2112.25610351563,2140.4970703125,2108.76391601563,2130.44995117188,0
2001-07-26,2094.00903320313,2116.55908203125,2086.07592773438,2109.919921875,0
2001-07-27,2065.72802734375,2101.14990234375,2063.88989257813,2093.86889648438,0
2001-07-30,1956.82299804688,2056.77294921875,1955.97399902344,2056.76293945313,0
2001-07-31,1920.31799316406,1978.09997558594,1909.29699707031,1939.26196289063,0
2001-08-01,1986.92797851563,1986.94104003906,1925.23901367188,1925.23901367188,0
2001-08-02,1957.02294921875,1990.69897460938,1912.72595214844,1989.64001464844,0
2001-08-03,1958.69201660156,1965.32202148438,1948.90197753906,1956.54296875,0
2001-08-06,1882.1259765625,1953.44897460938,1867.85998535156,1953.41198730469,0
2001-08-07,1903.93200683594,1911.2099609375,1861.77905273438,1872.6669921875,0
2001-08-08,1895.1689453125,1907.94799804688,1885.41796875,1902.87194824219,0
2001-08-09,1924.58996582031,1924.64794921875,1894.04797363281,1894.69201660156,0
2001-08-10,1955.03601074219,1956.39697265625,1929.68896484375,1929.96203613281,0
2001-08-13,1955.09997558594,1963.13793945313,1942.07202148438,1956.92504882813,0
2001-08-14,1939.5419921875,1960.94702148438,1924.26904296875,1955.50695800781,0
2001-08-15,1947.35900878906,1949.16394042969,1935.38903808594,1938.5439453125,0
2001-08-16,1919.64501953125,1950.46398925781,1918.49096679688,1948.26696777344,0
2001-08-17,1924.00305175781,1928.14099121094,1909.67297363281,1916.84301757813,0
2001-08-20,1934.48901367188,1937.15502929688,1917.09497070313,1923.09899902344,0
2001-08-21,1938.87097167969,1947.40295410156,1935.77001953125,1936.05603027344,0
2001-08-22,1903.44604492188,1935.55700683594,1891.35205078125,1935.53503417969,0
2001-08-23,1902.98999023438,1903.46704101563,1869.49194335938,1892.36999511719,0
2001-08-24,1886.80004882813,1912.18603515625,1883.23498535156,1903.38500976563,0
2001-08-27,1827.25,1881.30895996094,1824.875,1881.30895996094,0
2001-08-28,1843.38500976563,1843.43994140625,1795.56701660156,1816.65905761719,0
2001-08-29,1847.53601074219,1865.48205566406,1837.94201660156,1846.81701660156,0
2001-08-30,1839.63098144531,1846.5419921875,1831.02099609375,1846.18701171875,0
2001-08-31,1834.13793945313,1846.94396972656,1831.51696777344,1838.21398925781,0
2001-09-03,1817.18994140625,1831.79602050781,1813.36694335938,1831.70300292969,0
2001-09-04,1862.35998535156,1862.39904785156,1814.9169921875,1815.27001953125,0
2001-09-05,1868.27001953125,1888.90100097656,1863.8330078125,1868.36096191406,0
2001-09-06,1861.56103515625,1876.47094726563,1853.28894042969,1867.63305664063,0
2001-09-07,1808.84399414063,1858.24194335938,1807.14099121094,1858.24194335938,0
2001-09-10,1856.52905273438,1858.20397949219,1774.83203125,1790.2099609375,0
2001-09-11,1863.78002929688,1871.13000488281,1849.61206054688,1859.96594238281,0
2001-09-12,1852.60400390625,1858.68896484375,1815.59301757813,1822.12902832031,0
2001-09-13,1839.90905761719,1857.85498046875,1837.81604003906,1851.61499023438,0
2001-09-14,1818.38195800781,1846.01501464844,1814.74401855469,1838.67395019531,0
2001-09-17,1784.60803222656,1816.25903320313,1782.50305175781,1811.90405273438,0
2001-09-18,1798.62194824219,1817.55895996094,1780.04602050781,1784.59094238281,0
2001-09-19,1822.69494628906,1822.97204589844,1784.91101074219,1800.23901367188,0
2001-09-20,1818.4189453125,1836.78601074219,1814.458984375,1826.4169921875,0
2001-09-21,1807.01904296875,1821.34094238281,1803.80200195313,1815.56201171875,0
2001-09-24,1794.96105957031,1808.70300292969,1791.62097167969,1804.88696289063,0
2001-09-25,1793.88403320313,1813.30700683594,1788.40197753906,1799.97900390625,0
2001-09-26,1767.81396484375,1793.67004394531,1765.1689453125,1793.65100097656,0
2001-09-27,1764.93200683594,1779.13305664063,1750.76403808594,1765.62194824219,0
2001-09-28,1764.86694335938,1774.29699707031,1751.72094726563,1766.13000488281,0
2001-10-08,1726.53295898438,1773.79797363281,1723.0400390625,1766.13305664063,0
2001-10-09,1744.64001464844,1751.06604003906,1722.22302246094,1724.17297363281,0
2001-10-10,1686.61206054688,1744.63696289063,1683.70703125,1744.0419921875,0
2001-10-11,1638.32604980469,1693.21496582031,1634.2080078125,1682.31701660156,0
2001-10-12,1691.32604980469,1700.7080078125,1598.79296875,1637.7490234375,0
2001-10-15,1687.28002929688,1703.58801269531,1670.26501464844,1692.17297363281,0
2001-10-16,1655.90197753906,1691.65100097656,1649.20104980469,1689.18701171875,0
2001-10-17,1643.06604003906,1661.88195800781,1635.916015625,1654.92895507813,0
2001-10-18,1615.57897949219,1651.10998535156,1609.38195800781,1642.01196289063,0
2001-10-19,1572.45300292969,1610.44494628906,1550.91198730469,1610.44494628906,0
2001-10-22,1520.6689453125,1563.39794921875,1514.86206054688,1558.46801757813,0
2001-10-23,1670.56201171875,1670.73803710938,1625.14904785156,1642.21997070313,0
2001-10-24,1718.06005859375,1744.92297363281,1685.71594238281,1733.63696289063,0
2001-10-25,1676.4990234375,1708.02795410156,1673.05297851563,1708.02795410156,0
2001-10-26,1677.87805175781,1681.90405273438,1651.52404785156,1669.15698242188,0
2001-10-29,1700.47705078125,1701.1240234375,1678.72497558594,1678.72497558594,0
2001-10-30,1682.76904296875,1704.48303222656,1680.43701171875,1702.86206054688,0
2001-10-31,1689.17004394531,1689.17004394531,1655.88598632813,1678.92602539063,0
2001-11-01,1707.75402832031,1717.73596191406,1688.09497070313,1692.35095214844,0
2001-11-02,1691.35095214844,1711.74194335938,1688.57202148438,1703.92395019531,0
2001-11-05,1679.57202148438,1688.30895996094,1671.23095703125,1687.83996582031,0
2001-11-06,1671.27795410156,1685.51904296875,1668.65795898438,1678.17297363281,0
2001-11-07,1594.05004882813,1669.4599609375,1591.76794433594,1669.42700195313,0
2001-11-08,1605.87097167969,1605.89904785156,1550.46496582031,1566.52099609375,0
2001-11-09,1630.35900878906,1637.90295410156,1582.85095214844,1605.07604980469,0
2001-11-12,1621.19494628906,1637.32495117188,1619.10998535156,1631.79895019531,0
2001-11-13,1615.93103027344,1623.45202636719,1598.11206054688,1609.95300292969,0
2001-11-14,1617.10205078125,1627.97204589844,1614.59301757813,1615.751953125,0
2001-11-15,1621.34399414063,1624.81298828125,1612.90502929688,1619.26293945313,0
2001-11-16,1646.76293945313,1734.67297363281,1644.60705566406,1725.44799804688,0
2001-11-19,1669.89404296875,1669.98706054688,1644.81604003906,1645.09204101563,0
2001-11-20,1699.73205566406,1703.73999023438,1670.79699707031,1672.21203613281,0
2001-11-21,1705.66394042969,1707.92700195313,1690.23400878906,1700.66101074219,0
2001-11-22,1715.81298828125,1715.92602539063,1700.51000976563,1705.92395019531,0
2001-11-23,1712.56396484375,1721.96801757813,1704.13903808594,1715.64599609375,0
2001-11-26,1705.88500976563,1710.13195800781,1695.99597167969,1710.13195800781,0
2001-11-27,1722.58898925781,1722.61999511719,1704.85095214844,1705.50903320313,0
2001-11-28,1735,1741.6650390625,1725.15600585938,1725.53503417969,0
2001-11-29,1732.29602050781,1741.73706054688,1728.88598632813,1735.38305664063,0
2001-11-30,1747.99304199219,1748,1731.96398925781,1732.13403320313,0
2001-12-03,1762.56201171875,1767.43798828125,1750.916015625,1751.05102539063,0
2001-12-04,1769.68103027344,1770.35705566406,1754.86596679688,1763.78894042969,0
2001-12-05,1745.22705078125,1776.01904296875,1745.10498046875,1765.56298828125,0
2001-12-06,1751.18200683594,1754.76794433594,1737.06298828125,1740.07702636719,0
2001-12-07,1745.40698242188,1756.47399902344,1743.32995605469,1752.01501464844,0
2001-12-10,1748.68200683594,1748.96801757813,1730.80603027344,1743.625,0
2001-12-11,1728.87805175781,1748.97497558594,1726.69201660156,1748.02099609375,0
2001-12-12,1715.17199707031,1728.833984375,1714.17504882813,1724.875,0
2001-12-13,1688.01293945313,1720.55004882813,1687.08703613281,1713.78002929688,0
2001-12-14,1675.51403808594,1692.90502929688,1673.32397460938,1683.72802734375,0
2001-12-17,1665.93798828125,1680.83801269531,1662.67504882813,1673.24194335938,0
2001-12-18,1687.2900390625,1687.76904296875,1660.49694824219,1666.51403808594,0
2001-12-19,1672.69799804688,1693.18103027344,1671.93603515625,1688.9169921875,0
2001-12-20,1631.53698730469,1669.47998046875,1628.46997070313,1669.47497558594,0
2001-12-21,1640.14196777344,1640.79296875,1624.49597167969,1627.43896484375,0
2001-12-24,1606.10400390625,1640.14294433594,1601.23706054688,1639.52197265625,0
2001-12-25,1611.17004394531,1613.60205078125,1593.02600097656,1604.6669921875,0
2001-12-26,1633.64294433594,1634.32995605469,1605.14599609375,1610.64794921875,0
2001-12-27,1627.92297363281,1644.40905761719,1625.45495605469,1635.46105957031,0
2001-12-28,1639.48400878906,1639.84802246094,1619.53100585938,1626.95495605469,0
2001-12-31,1645.97094726563,1649.80004882813,1638.31604003906,1641.42797851563,0
2002-01-04,1611.39294433594,1643.5,1608.82897949219,1643.48498535156,0
2002-01-07,1596.76000976563,1605.74096679688,1584.65600585938,1605.74096679688,0
2002-01-08,1583.46105957031,1607.72204589844,1582.44799804688,1594.86694335938,0
2002-01-09,1561.34899902344,1580.71997070313,1552.55798339844,1580.71105957031,0
2002-01-10,1576.43701171875,1580.00695800781,1523.66296386719,1556.73706054688,0
2002-01-11,1535.59301757813,1574.26794433594,1535.28405761719,1574.26098632813,0
2002-01-14,1485.10803222656,1519.93200683594,1484.46398925781,1519.93200683594,0
2002-01-15,1459.65295410156,1491.70300292969,1458.02001953125,1475.33801269531,0
2002-01-16,1479.61901855469,1482.17797851563,1439.40002441406,1458.84301757813,0
2002-01-17,1419.51904296875,1476.37805175781,1416.30200195313,1476.35803222656,0
2002-01-18,1415.43798828125,1434.96594238281,1376.88793945313,1405.55004882813,0
2002-01-21,1366.96801757813,1412.21203613281,1362.61804199219,1406.99694824219,0
2002-01-22,1358.69104003906,1400.76000976563,1348.78894042969,1360.2939453125,0
2002-01-23,1444.96496582031,1445.69604492188,1346.17297363281,1355.86303710938,0
2002-01-24,1456.40405273438,1478.5400390625,1400.35400390625,1435.31896972656,0
2002-01-25,1451.48400878906,1464.90197753906,1442.93896484375,1449.88195800781,0
2002-01-28,1359.54895019531,1448.60302734375,1357.55004882813,1444.5009765625,0
2002-01-29,1392.77502441406,1396.10803222656,1339.19995117188,1343.35803222656,0
2002-01-30,1396.60498046875,1408.05004882813,1381.00695800781,1392.94995117188,0
2002-01-31,1491.6650390625,1501.32995605469,1413.22204589844,1413.22399902344,0
2002-02-01,1485.77001953125,1507.63903808594,1480.77001953125,1494.57702636719,0
2002-02-04,1511.32702636719,1513.67102050781,1476.13305664063,1485.67602539063,0
2002-02-05,1518.28002929688,1522.32397460938,1502.08605957031,1510.56701660156,0
2002-02-06,1485.80200195313,1521.55798339844,1484.24694824219,1517.81298828125,0
2002-02-07,1515.39404296875,1521.02697753906,1481.06799316406,1482.35705566406,0
2002-02-08,1506.61499023438,1530.1259765625,1506.06896972656,1520.71704101563,0
2002-02-25,1530.28405761719,1544.57397460938,1521.66003417969,1540.49304199219,0
2002-02-26,1531.43005371094,1531.71704101563,1507.57495117188,1529.3759765625,0
2002-02-27,1538.31896972656,1544.92102050781,1524.68505859375,1531.31701660156,0
2002-02-28,1524.70104980469,1544.39404296875,1521.0830078125,1537.92602539063,0
2002-03-01,1502.5400390625,1521.56701660156,1501.55603027344,1521.52795410156,0
2002-03-04,1526.80395507813,1527.40002441406,1494.833984375,1497.82702636719,0
2002-03-05,1560.07897949219,1566.06604003906,1529.29797363281,1529.29797363281,0
2002-03-06,1569.2080078125,1594.6669921875,1563.92297363281,1564.69396972656,0
2002-03-07,1613.0009765625,1613.25598144531,1569.07299804688,1569.17199707031,0
2002-03-08,1640.25598144531,1645.2919921875,1611.22802734375,1622.86901855469,0
2002-03-11,1664.09399414063,1664.51904296875,1632.61499023438,1643.58996582031,0
2002-03-12,1643.69201660156,1672.03894042969,1641.5830078125,1665.23706054688,0
2002-03-13,1623.43200683594,1655.63403320313,1621.79699707031,1636.94494628906,0
2002-03-14,1665.15100097656,1665.78503417969,1621.07897949219,1621.07897949219,0
2002-03-15,1620.97595214844,1676.50598144531,1620.56201171875,1671.82495117188,0
2002-03-18,1623.88403320313,1657.67797851563,1610.99304199219,1641.42895507813,0
2002-03-19,1665.35705566406,1665.62194824219,1624.2900390625,1624.31896972656,0
2002-03-20,1682.51000976563,1686.10498046875,1664.36804199219,1673.26501464844,0
2002-03-21,1685.01696777344,1693.873046875,1675.24499511719,1686.94604492188,0
2002-03-22,1669.69396972656,1684.46105957031,1659.51599121094,1684.07104492188,0
2002-03-25,1675.28894042969,1677.04504394531,1663.39501953125,1667.85302734375,0
2002-03-26,1649.48400878906,1675.2099609375,1641.91394042969,1674.70397949219,0
2002-03-27,1654.23095703125,1655.17602539063,1635.81604003906,1646.67895507813,0
2002-03-28,1650.67297363281,1666.51501464844,1645.33996582031,1653.98303222656,0
2002-03-29,1603.90502929688,1648.08703613281,1596.25402832031,1648.08703613281,0
2002-04-01,1608.50598144531,1609.9169921875,1589.40698242188,1598.02600097656,0
2002-04-02,1582.88305664063,1610.72705078125,1575.97204589844,1608.51904296875,0
2002-04-03,1594.50805664063,1603.79797363281,1582.67199707031,1582.74401855469,0
2002-04-04,1641.69897460938,1643.5400390625,1583.63403320313,1595.01794433594,0
2002-04-05,1634.64294433594,1657.09399414063,1628.54602050781,1650.50402832031,0
2002-04-08,1640.65002441406,1643.67602539063,1631.06701660156,1633.8310546875,0
2002-04-09,1667.52197265625,1671.86303710938,1640.69201660156,1641.84704589844,0
2002-04-10,1677.65795898438,1677.93798828125,1663.47302246094,1670.80200195313,0
2002-04-11,1649.53002929688,1680.29797363281,1649.26904296875,1679.34094238281,0
2002-04-12,1658.97900390625,1664.4150390625,1648.45397949219,1648.45397949219,0
2002-04-15,1649.5,1664.52404785156,1638.63793945313,1660.57202148438,0
2002-04-16,1640.28503417969,1654.74401855469,1635.7509765625,1647.50805664063,0
2002-04-17,1644.39501953125,1649.43298339844,1630.22802734375,1641.72399902344,0
2002-04-18,1628.13696289063,1646.251953125,1626.03405761719,1644.14697265625,0
2002-04-19,1635.17199707031,1635.52905273438,1603.9560546875,1625.2490234375,0
2002-04-22,1627.47998046875,1637.18505859375,1619.15795898438,1633.64196777344,0
2002-04-23,1624.54602050781,1634.86303710938,1621.86596679688,1626.63000488281,0
2002-04-24,1611.05102539063,1626.38500976563,1609.20495605469,1623.46801757813,0
2002-04-25,1615.9189453125,1616.76293945313,1603.63696289063,1609.93603515625,0
2002-04-26,1640.58898925781,1643.15295410156,1615.51904296875,1615.51904296875,0
2002-04-29,1665.81201171875,1667.15905761719,1640.55895996094,1643.54895019531,0
2002-04-30,1667.7490234375,1673.75,1657.81701660156,1668.31298828125,0
2002-05-08,1652.36804199219,1670.9169921875,1651.69104003906,1669.87097167969,0
2002-05-09,1650.57800292969,1659.251953125,1646.81604003906,1648.4599609375,0
2002-05-10,1638.19799804688,1652.28796386719,1636.85998535156,1650.91296386719,0
2002-05-13,1623.93994140625,1634.916015625,1618.46398925781,1634.90100097656,0
2002-05-14,1616.23095703125,1629.88098144531,1613.55395507813,1622.3310546875,0
2002-05-15,1598.35400390625,1618.14001464844,1597.916015625,1614.90002441406,0
2002-05-16,1549.5009765625,1592.23706054688,1546.94104003906,1592.23596191406,0
2002-05-17,1567.49694824219,1570.14904785156,1540.57604980469,1549.0830078125,0
2002-05-20,1541.53002929688,1564.98205566406,1529.34802246094,1564.96801757813,0
2002-05-21,1588.10803222656,1599.11303710938,1564.54602050781,1575.02197265625,0
2002-05-22,1564.48901367188,1591.03405761719,1563.16394042969,1590.7939453125,0
2002-05-23,1571.61096191406,1585.74194335938,1568.10400390625,1571.07495117188,0
2002-05-24,1549.46594238281,1574.13403320313,1544.42297363281,1572.93798828125,0
2002-05-27,1555.04797363281,1562.63305664063,1545.62194824219,1555.0419921875,0
2002-05-28,1558.52404785156,1569.41101074219,1557.23205566406,1557.6240234375,0
2002-05-29,1524.80603027344,1558.14501953125,1520.125,1558.13098144531,0
2002-05-30,1523.52197265625,1530.77294921875,1506.5419921875,1524.21801757813,0
2002-05-31,1515.73303222656,1532.03405761719,1513.25695800781,1523.01403808594,0
2002-06-03,1483.34802246094,1510.25903320313,1480.0849609375,1510.24694824219,0
2002-06-04,1490.51403808594,1498.05102539063,1474.36303710938,1484.00805664063,0
2002-06-05,1462,1491.07397460938,1460.48095703125,1491.07397460938,0
2002-06-06,1521.26293945313,1532.73498535156,1455.30505371094,1458.61096191406,0
2002-06-07,1529.50695800781,1540.82495117188,1508.43005371094,1522.87902832031,0
2002-06-10,1517.22998046875,1529.37805175781,1511.25695800781,1529.33605957031,0
2002-06-11,1530.96301269531,1534.376953125,1515.74597167969,1515.99304199219,0
2002-06-12,1524.84204101563,1531.75,1513.9189453125,1531.75,0
2002-06-13,1511.71105957031,1529.43603515625,1511.21899414063,1524.77197265625,0
2002-06-14,1494.24597167969,1508.64697265625,1493.24401855469,1508.64196777344,0
2002-06-17,1496.24194335938,1496.83898925781,1481.24597167969,1489.13500976563,0
2002-06-18,1524.06799316406,1527.76501464844,1496.80505371094,1496.8310546875,0
2002-06-19,1507.66796875,1524.01098632813,1506.43200683594,1523.95300292969,0
2002-06-20,1516.15100097656,1528.35803222656,1510.52795410156,1511.11499023438,0
2002-06-21,1562.72204589844,1564.92199707031,1517.25500488281,1517.27502441406,0
2002-06-24,1707.31298828125,1709.06604003906,1647.498046875,1704.69799804688,0
2002-06-25,1706.59094238281,1748.89001464844,1690.61303710938,1718.23400878906,0
2002-06-26,1712.91003417969,1719.083984375,1684.91296386719,1698.10998535156,0
2002-06-27,1723.54504394531,1730.67297363281,1706.14001464844,1714.74401855469,0
2002-06-28,1732.75500488281,1747.23303222656,1710.9990234375,1724.72705078125,0
2002-07-01,1713.70495605469,1740.38098144531,1712.77197265625,1736.29296875,0
2002-07-02,1724.94897460938,1725.89404296875,1698.83203125,1707.44702148438,0
2002-07-03,1730.9189453125,1736.07800292969,1719.62194824219,1727.08996582031,0
2002-07-04,1713.13500976563,1735.82897949219,1710.28796386719,1731.89904785156,0
2002-07-05,1722.18798828125,1722.47998046875,1704.18701171875,1709.84204101563,0
2002-07-08,1732.93395996094,1737.85900878906,1721.1240234375,1723.57897949219,0
2002-07-09,1729.98596191406,1741.91796875,1724.39099121094,1733.833984375,0
2002-07-10,1701.82397460938,1729.73400878906,1698.82897949219,1728.51696777344,0
2002-07-11,1696.93994140625,1712.19897460938,1689.22302246094,1698.21301269531,0
2002-07-12,1698.29797363281,1706.43701171875,1693.21105957031,1696.64404296875,0
2002-07-15,1687.94494628906,1697.37902832031,1685.53796386719,1696.80798339844,0
2002-07-16,1691.623046875,1704.76904296875,1686.81005859375,1687.666015625,0
2002-07-17,1701.71801757813,1702.23596191406,1680.19897460938,1692.44702148438,0
2002-07-18,1704.91198730469,1711.68603515625,1695.39599609375,1703.80798339844,0
2002-07-19,1713.86096191406,1714.08996582031,1703.38098144531,1706.35900878906,0
2002-07-22,1681.00903320313,1712.32604980469,1678.4990234375,1712.01794433594,0
2002-07-23,1673.86096191406,1684.65502929688,1670.37902832031,1676.90405273438,0
2002-07-24,1672.40002441406,1679.66296386719,1667.43994140625,1673.68200683594,0
2002-07-25,1665.10900878906,1682.88598632813,1662.38000488281,1675.47302246094,0
2002-07-26,1657.4990234375,1670.23095703125,1656.82299804688,1665.08898925781,0
2002-07-29,1665.67395019531,1665.95495605469,1647.26501464844,1654.92504882813,0
2002-07-30,1669.001953125,1672.11999511719,1656.85205078125,1666.57897949219,0
2002-07-31,1651.59399414063,1671.47998046875,1649.00695800781,1667.623046875,0
2002-08-01,1653.00805664063,1659.96594238281,1639.22497558594,1650.05395507813,0
2002-08-02,1661.43103027344,1662.71496582031,1653.1669921875,1653.63793945313,0
2002-08-05,1653.95703125,1661.5810546875,1652.40002441406,1661.40405273438,0
2002-08-06,1670.61901855469,1679.81103515625,1649.89294433594,1652.94201660156,0
2002-08-07,1668.06494140625,1670.80798339844,1663.92700195313,1670.17297363281,0
2002-08-08,1659.80200195313,1675.30200195313,1657.46801757813,1668.51293945313,0
2002-08-09,1647.04602050781,1658.77197265625,1642.77099609375,1658.44299316406,0
2002-08-12,1634.56604003906,1642.59301757813,1633.09399414063,1642.47705078125,0
2002-08-13,1636.63195800781,1642.41101074219,1633.54699707031,1633.67700195313,0
2002-08-14,1646.72204589844,1647.08605957031,1635.28698730469,1636.88903808594,0
2002-08-15,1634.36596679688,1647.06994628906,1632.13305664063,1646.61596679688,0
2002-08-16,1646.7919921875,1652.97998046875,1624.04895019531,1632.96105957031,0
2002-08-19,1644.30102539063,1650.08605957031,1641.40295410156,1645.93103027344,0
2002-08-20,1671.35095214844,1673.9150390625,1644.248046875,1644.61596679688,0
2002-08-21,1673.54895019531,1677.95397949219,1668.36401367188,1671.99096679688,0
2002-08-22,1686.11096191406,1696.27697753906,1672.42700195313,1672.69604492188,0
2002-08-23,1683.20703125,1688.1240234375,1679.11499023438,1686.29602050781,0
2002-08-26,1670.68505859375,1682.31604003906,1668.82299804688,1682.13598632813,0
2002-08-27,1679.69104003906,1680.06298828125,1670.11206054688,1670.626953125,0
2002-08-28,1676.77001953125,1683.50500488281,1675.52502441406,1680.75402832031,0
2002-08-29,1667.31799316406,1680.17297363281,1665.72399902344,1676.85803222656,0
2002-08-30,1666.61804199219,1669.14001464844,1664.82202148438,1666.97900390625,0
2002-09-02,1668.77404785156,1669.90502929688,1663.17199707031,1666.34094238281,0
2002-09-03,1674.06994628906,1680.27905273438,1669.57702636719,1669.5849609375,0
2002-09-04,1663.97204589844,1675.96496582031,1662.48901367188,1674.45300292969,0
2002-09-05,1641.80700683594,1662.89904785156,1639.82104492188,1662.89196777344,0
2002-09-06,1631.38403320313,1644.79504394531,1629.92797851563,1639.88793945313,0
2002-09-09,1621.58203125,1628.45202636719,1617.00903320313,1628.45202636719,0
2002-09-10,1625.11096191406,1627.34997558594,1619.32995605469,1620.28198242188,0
2002-09-11,1620.35498046875,1626.84204101563,1605.97705078125,1625.32604980469,0
2002-09-12,1624.55798339844,1631.6650390625,1614.59899902344,1619.93994140625,0
2002-09-13,1625.75903320313,1626.06896972656,1621.42395019531,1624.501953125,0
2002-09-16,1604.0830078125,1624.13696289063,1598.73999023438,1624.13305664063,0
2002-09-17,1604.88098144531,1612.01501464844,1593.98095703125,1603.45703125,0
2002-09-18,1594.583984375,1605.21594238281,1593.52600097656,1603.61303710938,0
2002-09-19,1619.35400390625,1623.65295410156,1585.06799316406,1593.57299804688,0
2002-09-20,1604.91296386719,1618.19995117188,1602.88500976563,1618.19995117188,0
2002-09-23,1602.59094238281,1604.29504394531,1597.28698730469,1602.27600097656,0
2002-09-24,1596.73205566406,1602.28503417969,1594.28198242188,1602.20300292969,0
2002-09-25,1597.83703613281,1602.35400390625,1590.49401855469,1595.80603027344,0
2002-09-26,1587.64904785156,1599.98303222656,1586.53002929688,1597.85400390625,0
2002-09-27,1581.61804199219,1591.83703613281,1577.53002929688,1587.24304199219,0
2002-10-08,1562.99304199219,1577.05200195313,1558.47595214844,1577.05200195313,0
2002-10-09,1535.36596679688,1571.52294921875,1534.91101074219,1570.64904785156,0
2002-10-10,1530.40698242188,1542.56396484375,1528.35205078125,1532.18103027344,0
2002-10-11,1524.05102539063,1536.873046875,1521.91101074219,1532.13598632813,0
2002-10-14,1531.67602539063,1532.63000488281,1509.13598632813,1522.87194824219,0
2002-10-15,1524.72802734375,1534.57995605469,1522.10095214844,1531.5810546875,0
2002-10-16,1537.38793945313,1548.52502441406,1524.90795898438,1524.90795898438,0
2002-10-17,1513.09704589844,1538.7939453125,1511.39794921875,1537.96496582031,0
2002-10-18,1519.53894042969,1523.8310546875,1500.54296875,1511.17700195313,0
2002-10-21,1524.92504882813,1525.25598144531,1512.32702636719,1519.20495605469,0
2002-10-22,1548.10400390625,1553.86499023438,1525.06494140625,1525.07995605469,0
2002-10-23,1548.96496582031,1550.08801269531,1539.47595214844,1549.76599121094,0
2002-10-24,1536.52001953125,1550.43103027344,1535.90002441406,1549.78503417969,0
2002-10-25,1520.31298828125,1542.59204101563,1517.4150390625,1535.79602050781,0
2002-10-28,1502.71594238281,1518.60095214844,1500.00695800781,1518.08605957031,0
2002-10-29,1510.88195800781,1511.76501464844,1488.67895507813,1501.38098144531,0
2002-10-30,1509.70703125,1513.46105957031,1498.44799804688,1511.11206054688,0
2002-10-31,1507.49597167969,1521.87097167969,1505.9990234375,1510.03002929688,0
2002-11-01,1510.76000976563,1511.09497070313,1498.21301269531,1507.38305664063,0
2002-11-04,1531.84204101563,1532.22595214844,1515.07202148438,1516.21997070313,0
2002-11-05,1558.23901367188,1565.22705078125,1532.28796386719,1533.81005859375,0
2002-11-06,1552.56103515625,1559.22497558594,1548.72802734375,1558.91394042969,0
2002-11-07,1554.23706054688,1559.82104492188,1546.26501464844,1554.04296875,0
2002-11-08,1522.18701171875,1573.10400390625,1517.39099121094,1569.9990234375,0
2002-11-11,1504.40295410156,1526.13195800781,1501.98901367188,1519.60302734375,0
2002-11-12,1485.91296386719,1517.71704101563,1481.16101074219,1504.57604980469,0
2002-11-13,1490.46398925781,1491.23596191406,1461.26000976563,1483.71203613281,0
2002-11-14,1460.79504394531,1489.14001464844,1459.708984375,1488.91394042969,0
2002-11-15,1463.69104003906,1481.21997070313,1451.39196777344,1455.97998046875,0
2002-11-18,1451.2900390625,1468.32495117188,1447.49096679688,1463.72399902344,0
2002-11-19,1462.17395019531,1464.76293945313,1441.73095703125,1450.70300292969,0
2002-11-20,1425.84301757813,1459.21203613281,1423.80297851563,1459.21203613281,0
2002-11-21,1390.62902832031,1421.23303222656,1389.28894042969,1421.23303222656,0
2002-11-22,1395.49694824219,1408.9990234375,1375.53894042969,1392.57397460938,0
2002-11-25,1398.43798828125,1403.51293945313,1383.08996582031,1393.34094238281,0
2002-11-26,1371.1669921875,1408.79296875,1371.00695800781,1398.43798828125,0
2002-11-27,1378.751953125,1383.99694824219,1353.13903808594,1365.82397460938,0
2002-11-28,1417.52502441406,1417.84802246094,1372.38098144531,1378.14196777344,0
2002-11-29,1434.18200683594,1450.18701171875,1409.19995117188,1420.42895507813,0
2002-12-02,1395.67504882813,1432.02905273438,1394.91101074219,1432.02905273438,0
2002-12-03,1408.84301757813,1409.88903808594,1388.51293945313,1391.71801757813,0
2002-12-04,1414.45397949219,1432.89794921875,1406.61303710938,1414.88696289063,0
2002-12-05,1404.88000488281,1411.89001464844,1395.07897949219,1411.89001464844,0
2002-12-06,1405.52502441406,1416.99694824219,1396.20495605469,1404.92504882813,0
2002-12-09,1400.86694335938,1410.7939453125,1395.92602539063,1404.51293945313,0
2002-12-10,1383.83996582031,1406.89501953125,1383.56896972656,1400.55798339844,0
2002-12-11,1379.19494628906,1383.15197753906,1367.31201171875,1381.39904785156,0
2002-12-12,1383.91003417969,1399.76599121094,1378.81298828125,1378.81701660156,0
2002-12-13,1396.89794921875,1401.60205078125,1367.93395996094,1375.77905273438,0
2002-12-16,1408.51501464844,1409.94299316406,1392.88793945313,1397.72094726563,0
2002-12-17,1416.09594726563,1418.20495605469,1403.583984375,1409.17297363281,0
2002-12-18,1411.71899414063,1424.47802734375,1409.8349609375,1416.67102050781,0
2002-12-19,1413.59704589844,1414.28796386719,1402.64196777344,1411.27600097656,0
2002-12-20,1427.93603515625,1431.36401367188,1410.4599609375,1414.34497070313,0
2002-12-23,1430.19897460938,1439.84997558594,1429.29296875,1429.95104980469,0
2002-12-24,1430.82702636719,1431.1240234375,1420.38000488281,1429.53100585938,0
2002-12-25,1421.51501464844,1433.78698730469,1420.93005371094,1431.58801269531,0
2002-12-26,1384.15197753906,1420.00305175781,1382.35803222656,1419.96496582031,0
2002-12-27,1382.97094726563,1389.32800292969,1367.85205078125,1379.32800292969,0
2002-12-30,1366.36206054688,1379.75305175781,1358.43298339844,1379.73706054688,0
2002-12-31,1357.65405273438,1370.52600097656,1348.71398925781,1364.96801757813,0
2003-01-02,1320.63000488281,1351.34399414063,1317.46801757813,1347.43298339844,0
2003-01-03,1319.86804199219,1323.62805175781,1312.79602050781,1317.5830078125,0
2003-01-06,1334.67895507813,1334.88696289063,1311.68395996094,1319.68798828125,0
2003-01-07,1332.06103515625,1346.81896972656,1326.19104003906,1335.63195800781,0
2003-01-08,1372.06701660156,1373.11596679688,1330.45104980469,1331.44104003906,0
2003-01-09,1397.38403320313,1402.28601074219,1365.36999511719,1374.61804199219,0
2003-01-10,1384.85900878906,1411.3740234375,1384.63000488281,1398.376953125,0
2003-01-13,1386.31396484375,1391.18701171875,1378.64697265625,1381.86999511719,0
2003-01-14,1466.85095214844,1476.91198730469,1386.59204101563,1386.89697265625,0
2003-01-15,1459.92004394531,1485.79504394531,1448.27099609375,1477.45397949219,0
2003-01-16,1485.61804199219,1486.05895996094,1454.54602050781,1458.86596679688,0
2003-01-17,1478.67504882813,1492.72302246094,1472.9599609375,1488.26501464844,0
2003-01-20,1482.68103027344,1482.94299316406,1458.11694335938,1475.71105957031,0
2003-01-21,1454.89099121094,1489.55102539063,1454.61096191406,1485.86999511719,0
2003-01-22,1460.53002929688,1463.93798828125,1446.34802246094,1448.82604980469,0
2003-01-23,1450.61596679688,1470.32702636719,1448.70104980469,1460.2490234375,0
2003-01-24,1479.06994628906,1483.55700683594,1448.01098632813,1449.50402832031,0
2003-01-27,1496.15698242188,1500.38403320313,1480.96704101563,1481.60900878906,0
2003-01-28,1500.63903808594,1502.43200683594,1489.1650390625,1497.09802246094,0
2003-01-29,1499.81494140625,1508.58801269531,1498.37194824219,1501.28601074219,0
2003-02-10,1480.1689453125,1499.64099121094,1477.51696777344,1499.166015625,0
2003-02-11,1492.76403808594,1492.89404296875,1476.8740234375,1478.04602050781,0
2003-02-12,1510.67102050781,1510.98498535156,1486.31298828125,1493.248046875,0
2003-02-13,1504.33801269531,1519.2900390625,1502.43103027344,1512.28503417969,0
2003-02-14,1510.94995117188,1515.25500488281,1500.98303222656,1503.373046875,0
2003-02-17,1496.52294921875,1514.63598632813,1490.91796875,1510.64001464844,0
2003-02-18,1496.46801757813,1500.29296875,1488.82702636719,1495.14099121094,0
2003-02-19,1510.80297851563,1511.13195800781,1490.02197265625,1496.65100097656,0
2003-02-20,1509.48596191406,1517.76599121094,1507.22705078125,1513.00695800781,0
2003-02-21,1478.87097167969,1508.12902832031,1476.4150390625,1508.07702636719,0
2003-02-24,1481.93603515625,1488.07202148438,1474.47094726563,1476.06994628906,0
2003-02-25,1511.27502441406,1511.64904785156,1481.10595703125,1481.10595703125,0
2003-02-26,1513.17504882813,1515.45703125,1506.55297851563,1513.49304199219,0
2003-02-27,1513.70397949219,1524.7509765625,1508.74694824219,1513.17504882813,0
2003-02-28,1511.93200683594,1514.501953125,1501.42395019531,1512.86499023438,0
2003-03-03,1525.48303222656,1525.69897460938,1511.04504394531,1511.5849609375,8800
2003-03-04,1524.30395507813,1529.751953125,1517.85900878906,1527.44897460938,8000
2003-03-05,1517.17895507813,1524.123046875,1508.2509765625,1524.07702636719,6800
2003-03-06,1498.34301757813,1517.34802246094,1494.24096679688,1516.60095214844,8400
2003-03-07,1493.09301757813,1502.42797851563,1489.38403320313,1495.69396972656,7000
2003-03-10,1468.9189453125,1496.16394042969,1467.63903808594,1492.208984375,7400
2003-03-12,1475.00805664063,1475.28698730469,1458.5,1468.74694824219,5200
2003-03-13,1464.64904785156,1477.85803222656,1463.32995605469,1475.03698730469,5400
2003-03-14,1466.0439453125,1471.4990234375,1461.35095214844,1464.99194335938,4800
2003-03-17,1469.27404785156,1469.53295898438,1453.36804199219,1465.14404296875,6400
2003-03-18,1459.89196777344,1478.99499511719,1458.97900390625,1468.98596191406,6000
2003-03-19,1469.9599609375,1475.84399414063,1452.59204101563,1458.58203125,6600
2003-03-20,1464.5400390625,1477.25305175781,1460.79895019531,1469.66296386719,6800
2003-03-21,1474.65698242188,1475.80895996094,1461.9150390625,1464.18395996094,5400
2003-03-24,1477.76599121094,1477.97399902344,1470.43505859375,1474.59094238281,4800
2003-03-25,1462.40002441406,1478.40502929688,1461.75402832031,1478.05297851563,5800
2003-03-26,1456.27099609375,1465.42504882813,1452.89099121094,1461.32104492188,5600
2003-03-27,1499.34704589844,1507.66796875,1447.01403808594,1455.43896484375,13400
2003-03-28,1491.94104003906,1508.26293945313,1488.60095214844,1498.45495605469,13200
2003-03-31,1510.57800292969,1511.21997070313,1490.98596191406,1491.39099121094,10600
2003-04-01,1522.54602050781,1525.23498535156,1508.84399414063,1513.0009765625,13400
2003-04-02,1521.31994628906,1525.76904296875,1516.78796386719,1522.49096679688,9800
2003-04-03,1511.72900390625,1522.67102050781,1510.51196289063,1521.35595703125,8200
2003-04-04,1521.12805175781,1521.78295898438,1509.60998535156,1510.22204589844,9000
2003-04-07,1515.13195800781,1530.37097167969,1512.5,1521.89794921875,11800
2003-04-08,1520.55102539063,1523.94702148438,1513.23498535156,1515.64501953125,15000
2003-04-09,1543.67395019531,1545.33605957031,1510.34399414063,1519.98498535156,28800
2003-04-10,1551.18005371094,1559.86901855469,1541.28894042969,1546.50695800781,31600
2003-04-11,1576.85998535156,1581.69897460938,1548.52905273438,1552.00402832031,29400
2003-04-14,1616.07202148438,1616.65405273438,1581.20397949219,1581.38000488281,36600
2003-04-15,1631.46997070313,1632.09204101563,1606.72595214844,1619.94995117188,32200
2003-04-16,1606.23999023438,1649.60302734375,1598.82800292969,1633.53002929688,39000
2003-04-17,1613.60400390625,1621.22900390625,1595.626953125,1606.23303222656,28400
2003-04-18,1603.07702636719,1620.80603027344,1596.66796875,1616.90502929688,24400
2003-04-21,1571.71398925781,1598.5830078125,1557.12097167969,1598.50402832031,21600
2003-04-22,1568.69201660156,1575.79602050781,1563.58898925781,1570.57397460938,11200
2003-04-23,1541.9599609375,1569.78503417969,1540.06701660156,1568.13305664063,15600
2003-04-24,1503.58996582031,1542.10595703125,1492.90405273438,1538.57995605469,19600
2003-04-25,1487.14697265625,1513.33203125,1481.06799316406,1501.56896972656,12000
2003-04-28,1537.69104003906,1538.59399414063,1473.26599121094,1483.46594238281,23800
2003-04-29,1509.31298828125,1535.88000488281,1508.31994628906,1535.88000488281,18600
2003-04-30,1521.44396972656,1539.57299804688,1510.60095214844,1511.15405273438,18800
2003-05-12,1531.86694335938,1536.89294433594,1511.87097167969,1522.98095703125,15400
2003-05-13,1485.30700683594,1534.80297851563,1481.74499511719,1533.07995605469,22600
2003-05-14,1522.92395019531,1523.32397460938,1477.251953125,1480.11096191406,18200
2003-05-15,1555.28503417969,1555.55700683594,1516.42504882813,1524.4990234375,22800
2003-05-16,1554.45202636719,1560.72399902344,1543.1669921875,1555.90698242188,16000
2003-05-19,1555.44702148438,1563.10705566406,1546.751953125,1557.2939453125,13400
2003-05-20,1535.52001953125,1553.84497070313,1530.6669921875,1553.69104003906,11400
2003-05-21,1533.48303222656,1547.31396484375,1530.04602050781,1534.60095214844,9000
2003-05-22,1546.11303710938,1546.39294433594,1522.18701171875,1532.18505859375,9600
2003-05-23,1560.95495605469,1571.68896484375,1547.08898925781,1547.15502929688,18200
2003-05-26,1569.51196289063,1574.38598632813,1561.0400390625,1563.20495605469,15200
2003-05-27,1568.34094238281,1575.6259765625,1558.1259765625,1572.30798339844,14200
2003-05-28,1551.81103515625,1576.6240234375,1549.06201171875,1569.32800292969,15000
2003-05-29,1568.15600585938,1568.5419921875,1543.34094238281,1549.05200195313,14800
2003-05-30,1576.26098632813,1581.61206054688,1567.28002929688,1570.92004394531,16200
2003-06-02,1576.52795410156,1578.86804199219,1564.61096191406,1577.98706054688,11600
2003-06-03,1562.23706054688,1582.41198730469,1561.08203125,1577.07800292969,11200
2003-06-04,1574.11096191406,1574.76794433594,1546.62097167969,1560.6669921875,14200
2003-06-05,1556.2490234375,1575.63500976563,1555.44897460938,1575.30798339844,11800
2003-06-06,1538.92004394531,1557.76293945313,1538.09704589844,1553.19494628906,10600
2003-06-09,1530.21496582031,1548.14099121094,1527.8349609375,1536.27294921875,9800
2003-06-10,1538.76196289063,1541.38598632813,1529.51501464844,1529.53295898438,6800
2003-06-11,1565.83996582031,1566.90197753906,1540.70397949219,1540.71594238281,13200
2003-06-12,1562.10595703125,1569.1259765625,1556.52905273438,1566.92102050781,8200
2003-06-13,1566.76599121094,1572.41296386719,1560.30102539063,1562.60900878906,9600
2003-06-16,1559.70495605469,1569.54699707031,1555.37194824219,1568.18798828125,8000
2003-06-17,1557.17504882813,1564.94494628906,1552.43395996094,1559.12194824219,7200
2003-06-18,1553.876953125,1565.9169921875,1552.82897949219,1556.89404296875,8800
2003-06-19,1538.75402832031,1557.3759765625,1530.3759765625,1554.01599121094,10000
2003-06-20,1529.46997070313,1542.4169921875,1528.30102539063,1537.498046875,6600
2003-06-23,1511.36499023438,1524.90905761719,1509.43395996094,1524.57702636719,7400
2003-06-24,1512.42895507813,1515.84301757813,1504.72399902344,1509.10705566406,6400
2003-06-25,1502.07702636719,1515.92297363281,1498.9580078125,1512.48706054688,6800
2003-06-26,1515.375,1517.2080078125,1486.0810546875,1500.34301757813,9400
2003-06-27,1497.05395507813,1516.86596679688,1494.44494628906,1516.81396484375,7600
2003-06-30,1486.02404785156,1500.96899414063,1483.68603515625,1493.68994140625,5800
2003-07-01,1484.70397949219,1502.57104492188,1482.81994628906,1485.52099609375,6600
2003-07-02,1499.68200683594,1499.97094726563,1477.873046875,1485.44494628906,6800
2003-07-03,1504.43603515625,1507.7060546875,1497.74194335938,1501.90295410156,6600
2003-07-04,1502.34899902344,1510.17199707031,1497.46203613281,1504.59704589844,6400
2003-07-07,1501.48400878906,1503.81005859375,1490.96704101563,1500.85095214844,6000
2003-07-08,1512.01904296875,1513.55395507813,1500.97998046875,1501.62097167969,6600
2003-07-09,1503.31396484375,1513.27697753906,1499.33703613281,1512.33801269531,5400
2003-07-10,1531.92700195313,1532.19201660156,1501.708984375,1503.50903320313,13400
2003-07-11,1528.85400390625,1535.97497558594,1523.24401855469,1532.64099121094,8800
2003-07-14,1521.41394042969,1529.32897949219,1519.11901855469,1528.39294433594,6200
2003-07-15,1525.43896484375,1531.00402832031,1516.89294433594,1521.56396484375,7200
2003-07-16,1529.49096679688,1529.81701660156,1520.41198730469,1525.4990234375,7000
2003-07-17,1539.35803222656,1540.19396972656,1529.35595703125,1529.97204589844,12800
2003-07-18,1507.16198730469,1539.06103515625,1506.48706054688,1539.04895019531,11400
2003-07-21,1495.88500976563,1504.7080078125,1483.57299804688,1501.39001464844,10200
2003-07-22,1498.48498535156,1510.30798339844,1485.46398925781,1499.89294433594,8800
2003-07-23,1502.14794921875,1505.31201171875,1491.66394042969,1499.30700683594,6800
2003-07-24,1493.45104980469,1503.38098144531,1491.19897460938,1503.05798339844,6400
2003-07-25,1477.65100097656,1502.63903808594,1471.28601074219,1494.57800292969,14400
2003-07-28,1470.39294433594,1474.74304199219,1464.86596679688,1474.73596191406,6600
2003-07-29,1477.29602050781,1480.583984375,1469.93298339844,1470.39196777344,5400
2003-07-30,1479.65197753906,1483.06701660156,1468.82202148438,1477.41394042969,6600
2003-07-31,1476.74194335938,1482.59802246094,1474.14001464844,1480.01293945313,5600
2003-08-01,1476.96899414063,1478.35900878906,1464.97802734375,1476.46997070313,6200
2003-08-04,1494.36499023438,1494.416015625,1471.89001464844,1476.82397460938,7400
2003-08-05,1494.31201171875,1497.00805664063,1488.96704101563,1494.48596191406,5600
2003-08-06,1486.251953125,1493.38903808594,1482.68505859375,1493.02600097656,5600
2003-08-07,1487.36999511719,1497.10205078125,1485.06201171875,1485.74096679688,5400
2003-08-08,1471.27197265625,1487.40795898438,1468.43798828125,1487.166015625,7200
2003-08-11,1474.41296386719,1474.72302246094,1462.72399902344,1469.26196289063,4600
2003-08-12,1479.28295898438,1484.5849609375,1472.38793945313,1473.98706054688,4000
2003-08-13,1465.82702636719,1481.11499023438,1465.06005859375,1479.6689453125,4800
2003-08-14,1455.89904785156,1475.02197265625,1451.60803222656,1464.38098144531,7000
2003-08-15,1450.20300292969,1457.63305664063,1447.10998535156,1454.68395996094,6600
2003-08-18,1445.08898925781,1451.666015625,1442.48095703125,1449.66796875,5000
2003-08-19,1449.71203613281,1453.44604492188,1444.22998046875,1444.65905761719,4600
2003-08-20,1441.66394042969,1450.47094726563,1432.75305175781,1449.49597167969,5600
2003-08-21,1441.08996582031,1442.85803222656,1434.31298828125,1441.77600097656,5800
2003-08-22,1438.88305664063,1446.27600097656,1436.90197753906,1438.78601074219,5200
2003-08-25,1422.17602539063,1434.21203613281,1419.26293945313,1434.21203613281,5600
2003-08-26,1425.21203613281,1428.41296386719,1417.83203125,1420.85400390625,5000
2003-08-27,1425.36206054688,1432.34997558594,1420.35400390625,1425.14501953125,4400
2003-08-28,1415.69299316406,1428.34594726563,1414.87902832031,1425.73400878906,4800
2003-08-29,1421.98303222656,1422.35095214844,1406.68103027344,1414.41394042969,5800
2003-09-01,1449.81604003906,1450.041015625,1420.123046875,1423.35302734375,9000
2003-09-02,1446.51196289063,1456.55297851563,1442.00903320313,1450.50598144531,9000
2003-09-03,1447.84997558594,1451.22497558594,1438.69299316406,1446.27795410156,7400
2003-09-04,1447.42504882813,1453.42895507813,1443.38305664063,1447.76501464844,7200
2003-09-05,1431.53295898438,1446.97497558594,1424.16796875,1446.93701171875,8000
2003-09-08,1425.72705078125,1429.56005859375,1421.14099121094,1429.46301269531,6000
2003-09-09,1420.07397460938,1429.71105957031,1414.88195800781,1424.69299316406,6200
2003-09-10,1423.17700195313,1424.77404785156,1415.72302246094,1419.51904296875,5000
2003-09-11,1423.9599609375,1429.55505371094,1421.82104492188,1422.90002441406,4400
2003-09-12,1409.16198730469,1426.80603027344,1407.95202636719,1426.33996582031,10065200
2003-09-15,1397.5400390625,1416.07604980469,1394.26904296875,1407.80700683594,7000
2003-09-16,1406.10400390625,1406.72302246094,1389.48596191406,1396.75305175781,6600
2003-09-17,1389.82202148438,1406.36694335938,1386.78100585938,1406.248046875,6000
2003-09-18,1390.48498535156,1395.20104980469,1383.40002441406,1388.09204101563,5800
2003-09-19,1391.36999511719,1395.60302734375,1383.71704101563,1390.83996582031,5400
2003-09-22,1381.44299316406,1395.06896972656,1378.32299804688,1392.89697265625,4800
2003-09-23,1390.17395019531,1390.35095214844,1372.85400390625,1380.84899902344,6000
2003-09-24,1394.22900390625,1396.94494628906,1386.78796386719,1391.40405273438,6000
2003-09-25,1376.291015625,1394.73706054688,1374.791015625,1394.49401855469,4800
2003-09-26,1370.84301757813,1377.87097167969,1367.74597167969,1374.60205078125,4600
2003-09-29,1355.3349609375,1369.47705078125,1353.24499511719,1369.43701171875,4800
2003-09-30,1367.16101074219,1371.07299804688,1348.22204589844,1354.64794921875,6000
2003-10-08,1371.68505859375,1373.0810546875,1359.49694824219,1366.20104980469,4400
2003-10-09,1369.17395019531,1379.98999023438,1367.65002441406,1371.68103027344,5600
2003-10-10,1404.00805664063,1406.001953125,1367.10900878906,1369.00402832031,12600
2003-10-13,1399.65795898438,1411.88000488281,1397.69299316406,1405.32897949219,8400
2003-10-14,1388.17199707031,1400.74694824219,1382.48095703125,1399.84301757813,6400
2003-10-15,1383.09802246094,1401.53698730469,1380.80798339844,1388.24499511719,6800
2003-10-16,1365.50500488281,1382.53198242188,1362.98303222656,1381.4599609375,5800
2003-10-17,1370.58203125,1375.65600585938,1362.4150390625,1365.31298828125,5200
2003-10-20,1359.498046875,1370.48706054688,1355.55200195313,1369.71105957031,5400
2003-10-21,1364.30102539063,1364.60498046875,1350.2080078125,1359.51000976563,7000
2003-10-22,1398.01000976563,1403.10095214844,1363.09204101563,1366.10498046875,15000
2003-10-23,1386.65295410156,1407.39001464844,1384.63903808594,1398.58703613281,10000
2003-10-24,1381.82995605469,1389.875,1376.71398925781,1385.89794921875,8800
2003-10-27,1369.46301269531,1383.59704589844,1361.19104003906,1381.83605957031,8000
2003-10-28,1369.32495117188,1382.59704589844,1356.48803710938,1365.998046875,10200
2003-10-29,1361.48706054688,1375.91003417969,1344.42297363281,1372.34594726563,13200
2003-10-30,1344.63305664063,1360.06799316406,1340.2919921875,1360.01794433594,8800
2003-10-31,1348.30297851563,1364.66296386719,1334.78405761719,1341.50402832031,10000
2003-11-03,1364.05505371094,1367.33605957031,1339.9580078125,1346.48095703125,10600
2003-11-04,1389.54504394531,1412.91003417969,1363.90100097656,1363.95703125,23800
2003-11-05,1385.10998535156,1396.85998535156,1375.99194335938,1389.71997070313,14600
2003-11-06,1356.7900390625,1385.84399414063,1351.09497070313,1384.67004394531,16600
2003-11-07,1335.20495605469,1353.45397949219,1323.11804199219,1353.43005371094,14400
2003-11-10,1340.09704589844,1340.86694335938,1322.04797363281,1330.95703125,8400
2003-11-11,1343.61596679688,1350.38696289063,1331.11694335938,1340.31994628906,9000
2003-11-12,1317.7919921875,1341.57800292969,1316.84704589844,1341.56896972656,9600
2003-11-13,1319.60803222656,1324.98303222656,1307.39501953125,1313.92895507813,8400
2003-11-14,1331.05102539063,1331.42102050781,1312.78796386719,1318.72204589844,7600
2003-11-17,1328.10302734375,1333.41394042969,1323.68200683594,1330.48706054688,5800
2003-11-18,1316.56201171875,1336.09899902344,1314.98706054688,1334.65405273438,14800
2003-11-19,1338.86999511719,1341.56298828125,1312.56201171875,1313.83605957031,10200
2003-11-20,1376.50598144531,1377.11804199219,1336.14001464844,1338.60400390625,20400
2003-11-21,1361.55895996094,1394.56799316406,1359.90197753906,1379.93701171875,20000
2003-11-24,1404.00805664063,1404.24694824219,1360.23095703125,1360.32800292969,18400
2003-11-25,1408.4150390625,1423.58203125,1400.89904785156,1407.75500488281,25200
2003-11-26,1411.90905761719,1413.76904296875,1398.03198242188,1407.30200195313,16600
2003-11-27,1389.10302734375,1415.73999023438,1387.78698730469,1412.30798339844,15000
2003-11-28,1397.22497558594,1401.46301269531,1385.81799316406,1388.31201171875,12000
2003-12-01,1432.70300292969,1432.82104492188,1398.7060546875,1398.7060546875,18200
2003-12-02,1435.31396484375,1444.56494140625,1430.23706054688,1437.23999023438,19400
2003-12-03,1445.02600097656,1462.07299804688,1424.34899902344,1434.69702148438,21400
2003-12-04,1452.80895996094,1454.32299804688,1440.81994628906,1445.40002441406,18200
2003-12-05,1451.11804199219,1456.86596679688,1440.78894042969,1454.41296386719,15000
2003-12-08,1436.66296386719,1459.47998046875,1435.13903808594,1452.11303710938,13200
2003-12-09,1443.36596679688,1443.60998535156,1429.06396484375,1435.09899902344,11000
2003-12-10,1469.42199707031,1469.71301269531,1448.49694824219,1449.56701660156,20000
2003-12-11,1470.02294921875,1475.376953125,1460.19299316406,1472.38500976563,18400
2003-12-12,1470.7919921875,1472.86401367188,1459.54895019531,1469.70202636719,14800
2003-12-15,1470.35705566406,1474.67102050781,1465.50500488281,1471.24401855469,11000
2003-12-16,1466.33703613281,1469.126953125,1441.06298828125,1469.11901855469,16000
2003-12-17,1453.99499511719,1480.43298339844,1453.88098144531,1465.60595703125,16800
2003-12-18,1457.30102539063,1458.67102050781,1445.07995605469,1450.85400390625,14000
2003-12-19,1446.28503417969,1470.2060546875,1429.7099609375,1463.44799804688,23600
2003-12-22,1492.96301269531,1493.53503417969,1441.5849609375,1444.17297363281,26400
2003-12-23,1500.64001464844,1507.03503417969,1487.11499023438,1497.57202148438,24400
2003-12-24,1513.82495117188,1514.31701660156,1498.97998046875,1501.35498046875,20400
2003-12-25,1512.59704589844,1525.29895019531,1504.251953125,1514.92895507813,20600
2003-12-26,1514.77502441406,1516.48303222656,1504.13305664063,1513.11303710938,15800
2003-12-29,1496.42700195313,1512.97497558594,1495.53503417969,1509.28100585938,14000
2003-12-30,1511.69104003906,1513.72802734375,1495.39099121094,1495.6689453125,15200
2003-12-31,1497.0439453125,1516.52294921875,1491.248046875,1513.61596679688,14600
2004-01-02,1517.19299316406,1526.24401855469,1491.69396972656,1492.72399902344,16600
2004-01-05,1568.35302734375,1568.81494140625,1516.69702148438,1516.79699707031,28600
2004-01-06,1574.52294921875,1589.0830078125,1557.92700195313,1568.89904785156,32600
2004-01-07,1587.20397949219,1594.99694824219,1565.08703613281,1574.10205078125,30600
2004-01-08,1610.1259765625,1616.57604980469,1582.88000488281,1587.45104980469,28400
2004-01-09,1581.46594238281,1618.76403808594,1579.68603515625,1612.39001464844,32000
2004-01-12,1618.51794433594,1619.09399414063,1573.77001953125,1579.875,23000
2004-01-13,1612.68298339844,1627.48596191406,1596.71801757813,1622.04699707031,26000
2004-01-14,1592.42297363281,1613.15295410156,1585.90600585938,1612.916015625,20600
2004-01-15,1586.49304199219,1601.41394042969,1582.35705566406,1591.81799316406,18800
2004-01-16,1600.42504882813,1604.75598144531,1579.24096679688,1589.376953125,20600
2004-01-29,1628.83703613281,1629.17797851563,1603.31396484375,1605.24694824219,18400
2004-01-30,1590.72900390625,1634.41296386719,1589.40100097656,1631.10998535156,24000
2004-02-02,1623.88000488281,1650.291015625,1585.9580078125,1630.65405273438,34600
2004-02-03,1649.28198242188,1650.23596191406,1615.81298828125,1625.28796386719,26600
2004-02-04,1685.15905761719,1685.76501464844,1652.61303710938,1652.61401367188,32600
2004-02-05,1693.42797851563,1693.90002441406,1674.623046875,1690.93798828125,32600
2004-02-06,1679.19299316406,1705.90795898438,1671.39599609375,1690.55895996094,32600
2004-02-09,1703.52905273438,1703.77197265625,1679.09594726563,1679.5810546875,26200
2004-02-10,1691.00903320313,1715.46398925781,1683.59594726563,1708.89599609375,27400
2004-02-11,1677.75903320313,1692.90197753906,1660.00903320313,1691.60803222656,26600
2004-02-12,1663.83203125,1693.01293945313,1660.31298828125,1679.0810546875,27200
2004-02-13,1658.53894042969,1672.43896484375,1653.23999023438,1664.60302734375,22600
2004-02-16,1696.82702636719,1697.26000976563,1661.45202636719,1661.45202636719,23000
2004-02-17,1703.77404785156,1710.85705566406,1693.96496582031,1701.40905761719,29800
2004-02-18,1717.09594726563,1719.88793945313,1697.31701660156,1704.74499511719,29200
2004-02-19,1717.01501464844,1728.02197265625,1710.71301269531,1719.30895996094,27400
2004-02-20,1721.751953125,1722.57397460938,1702.92895507813,1715.80603027344,23400
2004-02-23,1681.65405273438,1730.27905273438,1680.89294433594,1725.59399414063,28600
2004-02-24,1682.29699707031,1683.04296875,1650.17700195313,1675.63500976563,27000
2004-02-25,1647.38098144531,1700.498046875,1642.69104003906,1684.90197753906,24600
2004-02-26,1654.89794921875,1655.29504394531,1628.83996582031,1642.40905761719,23200
2004-02-27,1675.06701660156,1675.32299804688,1657.03894042969,1657.26196289063,19800
2004-03-01,1689.76000976563,1690.06994628906,1661.33898925781,1676.22204589844,20000
2004-03-02,1687.27795410156,1694.81494140625,1677.97900390625,1692.61596679688,20600
2004-03-03,1661.81201171875,1688.93505859375,1654.56396484375,1686.96398925781,19200
2004-03-04,1668.8740234375,1670.15600585938,1642.625,1658.63403320313,17800
2004-03-05,1662.09594726563,1675.02600097656,1660.21301269531,1671.06103515625,16000
2004-03-08,1637.14404296875,1665.72802734375,1635.43798828125,1660.64196777344,15600
2004-03-09,1637.09899902344,1659.64697265625,1634.7099609375,1636.2060546875,16200
2004-03-10,1678.07299804688,1678.40295410156,1639.68005371094,1639.68005371094,16600
2004-03-11,1691.64294433594,1698.78100585938,1672.66796875,1680.31298828125,18600
2004-03-12,1694.74304199219,1699.2490234375,1680.45202636719,1692.86999511719,16000
2004-03-15,1736.21997070313,1738.98400878906,1696.82397460938,1696.94201660156,25200
2004-03-16,1745.54296875,1747.98095703125,1730.73498535156,1741.623046875,22200
2004-03-17,1745.09802246094,1750.71301269531,1730.26599121094,1746.73999023438,19000
2004-03-18,1717.26000976563,1755.10095214844,1714.90002441406,1746.17602539063,21000
2004-03-19,1747.87194824219,1748.18701171875,1710.83605957031,1715.47302246094,17800
2004-03-22,1755.68505859375,1760.07604980469,1742.37194824219,1749.708984375,17600
2004-03-23,1741.69494628906,1755.33203125,1731.48901367188,1755.32104492188,18400
2004-03-24,1740.05395507813,1752.41796875,1729.51098632813,1740.89001464844,17800
2004-03-25,1736.47705078125,1751.81298828125,1725.98400878906,1737.48803710938,16200
2004-03-26,1734.04699707031,1741.56494140625,1720.8759765625,1737.05798339844,16400
2004-03-29,1719.67395019531,1740.30505371094,1717.86401367188,1734.58996582031,16400
2004-03-30,1724.27697753906,1727.17797851563,1711.66394042969,1718.78295898438,13800
2004-03-31,1741.623046875,1745.70300292969,1724.2099609375,1726.56896972656,16200
2004-04-01,1758.14697265625,1758.98205566406,1741.32995605469,1744.708984375,18000
2004-04-02,1768.64501953125,1771.67199707031,1756.65295410156,1760.46704101563,21200
2004-04-05,1766.48303222656,1774.11999511719,1753.71301269531,1771.73706054688,23800
2004-04-06,1777.51599121094,1777.74401855469,1754.74096679688,1767.32202148438,23000
2004-04-07,1774.55200195313,1783.00695800781,1771.13000488281,1779.42700195313,22400
2004-04-08,1770.27905273438,1778.09497070313,1765.02197265625,1774.39794921875,22400
2004-04-09,1727.34802246094,1778.21997070313,1721.58996582031,1770.91101074219,24400
2004-04-12,1722.98596191406,1729.62194824219,1702.40002441406,1717.20300292969,18400
2004-04-13,1715.13598632813,1734.91796875,1710.39099121094,1724.57800292969,19200
2004-04-14,1697.15600585938,1716.81994628906,1678.33605957031,1714.52600097656,19600
2004-04-15,1679.07604980469,1705.01696777344,1674.91101074219,1697.24401855469,15200
2004-04-16,1693.86096191406,1694.55700683594,1656.30200195313,1678.97204589844,17600
2004-04-19,1675.88500976563,1698.69104003906,1672.35400390625,1695.3330078125,13800
2004-04-20,1669.42199707031,1682.05004882813,1659.94604492188,1674.36303710938,12800
2004-04-21,1651.57702636719,1675.35998535156,1645.07800292969,1669.38195800781,15200
2004-04-22,1657.78503417969,1659.791015625,1637.2900390625,1649.05102539063,12600
2004-04-23,1635.5009765625,1653.98999023438,1632.55895996094,1653.94396972656,12200
2004-04-26,1635.4990234375,1644.501953125,1623.04895019531,1633.26904296875,10200
2004-04-27,1611.85998535156,1640.69494628906,1608.81103515625,1636.43798828125,12800
2004-04-28,1606.80102539063,1615.14294433594,1589.09997558594,1606.42102050781,12600
2004-04-29,1579.44702148438,1613.55505371094,1578.09399414063,1605.30200195313,13400
2004-04-30,1595.58703613281,1599.56103515625,1572.22998046875,1579.96594238281,12400
2004-05-10,1560.21496582031,1603.07397460938,1555.26000976563,1600.6259765625,8200
2004-05-11,1568.05895996094,1570.76098632813,1545.63098144531,1556.71704101563,7800
2004-05-12,1603.76794433594,1604.42395019531,1564.13903808594,1568.40905761719,11000
2004-05-13,1597.56994628906,1606.07202148438,1589.4580078125,1605.70397949219,8800
2004-05-14,1562.68798828125,1597.31896972656,1558.53796386719,1596.73400878906,9400
2004-05-17,1539.958984375,1562.39196777344,1537.46594238281,1556.67297363281,8400
2004-05-18,1555.44201660156,1555.85900878906,1526.23803710938,1537.33801269531,12000
2004-05-19,1558.28698730469,1575.37805175781,1548.16101074219,1559.26196289063,12400
2004-05-20,1549.06103515625,1571.30297851563,1542.21899414063,1556.68505859375,9200
2004-05-21,1558.32995605469,1559.85900878906,1545.61901855469,1548.56298828125,8400
2004-05-24,1550.34802246094,1562.33203125,1547.35900878906,1559.55200195313,7400
2004-05-25,1518.04504394531,1549.58801269531,1516.34497070313,1549.02099609375,9200
2004-05-26,1524.43603515625,1529.91394042969,1508.64501953125,1515.15600585938,7400
2004-05-27,1557.17797851563,1559.55102539063,1515.97302246094,1524.94299316406,12200
2004-05-28,1548.72204589844,1561.00402832031,1545.64794921875,1558.416015625,8600
2004-05-31,1555.90600585938,1556.48303222656,1544.71301269531,1549.03100585938,3600
2004-06-01,1579.65795898438,1579.81994628906,1553.11804199219,1555.56201171875,13000
2004-06-02,1567.06701660156,1580.56994628906,1562.23901367188,1580.208984375,13600
2004-06-03,1543.52697753906,1566.82800292969,1540.74096679688,1566.42102050781,11200
2004-06-04,1542.08605957031,1549.49597167969,1534.99194335938,1541.09301757813,10400
2004-06-07,1517.14501953125,1538.4990234375,1508.8740234375,1538.46301269531,9200
2004-06-08,1493.81396484375,1519.99096679688,1488.63000488281,1514.78295898438,10000
2004-06-09,1468.07104492188,1497.18200683594,1464.16003417969,1492.19897460938,11400
2004-06-10,1468.34399414063,1478.1669921875,1456.32104492188,1465.55603027344,10200
2004-06-11,1472.07202148438,1499.458984375,1469.53601074219,1471.68896484375,10400
2004-06-14,1438.73596191406,1471.44604492188,1431.31396484375,1471.44604492188,10400
2004-06-15,1463.77697753906,1469.57104492188,1433.03295898438,1436.08203125,10000
2004-06-16,1475.416015625,1491.68603515625,1452.57800292969,1465.22705078125,10800
2004-06-17,1445.5009765625,1478.48901367188,1443.53405761719,1475.27294921875,9200
2004-06-18,1427.30102539063,1442.47998046875,1411.03100585938,1442.47595214844,10000
2004-06-21,1433.46704101563,1434.20397949219,1414.96899414063,1421.82800292969,7600
2004-06-22,1450.68298339844,1456.13000488281,1430.96301269531,1434.416015625,10600
2004-06-23,1440.72900390625,1450.10900878906,1428.79699707031,1450.06896972656,8200
2004-06-24,1427.75402832031,1447.39404296875,1426.49194335938,1438.31103515625,9200
2004-06-25,1401.11303710938,1434.47302246094,1399.39099121094,1426.55395507813,9400
2004-06-28,1385.18103027344,1397.52197265625,1380.19702148438,1396.36096191406,8000
2004-06-29,1408.68896484375,1409.3759765625,1376.21801757813,1384.64294433594,10200
2004-06-30,1399.16198730469,1415.84399414063,1394.67602539063,1408.27197265625,8200
2004-07-01,1441.06799316406,1445.10205078125,1396.34704589844,1398.19799804688,13800
2004-07-02,1441.18994140625,1447.61206054688,1428.07397460938,1441.12097167969,10600
2004-07-05,1444.58996582031,1444.93200683594,1429.11999511719,1440.17004394531,8200
2004-07-06,1450.5009765625,1466.78405761719,1445.31604003906,1445.39794921875,12000
2004-07-07,1438.39794921875,1448.9560546875,1434.29296875,1448.94995117188,7800
2004-07-08,1439.78295898438,1440.63793945313,1426.94799804688,1436.47302246094,7000
2004-07-09,1430.65405273438,1451.751953125,1429.13903808594,1439.73498535156,7200
2004-07-12,1397.14794921875,1426.2509765625,1393.80700683594,1426.2509765625,8400
2004-07-13,1399.46105957031,1403.14099121094,1389.15905761719,1395.35302734375,7000
2004-07-14,1403.75500488281,1408.98706054688,1378.91198730469,1399.86499023438,10200
2004-07-15,1421.5439453125,1422.25598144531,1399.98400878906,1404.47094726563,12400
2004-07-16,1456.13000488281,1458.38500976563,1422.23999023438,1423.68701171875,22000
2004-07-19,1457.53698730469,1465.83996582031,1447.05004882813,1456.77099609375,12800
2004-07-20,1447.94104003906,1457.291015625,1440.05603027344,1457.22705078125,12200
2004-07-21,1448.03698730469,1452.85803222656,1436.84704589844,1446.51696777344,9400
2004-07-22,1407.43798828125,1449.68603515625,1404.5419921875,1448.12805175781,12800
2004-07-23,1407.39599609375,1408.45703125,1387.26196289063,1403.35998535156,10400
2004-07-26,1387.67004394531,1401.88098144531,1381.90502929688,1401.84301757813,8000
2004-07-27,1384.12805175781,1395.31103515625,1373.42199707031,1386.99499511719,9000
2004-07-28,1388.81005859375,1397.1669921875,1366.50305175781,1385.50402832031,9800
2004-07-29,1407.3310546875,1407.35595703125,1385.96203613281,1388.61694335938,11000
2004-07-30,1386.20202636719,1409.11901855469,1384.73803710938,1408.48901367188,9000
2004-08-02,1373.21704101563,1383.07702636719,1370.4990234375,1381.876953125,7000
2004-08-03,1366.3740234375,1378.19604492188,1363.69299316406,1371.27502441406,7600
2004-08-04,1404.50500488281,1424.55297851563,1364.00903320313,1365.6650390625,17100
2004-08-05,1389.03894042969,1413.08203125,1387.54602050781,1402.3740234375,10800
2004-08-06,1390.46105957031,1400.95397949219,1380.31494140625,1388.07299804688,9000
2004-08-09,1395.84802246094,1397.58996582031,1382.94299316406,1388.083984375,8000
2004-08-10,1400.76904296875,1404.72204589844,1390.94299316406,1396.623046875,6800
2004-08-11,1384.96398925781,1401.2509765625,1382.24401855469,1401.02099609375,7600
2004-08-12,1368.19604492188,1378.7939453125,1357.07897949219,1378.7939453125,8200
2004-08-13,1368.44995117188,1377.81604003906,1358.31494140625,1361.98498535156,8200
2004-08-16,1354.51098632813,1369.86596679688,1350.83898925781,1366.51599121094,7400
2004-08-17,1360.19995117188,1364.40905761719,1344.81298828125,1354.38195800781,7000
2004-08-18,1358.21594238281,1371.23400878906,1357.02697753906,1359.87097167969,7400
2004-08-19,1340.44995117188,1357.26794433594,1333.47900390625,1357.23095703125,8000
2004-08-20,1341.73803710938,1349.47497558594,1327.76904296875,1338.30700683594,8000
2004-08-23,1325.41296386719,1339.93603515625,1322.97900390625,1339.93298339844,6200
2004-08-24,1344.6259765625,1347.15100097656,1317.55603027344,1323.791015625,9400
2004-08-25,1339.78405761719,1346.96704101563,1334.2919921875,1344.46203613281,6600
2004-08-26,1334.42199707031,1340.94799804688,1330.22302246094,1339.61596679688,5800
2004-08-27,1320.61401367188,1337.72998046875,1314.59997558594,1333.30700683594,6800
2004-08-30,1319.53295898438,1322.23205566406,1310.02404785156,1318.31799316406,6000
2004-08-31,1342.06201171875,1360.75402832031,1331.76196289063,1342.30200195313,11700
2004-09-01,1321.46203613281,1340.77099609375,1319.86206054688,1340.75,6200
2004-09-02,1327.92700195313,1328.60705566406,1303.18798828125,1319.07104492188,8600
2004-09-03,1327.11596679688,1333.21899414063,1319.82495117188,1327.80700683594,7400
2004-09-06,1321.46496582031,1326.873046875,1315.9580078125,1326.458984375,5800
2004-09-07,1324.2939453125,1325.68298339844,1312.31201171875,1321.2080078125,5600
2004-09-08,1309.3330078125,1323.25903320313,1302.11303710938,1322.83996582031,8200
2004-09-09,1284.30700683594,1307.47204589844,1281.7490234375,1307.46801757813,8000
2004-09-10,1287.0810546875,1287.74694824219,1270.93701171875,1281.5830078125,6200
2004-09-13,1260.31604003906,1285.31896972656,1259.43200683594,1285.31896972656,6800
2004-09-14,1300.35705566406,1305.73400878906,1266.23205566406,1266.23205566406,12600
2004-09-15,1355.22595214844,1374.03601074219,1301.3759765625,1303.28796386719,29400
2004-09-16,1371.20104980469,1377.98999023438,1354.19995117188,1364.25,23000
2004-09-17,1414.70202636719,1415.64001464844,1368.54296875,1373.4990234375,31000
2004-09-20,1463.22094726563,1463.79296875,1422.89904785156,1423.97204589844,41800
2004-09-21,1448.56201171875,1467.54296875,1436.51000976563,1466.20300292969,34800
2004-09-22,1420.14794921875,1451.41296386719,1414.70104980469,1444.25402832031,30200
2004-09-23,1464.77905273438,1464.97595214844,1408.60998535156,1417.39099121094,22400
2004-09-24,1435.56298828125,1496.21398925781,1434.31005859375,1475.09094238281,40800
2004-09-27,1427.39794921875,1466.40197753906,1419.31298828125,1452.50805664063,19800
2004-09-28,1435.58898925781,1438.04797363281,1416.60302734375,1430.22094726563,14200
2004-09-29,1420.00903320313,1438.97705078125,1417.82897949219,1436.7060546875,13200
2004-09-30,1396.69995117188,1420.05200195313,1390.68395996094,1418.10803222656,13000
2004-10-08,1422.92895507813,1423.20397949219,1373.92797851563,1395.6689453125,13800
2004-10-11,1413.15405273438,1437.57202148438,1409.22302246094,1424.22497558594,23200
2004-10-12,1384.43896484375,1410.60998535156,1380.69201660156,1410.60998535156,17000
2004-10-13,1386.72094726563,1393.65197753906,1372.06298828125,1382.35595703125,14200
2004-10-14,1332.93798828125,1387.36206054688,1331.13098144531,1386.85803222656,17200
2004-10-15,1330.51794433594,1340.11596679688,1312.55004882813,1328.47204589844,13600
2004-10-18,1335.39404296875,1341.78295898438,1316.32299804688,1332.52099609375,10200
2004-10-19,1337.61804199219,1361.81396484375,1334.46496582031,1339.06396484375,13000
2004-10-20,1330.583984375,1337.71496582031,1311.876953125,1337.71398925781,11800
2004-10-21,1310.54504394531,1340.96301269531,1304.5439453125,1331.21997070313,16400
2004-10-22,1329.35498046875,1330.56005859375,1294.041015625,1310.85400390625,18000
2004-10-25,1311.15100097656,1346.88098144531,1308.89196777344,1337.25402832031,17600
2004-10-26,1324.78295898438,1325.20202636719,1289.873046875,1309.62194824219,17000
2004-10-27,1342.79895019531,1343.02905273438,1314.86694335938,1326.9169921875,20800
2004-10-28,1341.73706054688,1356.63098144531,1336.75,1340.81494140625,19600
2004-10-29,1320.53601074219,1337.27600097656,1304.06701660156,1316.59899902344,18000
2004-11-01,1305.291015625,1323.10095214844,1304.2939453125,1317.65795898438,12000
2004-11-02,1301.52795410156,1306.27795410156,1290.98803710938,1303.87805175781,11000
2004-11-03,1326.7490234375,1327.5,1301.32397460938,1304.57495117188,13200
2004-11-04,1304.77600097656,1338.26403808594,1301.36303710938,1328.11499023438,14000
2004-11-05,1305.12805175781,1315.94104003906,1298.70703125,1308.65405273438,10000
2004-11-08,1304.22900390625,1307.61901855469,1292.90905761719,1303.52197265625,7400
2004-11-09,1307.42895507813,1313.15100097656,1299.94201660156,1304.37097167969,7200
2004-11-10,1354.38598632813,1360.71301269531,1302.70397949219,1310.31896972656,23400
2004-11-11,1347.06994628906,1379.85998535156,1346.02905273438,1358.64697265625,27400
2004-11-12,1352.21704101563,1360.32897949219,1341.1240234375,1346.84301757813,15800
2004-11-15,1370.04602050781,1370.61596679688,1354.47802734375,1354.47802734375,14200
2004-11-16,1370.38903808594,1376.18896484375,1361.27905273438,1372.57604980469,14200
2004-11-17,1356.13793945313,1370.7919921875,1350.52099609375,1370.69799804688,12200
2004-11-18,1367.82800292969,1368.06103515625,1352.88598632813,1353.498046875,11600
2004-11-19,1379.9599609375,1380.07604980469,1365.24096679688,1369.80603027344,14200
2004-11-22,1383.02001953125,1387.34204101563,1374.40600585938,1381.57897949219,16600
2004-11-23,1371.24401855469,1383.78698730469,1368.14294433594,1383.52502441406,16400
2004-11-24,1359.125,1380.76599121094,1358.45202636719,1371.32299804688,16400
2004-11-25,1358.3330078125,1362.15905761719,1348.40600585938,1358.40795898438,13400
2004-11-26,1356.72705078125,1362.49401855469,1354.79504394531,1357.53601074219,10400
2004-11-29,1337.43395996094,1354.57495117188,1335.60803222656,1354.57495117188,10000
2004-11-30,1340.77099609375,1341.48205566406,1332.28796386719,1335.998046875,9200
2004-12-01,1334.94396972656,1342.54602050781,1332.96704101563,1340.916015625,9600
2004-12-02,1333.08996582031,1334.05798339844,1324.55297851563,1333.57299804688,12800
2004-12-03,1337.19702148438,1343.71105957031,1332.85595703125,1333.00903320313,13600
2004-12-06,1339.64404296875,1342.8310546875,1327.38305664063,1337.80700683594,10600
2004-12-07,1323.751953125,1340.87902832031,1322.81799316406,1339.81799316406,10200
2004-12-08,1326.43798828125,1337.86999511719,1322.05102539063,1331.27697753906,8600
2004-12-09,1338.81005859375,1352.45495605469,1318.46801757813,1326.74401855469,15200
2004-12-10,1317.71704101563,1340.36499023438,1316.64294433594,1336.62805175781,11000
2004-12-13,1309.69494628906,1314.40002441406,1299.80395507813,1312.60498046875,8600
2004-12-14,1307.55297851563,1315.89404296875,1303.14904785156,1309.06604003906,8000
2004-12-15,1313.04504394531,1317.81604003906,1291.85498046875,1307.33996582031,11400
2004-12-16,1305.01794433594,1317.61694335938,1302.48498535156,1311.02697753906,9000
2004-12-17,1290.48999023438,1303.93994140625,1288.23706054688,1303.93994140625,7600
2004-12-20,1275.458984375,1286.06604003906,1272.14599609375,1286.06604003906,8000
2004-12-21,1275.17004394531,1285.70495605469,1271.03002929688,1275.08703613281,7000
2004-12-22,1307.56994628906,1307.72595214844,1275.06298828125,1277.18298339844,13400
2004-12-23,1282.71899414063,1308.58898925781,1280.71801757813,1308.57604980469,8400
2004-12-24,1285.03601074219,1290.65698242188,1280.38000488281,1281.31799316406,7200
2004-12-27,1280.27197265625,1292.31298828125,1276.72998046875,1285.41003417969,7200
2004-12-28,1278.94299316406,1283.63098144531,1271.91003417969,1280.93103027344,7800
2004-12-29,1274.31298828125,1285.54895019531,1270.88696289063,1278.68798828125,8800
2004-12-30,1273.708984375,1280.57104492188,1264.15197753906,1273.15405273438,8800
2004-12-31,1266.49597167969,1280.82702636719,1264.48596191406,1275.38598632813,8400
2005-01-04,1242.77404785156,1260.78198242188,1238.17895507813,1260.78198242188,8200
2005-01-05,1251.93701171875,1258.57995605469,1235.74597167969,1241.68200683594,8600
2005-01-06,1239.43005371094,1252.73498535156,1234.23596191406,1252.49304199219,8000
2005-01-07,1244.74597167969,1256.31298828125,1235.50805664063,1239.32299804688,9000
2005-01-10,1252.40100097656,1252.72302246094,1236.08898925781,1243.57604980469,7200
2005-01-11,1257.46203613281,1260.87097167969,1247.8349609375,1252.71105957031,7800
2005-01-12,1256.92297363281,1257.19299316406,1246.42199707031,1257.17004394531,6800
2005-01-13,1256.31396484375,1259.4990234375,1251.01599121094,1255.71801757813,8800
2005-01-14,1245.61999511719,1268.85595703125,1243.873046875,1255.87097167969,9800
2005-01-17,1216.65197753906,1236.39697265625,1214.06494140625,1235.57397460938,10000
2005-01-18,1225.45397949219,1226.04296875,1207.05200195313,1215.77600097656,10200
2005-01-19,1218.10803222656,1225.07495117188,1214.63500976563,1225.07495117188,9400
2005-01-20,1204.39404296875,1213.9599609375,1199.1669921875,1213.36804199219,10400
2005-01-21,1234.47595214844,1237.90905761719,1189.21105957031,1201.93298339844,17000
2005-01-24,1255.77697753906,1265.94897460938,1239.80004882813,1258.02404785156,18000
2005-01-25,1254.23400878906,1254.86596679688,1239.16394042969,1252.35400390625,11800
2005-01-26,1241.9580078125,1254.23205566406,1240.13098144531,1252.37194824219,9600
2005-01-27,1225.89099121094,1241.13696289063,1223.876953125,1239.57897949219,9400
2005-01-28,1213.67297363281,1226.30395507813,1208.85705566406,1223.72705078125,8200
2005-01-31,1191.82299804688,1210.75500488281,1190.17297363281,1210.75500488281,9000
2005-02-01,1188.93103027344,1203.06604003906,1187.26000976563,1189.5009765625,9400
2005-02-02,1252.5,1253.15905761719,1189.501953125,1189.501953125,19000
2005-02-03,1242.30700683594,1269.15502929688,1236.17895507813,1253.81298828125,20400
2005-02-04,1269.00402832031,1274.11499023438,1235.64001464844,1238.60900878906,17000
2005-02-16,1278.88000488281,1291.46496582031,1270.31799316406,1276.01501464844,14400
2005-02-17,1276.13403320313,1280.02795410156,1263.71105957031,1280.02795410156,11200
2005-02-18,1258.96899414063,1278.6240234375,1258.56103515625,1275.66394042969,10600
2005-02-21,1284.47998046875,1284.93701171875,1259.50903320313,1259.52795410156,12600
2005-02-22,1309.27697753906,1312.53295898438,1282.78295898438,1285.62902832031,22600
2005-02-23,1309.47497558594,1316.58801269531,1299.14599609375,1309.6240234375,24200
2005-02-24,1309.94897460938,1310.96704101563,1296.97900390625,1307.03601074219,20200
2005-02-25,1312.44494628906,1328.53295898438,1311.20495605469,1311.36694335938,24000
2005-02-28,1306.00305175781,1315.13696289063,1298.92797851563,1311.43896484375,17600
2005-03-01,1303.41198730469,1308.75805664063,1295.64196777344,1305.2490234375,14000
2005-03-02,1287.44995117188,1316.72302246094,1285.916015625,1303.31005859375,18600
2005-03-03,1294.33898925781,1295.25305175781,1276.88000488281,1285.19702148438,12800
2005-03-04,1287.71398925781,1299.59594726563,1286.48095703125,1294.15600585938,11000
2005-03-07,1293.73901367188,1296.88000488281,1287.73999023438,1288.40795898438,10800
2005-03-08,1318.27099609375,1318.89501953125,1296.90795898438,1298.25,18000
2005-03-09,1316.791015625,1326.07604980469,1310.23498535156,1321.2080078125,20600
2005-03-10,1286.23303222656,1316.90002441406,1282.52795410156,1316.90002441406,17800
2005-03-11,1289.94104003906,1292.52905273438,1278.15295410156,1284.51293945313,15000
2005-03-14,1293.5,1304.11206054688,1271.51098632813,1288.98498535156,18600
2005-03-15,1269.14404296875,1293.25903320313,1266.63696289063,1293.13195800781,15600
2005-03-16,1255.58898925781,1268.18701171875,1247.89294433594,1267.05200195313,13600
2005-03-17,1243.47497558594,1257.7939453125,1242.51293945313,1255.98498535156,12800
2005-03-18,1227.40295410156,1248.03405761719,1223.61499023438,1242.45300292969,12400
2005-03-21,1231.04602050781,1232.81701660156,1220.82397460938,1226.14294433594,10000
2005-03-22,1206.92199707031,1231.67602539063,1202.42700195313,1230.68200683594,14600
2005-03-23,1201.64904785156,1218.01098632813,1194.32202148438,1205.75500488281,13400
2005-03-24,1208.19201660156,1208.60803222656,1187.5810546875,1200.25695800781,11400
2005-03-25,1205.63403320313,1211.16003417969,1199.86999511719,1207.20300292969,9600
2005-03-28,1200.11303710938,1204.84997558594,1185.4560546875,1204.84997558594,9000
2005-03-29,1195.01794433594,1209.22900390625,1194.58898925781,1199.69104003906,9200
2005-03-30,1172.57397460938,1192.44702148438,1171.81103515625,1192.44702148438,11400
2005-03-31,1181.23596191406,1181.53100585938,1162.03100585938,1168.82800292969,10400
2005-04-01,1223.56604003906,1237.80004882813,1173.54296875,1180.373046875,19600
2005-04-04,1202.96704101563,1218.27502441406,1196.94494628906,1212.11804199219,13800
2005-04-05,1191.74499511719,1209.34094238281,1189.25500488281,1200.69104003906,11600
2005-04-06,1214.86804199219,1220.4150390625,1183.90600585938,1191.19799804688,16800
2005-04-07,1225.48706054688,1248.06201171875,1213.65002441406,1216.72802734375,24200
2005-04-08,1248.52099609375,1249.20300292969,1218.75903320313,1225.04895019531,17800
2005-04-11,1240.97204589844,1252.81298828125,1235.35595703125,1248.15002441406,19400
2005-04-12,1219.51098632813,1239.13403320313,1218.51196289063,1239.13403320313,13000
2005-04-13,1248.20300292969,1254.31896972656,1228.97399902344,1228.97399902344,19600
2005-04-14,1234.33203125,1253.59802246094,1233.23706054688,1252.2060546875,15600
2005-04-15,1216.96203613281,1229.68005371094,1213.20300292969,1229.68005371094,14200
2005-04-18,1197.73498535156,1212.39196777344,1190.98400878906,1212.39196777344,11600
2005-04-19,1199.90197753906,1202.49194335938,1191.23095703125,1196.28100585938,11000
2005-04-20,1184.19299316406,1198.9560546875,1178.64001464844,1198.9560546875,11200
2005-04-21,1172.55603027344,1190.541015625,1167.99401855469,1182.20495605469,13200
2005-04-22,1169.18701171875,1177.88500976563,1163.40197753906,1171.02795410156,13600
2005-04-25,1157.97094726563,1166.34204101563,1146.41394042969,1166.34204101563,13600
2005-04-26,1165.3349609375,1169.14501953125,1151.63696289063,1155.64404296875,14000
2005-04-27,1148.75695800781,1166.19799804688,1148.13793945313,1165.09899902344,13600
2005-04-28,1169.11804199219,1172.7099609375,1135.73303222656,1145.74597167969,17400
2005-04-29,1159.14599609375,1170.19897460938,1155.98498535156,1168.3310546875,14200
2005-05-09,1130.8349609375,1165.39001464844,1130.41101074219,1160.61999511719,10800
2005-05-10,1135.56103515625,1135.79797363281,1108.42004394531,1126.81799316406,13200
2005-05-11,1124.27099609375,1140.17102050781,1121.86694335938,1134.59497070313,11000
2005-05-12,1103.99304199219,1122.916015625,1099.83996582031,1122.17797851563,12400
2005-05-13,1107.626953125,1120.1689453125,1093.28100585938,1101.60595703125,13400
2005-05-16,1095.46801757813,1105.39697265625,1082.13696289063,1105.39697265625,10200
2005-05-17,1099.64001464844,1108.17797851563,1083.94299316406,1091.25805664063,11600
2005-05-18,1102.96496582031,1108.84399414063,1090.29895019531,1099.73999023438,10400
2005-05-19,1103.47497558594,1107.22705078125,1083.11499023438,1101.75305175781,10600
2005-05-20,1099.26904296875,1108.60998535156,1094.6689453125,1100.49096679688,9600
2005-05-23,1070.84399414063,1095.30798339844,1069.43505859375,1095.30798339844,9600
2005-05-24,1073.84704589844,1078.09802246094,1057.53601074219,1065.998046875,11000
2005-05-25,1072.13696289063,1082.17895507813,1064.875,1072.52099609375,9800
2005-05-26,1058.86694335938,1077.44104003906,1055.81604003906,1071.21203613281,9400
2005-05-27,1051.94604492188,1068.21105957031,1050.05505371094,1056.32299804688,10200
2005-05-30,1060.16198730469,1063.94702148438,1043.27600097656,1049.72094726563,8600
2005-05-31,1060.73803710938,1070.501953125,1057.748046875,1061.61206054688,9200
2005-06-01,1039.18701171875,1063.51794433594,1035.7060546875,1059.60998535156,10000
2005-06-02,1016.06298828125,1036.72998046875,1008.75402832031,1036.72998046875,11400
2005-06-03,1013.63702392578,1019.92199707031,1000.52197265625,1013.90301513672,10000
2005-06-06,1034.37805175781,1034.85302734375,998.22802734375,1010.38098144531,11000
2005-06-07,1030.94104003906,1055.62902832031,1029.53894042969,1036.61694335938,15800
2005-06-08,1115.58203125,1118.69396972656,1040.15795898438,1044.17895507813,40200
2005-06-09,1131.05200195313,1146.4169921875,1103.68103027344,1118.80603027344,40600
2005-06-10,1108.28601074219,1130.55395507813,1101.82800292969,1130.55395507813,28400
2005-06-13,1106.291015625,1112.10095214844,1085.86596679688,1105.96105957031,19200
2005-06-14,1093.46398925781,1119.67602539063,1092.40197753906,1108.33703613281,18400
2005-06-15,1072.83605957031,1090.4580078125,1070.06494140625,1090.4580078125,15200
2005-06-16,1086.01000976563,1086.34802246094,1064.02697753906,1071.77197265625,14400
2005-06-17,1085.60998535156,1094.6689453125,1079.07800292969,1090.11401367188,16800
2005-06-20,1115.61999511719,1115.86206054688,1073.41003417969,1087.84899902344,21400
2005-06-21,1101.48596191406,1115.6650390625,1098.90405273438,1115.6650390625,15400
2005-06-22,1102.03295898438,1103.2490234375,1090.74499511719,1098.9580078125,12400
2005-06-23,1093.70202636719,1106.7490234375,1092.47802734375,1100.55895996094,11400
2005-06-24,1101.88195800781,1102.22998046875,1087.69299316406,1091.98901367188,11200
2005-06-27,1124.64001464844,1129.958984375,1108.46496582031,1108.46496582031,21800
2005-06-28,1108.58801269531,1120.94494628906,1105.34094238281,1120.94494628906,13400
2005-06-29,1104.99194335938,1113.52197265625,1103.90600585938,1111.6669921875,13400
2005-06-30,1080.93798828125,1103.47705078125,1078.09997558594,1103.47705078125,13800
2005-07-01,1055.59399414063,1077.31298828125,1053.63098144531,1077.31298828125,13600
2005-07-04,1047.27795410156,1050.24194335938,1030.17895507813,1050.24194335938,12200
2005-07-05,1039.04296875,1047.82299804688,1032.51501464844,1043.88305664063,10400
2005-07-06,1033.54504394531,1044.77905273438,1028.21997070313,1040.69897460938,9200
2005-07-07,1038.59704589844,1044.05297851563,1030.498046875,1033.21801757813,8600
2005-07-08,1017.98297119141,1036.41198730469,1015.39898681641,1036.41198730469,10400
2005-07-11,1011.4990234375,1043.20703125,1009.03802490234,1026.7900390625,11400
2005-07-12,1046.16101074219,1048.91796875,1004.08099365234,1007.90100097656,18400
2005-07-13,1037.39404296875,1045.94299316406,1033.81005859375,1044.57800292969,12800
2005-07-14,1040.416015625,1049.88098144531,1033.1650390625,1035.52697753906,12600
2005-07-15,1026.11499023438,1046.36401367188,1021.98602294922,1039.60900878906,12800
2005-07-18,1012.09698486328,1023.38000488281,1008.52099609375,1023.38000488281,11000
2005-07-19,1014.35498046875,1020.67498779297,1004.65698242188,1011.00500488281,9800
2005-07-20,1021.05200195313,1025.10302734375,1008.68200683594,1013.98400878906,10600
2005-07-21,1020.63201904297,1022.04400634766,1009.98602294922,1020.69299316406,11200
2005-07-22,1046.32104492188,1054.63500976563,1024.0009765625,1026.12902832031,25400
2005-07-25,1045.40002441406,1048.97399902344,1040.59204101563,1045.26904296875,14200
2005-07-26,1072.80700683594,1078.05603027344,1046.53601074219,1046.53601074219,25600
2005-07-27,1089.90905761719,1090.18505859375,1068.49694824219,1072.56396484375,23800
2005-07-28,1086.54797363281,1097.63403320313,1083.35705566406,1090.10998535156,24600
2005-07-29,1083.03295898438,1088.47595214844,1077.12194824219,1084.97204589844,17600
2005-08-01,1088.94799804688,1094.15100097656,1081.11804199219,1082.79602050781,14800
2005-08-02,1104.03796386719,1104.0439453125,1084.79602050781,1089.52795410156,19000
2005-08-03,1107.69897460938,1120.67895507813,1103.90405273438,1106.31701660156,31400
2005-08-04,1102.58898925781,1108.16296386719,1099.13403320313,1104.91003417969,19400
2005-08-05,1128.74304199219,1129.06799316406,1102.59594726563,1102.61999511719,27000
2005-08-08,1138.88195800781,1146.72705078125,1131.80297851563,1131.80297851563,30200
2005-08-09,1152.53405761719,1152.93994140625,1130.5849609375,1139.12194824219,27200
2005-08-10,1165.03295898438,1165.126953125,1144.94995117188,1153.208984375,31400
2005-08-11,1183.57897949219,1184.25598144531,1164.10400390625,1165.44299316406,37000
2005-08-12,1167.9150390625,1192.04895019531,1161.78698730469,1185.26599121094,40400
2005-08-15,1187.00598144531,1187.79699707031,1163.84802246094,1167.03295898438,30400
2005-08-16,1177.27795410156,1192.9169921875,1170.10998535156,1188.02001953125,33200
2005-08-17,1192.833984375,1193.56799316406,1160.08203125,1175.17602539063,32400
2005-08-18,1148.03503417969,1201.75500488281,1146.56103515625,1194.43603515625,49200
2005-08-19,1150.18395996094,1157.36999511719,1132.86499023438,1144.458984375,31600
2005-08-22,1158.59704589844,1162.0400390625,1142.67797851563,1148.97204589844,24000
2005-08-23,1149.95703125,1159.63098144531,1139.23901367188,1158.82897949219,21800
2005-08-24,1167.13696289063,1171.43395996094,1151.44799804688,1151.44799804688,22600
2005-08-25,1172.47497558594,1172.68994140625,1157.18298339844,1167.9990234375,24200
2005-08-26,1171.85998535156,1174.53698730469,1163.99096679688,1173.01000976563,24200
2005-08-29,1154.42797851563,1172.01403808594,1147.93395996094,1171.9990234375,24400
2005-08-30,1146.38500976563,1153.76501464844,1145.27197265625,1151.62097167969,18600
2005-08-31,1162.79797363281,1163.52404785156,1140.09899902344,1145.81298828125,21600
2005-09-01,1184.93298339844,1185.76000976563,1160.04797363281,1163.69995117188,33800
2005-09-02,1188.84802246094,1188.91296386719,1179.10900878906,1187.06201171875,29000
2005-09-05,1196.22399902344,1196.86596679688,1184.01098632813,1189.06494140625,26800
2005-09-06,1173.32202148438,1201.82397460938,1172.06396484375,1197.23095703125,33600
2005-09-07,1194.30895996094,1194.58605957031,1168.5810546875,1170.77001953125,28600
2005-09-08,1194.41101074219,1201.46301269531,1184.78796386719,1196.27294921875,30600
2005-09-09,1189.625,1204.4560546875,1184.42297363281,1194.49499511719,22200
2005-09-12,1188.21203613281,1191.93298339844,1181.43395996094,1189.74694824219,17000
2005-09-13,1207.16394042969,1207.40100097656,1186.21997070313,1188.25,26000
2005-09-14,1217.26098632813,1217.41296386719,1204.54602050781,1209.26696777344,32200
2005-09-15,1217.28100585938,1218.94104003906,1210.71801757813,1217.51904296875,27200
2005-09-16,1212.94702148438,1217.75805664063,1208.56103515625,1217.4189453125,22400
2005-09-19,1220.626953125,1220.97399902344,1210.18798828125,1213.48596191406,24600
2005-09-20,1212.61694335938,1223.56494140625,1204.86901855469,1222.25500488281,32400
2005-09-21,1187.98803710938,1210.85205078125,1186.98095703125,1210.85205078125,31800
2005-09-22,1159.9599609375,1185.68798828125,1147.19396972656,1185.68798828125,28600
2005-09-23,1151.97998046875,1164.59899902344,1149.74499511719,1157.29504394531,18800
2005-09-26,1155.0419921875,1155.60400390625,1147.26794433594,1150.93298339844,14600
2005-09-27,1133.23706054688,1157.79895019531,1132.52697753906,1155.05297851563,18000
2005-09-28,1131.77404785156,1142.48999023438,1129.05395507813,1131.31701660156,14800
2005-09-29,1155.48498535156,1155.77697753906,1134.44104003906,1134.44104003906,18600
2005-09-30,1155.61401367188,1158.69799804688,1150.626953125,1156.77001953125,14400
2005-10-10,1138.94995117188,1153.67199707031,1137.28894042969,1153.67199707031,11800
2005-10-11,1157.19201660156,1157.30297851563,1133.89501953125,1137.94799804688,13400
2005-10-12,1161.85302734375,1165.666015625,1152.2509765625,1157.48498535156,18400
2005-10-13,1152.60705566406,1165.35498046875,1152.08898925781,1162.02294921875,17000
2005-10-14,1139.54699707031,1154.31994628906,1135.50903320313,1152.3740234375,15200
2005-10-17,1131.375,1138.37902832031,1121.96801757813,1138.37902832031,15200
2005-10-18,1141.20104980469,1142.03698730469,1129.6689453125,1131.26293945313,19000
2005-10-19,1134.60803222656,1150.59399414063,1132.47900390625,1141.05200195313,19000
2005-10-20,1135.94897460938,1136.31396484375,1119.37805175781,1133.45300292969,17400
2005-10-21,1141.31799316406,1145.98999023438,1132.35803222656,1135.60998535156,18000
2005-10-24,1141.17102050781,1143.458984375,1133.92004394531,1141.3310546875,17200
2005-10-25,1121.91796875,1140.17297363281,1121.28601074219,1140.17297363281,17000
2005-10-26,1097.16101074219,1119.42895507813,1094.57104492188,1119.42895507813,19200
2005-10-27,1097.78198242188,1101.26904296875,1087.48400878906,1093.93005371094,17200
2005-10-28,1080.86694335938,1102.02294921875,1067.40698242188,1097.5849609375,18000
2005-10-31,1092.81701660156,1096.14904785156,1078.28503417969,1079.0400390625,14800
2005-11-01,1089.94995117188,1094.15295410156,1074.29797363281,1091.67700195313,14000
2005-11-02,1104.7919921875,1108.88403320313,1089.99694824219,1089.99694824219,18800
2005-11-03,1095.27294921875,1111.43701171875,1090.82104492188,1104.59399414063,16800
2005-11-04,1100.04504394531,1100.43005371094,1087.84497070313,1094.25805664063,12800
2005-11-07,1100.65002441406,1100.95202636719,1089.82897949219,1099.52697753906,12000
2005-11-08,1110.14697265625,1111.11901855469,1092.53894042969,1099.93994140625,15400
2005-11-09,1108.15295410156,1117.06298828125,1107.64196777344,1110.54699707031,16800
2005-11-10,1088.30102539063,1106.94396972656,1086.09997558594,1106.94396972656,16200
2005-11-11,1090.19494628906,1094.30700683594,1078.5830078125,1085.69396972656,12600
2005-11-14,1088.65295410156,1089.708984375,1083.02294921875,1089.55895996094,9200
2005-11-15,1087.50805664063,1099.02905273438,1082.50695800781,1088.51196289063,12200
2005-11-16,1095.89001464844,1096.29699707031,1075.43103027344,1086.82604980469,12600
2005-11-17,1095.31005859375,1098.67504882813,1090.35498046875,1094.87805175781,12000
2005-11-18,1116.9990234375,1122.60998535156,1093.52905273438,1095.52099609375,22400
2005-11-21,1119.93603515625,1122.87902832031,1114.24304199219,1117.77600097656,15600
2005-11-22,1098.65502929688,1119.68896484375,1098.49499511719,1119.68896484375,14600
2005-11-23,1105.74597167969,1106.47705078125,1093.95202636719,1096.56005859375,12600
2005-11-24,1113.3740234375,1117.94396972656,1103.76293945313,1105.3349609375,17200
2005-11-25,1114.916015625,1115.0810546875,1107.21301269531,1113.28295898438,15600
2005-11-28,1110.82299804688,1119.34497070313,1106.94299316406,1113.82897949219,12800
2005-11-29,1096.98596191406,1110.30505371094,1095.34399414063,1109.56896972656,11800
2005-11-30,1099.26098632813,1099.57702636719,1090.72302246094,1095.29895019531,10800
2005-12-01,1098.74694824219,1104.56298828125,1094.43798828125,1098.78405761719,9000
2005-12-02,1094.28698730469,1102.75903320313,1089.56201171875,1099.75598144531,10600
2005-12-05,1079.19702148438,1093.10095214844,1077.40502929688,1093.10095214844,11200
2005-12-06,1087.7939453125,1089.59399414063,1074.00695800781,1077.57800292969,11000
2005-12-07,1099.61499023438,1100.04797363281,1086.73303222656,1087.74096679688,10400
2005-12-08,1098.32299804688,1106.34204101563,1092.99194335938,1100.68505859375,10400
2005-12-09,1113.47705078125,1114.583984375,1094.73803710938,1097.51501464844,13400
2005-12-12,1116.36694335938,1118.52502441406,1109.08203125,1115.7509765625,12000
2005-12-13,1117.84594726563,1119.42102050781,1106.7490234375,1115.76501464844,11400
2005-12-14,1125.38696289063,1127.62902832031,1110.2060546875,1117.46997070313,15000
2005-12-15,1123.55505371094,1134.85302734375,1121.55603027344,1125.67199707031,16800
2005-12-16,1127.50805664063,1127.94104003906,1118.93603515625,1122.73303222656,12600
2005-12-19,1131.7509765625,1134.5,1123.50402832031,1127.83703613281,12200
2005-12-20,1136.34204101563,1136.38598632813,1126.99096679688,1131.79602050781,11800
2005-12-21,1130.75903320313,1142.39294433594,1128.94299316406,1135.97705078125,12200
2005-12-22,1135.23803710938,1136.0009765625,1125.95397949219,1129.56396484375,11200
2005-12-23,1144.87097167969,1144.93798828125,1135.07397460938,1135.70495605469,14400
2005-12-26,1156.82299804688,1159.78198242188,1145.33703613281,1145.77001953125,18600
2005-12-27,1154.28796386719,1158.16296386719,1149.84704589844,1157.48901367188,15600
2005-12-28,1157.03405761719,1157.19702148438,1149.27099609375,1155.11694335938,14600
2005-12-29,1169.86206054688,1169.86694335938,1157.50500488281,1157.50598144531,21800
2005-12-30,1161.05700683594,1173.06396484375,1158.96594238281,1171.57495117188,20000
2006-01-04,1180.96301269531,1181.00402832031,1161.90600585938,1163.87805175781,23200
2006-01-05,1197.26904296875,1197.83703613281,1180.45104980469,1183.30505371094,29400
2006-01-06,1209.42199707031,1215.53601074219,1191.61401367188,1198.81103515625,34400
2006-01-09,1215.66796875,1217.31396484375,1205.248046875,1210.31994628906,28800
2006-01-10,1220.61804199219,1220.75598144531,1203.65100097656,1215.84802246094,26800
2006-01-11,1211.05297851563,1223.55895996094,1204.041015625,1219.81103515625,30600
2006-01-12,1226.70397949219,1227.30200195313,1205.28295898438,1208.76599121094,27000
2006-01-13,1221.458984375,1231.22302246094,1214.88098144531,1228.15698242188,27800
2006-01-16,1202.86901855469,1221.38598632813,1202.58703613281,1221.10998535156,25200
2006-01-17,1208.43798828125,1209.02404785156,1198.83898925781,1200.25500488281,19800
2006-01-18,1233.34997558594,1234.52905273438,1206.35900878906,1207.52502441406,26600
2006-01-19,1251.57604980469,1251.95703125,1230.84997558594,1235.0830078125,33600
2006-01-20,1255.30798339844,1258.69799804688,1247.20495605469,1251.40905761719,33200
2006-01-23,1255.77404785156,1257.34704589844,1244.27404785156,1254.77697753906,29000
2006-01-24,1252.06201171875,1262.08703613281,1247.00695800781,1256.00500488281,29600
2006-01-25,1258.04602050781,1260.17395019531,1245.916015625,1251.26904296875,26600
2006-02-06,1287.6259765625,1287.6650390625,1263.00305175781,1263.00305175781,29200
2006-02-07,1282.09594726563,1297.40405273438,1270.40405273438,1289.45300292969,38400
2006-02-08,1290.05505371094,1291.73706054688,1276.02001953125,1282.12097167969,32800
2006-02-09,1269.45397949219,1288.96594238281,1266.81103515625,1288.96594238281,29000
2006-02-10,1282.65600585938,1284.09594726563,1266.22497558594,1269.53601074219,26400
2006-02-13,1279.64001464844,1284.95104980469,1267.56103515625,1283.77600097656,26200
2006-02-14,1286.32702636719,1286.42102050781,1275.84997558594,1279.626953125,22600
2006-02-15,1299.166015625,1300.99499511719,1288.63696289063,1289.13793945313,30200
2006-02-16,1270.63305664063,1298.49694824219,1268.56396484375,1298.49694824219,32400
2006-02-17,1267.40795898438,1280.041015625,1265.14099121094,1269.40002441406,26000
2006-02-20,1267.5419921875,1279.42297363281,1265.38000488281,1268.10705566406,21600
2006-02-21,1288.4189453125,1288.54602050781,1256.80798339844,1266.64501953125,26600
2006-02-22,1284.22595214844,1297.93896484375,1282.91003417969,1288.85302734375,28600
2006-02-23,1288.84704589844,1289.94299316406,1273.94201660156,1284.13000488281,22800
2006-02-24,1296.86596679688,1297.34301757813,1286.96203613281,1289.43395996094,23600
2006-02-27,1297.18603515625,1304.61303710938,1293.46704101563,1297.68701171875,26800
2006-02-28,1299.03002929688,1299.47302246094,1277.74096679688,1294.80700683594,23600
2006-03-01,1306.58605957031,1308.19604492188,1297.76293945313,1299.15405273438,23600
2006-03-02,1285.666015625,1307.63903808594,1281.57104492188,1306.5849609375,28400
2006-03-03,1293.29699707031,1295.41101074219,1275.6240234375,1284.60595703125,25000
2006-03-06,1288.95495605469,1296.84704589844,1286.64404296875,1292.74694824219,20400
2006-03-07,1259.916015625,1288.25500488281,1257.5400390625,1288.25500488281,22600
2006-03-08,1250.38403320313,1258.23901367188,1238.15600585938,1256.68505859375,19800
2006-03-09,1245.166015625,1253.75805664063,1242.68103027344,1247.46203613281,15400
2006-03-10,1245.65295410156,1253.91101074219,1240.7509765625,1245.18798828125,14000
2006-03-13,1259.67395019531,1260.07104492188,1245.30004882813,1245.30004882813,13800
2006-03-14,1259.0439453125,1262.751953125,1250.27697753906,1260.42199707031,14800
2006-03-15,1274.81201171875,1275.51501464844,1258.14599609375,1259.23095703125,18400
2006-03-16,1274.18994140625,1277.19396972656,1270.8310546875,1274.61499023438,18400
2006-03-17,1269.46203613281,1276.62805175781,1265.60595703125,1273.01000976563,18800
2006-03-20,1288.41796875,1288.97094726563,1264.41003417969,1269.5810546875,20200
2006-03-21,1290.39501953125,1297.60803222656,1285.43103027344,1288.55505371094,24400
2006-03-22,1296.7060546875,1296.91198730469,1281.12805175781,1289.46105957031,22400
2006-03-23,1302.45703125,1302.791015625,1289.52502441406,1296.19396972656,25400
2006-03-24,1294.70397949219,1308.05700683594,1293.29602050781,1302.14099121094,24400
2006-03-27,1295.9150390625,1296.59301757813,1283.68200683594,1296.06604003906,20600
2006-03-28,1298.791015625,1302.64794921875,1293,1295.76000976563,25000
2006-03-29,1305.56701660156,1313.125,1296.58996582031,1299.38305664063,34200
2006-03-30,1294.71801757813,1308.49597167969,1293.82897949219,1305.84301757813,26000
2006-03-31,1298.29504394531,1298.7509765625,1285.73498535156,1291.51794433594,26600
2006-04-03,1319.47094726563,1319.48498535156,1298.68395996094,1298.68395996094,32800
2006-04-04,1329.79797363281,1330.10498046875,1315.3310546875,1319.83703613281,37200
2006-04-05,1340.16198730469,1341.50402832031,1326.53295898438,1330.56103515625,37800
2006-04-06,1339.73706054688,1348.52001953125,1336.13793945313,1341.73596191406,41800
2006-04-07,1342.96496582031,1345.291015625,1330.51293945313,1340.64599609375,40600
2006-04-10,1359.0810546875,1359.40795898438,1339.52294921875,1344.23901367188,41400
2006-04-11,1362.22900390625,1366.52294921875,1350.32299804688,1360.97802734375,43800
2006-04-12,1360.13195800781,1364.69104003906,1355.65502929688,1361.74096679688,37200
2006-04-13,1332.32995605469,1364.31604003906,1331.68200683594,1359.27795410156,41200
2006-04-14,1359.53796386719,1360.09399414063,1328.43505859375,1330.09497070313,37800
2006-04-17,1378.61401367188,1383.65405273438,1353.39599609375,1360.64404296875,42200
2006-04-18,1385.11401367188,1391.37805175781,1370.15295410156,1379.81298828125,36800
2006-04-19,1396.70202636719,1399.54699707031,1378.79602050781,1389.13403320313,40600
2006-04-20,1385.90002441406,1404.19201660156,1376.96105957031,1398.09802246094,43400
2006-04-21,1416.79296875,1419.89099121094,1383.44995117188,1385.92297363281,45600
2006-04-24,1409.78601074219,1429.05603027344,1402.26904296875,1423.40905761719,52000
2006-04-25,1399.76696777344,1409.27404785156,1386.1259765625,1405.89794921875,43200
2006-04-26,1417.47705078125,1426.6259765625,1397.34899902344,1399.06799316406,48400
2006-04-27,1416.73205566406,1424.46496582031,1407.14099121094,1418.90295410156,37600
2006-04-28,1440.22302246094,1444.71398925781,1389.34594726563,1403.52294921875,44600
2006-05-08,1497.10400390625,1497.20202636719,1446.99194335938,1446.99194335938,51600
2006-05-09,1531.16101074219,1532.75402832031,1497.99401855469,1503.23901367188,64600
2006-05-10,1545.68701171875,1554.03405761719,1518.3349609375,1537.56103515625,62800
2006-05-11,1537.376953125,1583.76098632813,1536.2919921875,1547.55603027344,73200
2006-05-12,1602.83203125,1603.21105957031,1531.23303222656,1532.87805175781,68400
2006-05-15,1664.08801269531,1664.93798828125,1606.56994628906,1616.25903320313,87800
2006-05-16,1613.2509765625,1678.59899902344,1604.78405761719,1658.69201660156,88200
2006-05-17,1625.14599609375,1640.69494628906,1592.18505859375,1613.22998046875,71000
2006-05-18,1617.28100585938,1630.07299804688,1582.96203613281,1611.65698242188,60600
2006-05-19,1659.54504394531,1664.61401367188,1610.0400390625,1620.21301269531,77000
2006-05-22,1657.68896484375,1674.22094726563,1646.68298339844,1656.75402832031,77200
2006-05-23,1604.55200195313,1648.52795410156,1597.10205078125,1647.96203613281,70000
2006-05-24,1590.92395019531,1634.58996582031,1562.38696289063,1609.74194335938,57200
2006-05-25,1591.42504882813,1598.55895996094,1563.86303710938,1585.46594238281,41000
2006-05-26,1613.89404296875,1614.55297851563,1593.09301757813,1596.56494140625,43800
2006-05-29,1648.53796386719,1648.83801269531,1609.00500488281,1622.10803222656,51800
2006-05-30,1657.28796386719,1663.92895507813,1634.90002441406,1654.97998046875,53000
2006-05-31,1641.30004882813,1667.23303222656,1628.67895507813,1656.28405761719,57000
2006-06-01,1684.19494628906,1684.708984375,1635.74597167969,1639.67297363281,67800
2006-06-02,1669.39904785156,1695.57995605469,1659.14001464844,1688.78198242188,78200
2006-06-05,1684.6240234375,1685.2919921875,1639.68005371094,1669.23596191406,67200
2006-06-06,1679.1259765625,1692.82495117188,1672.81396484375,1681.21997070313,58400
2006-06-07,1589.54504394531,1678.23803710938,1588.97094726563,1678.23803710938,65000
2006-06-08,1591.48999023438,1596.12194824219,1540.93395996094,1576.43505859375,54600
2006-06-09,1551.38403320313,1594.43798828125,1550.20202636719,1583.9560546875,47000
2006-06-12,1552.79797363281,1566.44702148438,1529.50305175781,1540.21594238281,31400
2006-06-13,1548.49499511719,1570.09997558594,1532.05895996094,1552.09802246094,32400
2006-06-14,1531.32702636719,1540.63500976563,1512.52099609375,1540.63500976563,32400
2006-06-15,1533.97998046875,1551.30004882813,1528.22998046875,1531.24694824219,28400
2006-06-16,1574.46704101563,1574.47497558594,1540.18701171875,1540.18701171875,33600
2006-06-19,1586.28601074219,1591.84997558594,1544.93103027344,1559.98498535156,35600
2006-06-20,1592.33203125,1592.83203125,1572.58203125,1583.87097167969,35600
2006-06-21,1598.11596679688,1617.71398925781,1570.0830078125,1590.60705566406,39800
2006-06-22,1596.06604003906,1605.251953125,1587.79895019531,1593.09704589844,32400
2006-06-23,1605.71105957031,1608.10803222656,1582.01904296875,1594.49499511719,35000
2006-06-26,1633.44897460938,1635.80297851563,1607.78601074219,1607.78601074219,39400
2006-06-27,1639.55102539063,1642.57104492188,1627.59204101563,1636.70300292969,36400
2006-06-28,1639.28601074219,1642.35400390625,1627.06799316406,1638.22998046875,33200
2006-06-29,1671.61804199219,1672.10095214844,1641.92797851563,1641.92797851563,51800
2006-06-30,1672.21105957031,1690.95300292969,1662.28002929688,1679.72399902344,49800
2006-07-03,1697.28198242188,1697.82995605469,1670.01599121094,1677.31103515625,48600
2006-07-04,1681.54699707031,1702.65795898438,1670.13000488281,1700.32299804688,54400
2006-07-05,1718.55505371094,1757.47204589844,1703.5849609375,1755.22204589844,60800
2006-07-06,1741.46997070313,1742.20397949219,1711.65100097656,1715.27905273438,50000
2006-07-07,1730.18994140625,1750.02795410156,1724.67504882813,1746.52099609375,49400
2006-07-10,1734.32897949219,1737.03100585938,1715.82800292969,1730.69799804688,39000
2006-07-11,1745.80603027344,1746.72399902344,1725.23095703125,1736.98596191406,40000
2006-07-12,1740,1753.27502441406,1737.9990234375,1745.87805175781,48800
2006-07-13,1655.77294921875,1737.59497070313,1654.48596191406,1736.20703125,67400
2006-07-14,1665.2080078125,1676.75402832031,1633.89794921875,1641.13793945313,41600
2006-07-17,1682.88696289063,1684.34399414063,1653.60302734375,1662.04699707031,32200
2006-07-18,1684.251953125,1684.67199707031,1666.31103515625,1682.35998535156,31400
2006-07-19,1645.16003417969,1681.77099609375,1637.48596191406,1681.77099609375,35000
2006-07-20,1655.12194824219,1658.05395507813,1636.25903320313,1642.6240234375,28600
2006-07-21,1665.32800292969,1669.28796386719,1653.50695800781,1653.81103515625,30000
2006-07-24,1665.94396972656,1667.61694335938,1632.68701171875,1648.7490234375,31200
2006-07-25,1685.46105957031,1690.61303710938,1668.13793945313,1668.13793945313,34200
2006-07-26,1686.65405273438,1691.42895507813,1675.66198730469,1688.53796386719,31200
2006-07-27,1675.16796875,1701.61096191406,1665.38598632813,1685.34704589844,36200
2006-07-28,1662.03100585938,1678.52697753906,1646.34594726563,1674.43005371094,33200
2006-07-31,1612.73303222656,1659.53503417969,1611.16296386719,1659.53503417969,33600
2006-08-01,1600.61401367188,1625.0439453125,1596.65795898438,1619.63500976563,32400
2006-08-02,1600.87194824219,1608.77697753906,1577.90197753906,1598.75805664063,27800
2006-08-03,1601.05798339844,1609.42504882813,1587.11901855469,1599.74597167969,20800
2006-08-04,1570.15002441406,1612.09997558594,1567.2509765625,1601.60803222656,25800
2006-08-07,1547.43603515625,1570.05395507813,1541.41296386719,1561.80102539063,24000
2006-08-08,1580.57702636719,1581.75305175781,1547.90502929688,1547.90502929688,23400
2006-08-09,1578.56604003906,1585.17297363281,1571.708984375,1581.80297851563,21600
2006-08-10,1606.06494140625,1606.94299316406,1577.85998535156,1578.35400390625,26400
2006-08-11,1605.92602539063,1610.76293945313,1596.21704101563,1605.59704589844,23400
2006-08-14,1570.73803710938,1611.66101074219,1566.72204589844,1605.20202636719,25600
2006-08-15,1595.65698242188,1596.65295410156,1564.39794921875,1568.26696777344,20200
2006-08-16,1616.41003417969,1616.45300292969,1591.85705566406,1596.05603027344,28600
2006-08-17,1603.33203125,1612.41198730469,1592.84594726563,1612.41198730469,23400
2006-08-18,1598.01794433594,1614.36499023438,1596.56201171875,1601.56701660156,24000
2006-08-21,1601.15002441406,1602.13000488281,1558.09997558594,1565.45703125,23400
2006-08-22,1613.35498046875,1619.07397460938,1598.77600097656,1601.52294921875,26800
2006-08-23,1612.39599609375,1621.39904785156,1608.74096679688,1614.39294433594,27200
2006-08-24,1623.01696777344,1623.1689453125,1601.88696289063,1612.69897460938,25000
2006-08-25,1623.03405761719,1630.04699707031,1619.73498535156,1622.48095703125,27800
2006-08-28,1650.43798828125,1651.28894042969,1624.28100585938,1627.123046875,39400
2006-08-29,1651.02404785156,1667.53002929688,1649.59301757813,1652.67199707031,48000
2006-08-30,1655.19494628906,1656.23205566406,1640.28100585938,1648.34802246094,31400
2006-08-31,1658.63793945313,1661.47302246094,1649.99694824219,1655.90295410156,35200
2006-09-01,1636.69104003906,1660.51794433594,1634.02600097656,1658.66003417969,36000
2006-09-04,1657.52001953125,1657.69104003906,1635.12194824219,1635.33203125,33000
2006-09-05,1664.07800292969,1669.90100097656,1657.04699707031,1659.73706054688,40600
2006-09-06,1672.12097167969,1672.26000976563,1656.86303710938,1665.13000488281,33600
2006-09-07,1661.18994140625,1683.89001464844,1655.40795898438,1683.78198242188,31600
2006-09-08,1667.98400878906,1671.30798339844,1658.67297363281,1659.70202636719,26600
2006-09-11,1674.96594238281,1675.09399414063,1653.01000976563,1668.16101074219,30600
2006-09-12,1695.86206054688,1699.5849609375,1673.44104003906,1675.19799804688,37400
2006-09-13,1689.38903808594,1713.98901367188,1687.04895019531,1695.35095214844,43000
2006-09-14,1689.69201660156,1696.62194824219,1672.88403320313,1689.63098144531,33800
2006-09-15,1721.04504394531,1722.66003417969,1689.51000976563,1689.60498046875,47000
2006-09-18,1732.98706054688,1733.41296386719,1719.16003417969,1727.9150390625,44800
2006-09-19,1735.24096679688,1743.02099609375,1728.28894042969,1735.30102539063,43400
2006-09-20,1732.45300292969,1737.73400878906,1720.8349609375,1733.63696289063,38800
2006-09-21,1740.90100097656,1743.63000488281,1731.22204589844,1731.5849609375,39600
2006-09-22,1725.36096191406,1746.61499023438,1724.10400390625,1744.60498046875,44800
2006-09-25,1722.36596679688,1732.27905273438,1709.77099609375,1722.74401855469,40200
2006-09-26,1712.63696289063,1721.583984375,1704.77404785156,1720.78100585938,33200
2006-09-27,1725.03894042969,1725.5009765625,1709.76599121094,1711.51403808594,29200
2006-09-28,1736.96301269531,1740.78698730469,1722.21899414063,1725.51501464844,34000
2006-09-29,1752.42395019531,1755.69104003906,1740.05895996094,1740.05895996094,41200
2006-10-09,1785.38500976563,1786.10998535156,1763.11096191406,1768.14404296875,53000
2006-10-10,1784.86206054688,1793.14099121094,1771.85595703125,1784.21997070313,55200
2006-10-11,1790.10400390625,1792.76098632813,1771.01599121094,1784.51794433594,49200
2006-10-12,1778.18103027344,1792.23901367188,1774.14196777344,1790.63098144531,53200
2006-10-13,1784.65600585938,1792.86804199219,1773.23303222656,1776.51098632813,42600
2006-10-16,1771.29895019531,1789.17504882813,1766.30798339844,1787.69995117188,46800
2006-10-17,1763.90100097656,1777.59802246094,1758.31103515625,1768.62805175781,39200
2006-10-18,1787.18505859375,1787.74304199219,1760.88305664063,1762.40405273438,36800
2006-10-19,1792.25305175781,1799.2939453125,1784.34497070313,1788.58203125,41400
2006-10-20,1790.36401367188,1801.333984375,1786.34399414063,1792.59997558594,41400
2006-10-23,1759.39404296875,1797.42700195313,1753.49401855469,1789.64501953125,44400
2006-10-24,1805.18103027344,1805.27294921875,1756.45703125,1756.45703125,40000
2006-10-25,1806.64599609375,1825.60900878906,1789.90502929688,1807.03002929688,44600
2006-10-26,1810.64599609375,1816.76196289063,1791.94702148438,1804.89294433594,48800
2006-10-27,1807.17504882813,1842.72998046875,1803.21496582031,1836.21398925781,73800
2006-10-30,1809.65600585938,1815.61206054688,1788.28698730469,1804.36694335938,45400
2006-10-31,1837.99304199219,1839.31799316406,1811.46899414063,1811.46899414063,46600
2006-11-01,1855.71301269531,1855.88696289063,1833.20104980469,1838.68005371094,47800
2006-11-02,1851.31396484375,1857.14501953125,1834.84399414063,1856.92102050781,51800
2006-11-03,1866.36206054688,1873.66394042969,1850.15100097656,1851.40405273438,49800
2006-11-06,1886.30700683594,1886.51904296875,1846.01098632813,1853.18603515625,49600
2006-11-07,1889.53002929688,1897.41003417969,1862.93200683594,1889.53405761719,54800
2006-11-08,1866.81701660156,1886.25598144531,1865.22302246094,1885.85498046875,37800
2006-11-09,1896.48205566406,1899.09704589844,1858.59497070313,1860.95397949219,44000
2006-11-10,1883.34704589844,1920.18395996094,1870.9599609375,1896.92895507813,62800
2006-11-13,1863.76501464844,1905.89697265625,1852.10205078125,1878.70397949219,50000
2006-11-14,1888.23901367188,1888.43200683594,1841.82299804688,1868.17297363281,43200
2006-11-15,1922.93505859375,1923.13903808594,1878.69494628906,1888.53894042969,46600
2006-11-16,1941.54699707031,1976.04602050781,1926.72399902344,1930.92602539063,64000
2006-11-17,1971.79296875,1972.60705566406,1925.14904785156,1934.63696289063,49400
2006-11-20,2017.27905273438,2018.00402832031,1977.52905273438,1977.52905273438,59200
2006-11-21,2037.55200195313,2037.73803710938,1988.92602539063,2013.06701660156,53800
2006-11-22,2041.35498046875,2062.80395507813,2010.7919921875,2031.29699707031,64800
2006-11-23,2062.36206054688,2071.23510742188,2042.15100097656,2045.0810546875,60800
2006-11-24,2050.81201171875,2057.91088867188,2022.625,2051.47094726563,61200
2006-11-27,2047.27697753906,2049.5390625,2022.37805175781,2042.19299316406,57800
2006-11-28,2038.72094726563,2051.48901367188,2016.47302246094,2042.37902832031,55000
2006-11-29,2054.09106445313,2059.72802734375,1992.53796386719,2005.98706054688,56000
2006-11-30,2099.2890625,2102.05688476563,2058.77001953125,2058.77001953125,72800
2006-12-01,2102.04907226563,2112.57592773438,2087.60107421875,2106.294921875,76200
2006-12-04,2161.64794921875,2164.5849609375,2100.55908203125,2103.81689453125,87200
2006-12-05,2173.28491210938,2195.52905273438,2159.32299804688,2167.36303710938,88200
2006-12-06,2156.60400390625,2192.89892578125,2097.4169921875,2175.37890625,104400
2006-12-07,2156.75,2206.51196289063,2145.7880859375,2152.59399414063,99200
2006-12-08,2093.63793945313,2164.02099609375,2090.40209960938,2133.35498046875,80800
2006-12-11,2180.49609375,2181.1640625,2084.26611328125,2085.05810546875,62600
2006-12-12,2218.95092773438,2228.64306640625,2180.3701171875,2189.69409179688,70200
2006-12-13,2223.455078125,2244.40698242188,2195.63891601563,2224.42895507813,57400
2006-12-14,2249.11010742188,2250.32104492188,2212.90502929688,2226.0009765625,58400
2006-12-15,2273.90795898438,2275.48999023438,2241.19897460938,2255.23999023438,60600
2006-12-18,2332.43408203125,2335.23388671875,2277.28198242188,2277.28198242188,78200
2006-12-19,2364.17700195313,2381.63403320313,2315.98510742188,2342.17993164063,87000
2006-12-20,2373.205078125,2381.13208007813,2332.92700195313,2356.26196289063,78200
2006-12-21,2342.93798828125,2386.82397460938,2339.90893554688,2372.46411132813,83200
2006-12-22,2343.66796875,2366.69409179688,2321.92211914063,2334.27294921875,70400
2006-12-25,2435.76196289063,2452.42895507813,2350.1279296875,2350.1279296875,74000
2006-12-26,2479.73193359375,2505.69702148438,2424.93603515625,2437.85400390625,72200
2006-12-27,2536.38696289063,2538.6630859375,2461.07104492188,2478.06298828125,72200
2006-12-28,2567.59399414063,2611.791015625,2530.3310546875,2538.95190429688,78800
2006-12-29,2675.47412109375,2698.90405273438,2585.4169921875,2585.4169921875,86800
2007-01-04,2715.71899414063,2847.61499023438,2684.81811523438,2728.18798828125,120200
2007-01-05,2641.333984375,2685.80395507813,2617.01904296875,2668.57690429688,106200
2007-01-08,2707.19897460938,2708.44409179688,2620.625,2621.06811523438,106800
2007-01-09,2807.80395507813,2809.39404296875,2691.36010742188,2711.04907226563,110800
2007-01-10,2825.57592773438,2841.74096679688,2770.98803710938,2838.11303710938,111800
2007-01-11,2770.11010742188,2841.17993164063,2763.88598632813,2819.36694335938,121600
2007-01-12,2668.11010742188,2782.02490234375,2652.57788085938,2745.32104492188,107400
2007-01-15,2794.70092773438,2795.3310546875,2658.87890625,2660.07006835938,91800
2007-01-16,2821.01708984375,2830.80297851563,2757.205078125,2818.6630859375,111200
2007-01-17,2778.89990234375,2870.42211914063,2742.587890625,2828.40087890625,127400
2007-01-18,2756.98291015625,2784.04296875,2679.705078125,2760.94409179688,112400
2007-01-19,2832.20703125,2833.4541015625,2761.88598632813,2761.88598632813,122000
2007-01-22,2933.18994140625,2934.64697265625,2857.89599609375,2857.89599609375,138600
2007-01-23,2949.14404296875,2970.68505859375,2851.9189453125,2964.68701171875,142800
2007-01-24,2975.12890625,2994.28198242188,2927.72094726563,2955.42407226563,122000
2007-01-25,2857.36499023438,2947.14892578125,2853.82202148438,2946.50390625,117200
2007-01-26,2882.55810546875,2905.98388671875,2720.82690429688,2805.9560546875,109600
2007-01-29,2945.26293945313,2954.3359375,2885.86108398438,2897.25390625,112000
2007-01-30,2930.56201171875,2980.51000976563,2901.76196289063,2959.39794921875,112000
2007-01-31,2786.3349609375,2929.64599609375,2766.7470703125,2926.07495117188,114200
2007-02-01,2785.43188476563,2801.68896484375,2706.291015625,2744.81396484375,93400
2007-02-02,2673.2119140625,2796.43603515625,2666.86206054688,2791.48999023438,85400
2007-02-05,2612.537109375,2672.35205078125,2610.3310546875,2658.07397460938,69200
2007-02-06,2675.69702148438,2677.0419921875,2541.52490234375,2612.83911132813,86600
2007-02-07,2716.17504882813,2745.38696289063,2681.3291015625,2688.9599609375,94800
2007-02-08,2737.73193359375,2751.162109375,2691.26806640625,2725.13989257813,88400
2007-02-09,2730.38598632813,2747.94409179688,2704.36499023438,2741.47998046875,80800
2007-02-12,2807.17407226563,2807.51000976563,2728.78295898438,2729.8359375,79000
2007-02-13,2831.8720703125,2835.08911132813,2801.31298828125,2819.13793945313,79000
2007-02-14,2905.09301757813,2915.06298828125,2823.38208007813,2836.81909179688,94000
2007-02-15,2993.00805664063,2994.6220703125,2923.666015625,2923.666015625,108800
2007-02-16,2998.47412109375,3036.34594726563,2975.82690429688,3018.17993164063,118000
2007-02-26,3040.59912109375,3041.3359375,2960.7451171875,2999.0859375,112000
2007-02-27,2771.791015625,3049.77099609375,2763.39501953125,3048.8291015625,161400
2007-02-28,2881.07299804688,2888.89892578125,2732.88403320313,2734.59497070313,121400
2007-03-01,2797.18994140625,2878.35498046875,2760.912109375,2877.20288085938,127400
2007-03-02,2831.52587890625,2846.15795898438,2777.7958984375,2792.94091796875,94000
2007-03-05,2785.30590820313,2858.44091796875,2723.06494140625,2827.67504882813,107000
2007-03-06,2840.17504882813,2866.33203125,2756.9609375,2776.1669921875,77000
2007-03-07,2896.59399414063,2911.416015625,2849.64794921875,2851.7470703125,88000
2007-03-08,2928.01489257813,2928.80297851563,2871.46411132813,2904.18505859375,89000
2007-03-09,2937.90991210938,2962.4208984375,2891.81396484375,2934.49291992188,107200
2007-03-12,2954.9140625,2958.63208007813,2904.74389648438,2945.92309570313,101600
2007-03-13,2964.7939453125,2966.19409179688,2932.23388671875,2958.09594726563,107200
2007-03-14,2906.333984375,2934.4541015625,2868.80688476563,2933.67895507813,113800
2007-03-15,2951.69799804688,2955.4619140625,2905.97607421875,2905.97607421875,101800
2007-03-16,2930.48095703125,2979.7080078125,2899.03198242188,2964.09399414063,122600
2007-03-19,3014.44189453125,3037.9990234375,2852.85791015625,2864.25610351563,110000
2007-03-20,3032.19506835938,3033.02001953125,2998.80395507813,3024.78100585938,92800
2007-03-21,3057.3798828125,3057.7099609375,3020.94897460938,3042.09790039063,99200
2007-03-22,3071.22509765625,3099.81909179688,3059.38110351563,3080.60205078125,126000
2007-03-23,3074.28588867188,3085.32397460938,3008.15405273438,3071.80810546875,118600
2007-03-26,3122.81103515625,3123.17895507813,3069.47290039063,3083.93798828125,122600
2007-03-27,3138.82592773438,3145.0439453125,3103.77905273438,3126.02490234375,124600
2007-03-28,3173.01806640625,3180.33203125,3052.07788085938,3140.67993164063,167200
2007-03-29,3197.537109375,3273.72705078125,3176.52587890625,3179.80297851563,149600
2007-03-30,3183.98291015625,3212.38891601563,3157.03002929688,3178.49609375,89400
2007-04-02,3252.59497070313,3253.43505859375,3196.5869140625,3196.5869140625,97400
2007-04-03,3291.29907226563,3292.57788085938,3251.52294921875,3265.67602539063,108600
2007-04-04,3291.5419921875,3308.14794921875,3266.55908203125,3295.97607421875,112600
2007-04-05,3319.13989257813,3326.916015625,3259.6259765625,3286.1630859375,114600
2007-04-06,3323.5849609375,3334.22412109375,3273.85498046875,3287.68408203125,119600
2007-04-09,3398.94995117188,3399.51489257813,3333.26196289063,3333.42211914063,137400
2007-04-10,3444.291015625,3444.3740234375,3351.10498046875,3405.23291015625,147800
2007-04-11,3495.22412109375,3497.52001953125,3428.78198242188,3454.4169921875,147600
2007-04-12,3531.02905273438,3532.86206054688,3488.07690429688,3503.22705078125,135400
2007-04-13,3518.26708984375,3563.85595703125,3504.16088867188,3537.21997070313,150600
2007-04-16,3596.44091796875,3597.21508789063,3523.21704101563,3523.21704101563,131000
2007-04-17,3611.8701171875,3622.88793945313,3510.498046875,3611.6298828125,160600
2007-04-18,3612.39599609375,3623.86694335938,3564.22998046875,3614.67797851563,150400
2007-04-19,3449.01611328125,3617.43798828125,3358.92993164063,3610.02392578125,172800
2007-04-20,3584.2041015625,3591.4609375,3460.90405273438,3460.90405273438,138800
2007-04-23,3710.88598632813,3710.88598632813,3615.7890625,3615.7890625,163400
2007-04-24,3720.53198242188,3762.38793945313,3689.13403320313,3736.15405273438,174400
2007-04-25,3743.958984375,3769.2470703125,3653.98901367188,3708.57104492188,151800
2007-04-26,3783.06298828125,3784.67993164063,3732.60107421875,3766.47607421875,117200
2007-04-27,3759.86694335938,3802.92309570313,3720.59594726563,3788.748046875,132200
2007-04-30,3841.27197265625,3851.35009765625,3759.47998046875,3784.27197265625,146600
2007-05-08,3950.01098632813,3964.71411132813,3901.32592773438,3937.93798828125,160600
2007-05-09,4013.0849609375,4015.21899414063,3875.38403320313,3961.10302734375,208400
2007-05-10,4049.70092773438,4072.13793945313,3991.47705078125,4021.42211914063,171200
2007-05-11,4021.67797851563,4039.66796875,3949.36791992188,4024.42211914063,140600
2007-05-14,4046.39208984375,4081.42602539063,3940.35791015625,3970.66088867188,139400
2007-05-15,3899.17797851563,4069.84594726563,3891.36303710938,4055.833984375,156600
2007-05-16,3986.04296875,3987.40502929688,3845.22705078125,3890.80908203125,131800
2007-05-17,4048.29296875,4064.28295898438,3982.9951171875,4002.48510742188,139200
2007-05-18,4030.25805664063,4052.09692382813,3999.1650390625,4041.38989257813,130800
2007-05-21,4072.22509765625,4083.416015625,3892.97509765625,3902.34692382813,156200
2007-05-22,4110.37890625,4136.6298828125,4086.82495117188,4091.14306640625,173600
2007-05-23,4173.708984375,4175.44384765625,4093.9150390625,4125.42578125,161400
2007-05-24,4151.1328125,4208.38818359375,4089.38500976563,4188.67578125,181000
2007-05-25,4179.77587890625,4190.46923828125,4111.26123046875,4133.19189453125,154200
2007-05-28,4272.11083984375,4283.93017578125,4215.2431640625,4221.578125,178600
2007-05-29,4334.923828125,4335.962890625,4262.02392578125,4288.97998046875,172000
2007-05-30,4053.087890625,4275.23681640625,4015.51196289063,4087.40502929688,185600
2007-05-31,4109.65380859375,4178.10693359375,3858.0400390625,4006.28002929688,173200
2007-06-01,4000.74194335938,4181.27880859375,3966.97705078125,4120.626953125,161000
2007-06-04,3670.40087890625,3987.26904296875,3659.08911132813,3981.81689453125,114800
2007-06-05,3767.10107421875,3768.56298828125,3404.14599609375,3564.43310546875,157200
2007-06-06,3776.31689453125,3821.69702148438,3682.7939453125,3781.375,145800
2007-06-07,3890.80297851563,3891.40307617188,3779.5,3787.70190429688,142400
2007-06-08,3913.13500976563,3935.78588867188,3852.044921875,3900.02709960938,135800
2007-06-11,3995.67993164063,4000.416015625,3930.73999023438,3942.0048828125,133800
2007-06-12,4072.13793945313,4073.18090820313,3910.0009765625,4011.67895507813,149400
2007-06-13,4176.47900390625,4193.44580078125,4102.041015625,4110.7421875,167000
2007-06-14,4115.208984375,4179.72509765625,4085.78491210938,4162.20703125,138400
2007-06-15,4132.8681640625,4152.5419921875,4067.35693359375,4085.65600585938,108600
2007-06-18,4253.34814453125,4267.740234375,4193.31396484375,4195.39111328125,129000
2007-06-19,4269.52392578125,4280.85009765625,4209.5751953125,4247.7451171875,124600
2007-06-20,4181.3232421875,4311.9970703125,4164.27392578125,4269.455078125,135200
2007-06-21,4230.8232421875,4256.5419921875,4147.05419921875,4170.89404296875,113000
2007-06-22,4091.44506835938,4249.43115234375,4024.48901367188,4230.966796875,119600
2007-06-25,3941.0810546875,4131.1298828125,3912.42211914063,4102.787109375,101600
2007-06-26,3973.37109375,3976.19091796875,3818.85302734375,3863.248046875,93800
2007-06-27,4078.59912109375,4090.71508789063,3948.287109375,3985.71606445313,95200
2007-06-28,3914.2041015625,4113.283203125,3912.81396484375,4080.19409179688,97800
2007-06-29,3820.70288085938,3919.34497070313,3779.81298828125,3824.2900390625,86200
2007-07-02,3836.2939453125,3859.86108398438,3724.18701171875,3800.23291015625,74200
2007-07-03,3899.72412109375,3906.76098632813,3821.462890625,3854.71606445313,69800
2007-07-04,3816.1650390625,3916.47509765625,3800.27490234375,3906.01196289063,56400
2007-07-05,3615.8720703125,3778.39892578125,3614.53100585938,3769.63891601563,63400
2007-07-06,3781.34790039063,3785.34594726563,3563.5439453125,3599.81811523438,80800
2007-07-09,3883.21606445313,3900.90405273438,3782.73291015625,3809.669921875,83400
2007-07-10,3853.02099609375,3929.416015625,3841.80102539063,3895.90893554688,76600
2007-07-11,3865.72290039063,3879.2919921875,3812.13793945313,3837.7958984375,51400
2007-07-12,3915.99096679688,3925.60400390625,3861.037109375,3874.0390625,55200
2007-07-13,3914.39501953125,3935.50610351563,3878.18408203125,3920.82690429688,46000
2007-07-16,3821.916015625,3931.86791992188,3820.57397460938,3920.65307617188,47600
2007-07-17,3896.19091796875,3919.77709960938,3767.22192382813,3809.55810546875,48800
2007-07-18,3930.06005859375,3971.61010742188,3861.90698242188,3880.85205078125,62800
2007-07-19,3912.94091796875,3947.330078125,3887.58911132813,3918.5390625,48800
2007-07-20,4058.85302734375,4062.11596679688,3918.40893554688,3918.40893554688,83200
2007-07-23,4213.36083984375,4220.32177734375,4091.24194335938,4091.24194335938,121600
2007-07-24,4210.3291015625,4284.8291015625,4192.72021484375,4238.31982421875,111000
2007-07-25,4323.9658203125,4325.3779296875,4212.22998046875,4212.9501953125,94000
2007-07-26,4346.4580078125,4371.51220703125,4304.19287109375,4347.77783203125,99200
2007-07-27,4345.35693359375,4357.3427734375,4268.7880859375,4315.373046875,100200
2007-07-30,4440.76904296875,4450.18798828125,4345.79296875,4348.60693359375,112600
2007-07-31,4471.0322265625,4476.6259765625,4379.19921875,4432.26513671875,108600
2007-08-01,4300.56298828125,4502.2958984375,4284.87109375,4488.77392578125,126200
2007-08-02,4407.72998046875,4431.85009765625,4290.80908203125,4316.56689453125,98200
2007-08-03,4560.77392578125,4562.68798828125,4438.962890625,4440.97607421875,115200
2007-08-06,4628.10791015625,4629.9677734375,4564.31298828125,4600.1181640625,111800
2007-08-07,4651.22509765625,4687.43505859375,4581.2939453125,4642.009765625,116200
2007-08-08,4663.162109375,4711.31591796875,4568.69482421875,4614.5859375,119000
2007-08-09,4754.09521484375,4768.88623046875,4658.591796875,4658.591796875,97600
2007-08-10,4749.369140625,4769.619140625,4640.76611328125,4745.18115234375,101800
2007-08-13,4820.06396484375,4872.5478515625,4728.89208984375,4768.619140625,114200
2007-08-14,4872.78515625,4876.85107421875,4789.89501953125,4820.14990234375,88600
2007-08-15,4869.8828125,4916.31005859375,4762.7177734375,4875.51123046875,90600
2007-08-16,4765.4482421875,4845.01611328125,4710.31005859375,4845.01611328125,90600
2007-08-17,4656.57421875,4814.369140625,4646.43310546875,4733.13720703125,91200
2007-08-20,4904.85498046875,4906.0029296875,4758.39697265625,4773.83203125,99200
2007-08-21,4955.20703125,4982.98095703125,4917.82080078125,4944.2138671875,104200
2007-08-22,4980.0751953125,4999.19482421875,4861.27099609375,4876.34521484375,108200
2007-08-23,5032.494140625,5050.3828125,4968.3271484375,5002.8408203125,99400
2007-08-24,5107.66796875,5125.35888671875,5052.2412109375,5070.65087890625,109000
2007-08-27,5150.1181640625,5192.06103515625,5092.076171875,5144.82421875,116200
2007-08-28,5194.68896484375,5209.5068359375,5058.44580078125,5134.14111328125,105400
2007-08-29,5109.4267578125,5204.52587890625,5063.412109375,5147.712890625,100800
2007-08-30,5167.8837890625,5186.52587890625,5109.662109375,5144.11083984375,101200
2007-08-31,5218.8251953125,5235.1572265625,5158.3681640625,5184.0908203125,103600
2007-09-03,5321.05517578125,5327.5380859375,5257.77685546875,5257.77685546875,125800
2007-09-04,5294.044921875,5357.92578125,5264.99609375,5333.39990234375,120400
2007-09-05,5310.7158203125,5337.92919921875,5223.669921875,5296.06982421875,96200
2007-09-06,5393.66015625,5412.31884765625,5314.3369140625,5336.6689453125,107000
2007-09-07,5277.17578125,5405.35791015625,5269.25,5381.18603515625,119800
2007-09-10,5355.287109375,5356.85595703125,5169.90478515625,5208.31787109375,102400
2007-09-11,5113.9677734375,5395.0380859375,5093.9228515625,5362.94091796875,110000
2007-09-12,5172.626953125,5192.3017578125,5025.3359375,5092.576171875,97000
2007-09-13,5273.591796875,5276.77099609375,5178.87109375,5193.4091796875,86600
2007-09-14,5312.18212890625,5324.43896484375,5201.85400390625,5290.255859375,94600
2007-09-17,5421.39208984375,5427.1708984375,5307.77392578125,5309.05712890625,105600
2007-09-18,5425.2080078125,5458.578125,5339.9169921875,5446.73193359375,102600
2007-09-19,5395.26513671875,5447.35986328125,5336.06982421875,5439.01806640625,89800
2007-09-20,5470.06494140625,5482.4248046875,5396.10888671875,5408.48388671875,86600
2007-09-21,5454.673828125,5489.07421875,5363.34716796875,5482.5068359375,92800
2007-09-24,5485.01318359375,5506.06396484375,5404.4189453125,5469.8369140625,81800
2007-09-25,5425.8798828125,5509.23388671875,5396.48193359375,5500.26904296875,96600
2007-09-26,5338.52001953125,5463.89892578125,5320.02001953125,5407.8291015625,63600
2007-09-27,5409.40283203125,5411.18896484375,5306.8232421875,5338.10791015625,58800
2007-09-28,5552.30078125,5560.4169921875,5461.580078125,5461.580078125,80600
2007-10-08,5692.7548828125,5729.962890625,5620,5683.31005859375,96000
2007-10-09,5715.89208984375,5725.4072265625,5628.35009765625,5678.9130859375,83200
2007-10-10,5771.4638671875,5860.85888671875,5727.23779296875,5742.64794921875,92400
2007-10-11,5913.22998046875,5914.77197265625,5755.990234375,5798.38623046875,94800
2007-10-12,5903.26416015625,5959.36376953125,5658.81201171875,5950.90185546875,119200
2007-10-15,6030.0859375,6039.0419921875,5866.130859375,5934.77490234375,98800
2007-10-16,6092.05712890625,6124.0439453125,6040.712890625,6056.94580078125,88200
2007-10-17,6036.28076171875,6088.89208984375,5982.203125,6057.42822265625,71400
2007-10-18,5825.2822265625,6055.47314453125,5804.97314453125,6031.916015625,69800
2007-10-19,5818.046875,5932.10986328125,5766.86083984375,5869.1240234375,55200
2007-10-22,5667.33203125,5804.8359375,5654.9072265625,5742.791015625,54400
2007-10-23,5773.38720703125,5776.01611328125,5574.83984375,5660.06591796875,58400
2007-10-24,5843.10888671875,5906.69482421875,5793.55712890625,5804.01513671875,60200
2007-10-25,5562.39404296875,5819.8837890625,5546.041015625,5794.22314453125,71800
2007-10-26,5589.630859375,5628.833984375,5462.01318359375,5498.85791015625,51600
2007-10-29,5747.9970703125,5750.25390625,5617.97607421875,5641.98291015625,50200
2007-10-30,5897.19287109375,5899.64990234375,5701.3369140625,5769.203125,54200
2007-10-31,5954.76513671875,6002.1181640625,5871.47998046875,5984.712890625,71000
2007-11-01,5914.28515625,6005.130859375,5912.501953125,5978.93896484375,64800
2007-11-02,5777.80908203125,5860.59423828125,5740.40283203125,5812.46484375,59600
2007-11-05,5634.4521484375,5787.22802734375,5603.47021484375,5748.17578125,64200
2007-11-06,5536.56884765625,5649.751953125,5510.1611328125,5593.34716796875,45000
2007-11-07,5601.783203125,5610.953125,5469.76123046875,5565.64794921875,42800
2007-11-08,5330.02294921875,5559.15087890625,5328.201171875,5559.15087890625,49000
2007-11-09,5315.5400390625,5382.69677734375,5217.62890625,5276.0078125,47400
2007-11-12,5187.73486328125,5250.0849609375,5032.578125,5181.1748046875,52600
2007-11-13,5158.1181640625,5311.6982421875,5085.44384765625,5239.3427734375,49200
2007-11-14,5412.69384765625,5414.60888671875,5165.06298828125,5246.57421875,51000
2007-11-15,5365.26708984375,5453.740234375,5338.90478515625,5391.01708984375,47800
2007-11-16,5316.27392578125,5335.51318359375,5224.31298828125,5273.08203125,37400
2007-11-19,5269.81689453125,5333.087890625,5240.423828125,5325.3017578125,41000
2007-11-20,5293.703125,5338.1728515625,5158.5419921875,5230.7421875,49000
2007-11-21,5214.22509765625,5344.93017578125,5206.57421875,5307.79296875,41200
2007-11-22,4984.1611328125,5154.85791015625,4969.89404296875,5113.8818359375,40400
2007-11-23,5032.1298828125,5034.22509765625,4896.98779296875,4946.2578125,30800
2007-11-26,4958.84912109375,5124.88818359375,4952.42919921875,5102.52587890625,36800
2007-11-27,4861.11083984375,4947.076171875,4857.0380859375,4919.9130859375,30800
2007-11-28,4803.39404296875,4907.755859375,4778.72705078125,4870.841796875,32800
2007-11-29,5003.3330078125,5011.19384765625,4814.783203125,4870.86083984375,50000
2007-11-30,4871.77783203125,4993.740234375,4861.86376953125,4993.740234375,43400
2007-12-03,4868.61083984375,4899.6669921875,4798.01416015625,4838.56396484375,53800
2007-12-04,4915.88916015625,4971.40380859375,4882.14892578125,4882.14892578125,42800
2007-12-05,5042.65380859375,5052.748046875,4893.3232421875,4917.365234375,54400
2007-12-06,5035.0732421875,5065.509765625,4995.47216796875,5055.8349609375,43200
2007-12-07,5091.755859375,5096.798828125,5021.3662109375,5038.47802734375,50000
2007-12-10,5161.9189453125,5168.76416015625,4990.7177734375,5010.826171875,68800
2007-12-11,5175.076171875,5209.705078125,5103.7470703125,5180.541015625,66800
2007-12-12,5095.54296875,5149.93115234375,5054.56494140625,5148.25390625,72200
2007-12-13,4958.04296875,5095.15185546875,4954.35693359375,5078.18212890625,67200
2007-12-14,5007.9111328125,5011.201171875,4860.15576171875,4899.75,53000
2007-12-17,4876.76123046875,5007.34619140625,4874.6240234375,5007.28515625,63600
2007-12-18,4836.173828125,4905.4921875,4812.15576171875,4856.47119140625,40600
2007-12-19,4941.7841796875,4960.4169921875,4868.35400390625,4878.06591796875,56200
2007-12-20,5043.53515625,5050.78515625,4923.294921875,4965.2900390625,57800
2007-12-21,5101.77880859375,5112.38818359375,5013.7587890625,5017.19482421875,66200
2007-12-24,5234.26220703125,5284.33984375,5104.64501953125,5132.9130859375,85000
2007-12-25,5201.18115234375,5254.40478515625,5178.80078125,5233.1748046875,71000
2007-12-26,5233.35107421875,5262.591796875,5158.755859375,5209.03515625,74400
2007-12-27,5308.88916015625,5316.52294921875,5203.501953125,5248.22216796875,87400
2007-12-28,5261.56298828125,5336.4990234375,5248.69189453125,5320.0068359375,77200
2008-01-02,5272.81396484375,5295.01611328125,5201.89208984375,5265,76600
2008-01-03,5319.86083984375,5321.45703125,5211.0458984375,5269.80078125,98600
2008-01-04,5361.57421875,5372.4609375,5318.4609375,5328.4111328125,80800
2008-01-07,5393.3427734375,5403.34912109375,5332.59716796875,5357.4501953125,92000
2008-01-08,5386.53076171875,5480.06982421875,5344.64794921875,5414.55810546875,102400
2008-01-09,5435.80712890625,5437.76416015625,5346.84619140625,5365.22216796875,76800
2008-01-10,5456.541015625,5483.8271484375,5407.30712890625,5449.16015625,96600
2008-01-11,5484.6767578125,5500.06103515625,5423.80712890625,5471.38720703125,87800
2008-01-14,5497.90087890625,5522.77783203125,5456.92919921875,5507.578125,78800
2008-01-15,5443.791015625,5505.03515625,5405.59521484375,5503.93115234375,80800
2008-01-16,5290.60595703125,5396.0439453125,5288.76513671875,5395.27685546875,89200
2008-01-17,5151.6259765625,5312.287109375,5039.7861328125,5235.908203125,99000
2008-01-18,5180.51416015625,5187.60498046875,5093.1337890625,5141.37109375,68600
2008-01-21,4914.43505859375,5200.92578125,4891.28515625,5188.794921875,75600
2008-01-22,4559.7509765625,4817.9970703125,4511.953125,4817.9970703125,92400
2008-01-23,4703.046875,4705.0732421875,4510.50390625,4572.90185546875,88000
2008-01-24,4717.73388671875,4767.798828125,4625.4599609375,4753.44482421875,90000
2008-01-25,4761.68798828125,4806.88916015625,4657.708984375,4716.97705078125,78000
2008-01-28,4419.2939453125,4720.56396484375,4409.0791015625,4720.56396484375,69400
2008-01-29,4457.94384765625,4517.60107421875,4389.51708984375,4426.26708984375,50400
2008-01-30,4417.84912109375,4554.3427734375,4330.69677734375,4505.634765625,55000
2008-01-31,4383.39306640625,4487.31787109375,4368.2958984375,4408.02392578125,45200
2008-02-01,4320.76708984375,4411.7041015625,4195.7529296875,4388.25390625,59400
2008-02-04,4672.169921875,4672.2138671875,4415.02294921875,4415.02294921875,63400
2008-02-05,4599.69580078125,4662.97119140625,4550.42919921875,4622.5390625,52600
2008-02-13,4490.72119140625,4547.5390625,4454.64208984375,4525.02587890625,37000
2008-02-14,4552.31591796875,4576.98291015625,4507.94287109375,4527.05419921875,35000
2008-02-15,4497.126953125,4523.7919921875,4431.462890625,4523.7919921875,41400
2008-02-18,4568.15087890625,4601.22412109375,4517.59619140625,4546.751953125,55800
2008-02-19,4664.294921875,4665.55419921875,4544.94384765625,4582.2841796875,60600
2008-02-20,4567.02587890625,4695.8017578125,4556.81396484375,4682.587890625,66400
2008-02-21,4527.1767578125,4568.2080078125,4452.6748046875,4534.1689453125,61400
2008-02-22,4370.28515625,4500.384765625,4333.033203125,4500.384765625,67600
2008-02-25,4192.533203125,4391.3330078125,4182.77392578125,4370.18798828125,58800
2008-02-26,4238.17919921875,4331.64013671875,4123.30517578125,4302.73486328125,55600
2008-02-27,4334.046875,4360.7001953125,4222.458984375,4256.5322265625,50600
2008-02-28,4299.51318359375,4344.92578125,4265.498046875,4343.27685546875,48000
2008-02-29,4348.54296875,4364.81396484375,4275.89892578125,4293.533203125,47800
2008-03-03,4438.26513671875,4456.962890625,4279.34521484375,4323.6982421875,78600
2008-03-04,4335.44580078125,4472.15087890625,4321.26611328125,4454.18017578125,87000
2008-03-05,4292.65380859375,4352.82177734375,4210.962890625,4316.25,74200
2008-03-06,4360.98583984375,4427.498046875,4260.787109375,4310.35400390625,85000
2008-03-07,4300.51513671875,4341.294921875,4265.8291015625,4315.80810546875,56800
2008-03-10,4146.298828125,4265.61083984375,4120.52978515625,4265.61083984375,65600
2008-03-11,4165.8779296875,4165.9150390625,4063.46997070313,4121.65283203125,51400
2008-03-12,4070.11596679688,4272.97900390625,4068.78100585938,4254.6728515625,57200
2008-03-13,3971.25708007813,4055.44604492188,3902.248046875,4033.31909179688,63600
2008-03-14,3962.67309570313,4000.78002929688,3891.69995117188,3956.74609375,41400
2008-03-17,3820.04809570313,3941.25805664063,3812.9990234375,3941.25805664063,49200
2008-03-18,3668.89697265625,3862.77197265625,3607.25,3789.56494140625,57800
2008-03-19,3761.60498046875,3813.88500976563,3677.81689453125,3746.04711914063,61600
2008-03-20,3804.05395507813,3857.6201171875,3516.330078125,3721.50390625,73200
2008-03-21,3796.57592773438,3838.05810546875,3746.39501953125,3790.11108398438,65000
2008-03-24,3626.18798828125,3840.47900390625,3624.93603515625,3830.34594726563,59000
2008-03-25,3629.61889648438,3659.2099609375,3521.52807617188,3559.94189453125,52800
2008-03-26,3606.85693359375,3698.32495117188,3591.10791015625,3644.1298828125,46200
2008-03-27,3411.49291992188,3541.27587890625,3407.89599609375,3541.27587890625,55000
2008-03-28,3580.14599609375,3590.7529296875,3357.22900390625,3378.6279296875,63200
2008-03-31,3472.712890625,3555.82397460938,3445.55590820313,3465.90795898438,47200
2008-04-01,3329.162109375,3493.13305664063,3308.90209960938,3461.0849609375,54800
2008-04-02,3347.88208007813,3464.53100585938,3283.63989257813,3370.60400390625,65400
2008-04-03,3446.24389648438,3456.94799804688,3271.2900390625,3323.42602539063,50800
2008-04-07,3599.61791992188,3613.47998046875,3386.51196289063,3418.51611328125,61000
2008-04-08,3612.5390625,3656.9609375,3563.85009765625,3604.26293945313,65400
2008-04-09,3413.90698242188,3606.88696289063,3413.07202148438,3585.84692382813,59800
2008-04-10,3471.74291992188,3474.31201171875,3344.8701171875,3378.13891601563,45400
2008-04-11,3492.89306640625,3517.81811523438,3462.13598632813,3498.55493164063,43200
2008-04-14,3296.67211914063,3427.88403320313,3285.29809570313,3419.04711914063,50400
2008-04-15,3348.35302734375,3349.76000976563,3212.14990234375,3282.57202148438,44600
2008-04-16,3291.59912109375,3363.21606445313,3283.07788085938,3349.93090820313,40000
2008-04-17,3222.74096679688,3352.95092773438,3180.19897460938,3286.4140625,45800
2008-04-18,3094.66796875,3203.7099609375,3078.17407226563,3200.57006835938,43600
2008-04-21,3116.97705078125,3305.16796875,3073.56298828125,3305.15209960938,60000
2008-04-22,3147.79296875,3148.73095703125,2990.7880859375,3076.71508789063,48800
2008-04-23,3278.330078125,3296.71704101563,3089.89306640625,3116.412109375,66200
2008-04-24,3583.02807617188,3593.19702148438,3461.64306640625,3539.86791992188,142000
2008-04-25,3557.7490234375,3658.55102539063,3527.837890625,3572.54711914063,129600
2008-04-28,3474.72192382813,3530.90502929688,3460.2548828125,3497.38305664063,75800
2008-04-29,3523.40502929688,3544.22900390625,3453.27905273438,3457.35107421875,67200
2008-04-30,3693.10595703125,3705.09301757813,3543.01904296875,3545.57299804688,107600
2008-05-05,3761.00903320313,3768.21606445313,3696.69702148438,3739.79711914063,99600
2008-05-06,3733.5029296875,3786.02392578125,3680.98999023438,3735.84912109375,99000
2008-05-07,3579.14697265625,3774.06591796875,3577.99096679688,3716.44604492188,90400
2008-05-08,3656.83911132813,3658.04711914063,3523.02490234375,3538.916015625,75200
2008-05-09,3613.49389648438,3693.15991210938,3552.47290039063,3682.955078125,87800
2008-05-12,3626.98193359375,3668.85693359375,3521.8779296875,3548.61401367188,79800
2008-05-13,3560.24291992188,3615.06005859375,3508.32006835938,3515.7109375,90800
2008-05-14,3657.43188476563,3661.97094726563,3549.66796875,3549.66796875,88600
2008-05-15,3637.32397460938,3706.72192382813,3636.22412109375,3676.83911132813,84000
2008-05-16,3624.23291015625,3661.07104492188,3582.5,3637.63598632813,64800
2008-05-19,3604.76098632813,3624.84399414063,3563.60888671875,3615.59399414063,48400
2008-05-20,3443.162109375,3632.00610351563,3432.38208007813,3601.54907226563,66400
2008-05-21,3544.18603515625,3560.52807617188,3355.083984375,3414.34399414063,73600
2008-05-22,3485.6298828125,3558.01904296875,3469.7919921875,3493.06689453125,68600
2008-05-23,3473.09106445313,3521.39306640625,3435.84106445313,3473.80102539063,60000
2008-05-26,3364.5439453125,3443.98803710938,3361.98510742188,3442.291015625,52800
2008-05-27,3375.40698242188,3383.67895507813,3333.95092773438,3355.11401367188,42400
2008-05-28,3459.02587890625,3486.33203125,3354.25390625,3382.77392578125,52400
2008-05-29,3401.43701171875,3481.73388671875,3400.77294921875,3447.76806640625,51400
2008-05-30,3433.35400390625,3450.49291992188,3390.88305664063,3414.25390625,48400
2008-06-02,3459.0439453125,3483.61010742188,3400.72290039063,3426.19506835938,49200
2008-06-03,3436.39794921875,3469.06298828125,3409.22607421875,3456.580078125,56600
2008-06-04,3369.9130859375,3428.46704101563,3341.73901367188,3424.037109375,48000
2008-06-05,3351.64501953125,3376.34106445313,3326.537109375,3355.92797851563,41800
2008-06-06,3329.669921875,3371.28295898438,3312.72094726563,3362.0048828125,34800
2008-06-10,3072.3330078125,3215.5009765625,3045.05810546875,3202.11303710938,51000
2008-06-11,3024.23999023438,3064.19995117188,2992.35107421875,3042.15795898438,47000
2008-06-12,2957.53198242188,3031.06396484375,2900.11596679688,3011.55810546875,49600
2008-06-13,2868.80004882813,2976.44995117188,2865.5,2960.90502929688,41000
2008-06-16,2874.10302734375,2917.81005859375,2811.71606445313,2876.2939453125,40400
2008-06-17,2794.7509765625,2893.47094726563,2769.11791992188,2873.12890625,43200
2008-06-18,2941.11499023438,2945.42211914063,2729.7109375,2772.36694335938,66400
2008-06-19,2748.8740234375,2921.72094726563,2742.15087890625,2921.72094726563,56800
2008-06-20,2831.73608398438,2917.32495117188,2695.6279296875,2811.083984375,74200
2008-06-23,2760.4169921875,2813.13696289063,2741.18994140625,2780.14794921875,40600
2008-06-24,2803.01904296875,2817.16796875,2728.830078125,2747.32202148438,48400
2008-06-25,2905.01391601563,2910.48095703125,2784.416015625,2794.0400390625,64800
2008-06-26,2901.85009765625,2931.30590820313,2851.11596679688,2904.09399414063,65600
2008-06-27,2748.43188476563,2822.26391601563,2723.15795898438,2809.30908203125,60600
2008-06-30,2736.10302734375,2766.80297851563,2693.40405273438,2724.40405273438,38600
2008-07-01,2651.60498046875,2753.330078125,2644.77587890625,2743.1640625,40600
2008-07-02,2651.72509765625,2700.90307617188,2627.89794921875,2656.0380859375,40200
2008-07-03,2703.52905273438,2746.36889648438,2566.52807617188,2610.81494140625,68200
2008-07-04,2669.89208984375,2713.47607421875,2645.8291015625,2691.20703125,57200
2008-07-07,2792.39697265625,2801.53393554688,2673.55004882813,2673.55004882813,77400
2008-07-08,2814.94702148438,2843.60302734375,2754.61596679688,2805.60791015625,80200
2008-07-09,2920.5458984375,2920.5458984375,2838.86303710938,2838.86303710938,97000
2008-07-10,2875.44995117188,2952.0390625,2862.05908203125,2879.6240234375,91000
2008-07-11,2856.63403320313,2888.287109375,2821.31103515625,2863.81298828125,64800
2008-07-14,2878.25610351563,2895.30200195313,2828.23608398438,2837.4951171875,54400
2008-07-15,2779.44799804688,2896.32788085938,2769.9140625,2886.11206054688,71000
2008-07-16,2705.86694335938,2765.14794921875,2656.61303710938,2753.89794921875,60000
2008-07-17,2684.77807617188,2773.28100585938,2676.14892578125,2747.95092773438,50800
2008-07-18,2778.36694335938,2785.53002929688,2665.90698242188,2711.74194335938,57800
2008-07-21,2861.41796875,2865.06494140625,2745.64208984375,2759.88305664063,66400
2008-07-22,2846.11694335938,2868.62109375,2830.76489257813,2852.44189453125,61600
2008-07-23,2837.84912109375,2887.57592773438,2831.11108398438,2870.93408203125,61400
2008-07-24,2910.2919921875,2912.70190429688,2849.09692382813,2861.81005859375,72600
2008-07-25,2865.10107421875,2888.57788085938,2851.92895507813,2875.77001953125,62600
2008-07-28,2903.01196289063,2924.44702148438,2883.76098632813,2883.76098632813,62400
2008-07-29,2850.31103515625,2868.00805664063,2827.69702148438,2868.00805664063,58600
2008-07-30,2836.66796875,2894.36889648438,2822.18798828125,2884.5859375,49000
2008-07-31,2775.71704101563,2847.99609375,2774.10400390625,2844.65087890625,44600
2008-08-01,2801.81689453125,2830.76391601563,2721.95190429688,2751.02001953125,49200
2008-08-04,2741.73999023438,2793.25708007813,2738.85009765625,2782.98510742188,37200
2008-08-05,2690.74609375,2762.26293945313,2684.73388671875,2751.19995117188,42400
2008-08-06,2719.36791992188,2743.11303710938,2678.86206054688,2711.60205078125,40600
2008-08-07,2727.57690429688,2742.705078125,2691.35498046875,2717.501953125,39400
2008-08-08,2605.71899414063,2725.93090820313,2595.9169921875,2724.42993164063,48600
2008-08-11,2470.07397460938,2601.501953125,2453.70703125,2595.89501953125,47200
2008-08-12,2457.19799804688,2484.74609375,2430.84912109375,2445.21606445313,36600
2008-08-13,2446.29711914063,2458.76904296875,2370.73706054688,2440.52490234375,41000
2008-08-14,2437.08203125,2454.2509765625,2409.01000976563,2432.19702148438,31400
2008-08-15,2450.61010742188,2476.85791015625,2414.57299804688,2434.40795898438,31200
2008-08-18,2319.86791992188,2455.50390625,2318.92602539063,2451.77807617188,53600
2008-08-19,2344.46899414063,2355.92895507813,2284.5849609375,2297.2451171875,38600
2008-08-20,2523.28198242188,2523.46899414063,2306.662109375,2332.48388671875,73800
2008-08-21,2431.71606445313,2518.44311523438,2431.0458984375,2484.48510742188,61400
2008-08-22,2405.22607421875,2426.70703125,2362.09301757813,2414.458984375,46200
2008-08-25,2413.3740234375,2443.98999023438,2382.291015625,2408.09497070313,33800
2008-08-26,2350.083984375,2403.01611328125,2327.21997070313,2384.94604492188,41000
2008-08-27,2342.14697265625,2385.99096679688,2310.455078125,2343.88208007813,41000
2008-08-28,2350.14306640625,2374.24609375,2333.03002929688,2341.9560546875,34800
2008-08-29,2397.36889648438,2420.84790039063,2352.09912109375,2361.0458984375,46400
2008-09-01,2325.13500976563,2380.46801757813,2311.72705078125,2380.46801757813,36200
2008-09-02,2304.89111328125,2329.00903320313,2284.919921875,2312.10205078125,34200
2008-09-03,2276.67211914063,2321.53491210938,2248.06689453125,2301.94091796875,42200
2008-09-04,2277.41088867188,2295.35498046875,2249.1201171875,2270.52392578125,34200
2008-09-05,2202.44604492188,2238.32397460938,2199.36499023438,2224.52709960938,38600
2008-09-08,2143.4208984375,2220.5458984375,2135.375,2210.34399414063,37600
2008-09-09,2145.77905273438,2161.35009765625,2114.5029296875,2152.27709960938,30800
2008-09-10,2150.75903320313,2185.69409179688,2102.90600585938,2131.80004882813,39000
2008-09-11,2078.98095703125,2148.1240234375,2070.42700195313,2143.39990234375,36400
2008-09-12,2079.67309570313,2104.6259765625,2064.2900390625,2077.55004882813,30400
2008-09-16,1986.63598632813,2049.81298828125,1974.38793945313,2049.81298828125,46200
2008-09-17,1929.04699707031,1999.95300292969,1922.68005371094,1971.94396972656,45800
2008-09-18,1895.83703613281,1942.84594726563,1802.3310546875,1876.12194824219,66400
2008-09-19,2075.09106445313,2075.09106445313,2043.31604003906,2067.64306640625,58400
2008-09-22,2236.40991210938,2269.73291015625,2164.79809570313,2241.72290039063,140000
2008-09-23,2201.51000976563,2253.39501953125,2181.9599609375,2209.1220703125,100200
2008-09-24,2216.81103515625,2218.291015625,2116.9599609375,2133.09790039063,64600
2008-09-25,2297.5009765625,2333.27709960938,2211.44995117188,2214.583984375,101200
2008-09-26,2293.78393554688,2310.44506835938,2246.27905273438,2304.11889648438,78200
2008-10-06,2173.73803710938,2267.39404296875,2172.56909179688,2267.39404296875,61000
2008-10-07,2157.83911132813,2182.998046875,2072.89599609375,2101.09301757813,57000
2008-10-08,2092.22412109375,2127.0849609375,2059.0859375,2095.91088867188,50800
2008-10-09,2074.5830078125,2130.8701171875,2063.40795898438,2125.56689453125,45000
2008-10-10,2000.57202148438,2027.8310546875,1963.18298339844,1995.95703125,54000
2008-10-13,2073.56811523438,2074.46801757813,1931.47204589844,1978.56005859375,56600
2008-10-14,2017.32104492188,2146.72998046875,2016.18395996094,2139.06494140625,68000
2008-10-15,1994.6669921875,2013.49096679688,1963.10302734375,1995.88500976563,40800
2008-10-16,1909.94104003906,1943.31994628906,1901.50305175781,1916.13305664063,50600
2008-10-17,1930.65100097656,1941.29895019531,1902.59802246094,1921.84204101563,38600
2008-10-20,1974.00598144531,1979.83898925781,1890.92004394531,1924.17700195313,44600
2008-10-21,1958.52905273438,1996.65795898438,1956.10998535156,1978.67395019531,54000
2008-10-22,1895.82202148438,1950.791015625,1894.31005859375,1932.67700195313,48400
2008-10-23,1875.56103515625,1879.84899902344,1828.30798339844,1851.25903320313,47800
2008-10-24,1839.62097167969,1888.10095214844,1825.52600097656,1875.63098144531,46200
2008-10-27,1723.35095214844,1809.22497558594,1721.60400390625,1809.22497558594,50600
2008-10-28,1771.82104492188,1786.43505859375,1664.92504882813,1671.39599609375,59800
2008-10-29,1719.81201171875,1795.08703613281,1719.3349609375,1786.19995117188,52200
2008-10-30,1763.60705566406,1788.20397949219,1710.72595214844,1732.77197265625,53600
2008-10-31,1728.78601074219,1765.67895507813,1721.58996582031,1754.2060546875,40200
2008-11-03,1719.77404785156,1750.31896972656,1702.98095703125,1713.76293945313,35800
2008-11-04,1706.70300292969,1717.10095214844,1678.95703125,1707.92504882813,39200
2008-11-05,1760.60900878906,1788.25805664063,1716.21899414063,1716.21899414063,60400
2008-11-06,1717.72204589844,1728.21899414063,1703.09899902344,1720.42102050781,45600
2008-11-07,1747.71301269531,1762.23303222656,1680.60205078125,1686.52404785156,46800
2008-11-10,1874.80102539063,1876.16198730469,1782.30505371094,1782.30505371094,91200
2008-11-11,1843.60705566406,1887.79504394531,1840.916015625,1872.06701660156,90800
2008-11-12,1859.10998535156,1863.89599609375,1815.07604980469,1820.43896484375,65800
2008-11-13,1927.61303710938,1942.89697265625,1825.88305664063,1837.27404785156,121000
2008-11-14,1986.43798828125,1987.26098632813,1921.83605957031,1943.96398925781,130400
2008-11-17,2030.48498535156,2031.10302734375,1963.85400390625,1981.26403808594,136800
2008-11-18,1902.43005371094,2050.87890625,1889.86499023438,2020.98596191406,156600
2008-11-19,2017.47399902344,2023.91101074219,1883.8349609375,1889.35095214844,128800
2008-11-20,1983.76000976563,2030.86804199219,1956.73400878906,1977.2080078125,130800
2008-11-21,1969.38903808594,2013.17895507813,1893.14697265625,1932.59594726563,127200
2008-11-24,1897.06005859375,1974.46997070313,1893.34301757813,1961.2060546875,84600
2008-11-25,1888.71496582031,1939.36901855469,1858.1650390625,1925.248046875,69600
2008-11-26,1897.88403320313,1914.7080078125,1873.17895507813,1890.3330078125,65200
2008-11-27,1917.86096191406,2022.48303222656,1916.46594238281,2012.68603515625,122400
2008-11-28,1871.15600585938,1915.27404785156,1856.28601074219,1901.67504882813,77800
2008-12-01,1894.61499023438,1895.75598144531,1838.09997558594,1865.74304199219,81800
2008-12-02,1889.63793945313,1907.77502441406,1846.53295898438,1856.96997070313,104200
2008-12-03,1965.41394042969,1965.82995605469,1902.93994140625,1903.42895507813,135000
2008-12-04,2001.50402832031,2055.20703125,1985.19799804688,1992.71997070313,176000
2008-12-05,2018.65600585938,2019.748046875,1975.71105957031,1984.25805664063,118400
2008-12-08,2090.77294921875,2091.28393554688,2038.18896484375,2049.162109375,165000
2008-12-09,2037.73999023438,2100.80590820313,2036.88903808594,2100.77197265625,145400
2008-12-10,2079.11694335938,2079.55200195313,2005.55798339844,2025.02697753906,128200
2008-12-11,2031.68103027344,2087.19604492188,2028.72595214844,2072.57690429688,121600
2008-12-12,1954.21496582031,2023.17700195313,1932.27197265625,2014.57995605469,108200
2008-12-15,1964.3740234375,1989.30297851563,1936.56103515625,1977.02795410156,81600
2008-12-16,1975.00598144531,1976.71899414063,1907.82604980469,1948.85900878906,78400
2008-12-17,1976.81896972656,2003.375,1971.81604003906,1983.83605957031,97200
2008-12-18,2015.69396972656,2016.56896972656,1958.97497558594,1978.97399902344,92200
2008-12-19,2018.46301269531,2038.65698242188,1997.11999511719,2006.2080078125,102200
2008-12-22,1987.75500488281,2016.45397949219,1965.35400390625,2016.45397949219,86800
2008-12-23,1897.22497558594,1990.04895019531,1895.17797851563,1990.04895019531,99000
2008-12-24,1863.80004882813,1887.31396484375,1850.85498046875,1873.57702636719,74400
2008-12-25,1852.4189453125,1877.76794433594,1832.35498046875,1865.72094726563,64600
2008-12-26,1851.51794433594,1866.63000488281,1840.19104003906,1852.91101074219,53200
2008-12-29,1850.47998046875,1856.333984375,1815.40698242188,1846.30395507813,55000
2008-12-30,1832.91003417969,1862.93701171875,1826.97998046875,1851.90905761719,56400
2008-12-31,1820.80505371094,1844.36694335938,1814.751953125,1834.94897460938,50400
2009-01-05,1880.71594238281,1880.71594238281,1844.09399414063,1849.02001953125,67200
2009-01-06,1937.14501953125,1938.68994140625,1871.97094726563,1878.82702636719,99000
2009-01-07,1924.01196289063,1948.23303222656,1920.51501464844,1938.97399902344,92400
2009-01-08,1878.18103027344,1894.17102050781,1862.26293945313,1890.24194335938,80400
2009-01-09,1904.86096191406,1909.34899902344,1875.16394042969,1875.16394042969,71200
2009-01-12,1900.34704589844,1924.44104003906,1886.8330078125,1897.70300292969,83600
2009-01-13,1863.36694335938,1888.30895996094,1861.81103515625,1880.86804199219,73800
2009-01-14,1928.86901855469,1929.27600097656,1862.30895996094,1862.31005859375,88000
2009-01-15,1920.2060546875,1937.72802734375,1902.5419921875,1912.77197265625,116000
2009-01-16,1954.43798828125,1984.72802734375,1928.92199707031,1928.92199707031,133000
2009-01-19,1986.67199707031,2018.51000976563,1966.18798828125,1971,109400
2009-01-20,1994.10705566406,1994.80895996094,1956.10205078125,1981.14697265625,74600
2009-01-21,1985.01599121094,2007.91101074219,1960.52905273438,1965.94396972656,87200
2009-01-22,2004.95104980469,2009.85095214844,1980.43798828125,1996.08605957031,88200
2009-01-23,1990.65698242188,2008.78796386719,1986.34802246094,2001.17199707031,86000
2009-02-02,2011.68298339844,2012.74194335938,1987.12902832031,2008.13403320313,84800
2009-02-03,2060.80810546875,2060.92504882813,2005.02197265625,2011.77001953125,134400
2009-02-04,2107.7490234375,2108.25708007813,2067.78588867188,2068.0859375,151800
2009-02-05,2098.01806640625,2149.47607421875,2082.59594726563,2106.8349609375,165400
2009-02-06,2181.23901367188,2185.0859375,2102.07788085938,2102.07788085938,160800
2009-02-09,2224.71411132813,2238.89404296875,2196.7080078125,2211.31689453125,192400
2009-02-10,2265.16088867188,2266.39794921875,2197.00708007813,2218.48901367188,172600
2009-02-11,2260.82006835938,2305.705078125,2218.29711914063,2230.48999023438,209400
2009-02-12,2248.09106445313,2274.20092773438,2191.88696289063,2265.7890625,174000
2009-02-13,2320.7919921875,2323.1201171875,2236.17797851563,2249.18505859375,199800
2009-02-16,2389.38696289063,2389.8779296875,2328.17895507813,2338.75805664063,211400
2009-02-17,2319.44091796875,2402.80688476563,2316.93408203125,2387.35400390625,198200
2009-02-18,2209.86206054688,2295.74096679688,2206.06201171875,2271.26000976563,162400
2009-02-19,2227.125,2247.61596679688,2190.47290039063,2224.48999023438,129800
2009-02-20,2261.47802734375,2262.33203125,2206.2109375,2234.36499023438,129000
2009-02-23,2305.77709960938,2313.59399414063,2219.71411132813,2249.2890625,160200
2009-02-24,2200.65405273438,2295.59008789063,2193.26806640625,2273.7548828125,183800
2009-02-25,2206.57397460938,2234.01806640625,2142.60107421875,2222.50610351563,152400
2009-02-26,2121.2509765625,2237.54711914063,2102.34594726563,2201.67211914063,148600
2009-02-27,2082.85205078125,2123.24389648438,2064.91796875,2100.06298828125,123000
2009-03-02,2093.44702148438,2102.11206054688,2052.99194335938,2066.22900390625,87400
2009-03-03,2071.43090820313,2088.6279296875,2037.02404785156,2047.21301269531,97800
2009-03-04,2198.10693359375,2201.72705078125,2076.61596679688,2076.61596679688,154800
2009-03-05,2221.07592773438,2241.76098632813,2173.49096679688,2220.14990234375,182400
2009-03-06,2193.00708007813,2221.0400390625,2171.66796875,2180.7880859375,123800
2009-03-09,2118.748046875,2232.67407226563,2116.45288085938,2205.74609375,124400
2009-03-10,2158.56811523438,2159.26806640625,2088.162109375,2097.13891601563,84000
2009-03-11,2139.02490234375,2203.53393554688,2133.14111328125,2199.98291015625,103800
2009-03-12,2133.88110351563,2136.794921875,2086.01806640625,2127.72607421875,87200
2009-03-13,2128.84790039063,2166.02197265625,2124.97900390625,2148.41796875,83600
2009-03-16,2153.291015625,2158.89990234375,2108.61206054688,2122.40795898438,73400
2009-03-17,2218.32592773438,2225.19189453125,2151.77587890625,2156.77392578125,130800
2009-03-18,2223.72509765625,2255.00903320313,2221.587890625,2227.98095703125,147000
2009-03-19,2265.75903320313,2268.14404296875,2220.1640625,2227.34399414063,145800
2009-03-20,2281.0869140625,2294.11694335938,2250.40502929688,2272.43701171875,150600
2009-03-23,2325.47998046875,2329.18310546875,2276.81005859375,2286.24609375,160000
2009-03-24,2338.419921875,2369.4541015625,2327.42993164063,2359.67895507813,162800
2009-03-25,2291.55493164063,2355.68994140625,2291.35888671875,2333.1630859375,144800
2009-03-26,2361.7041015625,2362.04809570313,2274.89501953125,2296.04711914063,158600
2009-03-27,2374.43798828125,2392.76904296875,2361.09106445313,2380.6259765625,186600
2009-03-30,2358.0400390625,2380.19409179688,2348.52709960938,2377.96411132813,139800
2009-03-31,2373.212890625,2375.7119140625,2299.15795898438,2313.88305664063,142600
2009-04-01,2408.01708984375,2422.625,2380.97900390625,2380.97900390625,179800
2009-04-02,2425.291015625,2450.0029296875,2417.11108398438,2417.21704101563,188400
2009-04-03,2419.77807617188,2456.81103515625,2406.49609375,2446.1240234375,170200
2009-04-07,2439.18188476563,2449.537109375,2407.50610351563,2422.10009765625,124200
2009-04-08,2347.38500976563,2435.38793945313,2346.537109375,2429.87890625,146800
2009-04-09,2379.8759765625,2380.93505859375,2331.876953125,2345.00903320313,113200
2009-04-10,2444.22607421875,2444.98095703125,2392.80004882813,2400.01391601563,157400
2009-04-13,2513.70092773438,2522.44506835938,2464.06103515625,2468.0830078125,191400
2009-04-14,2527.18090820313,2532.08911132813,2495.3369140625,2512.00903320313,165200
2009-04-15,2536.05590820313,2542.5400390625,2485.92602539063,2514.59106445313,181000
2009-04-16,2534.13403320313,2549.31201171875,2497.1220703125,2542.3359375,186200
2009-04-17,2503.93505859375,2539.35205078125,2481.89892578125,2524.6259765625,161600
2009-04-20,2557.4560546875,2559.03588867188,2497.32104492188,2500.17309570313,148000
2009-04-21,2535.82788085938,2552.59790039063,2499.60107421875,2523.26196289063,164600
2009-04-22,2461.34594726563,2579.21801757813,2449.89501953125,2548.10498046875,194000
2009-04-23,2463.9541015625,2474.14599609375,2422.7890625,2440.67602539063,126200
2009-04-24,2448.59497070313,2481.52709960938,2445.6640625,2477.15600585938,113800
2009-04-27,2405.34790039063,2452.92797851563,2393.162109375,2443.43603515625,113000
2009-04-28,2401.43798828125,2411.43798828125,2372.34301757813,2382.88403320313,94800
2009-04-29,2468.19189453125,2477.72509765625,2395.48291015625,2401.65795898438,126600
2009-04-30,2477.56909179688,2491.07202148438,2461.36499023438,2477.92797851563,131200
2009-05-04,2559.91088867188,2560.5439453125,2486.22509765625,2486.68505859375,153400
2009-05-05,2567.3369140625,2590.77587890625,2552.38989257813,2577.42895507813,158400
2009-05-06,2592.52001953125,2596.92504882813,2552.63208007813,2563.56396484375,160800
2009-05-07,2597.44702148438,2622.11206054688,2566.12109375,2612.123046875,181800
2009-05-08,2625.64501953125,2634.06103515625,2574.57202148438,2586.75903320313,162000
2009-05-11,2579.7470703125,2663.94995117188,2579.7470703125,2646.287109375,178200
2009-05-12,2618.17211914063,2619.69189453125,2558.962890625,2562.36303710938,123000
2009-05-13,2663.76611328125,2670.212890625,2608.31689453125,2629.03100585938,145800
2009-05-14,2639.88696289063,2651.48803710938,2610.22290039063,2631.44506835938,124800
2009-05-15,2645.26293945313,2661.36596679688,2623.36401367188,2646.89111328125,110800
2009-05-18,2652.77905273438,2656.84399414063,2589.61303710938,2632.56909179688,119000
2009-05-19,2676.68188476563,2688.11206054688,2660.56005859375,2679.39599609375,147400
2009-05-20,2651.4140625,2686.34497070313,2651.01098632813,2680.54711914063,138200
2009-05-21,2610.6220703125,2663.22705078125,2598.86889648438,2639.14111328125,139000
2009-05-22,2597.60107421875,2617.7490234375,2578.59301757813,2595.98803710938,99200
2009-05-25,2610.01000976563,2618.35888671875,2538.6220703125,2555.34204101563,112000
2009-05-26,2588.57495117188,2618.80004882813,2585.90991210938,2615.00610351563,114600
2009-05-27,2632.92993164063,2635.31298828125,2592.7939453125,2601.23999023438,103200
2009-06-01,2721.28002929688,2726.71606445313,2668.39990234375,2668.39990234375,148000
2009-06-02,2724.30200195313,2750.8798828125,2713.46606445313,2739.44189453125,156400
2009-06-03,2778.58911132813,2778.68310546875,2717.86303710938,2722.26611328125,155600
2009-06-04,2767.24389648438,2778.24194335938,2728.19897460938,2753.248046875,170800
2009-06-05,2753.89111328125,2791.64892578125,2750.376953125,2783.85888671875,146600
2009-06-08,2768.3359375,2795.14892578125,2729.02807617188,2753.34497070313,133200
2009-06-09,2787.88696289063,2788.36596679688,2721.85400390625,2766.51000976563,132600
2009-06-10,2816.2470703125,2820.57495117188,2789.99609375,2796.90307617188,145200
2009-06-11,2797.32006835938,2828.73901367188,2787.44897460938,2812.27905273438,134200
2009-06-12,2743.76196289063,2812.67895507813,2722.21704101563,2793.96801757813,127600
2009-06-15,2789.54907226563,2790.97705078125,2727.73901367188,2743.03100585938,106200
2009-06-16,2776.02197265625,2797.48291015625,2753.69409179688,2762.74096679688,103400
2009-06-17,2810.123046875,2813.61303710938,2744.21801757813,2771.52099609375,110800
2009-06-18,2853.90307617188,2855.4150390625,2810.85302734375,2812.98901367188,138800
2009-06-19,2880.49194335938,2886.4990234375,2847.35791015625,2861.17700195313,153000
2009-06-22,2896.30200195313,2923.23608398438,2884.13110351563,2900.57202148438,147000
2009-06-23,2892.69702148438,2941.05493164063,2841.90209960938,2853.49096679688,144400
2009-06-24,2922.29907226563,2923.46997070313,2880.28491210938,2889.0458984375,140600
2009-06-25,2925.0458984375,2946.89794921875,2909.09008789063,2926.6201171875,119600
2009-06-26,2928.2109375,2937.61401367188,2910.34497070313,2930.501953125,109600
2009-06-29,2975.31396484375,2976.92211914063,2918.38989257813,2930.31298828125,128600
2009-06-30,2959.36206054688,2997.27197265625,2953.36401367188,2990.11791992188,125800
2009-07-01,3008.14990234375,3009.7060546875,2947.68994140625,2950.1689453125,138200
2009-07-02,3060.25390625,3062.56396484375,3015.07690429688,3015.07690429688,162000
2009-07-03,3088.36694335938,3088.86206054688,3029.5458984375,3035.81396484375,159400
2009-07-06,3124.6669921875,3128.31005859375,3090.09912109375,3091.47802734375,183200
2009-07-07,3089.44995117188,3130.06689453125,3077.47607421875,3118.26806640625,178800
2009-07-08,3080.77392578125,3097.96411132813,3011.21411132813,3057.4599609375,155400
2009-07-09,3123.03491210938,3123.51000976563,3064.208984375,3073.51806640625,167200
2009-07-10,3113.93188476563,3140.0439453125,3099.98706054688,3124.7890625,161200
2009-07-13,3080.55590820313,3112.875,3076.30200195313,3098.9560546875,156600
2009-07-14,3145.15698242188,3147.59204101563,3088.580078125,3088.580078125,161600
2009-07-15,3188.55102539063,3188.90991210938,3156.625,3156.625,196000
2009-07-16,3183.74194335938,3221.06811523438,3175.95703125,3209.77490234375,191200
2009-07-17,3189.74096679688,3197.23095703125,3158.56591796875,3181.06298828125,164600
2009-07-20,3266.919921875,3269.17993164063,3192.90405273438,3203.88793945313,198800
2009-07-21,3213.2060546875,3279.5869140625,3207.5009765625,3275.6669921875,197600
2009-07-22,3296.61499023438,3301.42700195313,3207.25708007813,3207.98706054688,168200
2009-07-23,3328.48999023438,3331.06298828125,3289.22412109375,3301.10302734375,166400
2009-07-24,3372.60302734375,3398.04907226563,3306.91088867188,3343.75610351563,189800
2009-07-27,3435.2119140625,3435.93310546875,3376.28588867188,3377.71606445313,197600
2009-07-28,3438.37109375,3439.92407226563,3392.42797851563,3434.32006835938,204200
2009-07-29,3266.43188476563,3454.01904296875,3174.21411132813,3419.99096679688,275800
2009-07-30,3321.56005859375,3336.63989257813,3215.7529296875,3281.20288085938,198000
2009-07-31,3412.06201171875,3414.14501953125,3333.71801757813,3354.67895507813,193800
2009-08-03,3462.59008789063,3465.17309570313,3398.44799804688,3429.69311523438,200800
2009-08-04,3471.44189453125,3478.01000976563,3404.81811523438,3477.11206054688,211400
2009-08-05,3428.5009765625,3468.09692382813,3385.42407226563,3467.04711914063,202600
2009-08-06,3356.330078125,3419.74389648438,3309.60595703125,3401.47900390625,174800
2009-08-07,3260.68994140625,3374.4609375,3244.10107421875,3352.65893554688,153200
2009-08-10,3249.76000976563,3307.88500976563,3201.06005859375,3287.75903320313,126600
2009-08-11,3264.72607421875,3273.02099609375,3222.70703125,3261.40600585938,103800
2009-08-12,3112.71899414063,3255.98608398438,3104.56494140625,3255.98510742188,134400
2009-08-13,3140.56005859375,3150.36499023438,3060.11889648438,3112.57299804688,117000
2009-08-14,3046.97192382813,3146.0048828125,3039.30493164063,3138.14599609375,125800
2009-08-17,2870.6298828125,3020.26391601563,2867.39404296875,2994.86596679688,125000
2009-08-18,2910.88403320313,2920.63891601563,2827.11303710938,2845.3349609375,106200
2009-08-19,2785.583984375,2929.06298828125,2761.39501953125,2916.09497070313,114400
2009-08-20,2911.58203125,2914.63989257813,2798.3701171875,2798.3701171875,110000
2009-08-21,2960.77099609375,2969.52099609375,2883.27294921875,2905.05297851563,126800
2009-08-24,2993.42895507813,3004.90405273438,2944.92309570313,2982.19189453125,122800
2009-08-25,2915.80297851563,2980.10009765625,2823.63696289063,2980.10009765625,145200
2009-08-26,2967.59497070313,2995.80297851563,2872.26391601563,2889.73510742188,130400
2009-08-27,2946.39501953125,2988.02807617188,2909.89306640625,2947.82690429688,136800
2009-08-28,2860.68798828125,2949.43188476563,2843.10888671875,2938.42309570313,123000
2009-08-31,2667.7451171875,2817.62890625,2662.9970703125,2817.62890625,118200
2009-09-01,2683.72412109375,2727.07690429688,2639.75903320313,2649.16796875,98000
2009-09-02,2714.97412109375,2729.7060546875,2669.21704101563,2681.330078125,84000
2009-09-03,2845.02392578125,2854.16088867188,2715.61889648438,2722.30493164063,129800
2009-09-04,2861.60888671875,2875.98291015625,2827.57592773438,2841.1708984375,128800
2009-09-07,2881.11596679688,2919.35009765625,2860,2877.6220703125,131200
2009-09-08,2930.47509765625,2931.22998046875,2831.85205078125,2865.69506835938,128000
2009-09-09,2946.25903320313,2962.287109375,2900.11108398438,2944.17407226563,130800
2009-09-10,2924.88305664063,2958.9541015625,2911.2119140625,2934.9580078125,105800
2009-09-11,2989.7919921875,2999.32788085938,2915.90405273438,2917.19311523438,123200
2009-09-14,3026.74096679688,3033.0830078125,2984.8349609375,2990.93310546875,143800
2009-09-15,3033.72802734375,3050.42602539063,2999.43310546875,3029.09692382813,144400
2009-09-16,2999.7099609375,3028.56396484375,2960.59106445313,3027.50610351563,147400
2009-09-17,3060.26000976563,3064.23388671875,3015.5859375,3015.5859375,160800
2009-09-18,2962.6669921875,3068.02807617188,2940.830078125,3063.30908203125,168000
2009-09-21,2967.01098632813,2968.70092773438,2871.64599609375,2937.92602539063,136200
2009-09-22,2897.55297851563,2982.89501953125,2896.93701171875,2956.12890625,124000
2009-09-23,2842.72094726563,2924.19799804688,2825.85888671875,2897.80810546875,107600
2009-09-24,2853.55395507813,2886.25610351563,2783.10595703125,2824.5830078125,102600
2009-09-25,2838.84204101563,2864.07495117188,2812.91796875,2836.69897460938,75200
2009-09-28,2763.52490234375,2857.94799804688,2752.77294921875,2844.3701171875,71800
2009-09-29,2754.5400390625,2779.69091796875,2712.29907226563,2763.76391601563,73600
2009-09-30,2779.42602539063,2803.85791015625,2763.7119140625,2772.56909179688,64800
2009-10-09,2911.71508789063,2912.55004882813,2834.61791992188,2840.13110351563,85600
2009-10-12,2894.48291015625,2932.07788085938,2893.57299804688,2927.02099609375,88200
2009-10-13,2936.19091796875,2937.82397460938,2886.958984375,2889.7880859375,80000
2009-10-14,2970.53198242188,3010.61108398438,2943.74194335938,2945.6689453125,129600
2009-10-15,2979.7880859375,3014.26000976563,2967.10791015625,2994.88989257813,98600
2009-10-16,2976.63305664063,3008.17895507813,2931.919921875,2992.7451171875,92200
2009-10-19,3038.27294921875,3039.60498046875,2962.30688476563,2974.64404296875,120600
2009-10-20,3084.4541015625,3084.94409179688,3053.64306640625,3062.55102539063,143600
2009-10-21,3070.58911132813,3105.51391601563,3062.56005859375,3080.52001953125,135400
2009-10-22,3051.412109375,3080.6630859375,3045.03295898438,3068.67797851563,103000
2009-10-23,3107.84692382813,3123.462890625,3057.38696289063,3057.38696289063,138600
2009-10-26,3109.56591796875,3123.36401367188,3083.18310546875,3114.2939453125,114800
2009-10-27,3021.458984375,3086.09106445313,3020.49389648438,3086.09106445313,120800
2009-10-28,3031.3291015625,3038.05908203125,2974.25805664063,3014.18188476563,101000
2009-10-29,2960.46606445313,2993.43505859375,2952.01391601563,2975.19897460938,110200
2009-10-30,2995.84790039063,3027.13110351563,2983.92993164063,3007.25,104800
2009-11-02,3076.64892578125,3077.90698242188,2923.52490234375,2933.81689453125,137200
2009-11-03,3114.22705078125,3121.20190429688,3078.94409179688,3085.74389648438,150600
2009-11-04,3128.537109375,3141.45288085938,3096.35400390625,3119.31298828125,145400
2009-11-05,3155.05297851563,3158.71801757813,3122.52392578125,3133.5048828125,145400
2009-11-06,3164.037109375,3183.57397460938,3156.99291992188,3176.13696289063,163400
2009-11-09,3175.5849609375,3176.66088867188,3141.77001953125,3162.14599609375,139200
2009-11-10,3178.61010742188,3211.10498046875,3176.2548828125,3203.1708984375,142400
2009-11-11,3175.19189453125,3186.59497070313,3149.07104492188,3176.31103515625,126800
2009-11-12,3172.94506835938,3199.86889648438,3163.07788085938,3181.45703125,138000
2009-11-13,3187.64697265625,3189.09106445313,3127.501953125,3164.64990234375,151200
2009-11-16,3275.04809570313,3275.54907226563,3206.42797851563,3206.42797851563,200400
2009-11-17,3282.88891601563,3298.37890625,3275.30493164063,3291.0439453125,166000
2009-11-18,3303.23388671875,3315.8720703125,3274.2119140625,3287.26489257813,158600
2009-11-19,3320.61206054688,3329.02807617188,3285.80493164063,3311.18798828125,174600
2009-11-20,3308.34594726563,3332.53100585938,3280.18408203125,3309.3759765625,176000
2009-11-23,3338.6630859375,3339.30493164063,3305.5009765625,3312.97290039063,169600
2009-11-24,3223.52587890625,3361.38598632813,3214.02587890625,3352.21997070313,250200
2009-11-25,3290.1650390625,3291.17309570313,3188.01904296875,3214.81494140625,189000
2009-11-26,3170.97900390625,3305.32690429688,3160.35009765625,3296.01391601563,218000
2009-11-27,3096.26489257813,3169.7548828125,3080.88500976563,3137.29711914063,148800
2009-11-30,3195.30102539063,3195.87890625,3114.2900390625,3114.2900390625,138800
2009-12-01,3235.36303710938,3240.66088867188,3173.416015625,3191.05810546875,165200
2009-12-02,3269.7509765625,3278.27001953125,3245.96411132813,3252.97900390625,175000
2009-12-03,3264.6279296875,3270.36694335938,3227.77197265625,3267.9951171875,159200
2009-12-04,3317.0439453125,3319.12890625,3214.84008789063,3256.61401367188,216000
2009-12-07,3331.89697265625,3334.01098632813,3302.13403320313,3313.06005859375,139800
2009-12-08,3296.6640625,3330.38208007813,3260.6708984375,3330.32592773438,137000
2009-12-09,3239.56811523438,3284.64501953125,3228.2041015625,3258.0029296875,115000
2009-12-10,3254.26391601563,3276.1259765625,3225.56298828125,3258.35400390625,94400
2009-12-11,3247.31811523438,3280.93896484375,3242.373046875,3260.44799804688,91600
2009-12-14,3302.90405273438,3315.03295898438,3178.22900390625,3246.95092773438,118200
2009-12-15,3274.4599609375,3303.17602539063,3267.93505859375,3283.59790039063,101400
2009-12-16,3255.212890625,3299.3310546875,3246.60595703125,3262.86206054688,103800
2009-12-17,3179.07788085938,3272.97509765625,3176.6259765625,3261.60693359375,105600
2009-12-18,3113.88598632813,3169.58203125,3108.03100585938,3154.81494140625,101800
2009-12-21,3122.97290039063,3123.98608398438,3088.0029296875,3108.06689453125,74600
2009-12-22,3050.52001953125,3129.31396484375,3039.85791015625,3126.61499023438,85000
2009-12-23,3073.77709960938,3078.8369140625,3041.34790039063,3048.19897460938,80000
2009-12-24,3153.40991210938,3156.53100585938,3075.10693359375,3080.8740234375,102400
2009-12-25,3141.35302734375,3154.77392578125,3128.14990234375,3149.22607421875,84600
2009-12-28,3188.78491210938,3202.0869140625,3148.86010742188,3148.86010742188,91200
2009-12-29,3211.76000976563,3212.51611328125,3166.75805664063,3190.1708984375,102600
2009-12-30,3262.60009765625,3267.0009765625,3206.21704101563,3211.82788085938,129400
2009-12-31,3277.13891601563,3282.2109375,3250.02587890625,3264.998046875,116600
2010-01-04,3243.76000976563,3295.27905273438,3243.31909179688,3289.75,109400
2010-01-05,3282.17895507813,3290.51196289063,3221.4619140625,3254.46801757813,126200
2010-01-06,3254.21508789063,3295.86791992188,3253.0439453125,3277.51708984375,123600
2010-01-07,3192.77587890625,3268.81909179688,3176.70703125,3253.99096679688,128600
2010-01-08,3195.9970703125,3198.919921875,3149.01708984375,3177.25903320313,98400
2010-01-11,3212.75,3306.75,3197.32788085938,3301.61108398438,136400
2010-01-12,3273.96606445313,3275.20190429688,3180.0849609375,3205.705078125,140600
2010-01-13,3172.65795898438,3232.81811523438,3165.48510742188,3204.97607421875,158400
2010-01-14,3215.55004882813,3219.01611328125,3165.59497070313,3183.38110351563,136000
2010-01-15,3224.15209960938,3241.81494140625,3197.22094726563,3217.18994140625,120600
2010-01-18,3237.09790039063,3238.24194335938,3202.2080078125,3213.63696289063,135000
2010-01-19,3246.8740234375,3268.80590820313,3236.83911132813,3242.21606445313,130000
2010-01-20,3151.85009765625,3255.1279296875,3148.333984375,3252.037109375,158200
2010-01-21,3158.86303710938,3176.14697265625,3126.90209960938,3154.18896484375,114400
2010-01-22,3128.587890625,3147.8291015625,3062.62890625,3118.72412109375,137800
2010-01-25,3094.41088867188,3136.9990234375,3092.92602539063,3103.32006835938,78400
2010-01-26,3019.39404296875,3107.19799804688,3001.9560546875,3094.84790039063,93600
2010-01-27,2986.60693359375,3028.64697265625,2972.626953125,3020.5400390625,76600
2010-01-28,2994.14306640625,3006.0390625,2963.89111328125,2985.21411132813,73400
2010-01-29,2989.2919921875,3024.84790039063,2968.45288085938,2979.74291992188,80400
2010-02-01,2941.36010742188,2981.3740234375,2912.88696289063,2981.3740234375,88200
2010-02-02,2934.712890625,2990.748046875,2930.55908203125,2955.7529296875,82400
2010-02-03,3003.8349609375,3005.13110351563,2890.02099609375,2945.03393554688,101000
2010-02-04,2995.30810546875,3015.1259765625,2968.67993164063,2983.05004882813,100000
2010-02-05,2939.40209960938,2959.23291015625,2918.90893554688,2936.19702148438,97200
2010-02-08,2935.17407226563,2954.26611328125,2922.18701171875,2936.45092773438,63400
2010-02-09,2948.84204101563,2957.47412109375,2929.2099609375,2932.09008789063,62200
2010-02-10,2982.5,2983.17895507813,2958.21704101563,2967.13793945313,55600
2010-02-11,2985.4990234375,3001.63598632813,2976.0791015625,2985.08203125,56600
2010-02-12,3018.13305664063,3018.85791015625,2993.43701171875,2996.0869140625,56000
2010-02-22,3003.39794921875,3026.65893554688,3002.81103515625,3016.70288085938,68600
2010-02-23,2982.57495117188,2998.90698242188,2938.7529296875,2998.90698242188,80400
2010-02-24,3022.17700195313,3023.73901367188,2955.06909179688,2964.98388671875,93000
2010-02-25,3060.61791992188,3063.00390625,3022.373046875,3026.65600585938,119600
2010-02-26,3051.94311523438,3067.52490234375,3041.68798828125,3053.498046875,101200
2010-03-01,3087.84204101563,3093.09497070313,3054.55395507813,3057.00610351563,111000
2010-03-02,3073.10791015625,3095.99194335938,3060.9560546875,3089.7060546875,105400
2010-03-03,3097.0048828125,3098.4560546875,3061.46704101563,3074.09912109375,117200
2010-03-04,3023.373046875,3102.39794921875,3016.21508789063,3098.06909179688,126400
2010-03-05,3031.06494140625,3044.1650390625,3011.087890625,3026.63891601563,92200
2010-03-08,3053.23193359375,3058.83203125,3030.90502929688,3036.4150390625,81000
2010-03-09,3069.14111328125,3084.85009765625,3028.68994140625,3053.26000976563,92400
2010-03-10,3048.92700195313,3085.99389648438,3034.73901367188,3067.14990234375,84600
2010-03-11,3051.28198242188,3070.93505859375,3025.30908203125,3050.64404296875,79800
2010-03-12,3013.412109375,3057.51904296875,3011.97094726563,3051.47412109375,71400
2010-03-15,2976.93896484375,3013.51708984375,2963.49389648438,3010.72192382813,63800
2010-03-16,2992.84106445313,2993.84301757813,2963.43798828125,2974.48706054688,59600
2010-03-17,3050.47900390625,3050.75708007813,2994.89306640625,2999.81494140625,87000
2010-03-18,3046.08911132813,3063.5859375,3035.01904296875,3053.15795898438,91400
2010-03-19,3067.75,3069.662109375,3031.02294921875,3046.7490234375,88400
2010-03-22,3074.57592773438,3083.34497070313,3061.75903320313,3069.65991210938,96400
2010-03-23,3053.125,3082.96508789063,3051.2109375,3076.9580078125,92800
2010-03-24,3056.80810546875,3076.7490234375,3052.212890625,3058.92797851563,89200
2010-03-25,3019.17602539063,3051.35498046875,3012.30810546875,3051.35498046875,90200
2010-03-26,3059.71508789063,3067.70703125,3009.90502929688,3017.21508789063,93000
2010-03-29,3123.79809570313,3130.27905273438,3071.68994140625,3076.04809570313,131800
2010-03-30,3128.46801757813,3132.57592773438,3113.76708984375,3123.83203125,102400
2010-03-31,3109.10498046875,3130.11206054688,3101.75610351563,3129.57397460938,101200
2010-04-01,3147.416015625,3148.34399414063,3111.93505859375,3111.93505859375,126800
2010-04-02,3157.95703125,3159.59790039063,3141.86596679688,3154.77001953125,122800
2010-04-06,3158.68090820313,3177.96801757813,3141.92993164063,3170.61206054688,116800
2010-04-07,3148.22192382813,3161.0810546875,3132.23608398438,3156.31396484375,103600
2010-04-08,3118.708984375,3143.82690429688,3110.25610351563,3143.45092773438,114600
2010-04-09,3145.34692382813,3146.458984375,3114.7880859375,3118.92602539063,105400
2010-04-12,3129.26293945313,3156.2109375,3111.89892578125,3151.88793945313,138000
2010-04-13,3161.2509765625,3173.63403320313,3101.48291015625,3129.69189453125,144000
2010-04-14,3166.18310546875,3167.65795898438,3145.55493164063,3161.55102539063,106400
2010-04-15,3164.96606445313,3181.6630859375,3135.98999023438,3168.13891601563,106200
2010-04-16,3130.30200195313,3159.67211914063,3121.36499023438,3159.67211914063,81000
2010-04-19,2980.29711914063,3096.78393554688,2977.77392578125,3096.78393554688,129400
2010-04-20,2979.53295898438,2998.9130859375,2941.35009765625,2980.0810546875,101800
2010-04-21,3033.27807617188,3034.32690429688,2972.09594726563,2984.61791992188,116400
2010-04-22,2999.48388671875,3023.64111328125,2978.4580078125,3021.2890625,121800
2010-04-23,2983.537109375,3015.63305664063,2966.78491210938,2995.56811523438,103600
2010-04-26,2969.5029296875,2996.82788085938,2965.83203125,2988.07690429688,89200
2010-04-27,2907.92797851563,2962.14501953125,2866.34204101563,2962.14501953125,108200
2010-04-28,2900.3310546875,2916.67602539063,2865.46899414063,2883.1669921875,83800
2010-04-29,2868.43188476563,2928.92993164063,2867.93798828125,2912.19604492188,89400
2010-04-30,2870.61108398438,2875.80590820313,2820.94897460938,2867.64892578125,88800
2010-05-04,2835.27709960938,2862.55493164063,2809.13208007813,2821.35400390625,66000
2010-05-05,2857.15087890625,2857.29296875,2770.32788085938,2804.51391601563,95400
2010-05-06,2739.70190429688,2838.95092773438,2734.9990234375,2838.95092773438,92600
2010-05-07,2688.38305664063,2732.18310546875,2665.81298828125,2685.99194335938,92000
2010-05-10,2698.75708007813,2713.06103515625,2646.58911132813,2690.85888671875,81800
2010-05-11,2647.57299804688,2751.07006835938,2638.53295898438,2745.60400390625,87800
2010-05-12,2655.71411132813,2668.11791992188,2604.19799804688,2628.01904296875,82600
2010-05-13,2710.50708007813,2711.06591796875,2646.89599609375,2653.5791015625,83000
2010-05-14,2696.62890625,2712.86303710938,2677.18994140625,2692.09594726563,73400
2010-05-17,2559.93090820313,2663.88208007813,2557.23901367188,2663.88208007813,82600
2010-05-18,2594.78295898438,2603.32006835938,2529.625,2555.14111328125,82800
2010-05-19,2587.80688476563,2623.9580078125,2554.98388671875,2581.6298828125,71400
2010-05-20,2555.93994140625,2609.63891601563,2551.45092773438,2571.5400390625,66400
2010-05-21,2583.52197265625,2584.45190429688,2481.97412109375,2492.57397460938,83800
2010-05-24,2673.42309570313,2680.49291992188,2596.31811523438,2596.31811523438,112400
2010-05-25,2622.6298828125,2659.73999023438,2609.0859375,2654.35888671875,93200
2010-05-26,2625.79296875,2644.94091796875,2610.51000976563,2620.85302734375,68800
2010-05-27,2655.91796875,2662.0810546875,2583.54809570313,2615.10400390625,87800
2010-05-28,2655.76708984375,2686.5419921875,2641.40502929688,2680.40307617188,87000
2010-05-31,2592.14599609375,2665.38989257813,2591.53491210938,2647.86791992188,78800
2010-06-01,2568.28295898438,2598.89697265625,2534.26708984375,2577.76293945313,74600
2010-06-02,2571.42309570313,2572.34301757813,2521.05688476563,2548.5419921875,64800
2010-06-03,2552.65600585938,2596.13696289063,2551.52905273438,2575.77001953125,69600
2010-06-04,2553.59301757813,2556.96899414063,2527.873046875,2536.23095703125,56600
2010-06-07,2511.72900390625,2527.10400390625,2491.66088867188,2508.3291015625,65600
2010-06-08,2513.94702148438,2531.88208007813,2491.64697265625,2510.083984375,63000
2010-06-09,2583.8701171875,2589.47290039063,2501.11791992188,2523.87890625,96000
2010-06-10,2562.580078125,2581.04711914063,2554.787109375,2561.54907226563,74600
2010-06-11,2569.94091796875,2590.97900390625,2566.61596679688,2574.89892578125,66600
2010-06-17,2560.2451171875,2595.50903320313,2559.72290039063,2588.96508789063,55000
2010-06-18,2513.22192382813,2568.86108398438,2505.32690429688,2556.60205078125,67200
2010-06-21,2586.208984375,2587.34008789063,2504.31494140625,2517.2919921875,78600
2010-06-22,2588.69799804688,2598.35302734375,2572.9619140625,2579.63110351563,63600
2010-06-23,2569.8720703125,2593.67309570313,2546.52001953125,2576.34301757813,58800
2010-06-24,2566.7451171875,2586.89794921875,2554.34204101563,2563.63891601563,48800
2010-06-25,2552.81689453125,2572.8330078125,2534.26904296875,2556.5400390625,50000
2010-06-28,2535.27807617188,2561.48510742188,2528.38500976563,2550.64892578125,43200
2010-06-29,2427.05200195313,2541.14208984375,2425.92700195313,2534.49609375,73800
2010-06-30,2398.3701171875,2411.44091796875,2382.35791015625,2409.5419921875,55200
2010-07-01,2373.7919921875,2410.76904296875,2371.77807617188,2393.94799804688,50000
2010-07-02,2382.90087890625,2386.39990234375,2319.73901367188,2371.32299804688,68400
2010-07-05,2363.94799804688,2378.087890625,2335.57104492188,2358.75708007813,48000
2010-07-06,2409.42407226563,2409.78295898438,2356.55200195313,2358.28393554688,61400
2010-07-07,2421.11694335938,2421.67895507813,2392.56689453125,2407.6650390625,56200
2010-07-08,2415.14990234375,2436.28295898438,2402.001953125,2429.67602539063,54400
2010-07-09,2470.92309570313,2485.60009765625,2398.67700195313,2416.580078125,85800
2010-07-12,2490.71801757813,2501.02392578125,2455.81396484375,2468.541015625,83000
2010-07-13,2450.28491210938,2468.68994140625,2439.24291992188,2468.68994140625,66400
2010-07-14,2470.43994140625,2494.587890625,2456.10302734375,2456.10302734375,73000
2010-07-15,2424.30395507813,2487.23706054688,2423.64892578125,2465.98901367188,105600
2010-07-16,2424.27099609375,2428.46411132813,2389.07104492188,2414.68090820313,70800
2010-07-19,2475.4208984375,2484.19409179688,2392.27294921875,2399.580078125,88800
2010-07-20,2528.72900390625,2530.3310546875,2477.4599609375,2477.7529296875,118600
2010-07-21,2535.39404296875,2553.45190429688,2520.14892578125,2529.61889648438,114200
2010-07-22,2562.40600585938,2563.23901367188,2522.19995117188,2525.97607421875,106000
2010-07-23,2572.02807617188,2579.52294921875,2549.23706054688,2566.85107421875,114400
2010-07-26,2588.68310546875,2589.48388671875,2556.46606445313,2576.3720703125,93400
2010-07-27,2575.36791992188,2587.9970703125,2565.63598632813,2581.59008789063,86600
2010-07-28,2633.6630859375,2636.0009765625,2564.15600585938,2574.32202148438,129000
2010-07-29,2648.11596679688,2656.40795898438,2623.94409179688,2635.04809570313,139200
2010-07-30,2637.5029296875,2643.03491210938,2614.73193359375,2642.85205078125,94800
2010-08-02,2672.51611328125,2675.76196289063,2633.64697265625,2635.80688476563,113000
2010-08-03,2627.001953125,2681.78491210938,2626.72192382813,2678.791015625,128000
2010-08-04,2638.52197265625,2638.89794921875,2589.98803710938,2620.4990234375,112200
2010-08-05,2620.75708007813,2640.58911132813,2606.6220703125,2636.24291992188,113600
2010-08-06,2658.39208984375,2659.412109375,2598.9130859375,2618.712890625,121000
2010-08-09,2672.53198242188,2676.09008789063,2650.39697265625,2656.36401367188,120000
2010-08-10,2595.27294921875,2675.31298828125,2594.3359375,2672.79296875,127000
2010-08-11,2607.4970703125,2618.45092773438,2586.01806640625,2587.61499023438,87000
2010-08-12,2575.47509765625,2608.76098632813,2570.962890625,2584.9189453125,92600
2010-08-13,2606.69995117188,2607.03295898438,2564.837890625,2576.68701171875,88800
2010-08-16,2661.7080078125,2665.31396484375,2596.77099609375,2603.7919921875,125800
2010-08-17,2671.89306640625,2677.57006835938,2654.01098632813,2663.18408203125,122600
2010-08-18,2666.30102539063,2687.76000976563,2654.40795898438,2674.5009765625,136200
2010-08-19,2687.97900390625,2701.92993164063,2659.29711914063,2669.43090820313,128400
2010-08-20,2642.30688476563,2683.2880859375,2636.90795898438,2677.01904296875,116200
2010-08-23,2639.36596679688,2656.11596679688,2629.70703125,2637.82006835938,88200
2010-08-24,2650.30688476563,2667.1708984375,2614.56298828125,2636.53198242188,107200
2010-08-25,2596.580078125,2645.5029296875,2595.72802734375,2634.94995117188,109600
2010-08-26,2603.48095703125,2616.9619140625,2590.61401367188,2604.88208007813,80400
2010-08-27,2610.74194335938,2613.48706054688,2588.64306640625,2602.5009765625,70400
2010-08-30,2652.6640625,2656.35498046875,2620.18994140625,2622.26611328125,110400
2010-08-31,2638.79809570313,2647.2529296875,2626.79296875,2644.787109375,110800
2010-09-01,2622.88208007813,2662.8759765625,2604.48706054688,2641.05297851563,127200
2010-09-02,2655.77587890625,2659.97802734375,2636.41796875,2646.89306640625,124000
2010-09-03,2655.39404296875,2660.5390625,2631.85107421875,2658.12890625,129400
2010-09-06,2696.25,2698.60107421875,2664.23901367188,2667.19506835938,144200
2010-09-07,2698.36303710938,2704.93310546875,2679.02294921875,2698.21801757813,112200
2010-09-08,2695.291015625,2695.84497070313,2674.32104492188,2687.7109375,113600
2010-09-09,2656.35205078125,2698.63793945313,2651.60205078125,2698.63793945313,133000
2010-09-10,2663.208984375,2667.8369140625,2628.8291015625,2657.23510742188,113000
2010-09-13,2688.32006835938,2696.67407226563,2660.60693359375,2665.65502929688,118000
2010-09-14,2688.52197265625,2703.78100585938,2678.97412109375,2694.06909179688,120800
2010-09-15,2652.5029296875,2688.48999023438,2645.86401367188,2688.38598632813,122000
2010-09-16,2602.46508789063,2653.27197265625,2583.3369140625,2646.9208984375,119000
2010-09-17,2598.68896484375,2615.0791015625,2592.53491210938,2607.55102539063,83200
2010-09-20,2588.712890625,2607.34692382813,2573.62890625,2601.48193359375,79400
2010-09-21,2591.55004882813,2601.09912109375,2580.17700195313,2593.76293945313,58200
2010-09-27,2627.96704101563,2629.044921875,2597.13891601563,2600.5400390625,76800
2010-09-28,2611.35400390625,2625.32592773438,2607.01806640625,2625.32592773438,93200
2010-09-29,2610.67797851563,2634.1240234375,2603.92700195313,2608.9189453125,88600
2010-09-30,2655.65795898438,2655.9990234375,2597.59692382813,2599.71508789063,89600
2010-10-08,2738.74389648438,2747.80493164063,2677.99389648438,2681.2529296875,135800
2010-10-11,2806.94189453125,2823.59594726563,2755.02587890625,2755.02587890625,207600
2010-10-12,2841.40698242188,2843.42797851563,2782.34106445313,2795.76391601563,167400
2010-10-13,2861.36108398438,2862.03491210938,2826.22094726563,2842.13793945313,185200
2010-10-14,2879.63598632813,2919.4140625,2864.51904296875,2881.55200195313,229400
2010-10-15,2971.15991210938,2971.15991210938,2858.21606445313,2863.73803710938,236600
2010-10-18,2955.22705078125,3026.09912109375,2944.71508789063,2985.4609375,263400
2010-10-19,3001.85302734375,3002.37109375,2931.90991210938,2949.6298828125,170600
2010-10-20,3003.95092773438,3041.15087890625,2942.5048828125,2947.51098632813,207800
2010-10-21,2983.53198242188,3018.24389648438,2958.5458984375,3009.22509765625,161400
2010-10-22,2975.04296875,2997.6240234375,2954.61889648438,2976.75390625,147000
2010-10-25,3051.41796875,3051.5390625,2959.29809570313,2979.7060546875,192200
2010-10-26,3041.54296875,3073.38403320313,3017.81811523438,3065.84399414063,198800
2010-10-27,2997.04809570313,3056.39892578125,2988.87109375,3031.64501953125,176200
2010-10-28,2992.5791015625,3007.01293945313,2969.30395507813,2989.2900390625,143600
2010-10-29,2978.8349609375,2996.77392578125,2955.47998046875,2993.2958984375,147200
2010-11-01,3054.02099609375,3054.05004882813,2986.88598632813,2986.88598632813,186200
2010-11-02,3045.43408203125,3089.56811523438,3029.32299804688,3061.63110351563,225000
2010-11-03,3030.98803710938,3069.06591796875,3017.09790039063,3044.02099609375,189800
2010-11-04,3086.93896484375,3087.419921875,3035.36596679688,3035.36596679688,176800
2010-11-05,3129.4970703125,3142.587890625,3105.9208984375,3129.8701171875,212000
2010-11-08,3159.51196289063,3160.69897460938,3124.09106445313,3140.39599609375,205400
2010-11-09,3135,3159.01904296875,3110.34301757813,3159.01904296875,192400
2010-11-10,3115.35595703125,3124.25610351563,3093.876953125,3120.43994140625,185000
2010-11-11,3147.74389648438,3186.71997070313,3102.77294921875,3108.51098632813,210200
2010-11-12,2985.43505859375,3150.14599609375,2975.1630859375,3121.92211914063,233000
2010-11-15,3014.4130859375,3016.13110351563,2939.67993164063,2984.8720703125,153200
2010-11-16,2894.5380859375,3007.64306640625,2885.7529296875,3007.64306640625,171000
2010-11-17,2838.85693359375,2891.05200195313,2824.12109375,2852.47802734375,123800
2010-11-18,2865.45190429688,2873.69604492188,2827.17895507813,2855.60498046875,102200
2010-11-19,2888.56591796875,2888.75,2806.64404296875,2879.65502929688,123800
2010-11-22,2884.37109375,2904.96997070313,2852.77392578125,2861.60595703125,127200
2010-11-23,2828.28198242188,2872.1708984375,2791.583984375,2872.1708984375,116400
2010-11-24,2859.93603515625,2861.48510742188,2794.86401367188,2794.86401367188,116200
2010-11-25,2898.26098632813,2901.67504882813,2856.9609375,2875.85791015625,131600
2010-11-26,2871.69799804688,2894.4208984375,2851.95703125,2890.287109375,110800
2010-11-29,2866.35595703125,2878.82690429688,2841.794921875,2861.14892578125,102400
2010-11-30,2820.18090820313,2881.15991210938,2758.92407226563,2863.412109375,139400
2010-12-01,2823.44897460938,2834.19897460938,2795.81103515625,2810.54296875,81200
2010-12-02,2843.60693359375,2870.80590820313,2841.47290039063,2860.46411132813,104200
2010-12-03,2842.42993164063,2853.40087890625,2822.74194335938,2846.72509765625,83600
2010-12-06,2857.17700195313,2871.40698242188,2831.69702148438,2850.38208007813,89800
2010-12-07,2875.86108398438,2884.53002929688,2809.11010742188,2843.76708984375,86800
2010-12-08,2848.5458984375,2880.55810546875,2843.93994140625,2868.73291015625,86800
2010-12-09,2810.94897460938,2854.69995117188,2808.50610351563,2837.61499023438,94600
2010-12-10,2841.0400390625,2850.42211914063,2792.52099609375,2798.73608398438,80400
2010-12-13,2922.9541015625,2923.77392578125,2847.65795898438,2850.32495117188,128800
2010-12-14,2927.07690429688,2933.40600585938,2912.419921875,2928.30004882813,121000
2010-12-15,2911.4140625,2939.05004882813,2905.64892578125,2927.26391601563,109400
2010-12-16,2898.13793945313,2921.27490234375,2891.85791015625,2908.86499023438,87600
2010-12-17,2893.73999023438,2898.81298828125,2881.00390625,2896.77001953125,73600
2010-12-21,2904.11499023438,2908.166015625,2846.63305664063,2857.58911132813,106800
2010-12-22,2877.89990234375,2917.19799804688,2867.04907226563,2910.72998046875,98400
2010-12-23,2855.21997070313,2893.7099609375,2849.8359375,2874.20190429688,89000
2010-12-24,2835.15698242188,2853.48608398438,2813.49609375,2841.34497070313,81200
2010-12-27,2781.40209960938,2876.81103515625,2774.5380859375,2842.80688476563,97800
2010-12-28,2732.98999023438,2775.14892578125,2730.40698242188,2768.03100585938,84400
2010-12-29,2751.52709960938,2753.02490234375,2721.47900390625,2735.47607421875,64000
2010-12-30,2759.57495117188,2768.1259765625,2724.541015625,2751.97192382813,73200
2010-12-31,2808.07690429688,2808.92602539063,2758.13110351563,2759.162109375,83400
2011-01-04,2852.64794921875,2855.39599609375,2810.10791015625,2825.3291015625,110000
2011-01-05,2839.22094726563,2850.49291992188,2824.2958984375,2833.11596679688,104400
2011-01-06,2824.19702148438,2853.875,2816.95092773438,2838.43505859375,84800
2011-01-07,2838.80102539063,2868.0048828125,2807.8701171875,2820.6650390625,113200
2011-01-10,2791.80908203125,2847.35791015625,2786.86108398438,2832.6220703125,90800
2011-01-11,2804.04711914063,2810.76196289063,2770.337890625,2783.47607421875,80600
2011-01-12,2821.30493164063,2828.46801757813,2788.1298828125,2811.78491210938,79200
2011-01-13,2827.7119140625,2837.52587890625,2810.8740234375,2830.53393554688,74800
2011-01-14,2791.34399414063,2817.04809570313,2780.43798828125,2817.04809570313,76800
2011-01-17,2706.65991210938,2780.94189453125,2698.78100585938,2772.44995117188,92600
2011-01-18,2708.97900390625,2715.40600585938,2683.36694335938,2696.14697265625,60400
2011-01-19,2758.09692382813,2759.60205078125,2700.81103515625,2707.81591796875,78400
2011-01-20,2677.65209960938,2752.79907226563,2676.12890625,2752.79907226563,86000
2011-01-21,2715.2939453125,2746.17797851563,2667.28588867188,2668.67700195313,95600
2011-01-24,2695.71899414063,2736.10888671875,2690.65209960938,2716.52392578125,88000
2011-01-25,2677.43188476563,2701.0439453125,2661.44799804688,2691.69311523438,69400
2011-01-26,2708.81396484375,2710.73803710938,2676.76904296875,2677.17211914063,60800
2011-01-27,2749.14990234375,2753.0009765625,2677.2099609375,2690.82495117188,105600
2011-01-28,2752.75,2759.43994140625,2733.291015625,2741.31396484375,85400
2011-01-31,2790.69409179688,2790.9208984375,2748.5380859375,2751.52709960938,91600
2011-02-01,2798.9599609375,2805.04907226563,2785.2958984375,2795.07104492188,73400
2011-02-09,2774.06494140625,2804.2080078125,2764.86596679688,2778.70092773438,87200
2011-02-10,2818.1630859375,2819.06298828125,2760.17504882813,2769.64599609375,98000
2011-02-11,2827.32788085938,2835.41088867188,2807.60498046875,2815.11889648438,107800
2011-02-14,2899.13403320313,2906.26000976563,2828.57104492188,2828.57104492188,154200
2011-02-15,2899.23706054688,2934.46704101563,2892.63696289063,2900.42700195313,152400
2011-02-16,2923.89599609375,2924.18798828125,2882.54907226563,2893.68188476563,127800
2011-02-17,2926.96411132813,2939.28393554688,2905.03198242188,2929.2548828125,130400
2011-02-18,2899.7919921875,2924.22998046875,2890.26196289063,2924.22998046875,113800
2011-02-21,2932.24609375,2932.82006835938,2884.19091796875,2886.5400390625,118800
2011-02-22,2855.51611328125,2944.4130859375,2851.6201171875,2941.31811523438,153000
2011-02-23,2862.63500976563,2868.48388671875,2839.19506835938,2844.98999023438,111000
2011-02-24,2878.60302734375,2881.537109375,2854.56298828125,2861.39306640625,109800
2011-02-25,2878.56494140625,2890.32397460938,2848.64990234375,2876.77709960938,100000
2011-02-28,2905.05297851563,2906.1689453125,2861.81689453125,2880.169921875,118800
2011-03-01,2918.919921875,2931.580078125,2901.55200195313,2906.28491210938,136600
2011-03-02,2913.80810546875,2924.962890625,2883.56591796875,2905.51391601563,133400
2011-03-03,2902.97802734375,2937.55688476563,2900.76098632813,2918.73095703125,150400
2011-03-04,2942.30590820313,2944.458984375,2898.083984375,2902.18994140625,118200
2011-03-07,2996.2109375,3000.42895507813,2952.72094726563,2952.72094726563,160200
2011-03-08,2999.94189453125,3001.625,2976.60009765625,2996.72705078125,126600
2011-03-09,3002.15405273438,3012.0439453125,2989.34204101563,3002.5458984375,124800
2011-03-10,2957.14306640625,2995.76806640625,2954.36694335938,2995.76806640625,123800
2011-03-11,2933.7958984375,2966.97998046875,2927.68310546875,2942.4189453125,116000
2011-03-14,2937.626953125,2939.65209960938,2914.4580078125,2923.98193359375,117000
2011-03-15,2896.25610351563,2927.98388671875,2850.94506835938,2927.98388671875,155000
2011-03-16,2930.80395507813,2934.01806640625,2894.251953125,2894.251953125,130800
2011-03-17,2897.29809570313,2935.625,2885.65087890625,2906.955078125,137800
2011-03-18,2906.88500976563,2930.60595703125,2900.8720703125,2920.80590820313,100600
2011-03-21,2909.13696289063,2927.07299804688,2895.15405273438,2913.9130859375,96800
2011-03-22,2919.14208984375,2923.39208984375,2884.7509765625,2917.68701171875,95200
2011-03-23,2948.47705078125,2950.42211914063,2911.6259765625,2919.01611328125,112600
2011-03-24,2946.7060546875,2958.6630859375,2942.13403320313,2949.85009765625,109000
2011-03-25,2977.81396484375,2985.0830078125,2946.69702148438,2948.5419921875,136400
2011-03-28,2984.0048828125,3005.78198242188,2979.19604492188,2985.35595703125,156000
2011-03-29,2958.07690429688,2994.17407226563,2953.5400390625,2979.86499023438,168600
2011-03-30,2955.77099609375,2968.18188476563,2935.7470703125,2955.45288085938,126400
2011-03-31,2928.11108398438,2961.6298828125,2914.38403320313,2954.65307617188,109000
2011-04-01,2967.40991210938,2967.84692382813,2924.39404296875,2932.48095703125,99800
2011-04-06,3001.36010742188,3005.23803710938,2963.89892578125,2964.2119140625,141600
2011-04-07,3007.90893554688,3012.2880859375,2990.31103515625,3003.2041015625,124800
2011-04-08,3030.02099609375,3031.09692382813,2998.34008789063,3005.36791992188,114400
2011-04-11,3022.74609375,3059.56689453125,3019.88500976563,3037.90991210938,147200
2011-04-12,3021.36889648438,3039.1240234375,3003.44506835938,3012.794921875,146000
2011-04-13,3050.39697265625,3050.40087890625,2994.46508789063,3006.830078125,128200
2011-04-14,3042.63500976563,3058.23901367188,3036.72607421875,3049.6669921875,129400
2011-04-15,3050.52587890625,3062.53002929688,3020.15600585938,3036.34497070313,128600
2011-04-18,3057.3291015625,3067.4560546875,3037.18896484375,3040.53100585938,137400
2011-04-19,2999.041015625,3038.80688476563,2996.22192382813,3038.80688476563,141800
2011-04-20,3007.037109375,3019.123046875,2992.67211914063,3005.97509765625,119800
2011-04-21,3026.6669921875,3035.47094726563,3012.5439453125,3021.77001953125,121600
2011-04-22,3010.51708984375,3032.96508789063,3004.46508789063,3025.69799804688,118600
2011-04-25,2964.95092773438,3003.61010742188,2964.64306640625,3003.03100585938,117400
2011-04-26,2938.98095703125,2970.27807617188,2931.501953125,2956.94897460938,95200
2011-04-27,2925.40795898438,2961.13305664063,2907.662109375,2946.32690429688,105400
2011-04-28,2887.04296875,2953.19311523438,2884.83911132813,2937.94702148438,105200
2011-04-29,2911.51000976563,2913.55590820313,2871.01000976563,2886.62890625,87600
2011-05-03,2932.18798828125,2933.4599609375,2890.22509765625,2911.51000976563,96400
2011-05-04,2866.01708984375,2916.96997070313,2860.07495117188,2916.84497070313,111400
2011-05-05,2872.40405273438,2880.125,2849.90991210938,2854.76806640625,91000
2011-05-06,2863.88598632813,2881.7060546875,2834.4560546875,2842.76391601563,91000
2011-05-09,2872.4599609375,2885.17797851563,2861.4189453125,2868.23510742188,81600
2011-05-10,2890.63403320313,2891.03393554688,2865.10400390625,2876.97998046875,81200
2011-05-11,2883.419921875,2897.14111328125,2868.34912109375,2890.35302734375,92400
2011-05-12,2844.0830078125,2876.44799804688,2843.09692382813,2864.97607421875,100200
2011-05-13,2871.03100585938,2871.99194335938,2832.25390625,2846.31103515625,93200
2011-05-16,2849.06689453125,2877.09106445313,2846.30590820313,2864.376953125,84600
2011-05-17,2852.77294921875,2869.22998046875,2821.20288085938,2846.44702148438,94800
2011-05-18,2872.77099609375,2877.42700195313,2843.67602539063,2846.72509765625,76800
2011-05-19,2859.57397460938,2884.14111328125,2856.8291015625,2879.38696289063,77000
2011-05-20,2858.458984375,2866.76293945313,2850.44506835938,2858.31103515625,70800
2011-05-23,2774.56909179688,2853.28588867188,2771.11694335938,2853.28588867188,98600
2011-05-24,2767.05590820313,2771.748046875,2744.77709960938,2766.05908203125,74800
2011-05-25,2741.74096679688,2771.17700195313,2737.330078125,2764.56005859375,74400
2011-05-26,2736.52709960938,2764.88989257813,2734.53588867188,2755.39404296875,78800
2011-05-27,2709.94702148438,2746.84204101563,2708.54809570313,2739.38696289063,82600
2011-05-30,2706.36108398438,2728.06201171875,2689.2060546875,2704.48510742188,65200
2011-05-31,2743.47192382813,2744.93408203125,2702.09497070313,2707.55908203125,68000
2011-06-01,2743.57202148438,2744.55908203125,2726.4951171875,2737.05688476563,68600
2011-06-02,2705.18090820313,2727.9951171875,2676.5380859375,2715.31591796875,86000
2011-06-03,2728.02001953125,2732.42700195313,2701.25,2701.77294921875,68000
2011-06-07,2744.30004882813,2745.77001953125,2717.31298828125,2720.96997070313,65000
2011-06-08,2750.2880859375,2754.1220703125,2715.25,2742.0419921875,74200
2011-06-09,2703.34497070313,2747.33203125,2702.69506835938,2743.5390625,83400
2011-06-10,2705.14306640625,2707.74194335938,2672.32006835938,2696.1298828125,73400
2011-06-13,2700.37890625,2703.42309570313,2669.39599609375,2687.65307617188,63000
2011-06-14,2730.0400390625,2735.55200195313,2691.6708984375,2696.22290039063,83000
2011-06-15,2705.43090820313,2730.47607421875,2705.07202148438,2717.67700195313,74800
2011-06-16,2664.28198242188,2691.94409179688,2663.1201171875,2685.63208007813,71000
2011-06-17,2642.81811523438,2675.02709960938,2641.39208984375,2661.4140625,64400
2011-06-20,2621.2529296875,2637.88305664063,2610.98999023438,2635.833984375,60000
2011-06-21,2646.48291015625,2648.02392578125,2618.80688476563,2628.02197265625,64800
2011-06-22,2649.32104492188,2657.72509765625,2633.47412109375,2648.53393554688,58400
2011-06-23,2688.2490234375,2693.4169921875,2630.3359375,2640.65991210938,73800
2011-06-24,2746.2109375,2759.7099609375,2674.30297851563,2678.05200195313,125800
2011-06-27,2758.22998046875,2769.0419921875,2743.49609375,2746.787109375,101600
2011-06-28,2759.20190429688,2763.28002929688,2736.39794921875,2759.712890625,88200
2011-06-29,2728.48291015625,2759.23095703125,2727.2529296875,2757.39990234375,88200
2011-06-30,2762.07592773438,2774.36499023438,2729.99194335938,2729.99194335938,91000
2011-07-01,2759.36206054688,2778.66796875,2752.96606445313,2767.8330078125,92000
2011-07-04,2812.81811523438,2813.27001953125,2770.93994140625,2770.93994140625,122000
2011-07-05,2816.35400390625,2818.14111328125,2799.11010742188,2812.72192382813,110200
2011-07-06,2810.47900390625,2811.81494140625,2780.72900390625,2811.81494140625,103200
2011-07-07,2794.26708984375,2825.123046875,2793.89208984375,2813.19311523438,116600
2011-07-08,2797.77294921875,2807.37890625,2784.125,2797.02587890625,86200
2011-07-11,2802.69189453125,2807.32202148438,2780.6650390625,2789.4541015625,86000
2011-07-12,2754.58203125,2783.72192382813,2752.18603515625,2783.72192382813,96600
2011-07-13,2795.47607421875,2797.26611328125,2756.03198242188,2756.03198242188,92000
2011-07-14,2810.44409179688,2811.7041015625,2788.98193359375,2798.2119140625,104600
2011-07-15,2820.1689453125,2821.33911132813,2794.15893554688,2803.5849609375,107400
2011-07-18,2816.68798828125,2826.958984375,2807.10791015625,2821.35791015625,108200
2011-07-19,2796.98291015625,2809.31494140625,2790.68505859375,2804.92309570313,92800
2011-07-20,2794.205078125,2817.28491210938,2779.38110351563,2810.43603515625,84000
2011-07-21,2765.89404296875,2799.85205078125,2763.41796875,2795.89599609375,81800
2011-07-22,2770.7900390625,2782.1689453125,2763.80004882813,2769.86303710938,70200
2011-07-25,2688.74609375,2759.6279296875,2680.7470703125,2759.6279296875,111200
2011-07-26,2703.02587890625,2704.93896484375,2677.11889648438,2685.75390625,72800
2011-07-27,2723.49194335938,2726.80200195313,2680.43310546875,2690.14404296875,80400
2011-07-28,2708.77709960938,2712.09008789063,2684.66088867188,2701.77099609375,78400
2011-07-29,2701.72900390625,2721.53002929688,2681.27197265625,2706.4970703125,75400
2011-08-01,2703.78295898438,2712.88793945313,2688.52905273438,2697.57495117188,59000
2011-08-02,2679.25903320313,2689.97094726563,2651.28100585938,2689.97094726563,70000
2011-08-03,2678.48510742188,2688.06494140625,2654.36401367188,2659.11791992188,64000
2011-08-04,2684.0390625,2698.81494140625,2675.53393554688,2683.19091796875,58800
2011-08-05,2626.42309570313,2644.5810546875,2605.13598632813,2620.27709960938,78600
2011-08-08,2526.81591796875,2614.18994140625,2497.91796875,2599.2890625,110400
2011-08-09,2526.07006835938,2537.40893554688,2437.67993164063,2468.03198242188,103800
2011-08-10,2549.17602539063,2579.15600585938,2544.95190429688,2562.39306640625,100400
2011-08-11,2581.50805664063,2582.15502929688,2505.01196289063,2508.85693359375,95600
2011-08-12,2593.17309570313,2605.44702148438,2585.84594726563,2593.39501953125,97200
2011-08-15,2626.77001953125,2627.10400390625,2584.40698242188,2598.13793945313,88600
2011-08-16,2608.166015625,2636.36010742188,2601.5009765625,2627.85400390625,85200
2011-08-17,2601.26098632813,2617.1650390625,2596.0390625,2603.9609375,70200
2011-08-18,2559.47192382813,2603.48510742188,2556.85888671875,2601.98999023438,71000
2011-08-19,2534.35791015625,2538.27197265625,2513.75390625,2519.64501953125,70600
2011-08-22,2515.86303710938,2553.4150390625,2507.78198242188,2534.57006835938,61200
2011-08-23,2554.01904296875,2554.17797851563,2514.94897460938,2524.876953125,61000
2011-08-24,2541.09106445313,2569.27807617188,2536.25610351563,2562.41088867188,65400
2011-08-25,2615.26098632813,2616.30297851563,2545.05395507813,2546.40209960938,104600
2011-08-26,2612.18798828125,2616.63598632813,2593.23803710938,2602.2080078125,77800
2011-08-29,2576.4130859375,2595.46606445313,2570.84399414063,2595.46606445313,73600
2011-08-30,2566.59497070313,2615.13500976563,2563.68896484375,2592.59692382813,76000
2011-08-31,2567.34008789063,2574.4150390625,2545.09594726563,2566.52905273438,59200
2011-09-01,2556.0419921875,2584.80395507813,2547.85400390625,2569.79907226563,57200
2011-09-02,2528.28002929688,2557.31005859375,2517.61791992188,2551.55590820313,54400
2011-09-05,2478.73901367188,2510.10009765625,2478.19506835938,2510.10009765625,55000
2011-09-06,2470.52392578125,2482.24194335938,2459.54296875,2465.56494140625,49200
2011-09-07,2516.09008789063,2516.75390625,2475.21801757813,2480.94091796875,59600
2011-09-08,2498.94311523438,2524.3759765625,2498.11303710938,2523.9619140625,55200
2011-09-09,2497.7529296875,2528.42211914063,2487.14501953125,2506.96899414063,51200
2011-09-13,2471.30493164063,2477.0830078125,2453.7958984375,2467.72998046875,50000
2011-09-14,2484.82690429688,2485.93408203125,2439.3720703125,2478.5859375,54000
2011-09-15,2479.05493164063,2496.57202148438,2477.65087890625,2482.85888671875,56000
2011-09-16,2482.34301757813,2499.48095703125,2475.75805664063,2490.17700195313,48000
2011-09-19,2437.794921875,2469.60009765625,2437.1650390625,2469.60009765625,48800
2011-09-20,2447.7548828125,2460.03393554688,2426.70288085938,2433.72094726563,46200
2011-09-21,2512.962890625,2517.67309570313,2438.85205078125,2450.11499023438,86600
2011-09-22,2443.05590820313,2499.97607421875,2442.4609375,2491.2119140625,74600
2011-09-23,2433.15893554688,2440.7509765625,2400.14111328125,2411.8330078125,67400
2011-09-26,2393.18310546875,2441.72900390625,2384.63989257813,2416.22607421875,57400
2011-09-27,2415.05395507813,2423.9130859375,2395.1640625,2410.98999023438,55200
2011-09-28,2392.06201171875,2430.27001953125,2383.39599609375,2427.2890625,55800
2011-09-29,2365.34301757813,2387.5380859375,2358.57202148438,2378.42309570313,59200
2011-09-30,2359.21899414063,2377.5419921875,2348.21704101563,2368.39794921875,48800
2011-10-10,2344.787109375,2368.14892578125,2338.68505859375,2363.07788085938,41800
2011-10-11,2348.51611328125,2412.375,2323.412109375,2401.73803710938,64000
2011-10-12,2420,2421.69189453125,2318.6279296875,2335.48803710938,91600
2011-10-13,2438.7900390625,2439.63989257813,2406.28198242188,2412.83203125,87800
2011-10-14,2431.375,2437.59399414063,2409.2880859375,2429.88500976563,60600
2011-10-17,2440.40209960938,2452.98999023438,2424.72607421875,2434.48608398438,58200
2011-10-18,2383.48510742188,2425.64599609375,2378.6669921875,2423.28198242188,79600
2011-10-19,2377.51196289063,2401.68798828125,2374.4169921875,2387.8310546875,58600
2011-10-20,2331.36596679688,2368.63989257813,2315.89990234375,2365.90893554688,65400
2011-10-21,2317.27490234375,2340.31494140625,2313.78198242188,2330.51196289063,48400
2011-10-24,2370.3330078125,2371.09204101563,2307.14599609375,2322.02001953125,70800
2011-10-25,2409.67211914063,2414.04907226563,2357.38696289063,2366.39794921875,90800
2011-10-26,2427.47998046875,2448.98095703125,2394.73193359375,2398.18701171875,107400
2011-10-27,2435.61499023438,2449.70092773438,2426.31494140625,2432.47192382813,82400
2011-10-28,2473.40991210938,2483.75903320313,2456.17700195313,2462.0849609375,110000
2011-10-31,2468.25,2478.30688476563,2455.205078125,2470.25390625,84200
2011-11-01,2470.01904296875,2491.35498046875,2445.52709960938,2450.3310546875,88800
2011-11-02,2504.10791015625,2505.12109375,2433.71508789063,2437.8701171875,105400
2011-11-03,2508.09008789063,2535.23999023438,2507.29711914063,2510.84204101563,136600
2011-11-04,2528.2939453125,2536.77905273438,2512.90405273438,2525.24389648438,101800
2011-11-07,2509.79907226563,2536.17993164063,2507.61499023438,2518.89794921875,78800
2011-11-08,2503.8359375,2524.82006835938,2500.02001953125,2514.25903320313,78600
2011-11-09,2524.9189453125,2527.70288085938,2489.02490234375,2512.5869140625,78200
2011-11-10,2479.53588867188,2507.45190429688,2478.13891601563,2498.59399414063,87200
2011-11-11,2481.083984375,2496.52709960938,2472.76098632813,2483.95703125,66200
2011-11-14,2528.71411132813,2529.63208007813,2496.3349609375,2498.67211914063,81200
2011-11-15,2529.76098632813,2534.05908203125,2518.70190429688,2525.94799804688,79200
2011-11-16,2466.958984375,2529.4580078125,2456.85595703125,2529.07299804688,93400
2011-11-17,2463.0458984375,2482.52807617188,2459.1650390625,2467.7041015625,66400
2011-11-18,2416.56201171875,2448.51000976563,2411.0419921875,2448.38696289063,72200
2011-11-21,2415.1298828125,2419.24389648438,2396.0859375,2416.73193359375,50200
2011-11-22,2412.625,2414.85009765625,2387.82592773438,2400.98388671875,51400
2011-11-23,2395.06396484375,2418.56005859375,2390.65405273438,2415.19702148438,50600
2011-11-24,2397.55395507813,2409.71899414063,2370.69506835938,2379.14599609375,52200
2011-11-25,2380.22412109375,2403.94189453125,2372.6220703125,2393.32690429688,45400
2011-11-28,2383.03393554688,2396.82690429688,2372.15600585938,2383.89306640625,46000
2011-11-29,2412.39306640625,2413.32592773438,2388.20190429688,2398.99389648438,55200
2011-11-30,2333.4140625,2407.32592773438,2319.43994140625,2406.3291015625,76600
2011-12-01,2386.86010742188,2423.55908203125,2376.916015625,2392.48510742188,98600
2011-12-02,2360.6640625,2378.29907226563,2344.84594726563,2374.89892578125,59800
2011-12-05,2333.22900390625,2363.126953125,2327.61010742188,2363.11108398438,52200
2011-12-06,2325.90502929688,2331.89208984375,2310.15502929688,2326.65991210938,46000
2011-12-07,2332.72998046875,2339.84692382813,2317.81396484375,2325.56201171875,41600
2011-12-08,2329.82006835938,2346.65405273438,2302.64208984375,2329.90991210938,51400
2011-12-09,2315.27001953125,2331.25903320313,2309.45703125,2315.51293945313,40000
2011-12-12,2291.544921875,2315.81103515625,2290.26293945313,2312.14990234375,39600
2011-12-13,2248.59008789063,2285.81396484375,2245.86791992188,2283.22290039063,58600
2011-12-14,2228.52490234375,2256.74389648438,2224.72509765625,2241.38696289063,44000
2011-12-15,2180.89501953125,2216.90893554688,2179.46704101563,2215.7919921875,56800
2011-12-16,2224.84008789063,2225.5380859375,2170.748046875,2179.50903320313,57200
2011-12-19,2218.23510742188,2221.44799804688,2164.88696289063,2208.07104492188,57800
2011-12-20,2215.92993164063,2239.85888671875,2206.51904296875,2209.69897460938,52800
2011-12-21,2191.14794921875,2237.46606445313,2188.7099609375,2230.17993164063,50800
2011-12-22,2186.2958984375,2201.5869140625,2149.42309570313,2178.57202148438,59000
2011-12-23,2204.78393554688,2219.78588867188,2178.14111328125,2183.91088867188,52400
2011-12-26,2190.11010742188,2213.45288085938,2186.07006835938,2193.65893554688,43600
2011-12-27,2166.205078125,2196.97192382813,2162.72290039063,2186.708984375,45800
2011-12-28,2170.01293945313,2170.67211914063,2134.01708984375,2157.64990234375,49600
2011-12-29,2173.56103515625,2181.955078125,2157.11499023438,2161.18408203125,44800
2011-12-30,2199.4169921875,2200.98803710938,2177.51708984375,2177.51708984375,52000
2012-01-04,2169.38989257813,2217.52001953125,2168.64404296875,2211.9951171875,49200
2012-01-05,2148.45190429688,2183.40405273438,2145.55590820313,2160.89697265625,58800
2012-01-06,2163.39501953125,2164.32202148438,2132.6259765625,2148.14697265625,50600
2012-01-09,2225.88989257813,2226.21801757813,2148.45288085938,2164.74096679688,76800
2012-01-10,2285.74389648438,2288.6279296875,2218.27490234375,2221.83203125,109600
2012-01-11,2276.0458984375,2290.64404296875,2265.18505859375,2282.9130859375,84400
2012-01-12,2275.01000976563,2295.22412109375,2265.25610351563,2268.73901367188,71600
2012-01-13,2244.580078125,2281.53198242188,2225.73608398438,2277.080078125,71400
2012-01-16,2206.19311523438,2241.25903320313,2206.044921875,2230.43310546875,45800
2012-01-17,2298.375,2298.375,2196.11596679688,2206.53100585938,87800
2012-01-18,2266.38403320313,2311.5791015625,2257.89794921875,2298.8330078125,90000
2012-01-19,2296.07495117188,2305.70703125,2259.3369140625,2266.07592773438,72400
2012-01-20,2319.11791992188,2322.89111328125,2293.89306640625,2300.5,70000
2012-01-30,2285.0380859375,2324.49291992188,2284.291015625,2324.49291992188,58400
2012-01-31,2292.61010742188,2296.38500976563,2277.05590820313,2285.9541015625,48800
2012-02-01,2268.080078125,2305.86303710938,2263.34204101563,2288.06591796875,53600
2012-02-02,2312.55590820313,2312.55590820313,2268.68701171875,2273.85009765625,63400
2012-02-03,2330.40502929688,2336.26708984375,2300.98193359375,2306.65600585938,79000
2012-02-06,2331.13598632813,2341.57495117188,2317.42211914063,2334.248046875,75800
2012-02-07,2291.90209960938,2319.7080078125,2278.82495117188,2319.4208984375,67400
2012-02-08,2347.53002929688,2350.96508789063,2286.81909179688,2291.81201171875,87200
2012-02-09,2349.58911132813,2363.61303710938,2333.93505859375,2344.22412109375,98000
2012-02-10,2351.98095703125,2368.97900390625,2339.88500976563,2342.01098632813,96600
2012-02-13,2351.85400390625,2365.33911132813,2325.02807617188,2332.05493164063,86200
2012-02-14,2344.77099609375,2352.46899414063,2332.2470703125,2348.876953125,73200
2012-02-15,2366.70190429688,2374.28198242188,2335.10107421875,2340.455078125,98800
2012-02-16,2356.86010742188,2373.80395507813,2342.07299804688,2363.89697265625,95000
2012-02-17,2357.18090820313,2372.51196289063,2344.76000976563,2366.6298828125,72000
2012-02-20,2363.59692382813,2388.00903320313,2362.01196289063,2383.68603515625,89000
2012-02-21,2381.42993164063,2382.14599609375,2345.05297851563,2365.48706054688,79400
2012-02-22,2403.5869140625,2404.44189453125,2374.03002929688,2380.5029296875,118600
2012-02-23,2409.55395507813,2416.80395507813,2396.7099609375,2401.73803710938,112600
2012-02-24,2439.626953125,2439.97705078125,2405.27392578125,2410.88110351563,135000
2012-02-27,2447.05688476563,2478.375,2444.62890625,2447.40600585938,158000
2012-02-28,2451.85693359375,2458.65087890625,2431.82788085938,2440.9140625,118400
2012-02-29,2428.48706054688,2453.06591796875,2426.3291015625,2446.22802734375,95600
2012-03-01,2426.11499023438,2437.8740234375,2418.333984375,2418.7880859375,75000
2012-03-02,2460.69311523438,2461.12109375,2430.09692382813,2430.09692382813,103200
2012-03-05,2445.001953125,2469.84106445313,2442.11499023438,2464.84912109375,112600
2012-03-06,2410.44506835938,2442.0009765625,2406.05590820313,2439.77905273438,103800
2012-03-07,2394.7939453125,2413.69506835938,2388.51904296875,2391.20190429688,94800
2012-03-08,2420.27587890625,2426.69799804688,2401.10205078125,2401.10205078125,96800
2012-03-09,2439.4619140625,2440.51098632813,2414.96606445313,2425.88500976563,100600
2012-03-12,2434.85791015625,2440.85693359375,2420.84008789063,2438.5458984375,106200
2012-03-13,2455.7939453125,2457.21997070313,2428.60888671875,2432.84301757813,104600
2012-03-14,2391.22998046875,2476.21606445313,2382.8359375,2464.9150390625,179800
2012-03-15,2373.77392578125,2403.74194335938,2366.02392578125,2388.06298828125,120000
2012-03-16,2404.73608398438,2406.14794921875,2368.31103515625,2377.75708007813,103600
2012-03-19,2410.18408203125,2412.3359375,2383.67407226563,2401.21704101563,102200
2012-03-20,2376.83911132813,2407.5419921875,2376.03100585938,2407.5419921875,98000
2012-03-21,2378.19506835938,2396.72192382813,2361.22192382813,2384.708984375,95600
2012-03-22,2375.77197265625,2386.09790039063,2364.12890625,2376.99096679688,79400
2012-03-23,2349.5390625,2371.26196289063,2342.11889648438,2369.07690429688,76800
2012-03-26,2350.59912109375,2357.99609375,2339.13989257813,2349.0859375,55400
2012-03-27,2347.17895507813,2363.76611328125,2344.30395507813,2358.544921875,60800
2012-03-28,2284.88110351563,2341.419921875,2281.43310546875,2341.0029296875,83600
2012-03-29,2252.15991210938,2280.9580078125,2242.34497070313,2276.73999023438,74200
2012-03-30,2262.7880859375,2266.2080078125,2246.2451171875,2256.0419921875,62000
2012-04-05,2302.24096679688,2303.82397460938,2251.39306640625,2258.03100585938,80200
2012-04-06,2306.55200195313,2309.63891601563,2291.55908203125,2299.05395507813,72200
2012-04-09,2285.77709960938,2304.64990234375,2284.44189453125,2300.05102539063,59800
2012-04-10,2305.86303710938,2306.38696289063,2258.85302734375,2281.02392578125,67400
2012-04-11,2308.92504882813,2319.05297851563,2280.03491210938,2286.71606445313,75200
2012-04-12,2350.86401367188,2351.05493164063,2307.84106445313,2310.48388671875,97600
2012-04-13,2359.16088867188,2369.70092773438,2346.94409179688,2351.51293945313,98800
2012-04-16,2357.02587890625,2364.11108398438,2342.19897460938,2346.30688476563,85400
2012-04-17,2334.98510742188,2363.01293945313,2333.34106445313,2355.36889648438,84600
2012-04-18,2380.84790039063,2383.63989257813,2337.85595703125,2341.13500976563,108600
2012-04-19,2378.63403320313,2386.97802734375,2369.4580078125,2378.63208007813,94200
2012-04-20,2406.86303710938,2407.2939453125,2372.1298828125,2374.662109375,115600
2012-04-23,2388.587890625,2411.51000976563,2383.06811523438,2403.52099609375,123000
2012-04-24,2388.833984375,2415.75,2350.39892578125,2380.23608398438,133800
2012-04-25,2406.81298828125,2411.4208984375,2376.625,2382.2109375,131000
2012-04-26,2404.69702148438,2414.7529296875,2393.26489257813,2408.55810546875,115600
2012-04-27,2396.31591796875,2408.419921875,2393.86694335938,2402.43090820313,91200
2012-05-02,2438.43603515625,2446.35009765625,2407.7880859375,2421.08203125,128000
2012-05-03,2440.080078125,2441.95288085938,2427.72802734375,2433.58911132813,102200
2012-05-04,2452.01391601563,2453.73095703125,2427.96899414063,2437.46508789063,102200
2012-05-07,2451.94702148438,2451.94702148438,2432.73608398438,2441.75708007813,108800
2012-05-08,2448.88403320313,2451.59790039063,2431.02490234375,2451.57495117188,104800
2012-05-09,2408.5859375,2432.47192382813,2407.50903320313,2432.47192382813,98000
2012-05-10,2410.22900390625,2419.12109375,2402.2041015625,2409.94506835938,81600
2012-05-11,2394.98193359375,2415.97705078125,2393.3779296875,2406.07397460938,74800
2012-05-14,2380.72509765625,2411.27099609375,2377.98291015625,2408.26196289063,90600
2012-05-15,2374.84301757813,2376.59399414063,2354.61401367188,2367.0830078125,78000
2012-05-16,2346.19189453125,2372.03198242188,2344.5,2369.2939453125,76800
2012-05-17,2378.88598632813,2383.30590820313,2342.35205078125,2347.17700195313,86800
2012-05-18,2344.52099609375,2369.59790039063,2338.24096679688,2364.89892578125,89600
2012-05-21,2348.30004882813,2360.38598632813,2330.32495117188,2343.57495117188,74800
2012-05-22,2373.30590820313,2374.05590820313,2354.86791992188,2355.73193359375,76800
2012-05-23,2363.43701171875,2378.07690429688,2350.54809570313,2369.26489257813,84200
2012-05-24,2350.97290039063,2373.05688476563,2344.580078125,2359.68188476563,79200
2012-05-25,2333.55297851563,2355.80810546875,2327.40795898438,2350.541015625,74000
2012-05-28,2361.36694335938,2361.74389648438,2309.07202148438,2325.31689453125,95000
2012-05-29,2389.63598632813,2393.27905273438,2358.3740234375,2361.0029296875,117200
2012-05-30,2384.66796875,2391.69091796875,2378.13305664063,2385.39208984375,89800
2012-05-31,2372.23388671875,2382.98901367188,2362.31298828125,2370.00708007813,77800
2012-06-01,2373.43603515625,2388.0859375,2365.44189453125,2373.22412109375,77000
2012-06-04,2308.55004882813,2348.19897460938,2308.22900390625,2346.98388671875,90200
2012-06-05,2311.916015625,2323.29809570313,2304.0458984375,2313.73999023438,66000
2012-06-06,2309.55493164063,2323.11303710938,2301.03491210938,2315.56103515625,58600
2012-06-07,2293.1298828125,2328.67211914063,2288.6650390625,2324.67211914063,60200
2012-06-08,2281.44702148438,2306.88208007813,2276.71411132813,2306.21899414063,68000
2012-06-11,2305.85595703125,2311.77197265625,2278.1630859375,2282.89111328125,64200
2012-06-12,2289.791015625,2298.94897460938,2280.95092773438,2295.07006835938,60000
2012-06-13,2318.92407226563,2319.71411132813,2284.64990234375,2289.70703125,78400
2012-06-14,2295.94604492188,2314.5849609375,2293.06396484375,2306.78100585938,71600
2012-06-15,2306.85009765625,2314.24194335938,2283.39990234375,2299.78100585938,68600
2012-06-18,2316.05200195313,2325.05200195313,2309.708984375,2313.53002929688,60600
2012-06-19,2300.794921875,2313.455078125,2298.39404296875,2313.455078125,60200
2012-06-20,2292.876953125,2304.4580078125,2291.541015625,2300.40600585938,54200
2012-06-21,2260.876953125,2288.4541015625,2253.7890625,2288.4541015625,59000
2012-06-25,2224.11401367188,2253.51391601563,2223.05395507813,2253.51391601563,59800
2012-06-26,2222.06689453125,2229.23999023438,2203.94409179688,2214.64892578125,53000
2012-06-27,2216.93408203125,2233.54296875,2213.32299804688,2219.94409179688,51000
2012-06-28,2195.84301757813,2224.15502929688,2195.35498046875,2220.23608398438,54200
2012-06-29,2225.42993164063,2226.48510742188,2188.71606445313,2190.57495117188,61400
2012-07-02,2226.11010742188,2234.873046875,2215.35791015625,2234.32006835938,62200
2012-07-03,2229.19189453125,2244.83203125,2219.05004882813,2225.56689453125,62800
2012-07-04,2227.31494140625,2239.27001953125,2219.44799804688,2233.3349609375,55200
2012-07-05,2201.35302734375,2218.21606445313,2192.64794921875,2218.21606445313,58000
2012-07-06,2223.5791015625,2227.47290039063,2185.52197265625,2203.72998046875,76600
2012-07-09,2170.81396484375,2216.69702148438,2168.60791015625,2210.71411132813,75200
2012-07-10,2164.43798828125,2178.19506835938,2156.72607421875,2166.94702148438,59000
2012-07-11,2175.38305664063,2176.49096679688,2156.59594726563,2160.02001953125,58600
2012-07-12,2185.49096679688,2197.0439453125,2152.67504882813,2172.06396484375,82200
2012-07-13,2185.89501953125,2198.66088867188,2177.92407226563,2180.17211914063,57600
2012-07-16,2147.955078125,2188.06298828125,2146.15405273438,2187.88696289063,67400
2012-07-17,2161.18603515625,2165.3349609375,2141.48095703125,2142.42993164063,55200
2012-07-18,2169.09912109375,2170.2958984375,2138.7919921875,2159.85693359375,66600
2012-07-19,2184.84106445313,2197.7900390625,2159.94311523438,2164.27392578125,79400
2012-07-20,2168.63793945313,2185.73291015625,2162.06298828125,2180.01196289063,64400
2012-07-23,2141.40209960938,2154.1708984375,2135.56298828125,2154.1708984375,55600
2012-07-24,2146.587890625,2158.94799804688,2131.01293945313,2132.31689453125,54400
2012-07-25,2136.15087890625,2151.44995117188,2132.8330078125,2141.03588867188,48600
2012-07-26,2126.00390625,2147.6640625,2124.15502929688,2134.98706054688,52800
2012-07-27,2128.76489257813,2139.15405273438,2120.6298828125,2132.00903320313,52000
2012-07-30,2109.9140625,2137.73608398438,2107.63403320313,2128.15893554688,52000
2012-07-31,2103.63500976563,2116.90405273438,2100.251953125,2109.32495117188,53400
2012-08-01,2123.36010742188,2130.7119140625,2101.7080078125,2101.72290039063,53800
2012-08-02,2111.18188476563,2126.4599609375,2103.4951171875,2120.14599609375,53400
2012-08-03,2132.7958984375,2133.26611328125,2108.330078125,2113.96411132813,53400
2012-08-06,2154.916015625,2158.68090820313,2127.26293945313,2129.14794921875,71800
2012-08-07,2157.6201171875,2159.68310546875,2148.89697265625,2153.09301757813,75000
2012-08-08,2160.98999023438,2168.73388671875,2153.02001953125,2158.98193359375,72800
2012-08-09,2174.10205078125,2175.544921875,2148.69409179688,2159.43408203125,72600
2012-08-10,2168.81396484375,2176.794921875,2165.28393554688,2172.96411132813,68400
2012-08-13,2136.07788085938,2164.04296875,2134.55395507813,2164.04296875,71400
2012-08-14,2142.52392578125,2144.00610351563,2119.2529296875,2137.04711914063,67600
2012-08-15,2118.94506835938,2139.14208984375,2118.5029296875,2138.27807617188,54600
2012-08-16,2112.19702148438,2122.68310546875,2109.65795898438,2116.080078125,45200
2012-08-17,2114.89111328125,2120.71411132813,2100.787109375,2111.65307617188,44400
2012-08-20,2106.95703125,2110.78002929688,2089.01806640625,2102.23095703125,46800
2012-08-21,2118.26806640625,2124.19506835938,2103.07104492188,2106.38110351563,60800
2012-08-22,2107.7109375,2121.14892578125,2097.60498046875,2118.88110351563,58400
2012-08-23,2113.07202148438,2118.73608398438,2097.0830078125,2106.9599609375,58400
2012-08-24,2092.10400390625,2109.82202148438,2089.21704101563,2108.36010742188,60200
2012-08-27,2055.7080078125,2085.373046875,2055.3759765625,2085.373046875,60400
2012-08-28,2073.15405273438,2083.9560546875,2052.49194335938,2054.96704101563,54400
2012-08-29,2053.23510742188,2073.94897460938,2051.77392578125,2066.82006835938,52200
2012-08-30,2052.5849609375,2060.18505859375,2032.53698730469,2044.03295898438,62000
2012-08-31,2047.52197265625,2059.30200195313,2044.65002441406,2046.28894042969,46200
2012-09-03,2059.14697265625,2066.78002929688,2041.16101074219,2044.82397460938,60600
2012-09-04,2043.64904785156,2063.81689453125,2039.26599121094,2060.61303710938,57400
2012-09-05,2037.68103027344,2048.31909179688,2029.05297851563,2038.873046875,57600
2012-09-06,2051.91796875,2052.94995117188,2036.36596679688,2040.66796875,56000
2012-09-07,2127.76196289063,2145.0029296875,2062.98999023438,2062.98999023438,140000
2012-09-10,2134.89306640625,2140.16796875,2120.48608398438,2128.06494140625,103600
2012-09-11,2120.55395507813,2127.51904296875,2107.21899414063,2127.51904296875,80400
2012-09-12,2126.55395507813,2137.88989257813,2109.13696289063,2129.68701171875,84200
2012-09-13,2110.37890625,2130.0791015625,2109.99609375,2123.84008789063,79000
2012-09-14,2123.84692382813,2136.22607421875,2111.1201171875,2127.38891601563,91200
2012-09-17,2078.5,2121.5830078125,2077.48388671875,2120.61694335938,76400
2012-09-18,2059.54296875,2074.76196289063,2053.662109375,2069.34301757813,53800
2012-09-19,2067.8310546875,2069.94995117188,2055.19799804688,2061.06103515625,52200
2012-09-20,2024.83703613281,2060.30590820313,2023.0849609375,2060.30590820313,67400
2012-09-21,2026.68994140625,2041.94799804688,2018.26293945313,2020.55395507813,60200
2012-09-24,2033.19201660156,2040.84997558594,2005.26293945313,2015.76696777344,57600
2012-09-25,2029.29296875,2039.09594726563,2021.80895996094,2028.63195800781,48200
2012-09-26,2004.17199707031,2033.03601074219,1999.48400878906,2027.85498046875,50400
2012-09-27,2056.32299804688,2068.07104492188,2002.32397460938,2003.09899902344,76600
2012-09-28,2086.1689453125,2089.63305664063,2040.34997558594,2042.88598632813,79400
2012-10-08,2074.4189453125,2096.25903320313,2063.08911132813,2084.84912109375,55200
2012-10-09,2115.22900390625,2119.3359375,2081.587890625,2081.587890625,84600
2012-10-10,2119.94189453125,2121.99194335938,2102.53491210938,2111.5869140625,79000
2012-10-11,2102.86791992188,2117.83911132813,2101.13989257813,2114.23193359375,74400
2012-10-12,2104.93188476563,2127.30688476563,2092.51098632813,2109.07006835938,68200
2012-10-15,2098.70288085938,2107.19897460938,2085.11499023438,2105.02392578125,54000
2012-10-16,2098.80810546875,2111.78002929688,2089.69506835938,2097.05004882813,57800
2012-10-17,2105.61791992188,2113.162109375,2088.0439453125,2104.28002929688,59800
2012-10-18,2131.68798828125,2137.68603515625,2107.49194335938,2108.498046875,87200
2012-10-19,2128.30200195313,2136.86889648438,2125.73608398438,2129.82006835938,67600
2012-10-22,2132.75805664063,2138.02709960938,2112.751953125,2118.52099609375,60200
2012-10-23,2114.44702148438,2136.21801757813,2111.92309570313,2132.10791015625,72600
2012-10-24,2115.98999023438,2123.998046875,2104.669921875,2106.830078125,72800
2012-10-25,2101.580078125,2128.73999023438,2100.60888671875,2114.76391601563,85400
2012-10-26,2066.208984375,2102.162109375,2058.06298828125,2100.10009765625,78600
2012-10-29,2058.94311523438,2068.23706054688,2053.09204101563,2061.84692382813,53600
2012-10-30,2062.34692382813,2075.90502929688,2054.26391601563,2059.20190429688,60600
2012-10-31,2068.8798828125,2070.47900390625,2053.5830078125,2061.1240234375,59600
2012-11-01,2104.42700195313,2109.49609375,2069.94799804688,2070.02001953125,82800
2012-11-02,2117.0458984375,2119.22412109375,2096.53100585938,2105.44897460938,76600
2012-11-05,2114.02709960938,2123.32690429688,2104.5830078125,2113.32788085938,71600
2012-11-06,2105.9990234375,2114.791015625,2078.47192382813,2113.65795898438,71400
2012-11-07,2105.72998046875,2112.63110351563,2093.2890625,2102.4189453125,59400
2012-11-08,2071.50903320313,2092.56494140625,2070.64892578125,2091.25390625,66600
2012-11-09,2069.06689453125,2077.22802734375,2062.4169921875,2066.4951171875,54200
2012-11-12,2079.27294921875,2079.57104492188,2061.84008789063,2069.21411132813,56600
2012-11-13,2047.88903808594,2078.13305664063,2044.03601074219,2078.13305664063,61000
2012-11-14,2055.4189453125,2056.48803710938,2040.17199707031,2047.25695800781,48000
2012-11-15,2030.2900390625,2053.56005859375,2029.8740234375,2045.4560546875,50600
2012-11-16,2014.72497558594,2028.68603515625,2001.71496582031,2026.56298828125,49600
2012-11-19,2016.98205566406,2018.38000488281,1995.72094726563,2013.24597167969,45400
2012-11-20,2008.92297363281,2023.61096191406,2004.17004394531,2020.43298339844,42600
2012-11-21,2030.31896972656,2031.14904785156,1995.17395019531,2008.21105957031,53200
2012-11-22,2015.61096191406,2023.0849609375,2009.71997070313,2021.208984375,45600
2012-11-23,2027.38403320313,2034.88403320313,2017.00402832031,2020.01501464844,51600
2012-11-26,2017.46398925781,2027.27404785156,2014.02905273438,2023.33898925781,44800
2012-11-27,1991.1650390625,2014.2099609375,1990.33605957031,2012.07495117188,56600
2012-11-28,1973.52294921875,1984.86303710938,1968.21301269531,1984.47998046875,50600
2012-11-29,1963.48803710938,1980.55603027344,1961.82202148438,1972.92504882813,49600
2012-11-30,1980.11694335938,1983.4189453125,1959.333984375,1961.81494140625,56800
2012-12-03,1959.76696777344,1988.19104003906,1957.88403320313,1977.25402832031,61600
2012-12-04,1975.14294433594,1980.11901855469,1949.45703125,1956.61596679688,62400
2012-12-05,2031.90698242188,2040.60400390625,1970.20202636719,1973.10705566406,120000
2012-12-06,2029.23706054688,2036.60900878906,2018.37902832031,2029.56201171875,81400
2012-12-07,2061.78588867188,2065.74389648438,2023.96105957031,2028.76599121094,115200
2012-12-10,2083.77001953125,2087.00708007813,2064.61499023438,2067.32397460938,115400
2012-12-11,2074.7041015625,2088.63500976563,2070.19189453125,2077.55688476563,93400
2012-12-12,2082.72607421875,2085.93408203125,2066.39111328125,2073.27099609375,78600
2012-12-13,2061.47607421875,2081.36303710938,2059.47192382813,2077.4169921875,72200
2012-12-14,2150.625,2152.49609375,2062.5419921875,2062.68896484375,160800
2012-12-17,2160.34204101563,2169.57006835938,2151.93603515625,2152.09692382813,144200
2012-12-18,2162.46411132813,2183.712890625,2144.73291015625,2155.85791015625,126000
2012-12-19,2162.23901367188,2175.39501953125,2154.287109375,2158.669921875,94400
2012-12-20,2168.35302734375,2174.81909179688,2142.95092773438,2156.19311523438,99400
2012-12-21,2153.31005859375,2190.39794921875,2148.169921875,2169.57006835938,103400
2012-12-24,2159.05297851563,2170.39404296875,2149.82397460938,2150.65405273438,78400
2012-12-25,2213.61108398438,2220.26293945313,2146.86206054688,2154.32006835938,143400
2012-12-26,2219.13208007813,2220.47509765625,2206.787109375,2211.59399414063,121800
2012-12-27,2205.89697265625,2234.72412109375,2204.7900390625,2223.65502929688,129000
2012-12-28,2233.251953125,2234.86889648438,2204.0029296875,2207.9130859375,116000
2012-12-31,2269.1279296875,2269.51196289063,2236.4609375,2236.4609375,128000
2013-01-04,2276.99194335938,2296.11303710938,2256.56005859375,2289.51000976563,139400
2013-01-07,2285.36401367188,2293.31689453125,2266.86206054688,2271.6630859375,118200
2013-01-08,2276.07006835938,2289.13891601563,2262.97900390625,2284.65405273438,123000
2013-01-09,2275.34008789063,2283.89599609375,2259.05102539063,2271.29907226563,122000
2013-01-10,2283.65698242188,2295.48388671875,2268.64794921875,2274.376953125,120000
2013-01-11,2242.9970703125,2290.205078125,2234.94702148438,2285.18505859375,125000
2013-01-14,2311.73999023438,2317.61694335938,2235.10693359375,2236.2880859375,144800
2013-01-15,2325.68188476563,2332.78295898438,2309.32299804688,2312.46801757813,165600
2013-01-16,2309.4990234375,2326.76391601563,2279.50708007813,2322.15795898438,153600
2013-01-17,2284.90893554688,2305.60205078125,2275.876953125,2305.13989257813,119200
2013-01-18,2317.07006835938,2324.50903320313,2285.97192382813,2295.80908203125,125400
2013-01-21,2328.22094726563,2329.5810546875,2305.09912109375,2321.48999023438,134600
2013-01-22,2315.13891601563,2335.80590820313,2301.30102539063,2326.48999023438,149400
2013-01-23,2320.91088867188,2325.11791992188,2296.49096679688,2308.52099609375,118200
2013-01-24,2302.59790039063,2362.94311523438,2287.2958984375,2320.25805664063,161000
2013-01-25,2291.30395507813,2308.3798828125,2288.26196289063,2300.0009765625,92600
2013-01-28,2346.5048828125,2346.9208984375,2295.35205078125,2295.35205078125,128400
2013-01-29,2358.97705078125,2363.79711914063,2337.35302734375,2347.21508789063,141800
2013-01-30,2382.47509765625,2383.76293945313,2347.88989257813,2360.748046875,149800
2013-01-31,2385.42211914063,2391.82104492188,2371.22607421875,2383.42602539063,139800
2013-02-01,2419.02001953125,2421.15405273438,2369.57006835938,2377.4140625,140800
2013-02-04,2428.15405273438,2440.3759765625,2417.5849609375,2425.9208984375,167600
2013-02-05,2433.1298828125,2437.4150390625,2403.30200195313,2411.0009765625,150800
2013-02-06,2434.47705078125,2441.72607421875,2427.69897460938,2432.67700195313,116600
2013-02-07,2418.53002929688,2433.89306640625,2394.21801757813,2430.68798828125,120000
2013-02-08,2432.40209960938,2443.03198242188,2414.39697265625,2416.61889648438,109000
2013-02-18,2421.55810546875,2444.80395507813,2415.42895507813,2441.90600585938,116200
2013-02-19,2382.9140625,2427.07495117188,2373.53491210938,2420.26489257813,123400
2013-02-20,2397.17797851563,2397.94091796875,2370.60791015625,2383.49291992188,110200
2013-02-21,2325.95092773438,2378.82202148438,2309.1708984375,2378.82202148438,144000
2013-02-22,2314.1640625,2330.87890625,2308.76000976563,2322.93994140625,97000
2013-02-25,2325.81909179688,2338.78002929688,2315.01196289063,2320.61791992188,88400
2013-02-26,2293.34106445313,2340.7080078125,2289.88598632813,2313.73999023438,117600
2013-02-27,2313.21997070313,2324.626953125,2292.03393554688,2297.76708984375,97800
2013-02-28,2365.59301757813,2366.1640625,2308.916015625,2322.32299804688,127000
2013-03-01,2359.50610351563,2369.64892578125,2330.85791015625,2364.5439453125,120400
2013-03-04,2273.40405273438,2333.5400390625,2259.2470703125,2332.080078125,161800
2013-03-05,2326.30590820313,2328.14306640625,2270.10009765625,2274.80810546875,131200
2013-03-06,2347.17895507813,2351.44091796875,2321.60009765625,2333.61499023438,141400
2013-03-07,2324.29296875,2352.02099609375,2304.27001953125,2340.43603515625,139800
2013-03-08,2318.61108398438,2333.6669921875,2314.5869140625,2326.4169921875,98800
2013-03-11,2310.59301757813,2320.9599609375,2296.5830078125,2314.68310546875,84200
2013-03-12,2286.60498046875,2333.28588867188,2264.8291015625,2309.15795898438,117600
2013-03-13,2263.96801757813,2286.3291015625,2253.2490234375,2282.169921875,91000
2013-03-14,2270.27709960938,2276.22094726563,2253.31005859375,2255.77490234375,80200
2013-03-15,2278.40087890625,2312.07788085938,2250.0048828125,2269.31494140625,116400
2013-03-18,2240.01611328125,2276.05004882813,2239.21411132813,2267.287109375,93200
2013-03-19,2257.43408203125,2261.31396484375,2232.02294921875,2244.26489257813,87600
2013-03-20,2317.375,2317.86010742188,2257.419921875,2257.73706054688,131200
2013-03-21,2324.24194335938,2330.81298828125,2311.60302734375,2318.205078125,119200
2013-03-22,2328.27807617188,2331.9951171875,2314.96704101563,2321.40307617188,101200
2013-03-25,2326.71508789063,2344.89404296875,2319.90795898438,2334.73510742188,97000
2013-03-26,2297.6689453125,2319.98803710938,2281.11791992188,2318.57788085938,104400
2013-03-27,2301.26000976563,2323.47705078125,2288.9951171875,2299.376953125,96400
2013-03-28,2236.30200195313,2273.55200195313,2232.90600585938,2273.55200195313,127600
2013-03-29,2236.62109375,2246.86791992188,2228.81298828125,2238.48510742188,85600
2013-04-01,2234.39501953125,2243.94799804688,2227.31396484375,2229.4599609375,77400
2013-04-02,2227.73999023438,2253.4208984375,2220.43896484375,2234.90087890625,89800
2013-04-03,2225.294921875,2241.34008789063,2217.251953125,2232.69409179688,81800
2013-04-08,2211.59204101563,2212.5859375,2180.67309570313,2196.23803710938,86200
2013-04-09,2225.77392578125,2234.72509765625,2215.46704101563,2215.46704101563,82800
2013-04-10,2226.1259765625,2233.0400390625,2212.56103515625,2224.93408203125,80600
2013-04-11,2219.55297851563,2242.47900390625,2217.26489257813,2236.98291015625,73600
2013-04-12,2206.78002929688,2226.26196289063,2204.43798828125,2218.09399414063,66800
2013-04-15,2181.94091796875,2204.98706054688,2177.38793945313,2199.9140625,71600
2013-04-16,2194.84497070313,2196.43188476563,2165.78393554688,2169.6298828125,80000
2013-04-17,2193.7958984375,2197.50805664063,2178.46899414063,2195.03198242188,68400
2013-04-18,2197.60205078125,2206.02709960938,2175.44409179688,2181.82202148438,71600
2013-04-19,2244.64306640625,2250.11010742188,2200.5830078125,2201.1220703125,109600
2013-04-22,2242.1689453125,2245.11889648438,2232.25805664063,2236.40209960938,95200
2013-04-23,2184.5380859375,2242.61596679688,2182.80590820313,2242.61596679688,96600
2013-04-24,2218.31811523438,2226.11596679688,2184.10888671875,2187.34912109375,91600
2013-04-25,2199.30688476563,2224.6298828125,2191.84790039063,2213.18505859375,96800
2013-04-26,2177.912109375,2210.5810546875,2173.86401367188,2203.88891601563,76600
2013-05-02,2174.123046875,2179.64697265625,2161.13989257813,2170.78295898438,68400
2013-05-03,2205.4970703125,2222.81103515625,2179.04907226563,2179.04907226563,88600
2013-05-06,2231.166015625,2236.06591796875,2212.4951171875,2212.4951171875,92200
2013-05-07,2235.57495117188,2240.25610351563,2219.43505859375,2227.86108398438,86400
2013-05-08,2246.30004882813,2255.2080078125,2235.4169921875,2242.39306640625,90400
2013-05-09,2232.97094726563,2247.86401367188,2221.38403320313,2246.962890625,98600
2013-05-10,2246.8310546875,2247.67407226563,2225.81201171875,2228.81909179688,90400
2013-05-13,2241.919921875,2250.85400390625,2231.36303710938,2247.67797851563,86200
2013-05-14,2217.01000976563,2239.92602539063,2205.873046875,2238.90405273438,83200
2013-05-15,2224.79711914063,2225.18603515625,2213.58203125,2217.0859375,71800
2013-05-16,2251.80493164063,2252.8720703125,2210.77001953125,2221.3369140625,110200
2013-05-17,2282.8701171875,2288.09106445313,2248.4130859375,2249.81103515625,126200
2013-05-20,2299.98608398438,2309.39208984375,2281.89892578125,2286.32788085938,139200
2013-05-21,2305.11401367188,2305.30102539063,2290.1240234375,2297.11010742188,124200
2013-05-22,2302.40307617188,2314.18310546875,2292.43090820313,2303.75,128400
2013-05-23,2275.6669921875,2304.95288085938,2274.10205078125,2293.80908203125,124000
2013-05-24,2288.53198242188,2292.59497070313,2270.25,2281.44506835938,101400
2013-05-27,2293.07690429688,2301.70190429688,2283.93505859375,2286.66088867188,107400
2013-05-28,2321.31811523438,2322.09912109375,2281.46801757813,2293.39990234375,132600
2013-05-29,2324.01708984375,2334.3349609375,2321.166015625,2323.5390625,125200
2013-05-30,2317.7490234375,2325.72094726563,2310.49194335938,2316.2529296875,112000
2013-05-31,2300.59497070313,2325.53393554688,2299.36889648438,2320.73901367188,108200
2013-06-03,2299.251953125,2313.42504882813,2294.11303710938,2300.208984375,96800
2013-06-04,2272.4169921875,2297.10009765625,2264.76098632813,2297.10009765625,101800
2013-06-05,2270.92993164063,2276.86499023438,2260.87109375,2270.7119140625,76400
2013-06-06,2242.11010742188,2266.69189453125,2240.07006835938,2264.42504882813,81600
2013-06-07,2210.89794921875,2250.62890625,2205.06591796875,2242.26293945313,90000
2013-06-13,2148.35498046875,2190.10107421875,2126.21606445313,2190.10107421875,94400
2013-06-14,2162.041015625,2163.84594726563,2142.78002929688,2150.06005859375,77800
2013-06-17,2156.21508789063,2169.35595703125,2147.02905273438,2165.99389648438,75800
2013-06-18,2159.291015625,2161.68090820313,2138.34692382813,2158.5458984375,69600
2013-06-19,2143.4541015625,2150.81591796875,2115.7919921875,2150.81591796875,75400
2013-06-20,2084.02099609375,2132.81298828125,2082.82495117188,2132.81298828125,77800
2013-06-21,2073.09497070313,2085.86010742188,2042.87902832031,2058.97900390625,79600
2013-06-24,1963.23498535156,2068.86206054688,1958.40100097656,2068.86206054688,109200
2013-06-25,1959.50805664063,1963.56604003906,1849.65295410156,1948.31494140625,138200
2013-06-26,1951.49499511719,1959.15795898438,1922.82397460938,1954.47399902344,101200
2013-06-27,1950.01196289063,1980.5400390625,1942.37097167969,1955.1259765625,105800
2013-06-28,1979.2060546875,1987.98400878906,1925.65100097656,1935.51599121094,100800
2013-07-01,1995.24194335938,1995.916015625,1957.57104492188,1965.98706054688,78000
2013-07-02,2006.56005859375,2007.61999511719,1978.42797851563,1992.89001464844,86400
2013-07-03,1994.26794433594,1996.53698730469,1965.51904296875,1996.50598144531,93400
2013-07-04,2006.09802246094,2022.13598632813,1974.10302734375,1982.86999511719,100400
2013-07-05,2007.19897460938,2021.541015625,2002.36694335938,2006.19104003906,91400
2013-07-08,1958.27294921875,1983.21398925781,1953.12097167969,1983.21398925781,84200
2013-07-09,1965.45397949219,1969.14904785156,1946.36596679688,1953.60205078125,64600
2013-07-10,2008.1259765625,2009.35998535156,1960.27697753906,1962.83996582031,89800
2013-07-11,2072.99096679688,2092.86791992188,2010.40002441406,2011.02001953125,160000
2013-07-12,2039.48596191406,2074.85693359375,2036.05004882813,2068.0439453125,121200
2013-07-15,2059.38989257813,2076.6650390625,2037.248046875,2046.11901855469,101400
2013-07-16,2065.71997070313,2066.36303710938,2038.53503417969,2054.60009765625,96800
2013-07-17,2044.92199707031,2075.81298828125,2043.23095703125,2061.18603515625,103200
2013-07-18,2023.39599609375,2043.37194824219,2016.89904785156,2038.40002441406,92200
2013-07-19,1992.64794921875,2035.21997070313,1990.25305175781,2025.31701660156,104600
2013-07-22,2004.76196289063,2005.47399902344,1970.63903808594,1977.73303222656,83000
2013-07-23,2043.8759765625,2051.52587890625,2005.09204101563,2008.95495605469,109600
2013-07-24,2033.32897949219,2042.77294921875,2010.42395019531,2035.69104003906,106600
2013-07-25,2021.17395019531,2045.36499023438,2016.43103027344,2037.33605957031,98600
2013-07-26,2010.84997558594,2021.57397460938,2000.79699707031,2013.18994140625,73800
2013-07-29,1976.30603027344,1997.83801269531,1969.85302734375,1997.83801269531,78700
2013-07-30,1990.06396484375,2006.23205566406,1965.36096191406,1981.45202636719,77200
2013-07-31,1993.79895019531,2015.47204589844,1987.88000488281,2000.7939453125,70200
2013-08-01,2029.06701660156,2029.92797851563,1997.05798339844,2000.81799316406,91200
2013-08-02,2029.41796875,2047.083984375,2025.65405273438,2039.51403808594,93600
2013-08-05,2050.48095703125,2050.91088867188,2025.22595214844,2031.72399902344,85500
2013-08-06,2060.5,2066.73999023438,2034.95703125,2043.65295410156,105600
2013-08-07,2046.77795410156,2069.56103515625,2043.75,2056.36694335938,107700
2013-08-08,2044.89501953125,2058.56103515625,2037.2509765625,2044.43603515625,84100
2013-08-09,2052.23510742188,2061.7080078125,2030.126953125,2052.24389648438,95300
2013-08-12,2101.28295898438,2102.34692382813,2055.71508789063,2058.416015625,135100
2013-08-13,2106.15600585938,2106.39599609375,2093.7958984375,2101.32397460938,117700
2013-08-14,2100.13696289063,2122.96508789063,2093.04296875,2109.22509765625,114400
2013-08-15,2081.8798828125,2108.40502929688,2079.96899414063,2099.27905273438,99400
2013-08-16,2068.45190429688,2198.84790039063,2061.65405273438,2075.98291015625,153100
2013-08-19,2085.60205078125,2091.13208007813,2052.70288085938,2055.1279296875,97400
2013-08-20,2072.59497070313,2098.97998046875,2066.07202148438,2081.96508789063,107400
2013-08-21,2072.9609375,2076.31689453125,2056.9130859375,2076.27099609375,87400
2013-08-22,2067.1240234375,2083.3330078125,2062.36694335938,2069.31298828125,90900
2013-08-23,2057.4580078125,2079.84594726563,2029.36499023438,2075.92895507813,112400
2013-08-26,2096.47412109375,2097.34301757813,2056.13305664063,2061.4169921875,119900
2013-08-27,2103.56591796875,2105.375,2090.42504882813,2095.43994140625,126400
2013-08-28,2101.30102539063,2113.81591796875,2080.86108398438,2092.31103515625,161400
2013-08-29,2097.22705078125,2110.89404296875,2088.23608398438,2108.43603515625,133200
2013-08-30,2098.38208007813,2114.39306640625,2089.09497070313,2097.21704101563,170000
2013-09-02,2098.44799804688,2108.68310546875,2078.455078125,2104.09008789063,149200
2013-09-03,2123.11206054688,2123.84594726563,2095.455078125,2100.44897460938,138800
2013-09-04,2127.61791992188,2132.99609375,2115.7529296875,2121.67993164063,142000
2013-09-05,2122.42993164063,2127.85498046875,2115.23608398438,2125.2548828125,126500
2013-09-06,2139.99291992188,2143.24389648438,2119.02099609375,2119.3330078125,143200
2013-09-09,2212.51611328125,2218.52905273438,2151.34692382813,2151.34692382813,219400
2013-09-10,2237.98388671875,2238.55102539063,2202.81591796875,2214.81396484375,237200
2013-09-11,2241.26806640625,2258.07495117188,2233.0029296875,2244.9619140625,244300
2013-09-12,2255.60400390625,2270.26806640625,2226.2880859375,2236.1708984375,209700
2013-09-13,2236.21704101563,2259.42407226563,2228.48291015625,2251.4619140625,172000
2013-09-16,2231.40087890625,2248.47094726563,2226.1708984375,2244.462890625,154800
2013-09-17,2185.56005859375,2230.92797851563,2184.92211914063,2230.38793945313,154500
2013-09-18,2191.85107421875,2195.90405273438,2172.04296875,2185.93603515625,115100
2013-09-23,2221.0439453125,2223.06811523438,2198.3359375,2199.36108398438,133200
2013-09-24,2207.53100585938,2219.54296875,2187.23608398438,2219.46704101563,160400
2013-09-25,2198.51489257813,2217.97412109375,2193.72192382813,2206.22509765625,160200
2013-09-26,2155.80908203125,2192.22607421875,2154.72094726563,2192.22607421875,140400
2013-09-27,2160.02709960938,2165.77709960938,2149.59399414063,2150.9609375,105400
2013-09-30,2174.6650390625,2176.30297851563,2165.162109375,2167.73388671875,92800
2013-10-08,2198.19897460938,2200.01806640625,2161.48901367188,2171.90405273438,126700
2013-10-09,2211.76904296875,2212.34692382813,2185.18090820313,2191.39208984375,130900
2013-10-10,2190.92895507813,2214.59204101563,2186.47998046875,2214.40502929688,149800
2013-10-11,2228.14599609375,2228.87109375,2200.53002929688,2201.40893554688,156900
2013-10-14,2237.77294921875,2242.98388671875,2226.40307617188,2232.21801757813,166000
2013-10-15,2233.412109375,2240.25,2221.13891601563,2237.93090820313,153700
2013-10-16,2193.07397460938,2228.11303710938,2183.40307617188,2228.11303710938,154600
2013-10-17,2188.5419921875,2211.03002929688,2183.24609375,2201.7099609375,126800
2013-10-18,2193.78002929688,2203.291015625,2184.36010742188,2188.71411132813,103700
2013-10-21,2229.23706054688,2230.28491210938,2190.39404296875,2198.11401367188,136700
2013-10-22,2210.65209960938,2227.34106445313,2204.24389648438,2227.34106445313,149100
2013-10-23,2183.10693359375,2226.84692382813,2177.72509765625,2213.27392578125,146300
2013-10-24,2164.32202148438,2183.412109375,2159.87109375,2178.82006835938,103000
2013-10-25,2132.955078125,2170.61206054688,2122.67797851563,2163.68896484375,113900
2013-10-28,2133.86889648438,2140.95703125,2123.06909179688,2135.87890625,88400
2013-10-29,2128.86401367188,2163.65698242188,2093.19702148438,2135.22607421875,143100
2013-10-30,2160.462890625,2161.93505859375,2121.84106445313,2126.68994140625,119600
2013-10-31,2141.61401367188,2155.51098632813,2137.46606445313,2155.51098632813,108100
2013-11-01,2149.56201171875,2157.31298828125,2132.62890625,2139.8798828125,89100
2013-11-04,2149.63403320313,2160.57788085938,2143.20703125,2156.0869140625,76100
2013-11-05,2157.23999023438,2158.14794921875,2124.84497070313,2139.8369140625,91900
2013-11-06,2139.60693359375,2166.1708984375,2138.78002929688,2149.38989257813,100500
2013-11-07,2129.39990234375,2141.60009765625,2119.18603515625,2136.626953125,81800
2013-11-08,2106.126953125,2128.5810546875,2103.51000976563,2120.92309570313,83100
2013-11-11,2109.47094726563,2117.28002929688,2093.6259765625,2103.29907226563,69700
2013-11-12,2126.77197265625,2127.93798828125,2108.39599609375,2110.72412109375,79400
2013-11-13,2087.94091796875,2117.912109375,2086.00610351563,2117.88598632813,88300
2013-11-14,2100.50610351563,2102.3798828125,2078.98803710938,2087.11889648438,83800
2013-11-15,2135.82690429688,2153.212890625,2100.78588867188,2100.89990234375,125900
2013-11-18,2197.21899414063,2198.31591796875,2143.76806640625,2147.373046875,157500
2013-11-19,2193.125,2203.2958984375,2186.11401367188,2198.31811523438,125000
2013-11-20,2206.61303710938,2207.10498046875,2186.64208984375,2201.47412109375,119000
2013-11-21,2205.76611328125,2206.53100585938,2177.73510742188,2197.00805664063,137200
2013-11-22,2196.3779296875,2211.06591796875,2188.76708984375,2206.46997070313,113800
2013-11-25,2186.11499023438,2209.14794921875,2181.41796875,2186.05810546875,108300
2013-11-26,2183.07299804688,2192.5791015625,2176.17700195313,2184.33203125,100500
2013-11-27,2201.07006835938,2207.61694335938,2176.84692382813,2181.72509765625,115400
2013-11-28,2219.3720703125,2234.38696289063,2202.623046875,2204.3779296875,134500
2013-11-29,2220.50390625,2224.94409179688,2212.26293945313,2221.61791992188,107000
2013-12-02,2207.37109375,2231.9208984375,2172.63305664063,2203.1220703125,174300
2013-12-03,2222.669921875,2227.92504882813,2193.2509765625,2196.82397460938,113500
2013-12-04,2251.76196289063,2260.87109375,2215.916015625,2219.96508789063,157300
2013-12-05,2247.06298828125,2255.26098632813,2239.14404296875,2252.72290039063,122000
2013-12-06,2237.10791015625,2248.14697265625,2228.63208007813,2242.56298828125,103700
2013-12-09,2238.19995117188,2249.1689453125,2231.73388671875,2241.79296875,93300
2013-12-10,2237.49194335938,2250.50390625,2231.67993164063,2239.86401367188,109000
2013-12-11,2204.166015625,2228.63305664063,2193.15991210938,2228.63305664063,109400
2013-12-12,2202.7958984375,2214.54809570313,2194.90087890625,2199.31689453125,86100
2013-12-13,2196.07495117188,2204.63696289063,2183.84204101563,2188.25903320313,85100
2013-12-16,2160.86108398438,2201.69604492188,2159.98706054688,2197.23388671875,101400
2013-12-17,2151.0791015625,2165.54296875,2146.31396484375,2161.53588867188,78600
2013-12-18,2148.28491210938,2156.59301757813,2142.6240234375,2150.412109375,64200
2013-12-19,2127.7919921875,2159.14208984375,2126.24609375,2153.67407226563,73100
2013-12-20,2084.7939453125,2131.73706054688,2082.85498046875,2128.3740234375,86800
2013-12-23,2089.70703125,2099.52197265625,2068.54296875,2089.5390625,68100
2013-12-24,2092.90502929688,2111.80493164063,2079.81005859375,2094.07299804688,70300
2013-12-25,2106.35400390625,2107.23193359375,2088.29711914063,2095.01904296875,65200
2013-12-26,2073.09912109375,2102.65991210938,2070.5458984375,2102.65991210938,78500
2013-12-27,2101.2509765625,2110.35693359375,2069.59008789063,2074.59204101563,76800
2013-12-30,2097.52905273438,2112.00903320313,2095.06298828125,2108.88305664063,74100
2013-12-31,2115.97802734375,2120.27392578125,2087.4150390625,2090.67895507813,80500
2014-01-02,2109.38696289063,2113.11010742188,2101.01611328125,2112.1259765625,68500
2014-01-03,2083.13500976563,2102.1669921875,2075.89892578125,2101.5419921875,84500
2014-01-06,2045.708984375,2078.68408203125,2034.00598144531,2078.68408203125,89600
2014-01-07,2047.31701660156,2052.27905273438,2029.24597167969,2034.22399902344,63400
2014-01-08,2044.33996582031,2062.95190429688,2037.10998535156,2047.25598144531,71600
2014-01-09,2027.62194824219,2057.19604492188,2026.44604492188,2041.77294921875,75900
2014-01-10,2013.29797363281,2029.29699707031,2008.00695800781,2023.53503417969,75600
2014-01-13,2009.56396484375,2027.18103027344,2000.40405273438,2014.97802734375,66500
2014-01-14,2026.84204101563,2027.42797851563,2001.13500976563,2007.15600585938,70400
2014-01-15,2023.34802246094,2027.40905761719,2010.20397949219,2024.22802734375,67400
2014-01-16,2023.70104980469,2034.70703125,2014.40698242188,2022.53796386719,72800
2014-01-17,2004.94897460938,2017.86804199219,2001.32995605469,2017.52197265625,67300
2014-01-20,1991.25305175781,2005.93798828125,1984.82397460938,2001.89404296875,56300
2014-01-21,2008.31298828125,2014.15197753906,1992.01501464844,1992.01501464844,59800
2014-01-22,2051.7490234375,2052.33911132813,2008.93005371094,2009.96899414063,98900
2014-01-23,2042.18005371094,2052.52807617188,2039.05200195313,2048.3310546875,84200
2014-01-24,2054.39208984375,2060.98608398438,2034.45300292969,2037.6669921875,92900
2014-01-27,2033.30004882813,2044.84594726563,2029.6259765625,2044.27197265625,88800
2014-01-28,2038.51293945313,2047.12902832031,2026.98706054688,2036.40197753906,72500
2014-01-29,2049.9140625,2051.5830078125,2039.77099609375,2042.17602539063,73900
2014-01-30,2033.0830078125,2045.93103027344,2031.46594238281,2045.93103027344,62600
2014-02-07,2044.49694824219,2044.72998046875,2014.69799804688,2022.32299804688,73600
2014-02-10,2086.06689453125,2087.97509765625,2049.98388671875,2049.98388671875,124300
2014-02-11,2103.6708984375,2111.06103515625,2082.52099609375,2086.17700195313,142200
2014-02-12,2109.955078125,2110.90405273438,2096.50903320313,2103.82788085938,126300
2014-02-13,2098.40087890625,2122.82592773438,2096.96606445313,2106.93408203125,146500
2014-02-14,2115.84790039063,2116.18603515625,2095.09008789063,2097.32006835938,111500
2014-02-17,2135.4150390625,2136.44702148438,2117.68896484375,2124.8798828125,140200
2014-02-18,2119.06591796875,2134.14306640625,2113.1279296875,2134.14306640625,142900
2014-02-19,2142.55395507813,2152.9609375,2111.16796875,2116.9189453125,151300
2014-02-20,2138.78198242188,2177.97802734375,2136.48095703125,2152.89111328125,157100
2014-02-21,2113.69311523438,2132.70288085938,2098.32788085938,2131.59204101563,117700
2014-02-24,2076.68603515625,2099.71704101563,2058.791015625,2099.71704101563,123600
2014-02-25,2034.21899414063,2087.61596679688,2026.54296875,2077.28491210938,140100
2014-02-26,2041.25402832031,2041.626953125,2014.38098144531,2026.60998535156,110100
2014-02-27,2047.35400390625,2068.31396484375,2036.39099121094,2045.09594726563,132200
2014-02-28,2056.30200195313,2058.48901367188,2020.93505859375,2040.6240234375,111600
2014-03-03,2075.23510742188,2078.3330078125,2047.06701660156,2052.07495117188,127500
2014-03-04,2071.47290039063,2074.02490234375,2050.125,2068.10693359375,115900
2014-03-05,2053.083984375,2074.81494140625,2050.17504882813,2073.294921875,107700
2014-03-06,2059.57788085938,2065.7900390625,2030.94604492188,2050.03198242188,109300
2014-03-07,2057.90795898438,2079.48999023438,2050.46997070313,2058.375,103700
2014-03-10,1999.06494140625,2042.63403320313,1995.54895019531,2042.35205078125,115700
2014-03-11,2001.15698242188,2008.07104492188,1985.59899902344,1994.4150390625,92700
2014-03-12,1997.69201660156,2011.06005859375,1974.38195800781,1996.23901367188,101400
2014-03-13,2019.11096191406,2029.11999511719,1996.52905273438,2000.69494628906,101000
2014-03-14,2004.33898925781,2017.91296386719,1990.97998046875,2008.82495117188,87800
2014-03-17,2023.67297363281,2024.37194824219,1999.2490234375,2009.88195800781,86300
2014-03-18,2025.19604492188,2034.9169921875,2020.41003417969,2026.22399902344,96800
2014-03-19,2021.73400878906,2022.18103027344,2002.44104003906,2019.97998046875,95200
2014-03-20,1993.47900390625,2030.84704589844,1993.001953125,2017.21997070313,110300
2014-03-21,2047.61901855469,2052.47192382813,1986.07104492188,1987.67895507813,144500
2014-03-24,2066.27905273438,2074.05590820313,2043.32995605469,2050.82690429688,147700
2014-03-25,2067.31103515625,2079.55102539063,2057.49096679688,2063.32299804688,131800
2014-03-26,2063.669921875,2074.57202148438,2057.64794921875,2070.57397460938,102600
2014-03-27,2046.58801269531,2073.98095703125,2042.71301269531,2060.81201171875,119100
2014-03-28,2041.71203613281,2060.13403320313,2035.24304199219,2046.85095214844,121700
2014-03-31,2033.30603027344,2048.13403320313,2024.18505859375,2043.04504394531,94400
2014-04-01,2047.4599609375,2050.68090820313,2028.09594726563,2031.00500488281,83300
2014-04-02,2058.98803710938,2060.77807617188,2046.74194335938,2049.42309570313,102700
2014-04-03,2043.70202636719,2066.00708007813,2037.44702148438,2063.4970703125,108600
2014-04-04,2058.8310546875,2060.10400390625,2035.22094726563,2037.55200195313,83200
2014-04-08,2098.28393554688,2102.45190429688,2052.89990234375,2054.53002929688,133400
2014-04-09,2105.23706054688,2108.75,2095.63989257813,2100.65087890625,105300
2014-04-10,2134.30004882813,2146.669921875,2098.0791015625,2105.8759765625,156800
2014-04-11,2130.5419921875,2138.65087890625,2120.17895507813,2130.36791992188,131800
2014-04-14,2131.5390625,2134.43408203125,2116.61010742188,2127.40893554688,102100
2014-04-15,2101.60107421875,2125.90209960938,2098.14990234375,2125.90209960938,107500
2014-04-16,2105.1220703125,2112.05004882813,2092.15698242188,2097.212890625,89400
2014-04-17,2098.88500976563,2110.71606445313,2095.71411132813,2108.94702148438,89900
2014-04-18,2097.748046875,2099.63696289063,2081.18505859375,2091.47998046875,88200
2014-04-21,2065.82592773438,2103.07788085938,2065.23388671875,2085.97998046875,96400
2014-04-22,2072.8310546875,2073.6630859375,2047.33203125,2062.787109375,98700
2014-04-23,2067.38208007813,2076.34912109375,2059.10888671875,2068.083984375,78500
2014-04-24,2057.03295898438,2075.75708007813,2056.19311523438,2064.15600585938,78200
2014-04-25,2036.51904296875,2065.64306640625,2035.56604003906,2060.5380859375,93000
2014-04-28,2003.48706054688,2035.98999023438,2000.13696289063,2033.33703613281,89800
2014-04-29,2020.34094238281,2021.68005371094,1997.64001464844,2001.89599609375,76200
2014-04-30,2026.35803222656,2029.53796386719,2016.57702636719,2020.43798828125,74500
2014-05-05,2027.35302734375,2028.95703125,2007.35095214844,2022.17797851563,79900
2014-05-06,2028.03796386719,2038.70495605469,2021.48498535156,2024.25598144531,74600
2014-05-07,2010.0830078125,2024.63098144531,2008.45104980469,2023.15197753906,74400
2014-05-08,2015.27404785156,2036.94104003906,2005.68505859375,2006.85302734375,77900
2014-05-09,2011.13500976563,2020.45397949219,2001.30004882813,2016.5009765625,76200
2014-05-12,2052.87109375,2055.50610351563,2016.63793945313,2022.93200683594,115700
2014-05-13,2050.72802734375,2061.05908203125,2043.54699707031,2055.0791015625,97200
2014-05-14,2047.91003417969,2056.57397460938,2042.74401855469,2049.27001953125,72000
2014-05-15,2024.97399902344,2047.31604003906,2022.86096191406,2044.376953125,75800
2014-05-16,2026.50402832031,2027.75598144531,2012.69396972656,2023.59594726563,66400
2014-05-19,2005.18298339844,2023.26696777344,1996.01501464844,2023.01403808594,65300
2014-05-20,2008.11901855469,2018.15600585938,2002.75903320313,2011.84594726563,61300
2014-05-21,2024.95104980469,2025.19396972656,1991.05505371094,2001.30603027344,61800
2014-05-22,2021.28503417969,2041.9599609375,2018.876953125,2023.14794921875,74700
2014-05-23,2034.56896972656,2034.56896972656,2017.73901367188,2020.11499023438,63500
2014-05-26,2041.47595214844,2045.38098144531,2035.09399414063,2042.02795410156,70300
2014-05-27,2034.56494140625,2044.14794921875,2032.83898925781,2039.791015625,67600
2014-05-28,2050.22802734375,2052.65600585938,2029.33605957031,2034.56103515625,81300
2014-05-29,2040.59497070313,2057.07690429688,2039.23803710938,2051.84008789063,81200
2014-05-30,2039.21203613281,2046.9599609375,2031.373046875,2040.39404296875,75100
2014-06-03,2038.30505371094,2049.57592773438,2037.30004882813,2039.19604492188,71600
2014-06-04,2024.833984375,2038.48095703125,2012.91296386719,2037.98901367188,72400
2014-06-05,2040.87805175781,2041.70104980469,2016.17504882813,2019.44201660156,68000
2014-06-06,2029.9560546875,2041.57299804688,2022.15795898438,2040.86401367188,66000
2014-06-09,2030.501953125,2045.25500488281,2023.19799804688,2024.94201660156,64800
2014-06-10,2052.53198242188,2052.76489257813,2026.38903808594,2033.20703125,79600
2014-06-11,2054.94799804688,2056.63110351563,2045.40698242188,2049.1279296875,74400
2014-06-12,2051.712890625,2057.10498046875,2045.96203613281,2051.58203125,81700
2014-06-13,2070.71508789063,2073.59594726563,2048.61791992188,2049.2060546875,97200
2014-06-16,2085.98291015625,2087.32202148438,2069.44091796875,2070.69897460938,95900
2014-06-17,2066.69799804688,2080.48193359375,2064.666015625,2080.48193359375,87800
2014-06-18,2055.51904296875,2066.9130859375,2051.74609375,2064.38305664063,87200
2014-06-19,2023.73498535156,2059.2548828125,2017.65295410156,2054.6201171875,92900
2014-06-20,2026.67395019531,2027.14794921875,2010.53002929688,2013.41394042969,67200
2014-06-23,2024.36499023438,2033.31994628906,2022.9169921875,2026.22595214844,70500
2014-06-24,2033.93103027344,2034.70703125,2021.75,2023.69897460938,71200
2014-06-25,2025.501953125,2030.61596679688,2018.35998535156,2030.43298339844,67500
2014-06-26,2038.67700195313,2040.75402832031,2025.31396484375,2025.66198730469,81000
2014-06-27,2036.51000976563,2043.98205566406,2025.07299804688,2031.90698242188,97600
2014-06-30,2048.32690429688,2052.34204101563,2038.52697753906,2038.61303710938,96700
2014-07-01,2050.38110351563,2052.63500976563,2041.93701171875,2051.22509765625,98500
2014-07-02,2059.41796875,2060.59497070313,2044.03503417969,2049.48510742188,109600
2014-07-03,2063.22900390625,2066.64111328125,2048.0810546875,2051.63208007813,122900
2014-07-04,2059.375,2065.07788085938,2054.21704101563,2062.35791015625,105000
2014-07-07,2059.92700195313,2064.04296875,2050.88696289063,2058.1279296875,97200
2014-07-08,2064.02099609375,2064.43310546875,2047.20397949219,2058.13403320313,95100
2014-07-09,2038.61206054688,2062.47412109375,2037.60095214844,2061.63500976563,113300
2014-07-10,2038.34204101563,2045.52697753906,2034.9560546875,2036.5400390625,97900
2014-07-11,2046.96105957031,2051.73706054688,2033.00402832031,2033.86901855469,105100
2014-07-14,2066.64599609375,2067.34204101563,2044.90100097656,2047.74401855469,115100
2014-07-15,2070.35693359375,2070.35791015625,2059.67895507813,2065.89990234375,124500
2014-07-16,2067.27587890625,2075.49291992188,2061.57202148438,2068.34301757813,137100
2014-07-17,2055.59106445313,2062.88696289063,2046.18896484375,2062.88696289063,104500
2014-07-18,2059.06689453125,2067.23291015625,2045.99597167969,2047.498046875,106600
2014-07-21,2054.47900390625,2061.82299804688,2049.17504882813,2057.76708984375,93900
2014-07-22,2075.48095703125,2078.0849609375,2049.81494140625,2050.5,123200
2014-07-23,2078.48901367188,2088.19189453125,2072.22900390625,2074.19506835938,137300
2014-07-24,2105.06201171875,2107.94604492188,2079.63208007813,2079.63208007813,165700
2014-07-25,2126.61401367188,2127.21704101563,2106.71411132813,2108.71411132813,142500
2014-07-28,2177.94799804688,2181.49609375,2135.2490234375,2135.2490234375,236200
2014-07-29,2183.19189453125,2193.52294921875,2172.10205078125,2179.82592773438,200300
2014-07-30,2181.24291992188,2194.57202148438,2177.24389648438,2178.17895507813,184900
2014-07-31,2201.56201171875,2202.1259765625,2173.89990234375,2179.54296875,164700
2014-08-01,2185.30297851563,2218.7890625,2184.64111328125,2194.169921875,191500
2014-08-04,2223.3310546875,2224.06811523438,2186.9169921875,2190.03588867188,174100
2014-08-05,2219.94506835938,2226.837890625,2206.85009765625,2224.63208007813,175400
2014-08-06,2217.46508789063,2223.89306640625,2192.99291992188,2212.0029296875,177700
2014-08-07,2187.6689453125,2220.56811523438,2185.76293945313,2216.65893554688,175200
2014-08-08,2194.42504882813,2199.57788085938,2180.59692382813,2188.708984375,135200
2014-08-11,2224.65405273438,2225.9609375,2198.31396484375,2199.43310546875,150600
2014-08-12,2221.59497070313,2222.97900390625,2210,2222.69604492188,154800
2014-08-13,2222.876953125,2230.99096679688,2202.44311523438,2223.05102539063,178100
2014-08-14,2206.46606445313,2230.89404296875,2204.38403320313,2221.541015625,170100
2014-08-15,2226.73388671875,2230.8720703125,2203.24194335938,2207.22607421875,150000
2014-08-18,2239.46606445313,2242.03491210938,2228.13403320313,2229.80395507813,163900
2014-08-19,2245.330078125,2246.01611328125,2227.92504882813,2242.34008789063,177700
2014-08-20,2240.2109375,2248.93896484375,2233.89208984375,2241.6640625,167700
2014-08-21,2230.4580078125,2240.07690429688,2211.6298828125,2239.56811523438,165700
2014-08-22,2240.81201171875,2243.30297851563,2225.26708984375,2228.97412109375,160100
2014-08-25,2229.27392578125,2241.55297851563,2222.00903320313,2241.10009765625,162100
2014-08-26,2207.10595703125,2232.78491210938,2200.61791992188,2225.291015625,163500
2014-08-27,2209.46508789063,2216.669921875,2204.04809570313,2207.03002929688,120900
2014-08-28,2195.81811523438,2219.47290039063,2194.86108398438,2210.48388671875,124200
2014-08-29,2217.19995117188,2218.69604492188,2193.26293945313,2198.94604492188,105200
2014-09-01,2235.51098632813,2236.28588867188,2217.68505859375,2220.12890625,129200
2014-09-02,2266.0458984375,2267.50903320313,2234.3779296875,2239.68408203125,192100
2014-09-03,2288.626953125,2290.54711914063,2268.10009765625,2268.39501953125,212500
2014-09-04,2306.86206054688,2307.70092773438,2283.27709960938,2290.02905273438,199500
2014-09-05,2326.43188476563,2327.55688476563,2307.44702148438,2311.30493164063,213200
2014-09-09,2326.52709960938,2331.9169921875,2315.89404296875,2328.42602539063,197000
2014-09-10,2318.30493164063,2321.90795898438,2306.4208984375,2318.49609375,189800
2014-09-11,2311.67895507813,2343.59497070313,2304.60205078125,2315.73193359375,222200
2014-09-12,2331.94995117188,2331.94995117188,2302.77490234375,2308.34594726563,193500
2014-09-15,2339.13989257813,2340.44897460938,2321.59301757813,2330.18701171875,215100
2014-09-16,2296.55493164063,2347.93505859375,2293.86889648438,2341.02709960938,302700
2014-09-17,2307.89306640625,2309.04809570313,2282.794921875,2298.98193359375,210800
2014-09-18,2315.92797851563,2319.875,2297.93090820313,2303.85009765625,189100
2014-09-19,2329.45092773438,2331.56103515625,2305.51708984375,2312.98388671875,174600
2014-09-22,2289.86596679688,2323.55395507813,2284.3779296875,2323.55395507813,175800
2014-09-23,2309.71801757813,2311.52490234375,2289.02392578125,2289.09106445313,156900
2014-09-24,2343.57495117188,2345.7470703125,2297.8759765625,2302.23095703125,222500
2014-09-25,2345.10302734375,2365.15405273438,2336.80493164063,2352.86499023438,225700
2014-09-26,2347.71801757813,2350.10888671875,2329.955078125,2339.2880859375,174700
2014-09-29,2357.7109375,2363.05908203125,2346.5791015625,2353.7080078125,200100
2014-09-30,2363.8701171875,2365.49096679688,2354.26806640625,2361.31811523438,193900
2014-10-08,2382.7939453125,2382.7939453125,2354.2900390625,2368.57592773438,204400
2014-10-09,2389.37109375,2391.34790039063,2367.11108398438,2383.85888671875,235900
2014-10-10,2374.5400390625,2386.27709960938,2365.07495117188,2380.7548828125,224700
2014-10-13,2366.00903320313,2366.86206054688,2341.1240234375,2366.42602539063,200900
2014-10-14,2359.47509765625,2380.51489257813,2349.19409179688,2362.80200195313,196800
2014-10-15,2373.669921875,2374.80810546875,2344.373046875,2358.23291015625,202800
2014-10-16,2356.4990234375,2389.67504882813,2353.40600585938,2361.1298828125,248200
2014-10-17,2341.18408203125,2360.59692382813,2312.82592773438,2352.78393554688,212300
2014-10-20,2356.72802734375,2357.50903320313,2340.458984375,2346.05200195313,160000
2014-10-21,2339.65698242188,2361.65307617188,2337.55102539063,2355.03295898438,168800
2014-10-22,2326.55297851563,2352.1240234375,2324.59008789063,2339.22290039063,152700
2014-10-23,2302.41796875,2329.92700195313,2297.330078125,2322.31591796875,162600
2014-10-24,2302.28002929688,2314.875,2296.65698242188,2303.080078125,132200
2014-10-27,2290.43701171875,2293.64404296875,2279.8359375,2293.57299804688,130300
2014-10-28,2337.87109375,2338.27807617188,2294.01196289063,2294.01196289063,178600
2014-10-29,2373.03002929688,2381.64306640625,2339.7119140625,2343.71997070313,265600
2014-10-30,2391.07592773438,2397.25610351563,2365.9189453125,2371.89111328125,294600
2014-10-31,2420.17797851563,2423.59594726563,2384.48291015625,2393.17797851563,325800
2014-11-03,2430.97094726563,2436.78491210938,2418.1669921875,2425.22509765625,298800
2014-11-04,2430.73706054688,2435.22290039063,2417.22094726563,2428.27099609375,309000
2014-11-05,2420.39599609375,2434.36303710938,2415.501953125,2432.1689453125,263600
2014-11-06,2425.80908203125,2426.88989257813,2401.75,2419.61694335938,222000
2014-11-07,2419.14599609375,2454.42309570313,2407.44189453125,2427.89794921875,291200
2014-11-10,2473.18310546875,2474.15600585938,2428.18505859375,2436.6279296875,300600
2014-11-11,2470.59497070313,2508.623046875,2445.9599609375,2483.64794921875,411900
2014-11-12,2494.27587890625,2494.9169921875,2444.81396484375,2454.60205078125,252900
2014-11-13,2486.669921875,2507.74291992188,2471.40698242188,2494.998046875,295000
2014-11-14,2479.18505859375,2481.02490234375,2457.044921875,2477.96606445313,220600
2014-11-17,2475.1201171875,2508.76708984375,2472.44604492188,2506.86401367188,215700
2014-11-18,2457.52905273438,2477.05200195313,2449.81298828125,2474.18188476563,201100
2014-11-19,2451.1669921875,2461.49096679688,2442.7099609375,2452.14990234375,186200
2014-11-20,2452.61694335938,2458.31909179688,2437.47607421875,2443.27587890625,165500
2014-11-21,2487.11108398438,2488.20092773438,2446.64599609375,2452.63500976563,212200
2014-11-24,2533.88793945313,2546.74609375,2495.52099609375,2505.53198242188,363500
2014-11-25,2567.59692382813,2568.38110351563,2527.07690429688,2531.998046875,314300
2014-11-26,2604.88696289063,2605.07006835938,2570.40405273438,2572.64892578125,337100
2014-11-27,2630.0458984375,2631.39892578125,2599.10791015625,2615.36694335938,364100
2014-11-28,2682.9189453125,2683.17993164063,2622.06103515625,2629.6259765625,465900
2014-12-01,2680.73999023438,2720.74291992188,2668.84106445313,2691.72509765625,446800
2014-12-02,2763.31689453125,2777.3720703125,2665.68603515625,2667.82006835938,437700
2014-12-03,2779.73608398438,2824.17895507813,2733.86791992188,2768.67797851563,562100
2014-12-04,2900.36206054688,2900.50805664063,2772.43188476563,2783.46899414063,532700
2014-12-05,2938.78100585938,2978.02905273438,2813.05200195313,2926.57299804688,640500
2014-12-08,3021.52392578125,3041.65698242188,2879.84692382813,2907.81494140625,587600
2014-12-09,2859.9189453125,3091.32397460938,2834.59204101563,2992.48999023438,772000
2014-12-10,2940.876953125,2946.70703125,2807.67797851563,2855.93994140625,512900
2014-12-11,2925.74291992188,2965.67504882813,2892.61108398438,2912.34594726563,482600
2014-12-12,2938.17309570313,2962.51000976563,2914.9560546875,2929.36010742188,409500
2014-12-15,2953.4208984375,2960.22705078125,2890.90405273438,2921.44604492188,400400
2014-12-16,3021.51806640625,3021.89697265625,2943.912109375,2953.81103515625,453800
2014-12-17,3061.02001953125,3076.59912109375,2993.3330078125,3031.95190429688,542500
2014-12-18,3057.52099609375,3089.791015625,3030.31909179688,3062.80102539063,435900
2014-12-19,3108.59594726563,3117.52709960938,3018.4208984375,3053.07495117188,521100
2014-12-22,3127.44506835938,3189.86694335938,3090.50903320313,3129.26708984375,679400
2014-12-23,3032.61206054688,3136.837890625,3025.6669921875,3085.080078125,437800
2014-12-24,2972.53198242188,3050.50708007813,2934.91088867188,3039.2060546875,376800
2014-12-26,3157.60302734375,3164.15502929688,3064.17602539063,3078.0048828125,460700
2014-12-29,3168.01611328125,3223.86010742188,3126.94409179688,3212.55908203125,510100
2014-12-30,3165.81494140625,3190.29907226563,3130.35302734375,3160.80102539063,397700
2014-12-31,3234.67700195313,3239.35693359375,3157.25903320313,3172.59692382813,406000
2015-01-05,3350.51904296875,3369.28100585938,3253.88305664063,3258.626953125,531400
2015-01-06,3351.44604492188,3394.22412109375,3303.18408203125,3330.79907226563,501700
2015-01-07,3373.9541015625,3374.89599609375,3312.2109375,3326.64892578125,391900
2015-01-08,3293.4560546875,3381.56591796875,3285.09497070313,3371.95703125,371100
2015-01-09,3285.412109375,3404.833984375,3267.50903320313,3276.96508789063,410200
2015-01-12,3229.31591796875,3275.18505859375,3191.58203125,3258.212890625,322100
2015-01-13,3235.30102539063,3259.38598632813,3214.412109375,3223.5419921875,230700
2015-01-14,3222.43701171875,3268.48291015625,3193.97802734375,3242.3369140625,240200
2015-01-15,3336.455078125,3337.083984375,3207.544921875,3224.07006835938,282500
2015-01-16,3376.4951171875,3400.31811523438,3340.48999023438,3343.60302734375,339900
2015-01-19,3116.35107421875,3262.20703125,3095.06591796875,3189.72705078125,401100
2015-01-20,3173.05200195313,3190.2451171875,3100.47705078125,3114.56005859375,357100
2015-01-21,3323.61108398438,3337.00390625,3178.34301757813,3189.0849609375,411000
2015-01-22,3343.34399414063,3352.38403320313,3293.97802734375,3327.31909179688,353400
2015-01-23,3351.76391601563,3406.78588867188,3328.29296875,3357.09594726563,366200
2015-01-26,3383.18188476563,3384.79809570313,3321.31494140625,3347.25708007813,317500
2015-01-27,3352.9599609375,3390.21606445313,3290.21899414063,3389.85302734375,374500
2015-01-28,3305.73803710938,3354.80200195313,3294.65502929688,3325.72192382813,301900
2015-01-29,3262.30493164063,3286.78588867188,3234.24096679688,3258.9970703125,274700
2015-01-30,3210.36303710938,3288.5029296875,3210.30810546875,3273.7470703125,258300
2015-02-02,3128.30004882813,3175.13403320313,3122.57202148438,3148.13598632813,250900
2015-02-03,3204.90698242188,3207.93505859375,3129.73193359375,3156.0859375,248200
2015-02-04,3174.1259765625,3238.98193359375,3171.14404296875,3212.82202148438,249100
2015-02-05,3136.53100585938,3251.2119140625,3135.81909179688,3251.2119140625,306100
2015-02-06,3075.90698242188,3129.5390625,3052.93896484375,3120.09008789063,246700
2015-02-09,3095.1240234375,3119.03393554688,3049.11108398438,3063.51000976563,206100
2015-02-10,3141.59301757813,3142.09912109375,3084.2529296875,3090.48999023438,193800
2015-02-11,3157.7041015625,3166.4208984375,3139.05200195313,3145.76489257813,172800
2015-02-12,3173.416015625,3181.76611328125,3134.24389648438,3157.958984375,194600
2015-02-13,3203.82690429688,3237.15893554688,3182.7939453125,3186.80810546875,261300
2015-02-16,3222.36303710938,3228.84594726563,3195.88403320313,3206.13696289063,223800
2015-02-17,3246.90600585938,3255.72509765625,3230.77197265625,3230.88403320313,228300
2015-02-25,3228.84301757813,3257.22290039063,3215.55200195313,3256.47900390625,233300
2015-02-26,3298.35888671875,3300.61596679688,3202.18798828125,3222.15087890625,301300
2015-02-27,3310.30297851563,3324.5458984375,3291.00708007813,3296.8310546875,299200
2015-03-02,3336.28491210938,3336.76000976563,3298.6689453125,3332.72094726563,346400
2015-03-03,3263.05200195313,3317.69506835938,3260.42895507813,3317.69506835938,382000
2015-03-04,3279.53295898438,3286.587890625,3250.48388671875,3264.18188476563,293600
2015-03-05,3248.47607421875,3266.63793945313,3221.666015625,3264.0849609375,320700
2015-03-06,3241.18701171875,3266.93310546875,3234.53295898438,3248.03588867188,282900
2015-03-09,3302.40795898438,3307.70190429688,3198.3701171875,3224.31396484375,321500
2015-03-10,3286.06811523438,3309.9150390625,3277.09497070313,3289.0849609375,285800
2015-03-11,3290.89990234375,3325.05395507813,3278.47094726563,3289.59399414063,283000
2015-03-12,3349.32299804688,3360.05395507813,3300.48803710938,3314.81298828125,357300
2015-03-13,3372.91088867188,3391.2548828125,3352.14990234375,3359.48803710938,328400
2015-03-16,3449.30493164063,3449.30493164063,3377.0869140625,3391.15795898438,399100
2015-03-17,3502.84692382813,3504.123046875,3459.69409179688,3469.60302734375,520900
2015-03-18,3577.30102539063,3577.662109375,3503.85302734375,3510.5009765625,545200
2015-03-19,3582.27099609375,3600.68408203125,3546.84399414063,3576.01904296875,537300
2015-03-20,3617.31811523438,3632.337890625,3569.3798828125,3587.083984375,516700
2015-03-23,3687.72802734375,3688.2490234375,3635.48510742188,3640.10400390625,536100
2015-03-24,3691.40991210938,3715.873046875,3600.69799804688,3692.56909179688,639600
2015-03-25,3660.72705078125,3693.15087890625,3634.55908203125,3680.95288085938,521900
2015-03-26,3682.09497070313,3707.31811523438,3615.01098632813,3641.94189453125,488600
2015-03-27,3691.09594726563,3710.47705078125,3656.8310546875,3686.13403320313,408900
2015-03-30,3786.56811523438,3795.93505859375,3710.61206054688,3710.61206054688,564700
2015-03-31,3747.89892578125,3835.56689453125,3737.04296875,3822.98706054688,561700
2015-04-01,3810.2939453125,3817.08203125,3742.212890625,3748.34008789063,447500
2015-04-02,3825.78393554688,3835.45092773438,3775.89404296875,3827.68896484375,479300
2015-04-03,3863.92895507813,3864.40502929688,3792.2109375,3803.38305664063,473000
2015-04-07,3961.3779296875,3961.666015625,3891.72802734375,3899.419921875,570400
2015-04-08,3994.81103515625,4000.21997070313,3903.64794921875,3976.53198242188,618100
2015-04-09,3957.53393554688,4016.39599609375,3900.02709960938,4006.1298828125,585200
2015-04-10,4034.31005859375,4040.34790039063,3929.31909179688,3947.49194335938,484300
2015-04-13,4121.71484375,4128.07177734375,4057.29296875,4072.72290039063,589800
2015-04-14,4135.56494140625,4168.34619140625,4091.25708007813,4125.7822265625,610700
2015-04-15,4084.1630859375,4175.494140625,4069.00708007813,4135.64794921875,613000
2015-04-16,4194.8232421875,4195.30517578125,4031.24389648438,4055.916015625,551200
2015-04-17,4287.2958984375,4317.22314453125,4238.91015625,4254.72314453125,701700
2015-04-20,4217.0771484375,4356.0009765625,4190.68115234375,4301.35205078125,857100
2015-04-21,4293.623046875,4294.375,4188.56884765625,4212.18505859375,634500
2015-04-22,4398.494140625,4400.19287109375,4297.951171875,4304.59716796875,680300
2015-04-23,4414.5078125,4444.41015625,4358.84423828125,4414.48486328125,667300
2015-04-24,4393.68603515625,4416.3759765625,4318.119140625,4355.951171875,628600
2015-04-27,4527.39599609375,4529.73486328125,4441.92919921875,4441.92919921875,671100
2015-04-28,4476.21484375,4572.39111328125,4432.90380859375,4527.634765625,767700
2015-04-29,4476.6201171875,4499.94482421875,4398.63916015625,4446.119140625,519800
2015-04-30,4441.65478515625,4507.34423828125,4441.05419921875,4483.01318359375,526700
2015-05-04,4480.4638671875,4487.56982421875,4387.42578125,4441.3427734375,494200
2015-05-05,4298.7060546875,4488.865234375,4282.23681640625,4479.84814453125,572900
2015-05-06,4229.26611328125,4376.35302734375,4187.3681640625,4311.64111328125,481700
2015-05-07,4112.2138671875,4213.76416015625,4108.0087890625,4197.89599609375,394600
2015-05-08,4205.9169921875,4206.85986328125,4099.0419921875,4152.98388671875,397400
2015-05-11,4333.583984375,4334.876953125,4187.81982421875,4231.27099609375,488800
2015-05-12,4401.21923828125,4402.30908203125,4317.97509765625,4342.3701171875,521900
2015-05-13,4375.759765625,4415.62890625,4342.48095703125,4402.3779296875,510500
2015-05-14,4378.31103515625,4397.7451171875,4329.0419921875,4372.81591796875,449100
2015-05-15,4308.69091796875,4366.82177734375,4278.55322265625,4366.82177734375,439700
2015-05-18,4283.4912109375,4324.826171875,4260.5087890625,4277.89501953125,380100
2015-05-19,4417.5517578125,4418.40283203125,4285.77685546875,4285.77685546875,436700
2015-05-20,4446.2880859375,4520.5380859375,4432.27880859375,4434.97900390625,514100
2015-05-21,4529.421875,4530.47802734375,4438.2578125,4456.43505859375,465000
2015-05-22,4657.59619140625,4658.27294921875,4562.98876953125,4584.98388671875,655600
2015-05-25,4813.7978515625,4814.671875,4656.8251953125,4660.0751953125,682500
2015-05-26,4910.89697265625,4911.68505859375,4779.0751953125,4854.85009765625,704900
2015-05-27,4941.7138671875,4958.15576171875,4857.05615234375,4932.84619140625,681200
2015-05-28,4620.26611328125,4986.5029296875,4614.2412109375,4943.7421875,783000
2015-05-29,4611.744140625,4698.19287109375,4431.56298828125,4603.46484375,611300
2015-06-01,4828.73779296875,4829.501953125,4615.23095703125,4633.09814453125,593400
2015-06-02,4910.52685546875,4911.57421875,4797.5517578125,4844.7041015625,623700
2015-06-03,4909.97802734375,4942.06494140625,4822.44189453125,4924.380859375,611500
2015-06-04,4947.10205078125,4947.96484375,4647.4072265625,4912.94482421875,675000
2015-06-05,5023.09619140625,5051.6259765625,4898.06787109375,5016.087890625,772200
2015-06-08,5131.880859375,5146.94921875,4997.48095703125,5045.69384765625,855000
2015-06-09,5113.5341796875,5147.4541015625,5042.962890625,5145.97802734375,729900
2015-06-10,5106.0361328125,5164.162109375,5001.48876953125,5049.19677734375,597000
2015-06-11,5121.5927734375,5122.45703125,5050.76513671875,5101.43994140625,564000
2015-06-12,5166.35009765625,5178.19091796875,5103.40087890625,5143.3427734375,625600
2015-06-15,5062.9931640625,5176.794921875,5048.7421875,5174.41796875,637800
2015-06-16,4887.43212890625,5029.68408203125,4842.10009765625,5004.412109375,550800
2015-06-17,4967.89794921875,4983.658203125,4767.2158203125,4890.55078125,537100
2015-06-18,4785.35595703125,4966.76708984375,4780.873046875,4942.52001953125,507400
2015-06-19,4478.36376953125,4744.0810546875,4476.5009765625,4689.92919921875,452700
2015-06-23,4576.4921875,4577.93896484375,4264.77197265625,4471.61279296875,473500
2015-06-24,4690.14990234375,4691.76806640625,4552.12890625,4604.5791015625,543000
2015-06-25,4527.77880859375,4720.701171875,4483.5478515625,4711.76318359375,572800
2015-06-26,4192.873046875,4456.89599609375,4139.52978515625,4399.93310546875,565200
2015-06-29,4053.03002929688,4297.47509765625,3875.05004882813,4289.77099609375,673800
2015-06-30,4277.22216796875,4279.96923828125,3847.8798828125,4006.75390625,709200
2015-07-01,4053.69995117188,4317.05322265625,4043.36694335938,4214.14990234375,598800
2015-07-02,3912.76708984375,4080.38696289063,3795.2529296875,4058.6240234375,586000
2015-07-03,3686.9150390625,3927.1279296875,3629.55590820313,3793.7119140625,548200
2015-07-06,3775.912109375,3975.21411132813,3653.037109375,3975.21411132813,831100
2015-07-07,3727.125,3750.57006835938,3585.39892578125,3654.77807617188,698800
2015-07-08,3507.19189453125,3599.2529296875,3421.52490234375,3467.39892578125,680400
2015-07-09,3709.330078125,3748.47900390625,3373.5400390625,3432.4541015625,656900
2015-07-10,3877.80297851563,3959.21997070313,3677.43505859375,3707.4580078125,586400
2015-07-13,3970.38793945313,4030.19506835938,3858.63696289063,3918.98999023438,643500
2015-07-14,3924.48706054688,4035.43505859375,3855.56005859375,3958.373046875,670600
2015-07-15,3805.70288085938,3914.27294921875,3741.25,3874.96801757813,601300
2015-07-16,3823.17602539063,3877.51391601563,3688.44189453125,3758.5048828125,492300
2015-07-17,3957.35205078125,3994.47705078125,3814.14697265625,3831.4208984375,481700
2015-07-20,3992.11010742188,4021.32592773438,3927.12109375,3948.4208984375,539100
2015-07-21,4017.67504882813,4041.81909179688,3912.80102539063,3939.89794921875,504300
2015-07-22,4026.044921875,4042.337890625,3960.86401367188,3996.42700195313,520700
2015-07-23,4123.9228515625,4132.61181640625,4019.0380859375,4022.26806640625,563600
2015-07-24,4070.90795898438,4184.44921875,4044.8310546875,4124.7548828125,627400
2015-07-27,3725.55810546875,4051.15893554688,3720.44409179688,3985.57006835938,556000
2015-07-28,3663.001953125,3762.52587890625,3537.35791015625,3573.14306640625,563300
2015-07-29,3789.16796875,3792.07202148438,3612.06396484375,3689.82495117188,434400
2015-07-30,3705.76611328125,3844.3740234375,3685.9560546875,3773.7880859375,457900
2015-07-31,3663.72607421875,3729.51196289063,3620.1650390625,3655.6669921875,351000
2015-08-03,3622.90502929688,3648.94311523438,3549.49609375,3614.98999023438,364000
2015-08-04,3756.544921875,3757.02905273438,3601.2890625,3621.85498046875,362900
2015-08-05,3694.57299804688,3782.35205078125,3676.38989257813,3745.64599609375,366400
2015-08-06,3661.5390625,3710.57006835938,3614.74194335938,3625.50390625,274100
2015-08-07,3744.205078125,3756.73999023438,3686.30004882813,3692.61401367188,340800
2015-08-10,3928.4150390625,3943.6240234375,3775.85400390625,3786.03295898438,497300
2015-08-11,3927.90795898438,3970.3369140625,3891.17895507813,3928.80810546875,538900
2015-08-12,3886.32006835938,3937.77197265625,3871.13598632813,3881.22802734375,442700
2015-08-13,3954.55590820313,3955.7890625,3838.15893554688,3869.91088867188,430100
2015-08-14,3965.3349609375,4000.68408203125,3939.8349609375,3976.40502929688,468000
2015-08-17,3993.66796875,3994.537109375,3907.39892578125,3947.84399414063,460400
2015-08-18,3748.1640625,4006.3369140625,3743.39404296875,3999.13403320313,543800
2015-08-19,3794.10888671875,3811.42700195313,3558.38305664063,3646.80297851563,475400
2015-08-20,3664.291015625,3788.0048828125,3663.60693359375,3754.56689453125,390100
2015-08-21,3507.74389648438,3652.8369140625,3490.5400390625,3609.958984375,369900
2015-08-24,3209.90502929688,3388.36401367188,3191.87890625,3373.47802734375,334700
2015-08-25,2964.96704101563,3123.03393554688,2947.94409179688,3004.1259765625,352300
2015-08-26,2927.2880859375,3092.041015625,2850.71411132813,2980.7939453125,466700
2015-08-27,3083.59106445313,3085.42211914063,2906.48999023438,2978.03002929688,400300
2015-08-28,3232.35009765625,3235.83911132813,3102.94506835938,3125.26391601563,443100
2015-08-31,3205.98608398438,3207.86206054688,3109.1630859375,3203.55908203125,397400
2015-09-01,3166.6240234375,3180.3310546875,3053.73803710938,3157.83203125,432400
2015-09-02,3160.1669921875,3194.48510742188,3019.0869140625,3027.67797851563,438200
2015-09-07,3080.419921875,3217.5791015625,3066.30395507813,3149.3798828125,296500
2015-09-08,3170.45190429688,3174.708984375,3011.11694335938,3054.44409179688,255400
2015-09-09,3243.08911132813,3256.74291992188,3165.69604492188,3182.55200195313,375300
2015-09-10,3197.89306640625,3243.28100585938,3178.90405273438,3190.55297851563,273300
2015-09-11,3200.23388671875,3223.76196289063,3163.44897460938,3189.47900390625,224600
2015-09-14,3114.79809570313,3229.48193359375,3049.22998046875,3221.1650390625,346600
2015-09-15,3005.17211914063,3081.70288085938,2983.919921875,3043.80493164063,249200
2015-09-16,3152.26293945313,3182.93408203125,2983.53491210938,2998.03588867188,277500
2015-09-17,3086.06103515625,3204.70190429688,3085.31396484375,3131.98193359375,317600
2015-09-18,3097.9169921875,3122.04809570313,3070.3359375,3100.28002929688,209200
2015-09-21,3156.5400390625,3159.88305664063,3060.85595703125,3072.09399414063,239900
2015-09-22,3185.61889648438,3213.47607421875,3152.48095703125,3161.31811523438,274800
2015-09-23,3115.88793945313,3164.041015625,3104.74389648438,3137.72290039063,236300
2015-09-24,3142.68701171875,3151.1650390625,3109.69091796875,3126.49096679688,212900
2015-09-25,3092.34692382813,3149.94799804688,3062.9951171875,3130.85107421875,236300
2015-09-28,3100.75610351563,3103.06909179688,3042.31005859375,3085.56689453125,156700
2015-09-29,3038.13696289063,3068.29809570313,3021.15698242188,3055.21801757813,163200
2015-09-30,3052.78100585938,3073.30004882813,3039.74194335938,3052.84106445313,146600
2015-10-08,3143.35693359375,3172.28100585938,3133.126953125,3156.07495117188,234300
2015-10-09,3183.15209960938,3192.71704101563,3137.7880859375,3146.64404296875,234900
2015-10-12,3287.662109375,3318.71411132813,3188.40698242188,3193.5400390625,386300
2015-10-13,3293.22998046875,3298.6259765625,3253.2490234375,3262.15600585938,297200
2015-10-14,3262.44091796875,3307.31494140625,3256.2529296875,3280.02001953125,295100
2015-10-15,3338.07299804688,3338.29711914063,3254.39208984375,3255.03198242188,316300
2015-10-16,3391.35205078125,3393.01806640625,3334.85400390625,3358.29711914063,395500
2015-10-19,3386.69995117188,3423.40209960938,3355.56591796875,3401.626953125,378100
2015-10-20,3425.330078125,3425.51611328125,3357.86108398438,3377.54711914063,319000
2015-10-21,3320.67602539063,3447.25805664063,3265.43603515625,3428.56103515625,458500
2015-10-22,3368.73901367188,3373.77587890625,3282.99291992188,3292.291015625,323700
2015-10-23,3412.43408203125,3422.02197265625,3360.21801757813,3377.54809570313,347400
2015-10-26,3429.5810546875,3457.51708984375,3402,3448.64892578125,365600
2015-10-27,3434.3359375,3441.56494140625,3332.61596679688,3409.13696289063,328200
2015-10-28,3375.19604492188,3439.75805664063,3367.23095703125,3417.01098632813,293500
2015-10-29,3387.31494140625,3411.71411132813,3362.50903320313,3387.77392578125,235700
2015-10-30,3382.56103515625,3417.20092773438,3346.59106445313,3380.28393554688,243600
2015-11-02,3325.0849609375,3391.06396484375,3322.31201171875,3337.57788085938,231000
2015-11-03,3316.69506835938,3346.27490234375,3302.18408203125,3330.31591796875,192900
2015-11-04,3459.63989257813,3459.64599609375,3325.61889648438,3325.61889648438,339100
2015-11-05,3522.81909179688,3585.65698242188,3455.52490234375,3459.21508789063,553300
2015-11-06,3590.03198242188,3596.38208007813,3508.82690429688,3514.43603515625,429200
2015-11-09,3646.88110351563,3673.76000976563,3588.498046875,3588.498046875,503000
2015-11-10,3640.48510742188,3669.53295898438,3607.89111328125,3617.39599609375,429700
2015-11-11,3650.2490234375,3654.876953125,3605.62109375,3635.00390625,361000
2015-11-12,3632.90209960938,3659.31494140625,3603.22802734375,3656.81689453125,361700
2015-11-13,3580.83911132813,3632.55590820313,3564.80908203125,3600.76391601563,345900
2015-11-16,3606.95703125,3607.61206054688,3519.4208984375,3522.4609375,276200
2015-11-17,3604.794921875,3678.27294921875,3598.06811523438,3629.97705078125,383600
2015-11-18,3568.46801757813,3617.06909179688,3558.69702148438,3605.06103515625,297600
2015-11-19,3617.06201171875,3618.212890625,3561.0439453125,3573.77587890625,247900
2015-11-20,3630.5,3640.52905273438,3607.9150390625,3620.791015625,310800
2015-11-23,3610.31494140625,3654.75390625,3598.87109375,3630.86694335938,316000
2015-11-24,3616.11303710938,3616.48388671875,3563.10400390625,3602.88696289063,248800
2015-11-25,3647.92993164063,3648.36694335938,3607.51806640625,3614.06811523438,273000
2015-11-26,3635.55200195313,3668.3759765625,3629.86499023438,3659.57397460938,306800
2015-11-27,3436.30297851563,3621.89697265625,3412.42700195313,3616.5439453125,354300
2015-11-30,3445.40502929688,3470.37109375,3327.81201171875,3433.85498046875,304200
2015-12-01,3456.30908203125,3483.4140625,3417.544921875,3442.44091796875,252400
2015-12-02,3536.90502929688,3538.84692382813,3427.66088867188,3450.27807617188,301500
2015-12-03,3584.82397460938,3591.72998046875,3517.22998046875,3525.72705078125,281100
2015-12-04,3524.99194335938,3568.96997070313,3510.412109375,3558.14892578125,251700
2015-12-07,3536.92700195313,3543.94506835938,3506.625,3529.80590820313,208300
2015-12-08,3470.07006835938,3518.64794921875,3466.7900390625,3518.64794921875,224400
2015-12-09,3472.43896484375,3495.70190429688,3454.87890625,3462.5830078125,195700
2015-12-10,3455.4951171875,3503.65405273438,3446.27294921875,3469.80590820313,200400
2015-12-11,3434.5810546875,3455.54809570313,3410.92407226563,3441.59692382813,182900
2015-12-14,3520.66796875,3521.77905273438,3399.28002929688,3403.50708007813,215400
2015-12-15,3510.35400390625,3529.9609375,3496.85400390625,3518.1259765625,200500
2015-12-16,3516.18701171875,3538.68896484375,3506.291015625,3522.09106445313,193500
2015-12-17,3579.9990234375,3583.40795898438,3533.6279296875,3533.6279296875,283900
2015-12-18,3578.96411132813,3614.69799804688,3568.16088867188,3574.93994140625,273700
2015-12-21,3642.47192382813,3651.05590820313,3565.7509765625,3568.5810546875,299800
2015-12-22,3651.76708984375,3652.63500976563,3616.8701171875,3645.98999023438,261200
2015-12-23,3636.08911132813,3684.56689453125,3633.02490234375,3653.28198242188,298200
2015-12-24,3612.48510742188,3640.22094726563,3572.27709960938,3631.31298828125,227800
2015-12-25,3628.0009765625,3635.25610351563,3601.73803710938,3614.05395507813,192500
2015-12-28,3533.77905273438,3641.587890625,3533.77905273438,3635.76904296875,270000
2015-12-29,3563.73608398438,3564.1708984375,3515.52001953125,3528.39501953125,182600
2015-12-30,3572.8759765625,3573.68408203125,3538.11206054688,3566.73095703125,187900
2015-12-31,3539.18188476563,3580.60205078125,3538.35302734375,3570.46704101563,177000
2016-01-04,3296.25805664063,3538.68896484375,3295.74096679688,3536.58911132813,184400
2016-01-05,3287.7109375,3328.13891601563,3189.60498046875,3196.65087890625,266900
2016-01-06,3361.84008789063,3362.97412109375,3288.93310546875,3291.19506835938,238900
2016-01-07,3125.001953125,3309.65698242188,3115.88500976563,3309.65698242188,70600
2016-01-08,3186.412109375,3235.45092773438,3056.8779296875,3194.625,286400
2016-01-11,3016.7041015625,3166.21508789063,3016.69702148438,3131.85302734375,271600
2016-01-12,3022.86108398438,3047.6640625,2978.462890625,3026.15893554688,207700
2016-01-13,2949.59692382813,3059.01489257813,2949.2900390625,3041.10693359375,194300
2016-01-14,3007.64892578125,3012.29296875,2867.55297851563,2874.04907226563,212900
2016-01-15,2900.96997070313,3001.7080078125,2883.86791992188,2988.04809570313,198700
2016-01-18,2913.8369140625,2945.44995117188,2844.7041015625,2847.5390625,164700
2016-01-19,3007.73901367188,3012.06811523438,2906.40405273438,2914.40795898438,205300
2016-01-20,2976.69409179688,3016.28295898438,2951.92211914063,2993.01391601563,216500
2016-01-21,2880.48193359375,2998.7900390625,2880.0849609375,2934.39111328125,191700
2016-01-22,2916.56201171875,2931.35888671875,2851.73291015625,2911.11206054688,159800
2016-01-25,2938.51489257813,2955.78295898438,2911.8291015625,2934.07788085938,153000
2016-01-26,2749.78491210938,2911.99096679688,2743.83911132813,2907.71801757813,210800
2016-01-27,2735.55810546875,2768.77197265625,2638.30200195313,2756.08203125,215700
2016-01-28,2655.66088867188,2740.53588867188,2647.49291992188,2711.15795898438,171100
2016-01-29,2737.60009765625,2755.36694335938,2649.791015625,2652.85400390625,186700
2016-02-01,2688.85400390625,2735.2548828125,2655.623046875,2730.98388671875,156400
2016-02-02,2749.57006835938,2755.15893554688,2687.98193359375,2687.98193359375,158100
2016-02-03,2739.2470703125,2746.07202148438,2696.88403320313,2719.57397460938,148400
2016-02-04,2781.02294921875,2793.29809570313,2751.31396484375,2751.43188476563,170400
2016-02-05,2763.49194335938,2790.06103515625,2762.15991210938,2783.07592773438,141200
2016-02-15,2746.19604492188,2760.35888671875,2682.09008789063,2684.9609375,129300
2016-02-16,2836.57104492188,2840.6220703125,2758.5791015625,2758.5791015625,196000
2016-02-17,2867.337890625,2868.70092773438,2824.35595703125,2829.76391601563,216900
2016-02-18,2862.89306640625,2893.21508789063,2857.69897460938,2881.77709960938,219200
2016-02-19,2860.02099609375,2872.72412109375,2840.48803710938,2854.90405273438,163400
2016-02-22,2927.17504882813,2933.96411132813,2880.34692382813,2888.59790039063,232200
2016-02-23,2903.3310546875,2928.04809570313,2872.28198242188,2925.7080078125,199700
2016-02-24,2928.89599609375,2929.87109375,2872.27392578125,2889.88500976563,213400
2016-02-25,2741.2451171875,2922.23706054688,2729.85107421875,2922.23706054688,270300
2016-02-26,2767.2099609375,2784.7529296875,2715.8740234375,2760.05810546875,191100
2016-02-29,2687.97900390625,2755.88989257813,2638.962890625,2754.81396484375,207400
2016-03-01,2733.169921875,2747.56201171875,2668.75708007813,2688.3798828125,187200
2016-03-02,2849.68090820313,2852.69995117188,2732.5390625,2733.76708984375,271000
2016-03-03,2859.75805664063,2878.44506835938,2840.8740234375,2847.3310546875,287500
2016-03-04,2874.14697265625,2880.3720703125,2808.84912109375,2848.5380859375,312500
2016-03-07,2897.34008789063,2911.83911132813,2871.34594726563,2886.63989257813,217500
2016-03-08,2901.38696289063,2902.62109375,2802.56298828125,2895.666015625,233500
2016-03-09,2862.55590820313,2863.01489257813,2811.71801757813,2839.41088867188,183400
2016-03-10,2804.72607421875,2863.17602539063,2803.47607421875,2847.56689453125,139000
2016-03-11,2810.30688476563,2815.60693359375,2772.55102539063,2781.60009765625,127200
2016-03-14,2859.4990234375,2889.81591796875,2823.02807617188,2830.083984375,194800
2016-03-15,2864.36791992188,2865.787109375,2819.794921875,2853.97802734375,163400
2016-03-16,2870.42993164063,2881.52905273438,2854.19189453125,2858.708984375,186500
2016-03-17,2904.83203125,2921,2857.19091796875,2875.41088867188,200300
2016-03-18,2955.14990234375,2971.55102539063,2908.74194335938,2915.51806640625,313300
2016-03-21,3018.80200195313,3028.32202148438,2973.75805664063,2978.455078125,352400
2016-03-22,2999.36303710938,3019.10107421875,2988.42602539063,3001.6298828125,270400
2016-03-23,3009.9599609375,3012.56005859375,2980.85498046875,2991.1689453125,217000
2016-03-24,2960.96997070313,2998.15405273438,2960.537109375,2986.80102539063,237000
2016-03-25,2979.1259765625,2981.40795898438,2952.10595703125,2956.19995117188,169800
2016-03-28,2957.82006835938,3008.16796875,2948.52587890625,2988.01000976563,202000
2016-03-29,2919.83203125,2962.20288085938,2905.2509765625,2956.705078125,183000
2016-03-30,3000.64501953125,3001.10595703125,2941.21801757813,2941.21801757813,210400
2016-03-31,3003.9150390625,3023.40893554688,2992.916015625,3009.36694335938,220400
2016-04-01,3009.53002929688,3009.67309570313,2956.2470703125,2997.087890625,206500
2016-04-05,3053.06494140625,3057.330078125,2993.14794921875,3000.93798828125,256700
2016-04-06,3050.59204101563,3059.7939453125,3029.0048828125,3039.7451171875,232300
2016-04-07,3008.419921875,3062.35791015625,3007.06005859375,3058.33911132813,220900
2016-04-08,2984.9580078125,2996.1708984375,2960.4599609375,2988.19995117188,187900
2016-04-11,3033.95703125,3048.97705078125,3006.90893554688,3006.90893554688,220000
2016-04-12,3023.64599609375,3036.82495117188,3001.31494140625,3031.30102539063,182700
2016-04-13,3066.63793945313,3097.1650390625,3041.35791015625,3041.35791015625,310000
2016-04-14,3082.36206054688,3086.69799804688,3056.98901367188,3080.09008789063,208200
2016-04-15,3078.11694335938,3089.95092773438,3066.8720703125,3085.02587890625,189600
2016-04-18,3033.65991210938,3058.462890625,3022.96997070313,3058.462890625,183300
2016-04-19,3042.82299804688,3054.5029296875,3024.89501953125,3047.13305664063,156500
2016-04-20,2972.583984375,3055.68896484375,2905.04907226563,3050.38110351563,283100
2016-04-21,2952.89111328125,2990.67309570313,2943.46411132813,2954.3701171875,189400
2016-04-22,2959.23999023438,2960.208984375,2926.77587890625,2933.03491210938,137200
2016-04-25,2946.669921875,2954.09204101563,2917.02001953125,2949.97290039063,125900
2016-04-26,2964.69995117188,2965.42895507813,2933.97094726563,2944.71606445313,117700
2016-04-27,2953.6708984375,2976.02197265625,2949.43188476563,2967.18994140625,130900
2016-04-28,2945.58911132813,2959.51196289063,2916.3740234375,2955.74194335938,138700
2016-04-29,2938.32397460938,2950.57592773438,2930.35693359375,2935.3759765625,109300
2016-05-03,2992.64306640625,2993.53491210938,2929.81494140625,2940.39208984375,168700
2016-05-04,2991.27197265625,3004.41796875,2978.330078125,2983.02709960938,165400
2016-05-05,2997.84204101563,2999.11791992188,2977.19995117188,2987.02197265625,144800
2016-05-06,2913.248046875,3003.59008789063,2913.03588867188,2998.40209960938,206800
2016-05-09,2832.11303710938,2896.162109375,2821.82592773438,2896.162109375,180400
2016-05-10,2832.59106445313,2845.23803710938,2820.1640625,2822.32690429688,120800
2016-05-11,2837.037109375,2857.25390625,2818.69897460938,2843.544921875,135800
2016-05-12,2835.86206054688,2839.27587890625,2781.23608398438,2812.10791015625,136300
2016-05-13,2827.10888671875,2850.09301757813,2814.11499023438,2828.4619140625,114300
2016-05-16,2850.86206054688,2851.22900390625,2804.99096679688,2816.77490234375,114700
2016-05-17,2843.68408203125,2860.32104492188,2832.458984375,2850.92602539063,123400
2016-05-18,2807.51391601563,2828.2548828125,2781.4169921875,2828.17797851563,140500
2016-05-19,2806.90600585938,2829.40209960938,2801.54809570313,2802.31494140625,111600
2016-05-20,2825.48291015625,2825.95190429688,2785.080078125,2792.88793945313,108700
2016-05-23,2843.64501953125,2848.07104492188,2826.25610351563,2826.31201171875,120500
2016-05-24,2821.666015625,2839.69506835938,2807.18798828125,2839.68188476563,111500
2016-05-25,2815.0859375,2843.1650390625,2807.7490234375,2835.02905273438,103500
2016-05-26,2822.44311523438,2827.09204101563,2780.76293945313,2813.54296875,114800
2016-05-27,2821.0458984375,2832.79907226563,2809.79907226563,2817.96801757813,109800
2016-05-30,2822.45092773438,2830.96997070313,2794.66088867188,2814.65087890625,106300
2016-05-31,2916.61596679688,2917.13500976563,2822.59301757813,2822.59301757813,215300
2016-06-01,2913.50805664063,2929.07592773438,2909.51196289063,2917.15405273438,188400
2016-06-02,2925.22900390625,2925.669921875,2906.52392578125,2911.21899414063,159700
2016-06-03,2938.68188476563,2945.51904296875,2915.18505859375,2929.7880859375,172000
2016-06-06,2934.09790039063,2945.94189453125,2922.28295898438,2940.99389648438,142000
2016-06-07,2936.044921875,2938.44409179688,2923.501953125,2936.28198242188,133000
2016-06-08,2927.15893554688,2937.98608398438,2908.36694335938,2932.3759765625,143000
2016-06-13,2833.07104492188,2911.15795898438,2832.50708007813,2897.27294921875,169300
2016-06-14,2842.18896484375,2843.4560546875,2822.06103515625,2824.22900390625,119800
2016-06-15,2887.2099609375,2894.26391601563,2811.78100585938,2814.69311523438,166700
2016-06-16,2872.81689453125,2887.74291992188,2865.38793945313,2878.40209960938,173900
2016-06-17,2885.10498046875,2900.29907226563,2872.18505859375,2873.00903320313,171500
2016-06-20,2888.80908203125,2891.65795898438,2864.02001953125,2887.63598632813,136600
2016-06-21,2878.55810546875,2919.30200195313,2869.17602539063,2898.38403320313,164400
2016-06-22,2905.55004882813,2905.97802734375,2869.51293945313,2872.73388671875,130600
2016-06-23,2891.9599609375,2904.11206054688,2878.66088867188,2902.39794921875,136100
2016-06-24,2854.28588867188,2899.56909179688,2807.59790039063,2883.75903320313,190800
2016-06-27,2895.70288085938,2895.73095703125,2840.27709960938,2840.55908203125,156700
2016-06-28,2912.55688476563,2913.58203125,2878.82397460938,2885.01098632813,173900
2016-06-29,2931.59204101563,2933.9970703125,2915.06201171875,2918.53393554688,193200
2016-06-30,2929.60595703125,2938.13696289063,2922.31201171875,2931.48095703125,154500
2016-07-01,2932.47607421875,2944.98901367188,2925.81005859375,2931.80200195313,141200
2016-07-04,2988.60400390625,2992.498046875,2922.52001953125,2924.29296875,222000
2016-07-05,3006.39208984375,3010.27490234375,2990.64208984375,2991.751953125,235200
2016-07-06,3017.2919921875,3017.65209960938,2984.82788085938,2998.52099609375,212400
2016-07-07,3016.84692382813,3024.10888671875,2994.64306640625,3009.35302734375,222700
2016-07-08,2988.09399414063,3001.55102539063,2983.88110351563,3000.32592773438,169000
2016-07-11,2994.9169921875,3022.94409179688,2990.90698242188,2993.7490234375,224300
2016-07-12,3049.38110351563,3049.68090820313,2984.4208984375,2992.52001953125,259500
2016-07-13,3060.68896484375,3069.04711914063,3048.19897460938,3049.51293945313,253700
2016-07-14,3054.01806640625,3057.0458984375,3036.52294921875,3054.97509765625,180200
2016-07-15,3054.2958984375,3062.68310546875,3044.5380859375,3056.68188476563,172900
2016-07-18,3043.56396484375,3058.32104492188,3031.63891601563,3047.63696289063,177500
2016-07-19,3036.59790039063,3043.60009765625,3014.2890625,3040.22607421875,155400
2016-07-20,3027.89990234375,3042.9970703125,3022.63110351563,3034.71411132813,138200
2016-07-21,3039.00903320313,3053.333984375,3027.36791992188,3027.60400390625,163800
2016-07-22,3012.81591796875,3039.27001953125,3007.45703125,3038.11791992188,162000
2016-07-25,3015.82788085938,3027.123046875,3003.2919921875,3008.09399414063,144200
2016-07-26,3050.166015625,3050.61499023438,3013.80200195313,3014.0400390625,156700
2016-07-27,2991.9990234375,3057.42407226563,2939.22705078125,3050.36791992188,280200
2016-07-28,2994.32299804688,3003.36303710938,2968.18188476563,2980.5009765625,190600
2016-07-29,2979.33911132813,3000.05493164063,2972.9169921875,2992.53588867188,150100
2016-08-01,2953.38500976563,2972.875,2931.962890625,2971.94897460938,147400
2016-08-02,2971.27905273438,2971.27905273438,2946.63696289063,2950.080078125,115500
2016-08-03,2978.4609375,2981.15600585938,2956.78588867188,2963.21508789063,141100
2016-08-04,2982.42602539063,2982.86010742188,2958.93310546875,2976.40991210938,133900
2016-08-05,2976.69604492188,2991.67700195313,2971.56396484375,2978.77807617188,141900
2016-08-08,3004.27709960938,3004.71801757813,2959.04809570313,2972.625,155700
2016-08-09,3025.68090820313,3025.91088867188,2998.67700195313,3001.30590820313,170000
2016-08-10,3018.74609375,3033.19604492188,3017.09008789063,3023.47192382813,164700
2016-08-11,3002.63793945313,3038.04809570313,3001.16796875,3013.67797851563,161900
2016-08-12,3050.6669921875,3051.05395507813,2999.0390625,3000.27294921875,168200
2016-08-15,3125.19506835938,3137.47607421875,3053.87109375,3056.48388671875,297600
2016-08-16,3110.037109375,3140.44091796875,3102.06494140625,3130.53295898438,278300
2016-08-17,3109.55493164063,3114.2548828125,3090.28100585938,3106.99096679688,213800
2016-08-18,3104.11401367188,3125.5810546875,3093.31689453125,3107.7529296875,229400
2016-08-19,3108.10205078125,3113.34399414063,3082.77099609375,3100.39111328125,194300
2016-08-22,3084.80493164063,3112.73999023438,3083.59301757813,3107.38110351563,185400
2016-08-23,3089.7060546875,3101.11010742188,3073.52905273438,3081.57202148438,161400
2016-08-24,3085.8798828125,3097.14794921875,3079.54809570313,3092.02001953125,145700
2016-08-25,3068.3291015625,3073.44409179688,3041.5048828125,3073.44409179688,174000
2016-08-26,3070.30908203125,3087.65209960938,3063.89404296875,3069.85009765625,149700
2016-08-29,3070.02709960938,3074.94311523438,3058.78491210938,3068.4599609375,144500
2016-08-30,3074.67700195313,3082.98803710938,3065.97094726563,3071.43994140625,140400
2016-08-31,3085.49096679688,3087.69799804688,3063.39599609375,3072.916015625,141400
2016-09-01,3063.30493164063,3088.7041015625,3062.8759765625,3083.9609375,155200
2016-09-02,3067.35205078125,3072.52587890625,3050.49194335938,3057.4951171875,150400
2016-09-05,3072.09497070313,3085.48510742188,3065.3291015625,3070.70703125,145000
2016-09-06,3090.712890625,3095.50903320313,3053.18701171875,3071.05493164063,172900
2016-09-07,3091.92797851563,3105.67797851563,3087.87890625,3091.3291015625,187000
2016-09-08,3095.9541015625,3096.78295898438,3083.90209960938,3089.95288085938,145900
2016-09-09,3078.85498046875,3101.7919921875,3078.21801757813,3095.42700195313,160700
2016-09-12,3021.97705078125,3040.95190429688,2999.92895507813,3037.50708007813,206000
2016-09-13,3023.51000976563,3029.72094726563,3008.74096679688,3025.03491210938,135400
2016-09-14,3002.84912109375,3017.94506835938,2995.416015625,3008.90405273438,133400
2016-09-19,3026.05102539063,3026.65087890625,3005.32299804688,3005.32299804688,119200
2016-09-20,3023,3027.81689453125,3015.8798828125,3027.17211914063,118900
2016-09-21,3025.8740234375,3032.44995117188,3017.541015625,3021.57592773438,115700
2016-09-22,3042.31298828125,3054.43505859375,3035.07006835938,3038.42211914063,139300
2016-09-23,3033.89599609375,3046.80493164063,3032.80200195313,3044.78588867188,125600
2016-09-26,2980.42993164063,3028.24291992188,2980.11694335938,3028.24291992188,144300
2016-09-27,2998.17211914063,2998.23291015625,2969.13208007813,2974.59301757813,121700
2016-09-28,2987.85791015625,3000.69506835938,2984.32104492188,3000.69506835938,104600
2016-09-29,2998.48291015625,3009.19799804688,2991.90893554688,2992.16796875,113200
2016-09-30,3004.70288085938,3009.19506835938,2993.06201171875,2994.2509765625,101300
2016-10-10,3048.14306640625,3048.23608398438,3014.6201171875,3020.45703125,160100
2016-10-11,3065.25,3066.10400390625,3048.01806640625,3051.6220703125,167300
2016-10-12,3058.498046875,3060.51391601563,3048.88793945313,3057.31591796875,142500
2016-10-13,3061.34594726563,3064.9990234375,3052.63989257813,3057.97192382813,154800
2016-10-14,3063.80908203125,3064.7900390625,3043.18408203125,3056.99291992188,155400
2016-10-17,3041.166015625,3068.81201171875,3033.7529296875,3064.69091796875,163700
2016-10-18,3083.875,3084.18701171875,3037.40405273438,3037.40405273438,182000
2016-10-19,3084.71899414063,3096.22290039063,3076.77099609375,3085.7490234375,182500
2016-10-20,3084.4580078125,3089.68188476563,3076.294921875,3084.90795898438,160700
2016-10-21,3090.94091796875,3101.84912109375,3069.26708984375,3081.38891601563,187400
2016-10-24,3128.2470703125,3137.03393554688,3090.78588867188,3092.04711914063,240500
2016-10-25,3131.93896484375,3132.5048828125,3121.05004882813,3127.96801757813,203400
2016-10-26,3116.31201171875,3129.837890625,3110.38696289063,3129.837890625,191700
2016-10-27,3112.35009765625,3114.75903320313,3100.39208984375,3112.60302734375,158000
2016-10-28,3104.27001953125,3128.64306640625,3101.23706054688,3111.7041015625,181800
2016-10-31,3100.49194335938,3102.30200195313,3081.07202148438,3097.18798828125,151500
2016-11-01,3122.43603515625,3122.61499023438,3097.0419921875,3101.6640625,160200
2016-11-02,3102.73291015625,3118.97705078125,3099.82006835938,3115.72900390625,182700
2016-11-03,3128.93603515625,3140.92993164063,3094.10302734375,3096.76489257813,223000
2016-11-04,3125.31689453125,3141.333984375,3119.53491210938,3126.34912109375,197700
2016-11-07,3133.3330078125,3139.20190429688,3117.09594726563,3124.89208984375,179400
2016-11-08,3147.88793945313,3156.88110351563,3134.955078125,3140.94409179688,190800
2016-11-09,3128.3701171875,3146.94995117188,3096.94702148438,3146.07788085938,241100
2016-11-10,3171.28198242188,3172.30908203125,3148.5439453125,3148.5439453125,244200
2016-11-11,3196.0439453125,3202.73999023438,3166.07006835938,3169.40087890625,310900
2016-11-14,3210.37109375,3221.4580078125,3186.7958984375,3187.708984375,329600
2016-11-15,3206.98608398438,3214.2919921875,3195.03491210938,3209.955078125,240900
2016-11-16,3205.05688476563,3210.89306640625,3195.41088867188,3208.4970703125,221800
2016-11-17,3208.45288085938,3211.05297851563,3187.2060546875,3198.4990234375,214200
2016-11-18,3192.85595703125,3212.39404296875,3187.49609375,3207.19311523438,209800
2016-11-21,3218.14794921875,3229.75708007813,3188.28002929688,3188.49609375,230700
2016-11-22,3248.35205078125,3249.67700195313,3220.98291015625,3220.98291015625,261600
2016-11-23,3241.13696289063,3262.87890625,3231.5859375,3247.94506835938,250000
2016-11-24,3241.73608398438,3257.85693359375,3232.86889648438,3237.42797851563,232300
2016-11-25,3261.93798828125,3262.43798828125,3209.59790039063,3241.24291992188,233900
2016-11-28,3277,3288.3369140625,3267.67407226563,3270.04711914063,281600
2016-11-29,3282.92407226563,3301.212890625,3263.39697265625,3269.23388671875,320800
2016-11-30,3250.03393554688,3277.26904296875,3239.52099609375,3272.14208984375,243600
2016-12-01,3273.30908203125,3279.6708984375,3256.25610351563,3257.02709960938,237800
2016-12-02,3243.84301757813,3279.71411132813,3235.27709960938,3270.12109375,259600
2016-12-05,3204.708984375,3219.51806640625,3194.87890625,3203.78393554688,223000
2016-12-06,3199.64697265625,3215.31103515625,3196.52490234375,3202.02905273438,157600
2016-12-07,3222.24194335938,3222.42797851563,3189.48510742188,3198.47509765625,169100
2016-12-08,3215.36596679688,3228.1220703125,3211.47094726563,3225.55004882813,170700
2016-12-09,3232.88305664063,3244.80102539063,3207.04296875,3209.34008789063,204000
2016-12-12,3152.96997070313,3245.09497070313,3149.89599609375,3233.666015625,274700
2016-12-13,3155.037109375,3162.49609375,3118.7119140625,3138.98803710938,185200
2016-12-14,3140.53100585938,3170.02099609375,3136.34790039063,3149.376953125,201400
2016-12-15,3117.67700195313,3138.77905273438,3100.9130859375,3125.75708007813,190000
2016-12-16,3122.98193359375,3128.8740234375,3106.34594726563,3111.51489257813,165000
2016-12-19,3118.0849609375,3125.28393554688,3110.08203125,3120.69604492188,154200
2016-12-20,3102.8759765625,3117.01489257813,3084.80004882813,3115.89794921875,157400
2016-12-21,3137.42993164063,3140.2509765625,3107.23999023438,3107.23999023438,186700
2016-12-22,3139.55810546875,3143.1689453125,3126.88696289063,3132.15600585938,167800
2016-12-23,3110.15405273438,3138.40405273438,3103.748046875,3134.92895507813,166200
2016-12-26,3122.56909179688,3122.88110351563,3068.4150390625,3095.5791015625,152600
2016-12-27,3114.6640625,3127.88305664063,3113.7451171875,3117.38696289063,141500
2016-12-28,3102.23608398438,3118.78198242188,3094.54907226563,3113.76708984375,135700
2016-12-29,3096.09692382813,3111.79907226563,3087.34399414063,3095.84497070313,132600
2016-12-30,3103.63696289063,3108.83911132813,3089.98901367188,3097.34497070313,133300
2017-01-03,3135.9208984375,3136.4560546875,3105.30908203125,3105.30908203125,141600
2017-01-04,3158.7939453125,3160.10302734375,3130.11499023438,3133.787109375,167900
2017-01-05,3165.41088867188,3168.501953125,3154.28100585938,3157.90600585938,174700
2017-01-06,3154.32104492188,3172.03491210938,3153.02490234375,3163.77587890625,183700
2017-01-09,3171.23608398438,3173.13598632813,3147.73510742188,3148.53198242188,171700
2017-01-10,3161.6708984375,3174.57788085938,3157.33203125,3167.57006835938,179800
2017-01-11,3136.75390625,3167.02905273438,3136.26708984375,3156.68603515625,178400
2017-01-12,3119.2890625,3144.96997070313,3115.97900390625,3133.60205078125,148900
2017-01-13,3112.76391601563,3130.51489257813,3102.1630859375,3116.0830078125,156300
2017-01-16,3103.42797851563,3105.14208984375,3044.291015625,3104.49194335938,257900
2017-01-17,3108.77490234375,3108.90698242188,3072.337890625,3087.03002929688,136200
2017-01-18,3113.01196289063,3123.71997070313,3098.5859375,3104.76611328125,131800
2017-01-19,3101.29907226563,3115.77807617188,3094.00610351563,3104.97192382813,123900
2017-01-20,3123.13891601563,3125.65991210938,3095.21508789063,3095.81909179688,122400
2017-01-23,3136.77490234375,3145.84106445313,3125.4208984375,3125.4208984375,132700
2017-01-24,3142.55297851563,3149.53100585938,3131.21801757813,3134.59204101563,126000
2017-01-25,3149.55493164063,3151.47192382813,3133.19091796875,3137.64599609375,112100
2017-01-26,3159.166015625,3163.10400390625,3148.90795898438,3149.21704101563,113900
2017-02-03,3140.169921875,3162.67700195313,3136.01293945313,3160.08203125,92200
2017-02-06,3156.98388671875,3158.84301757813,3135.38696289063,3143.09301757813,127200
2017-02-07,3153.087890625,3159.5439453125,3140.03588867188,3154.40502929688,128300
2017-02-08,3166.98193359375,3167.44702148438,3132.03295898438,3148.0859375,144900
2017-02-09,3183.17895507813,3186.837890625,3162.57397460938,3164.68798828125,191600
2017-02-10,3196.69897460938,3205.04907226563,3182.80200195313,3183.00708007813,239300
2017-02-13,3216.83911132813,3219.40698242188,3198.9951171875,3198.9951171875,220200
2017-02-14,3217.92797851563,3219.40502929688,3205.28491210938,3216.13696289063,188800
2017-02-15,3212.98608398438,3235.998046875,3206.56103515625,3215.46411132813,241500
2017-02-16,3229.61791992188,3230.27490234375,3207.78491210938,3210.35693359375,217000
2017-02-17,3202.07592773438,3238.39599609375,3199.42504882813,3227.70703125,226200
2017-02-20,3239.9609375,3241.4580078125,3198.962890625,3198.962890625,232200
2017-02-21,3253.32592773438,3254.3359375,3239.8779296875,3242.22290039063,211700
2017-02-22,3261.21801757813,3261.38110351563,3243.84008789063,3252.68994140625,207500
2017-02-23,3251.375,3264.08203125,3236.35498046875,3258.83203125,209200
2017-02-24,3253.43310546875,3253.9560546875,3233.53491210938,3246.86010742188,186400
2017-02-27,3228.65991210938,3251.65405273438,3224.087890625,3249.19506835938,182600
2017-02-28,3241.73291015625,3242.67895507813,3225.96899414063,3225.96899414063,151200
2017-03-01,3246.93408203125,3259.97802734375,3237.87109375,3240.07299804688,190700
2017-03-02,3230.02807617188,3256.80688476563,3228.6650390625,3250.51806640625,181200
2017-03-03,3218.31201171875,3221.15502929688,3206.61303710938,3219.20190429688,157100
2017-03-06,3233.86596679688,3234.6630859375,3215.06689453125,3217.3349609375,156100
2017-03-07,3242.40600585938,3242.65893554688,3226.82202148438,3233.09399414063,164100
2017-03-08,3240.6650390625,3245.30395507813,3230.60791015625,3240.53198242188,160700
2017-03-09,3216.74609375,3233.875,3205.27905273438,3233.70092773438,167400
2017-03-10,3212.76000976563,3222.31909179688,3208.44702148438,3213.72900390625,136700
2017-03-13,3237.02392578125,3237.12109375,3193.15698242188,3209.44897460938,163700
2017-03-14,3239.32788085938,3246.3291015625,3231.52099609375,3235.251953125,146900
2017-03-15,3241.76000976563,3243.712890625,3227.73803710938,3235.40307617188,144100
2017-03-16,3268.93505859375,3269.77001953125,3247.1630859375,3247.1630859375,189400
2017-03-17,3237.44702148438,3274.18994140625,3232.28100585938,3271.86694335938,200600
2017-03-20,3250.80810546875,3251.126953125,3228.11791992188,3241.11010742188,170500
2017-03-21,3261.61108398438,3262.22094726563,3246.69604492188,3250.2470703125,162700
2017-03-22,3245.21997070313,3255.77807617188,3229.1279296875,3246.22290039063,189700
2017-03-23,3248.55004882813,3262.09106445313,3221.93408203125,3245.80810546875,193000
2017-03-24,3269.44506835938,3275.20703125,3241.123046875,3247.35009765625,219800
2017-03-27,3266.955078125,3283.23901367188,3262.11791992188,3268.92407226563,201900
2017-03-28,3252.94799804688,3265.63403320313,3246.0859375,3265.63403320313,161700
2017-03-29,3241.31396484375,3262.09790039063,3233.28002929688,3252.86499023438,216100
2017-03-30,3210.23706054688,3240.01708984375,3195.85205078125,3235.13696289063,247100
2017-03-31,3222.51391601563,3226.248046875,3205.537109375,3206.2529296875,196400
2017-04-05,3270.30493164063,3270.64501953125,3233.23706054688,3235.65991210938,248300
2017-04-06,3281.0048828125,3286.67407226563,3265.76489257813,3272.19311523438,245300
2017-04-07,3286.61596679688,3295.18701171875,3275.05102539063,3280.6240234375,236100
2017-04-10,3269.39306640625,3285.458984375,3265.01196289063,3285.458984375,232700
2017-04-11,3288.96606445313,3290.38891601563,3244.40502929688,3266.22192382813,281300
2017-04-12,3273.830078125,3284.93408203125,3262.27709960938,3283.8369140625,269400
2017-04-13,3275.9599609375,3281.13696289063,3261.48999023438,3265.21801757813,207300
2017-04-14,3244.48291015625,3276.7109375,3238.89599609375,3276.13793945313,208100
2017-04-17,3222.1669921875,3229.94897460938,3199.912109375,3229.94897460938,212700
2017-04-18,3196.712890625,3225.05493164063,3196.48803710938,3215.39599609375,188700
2017-04-19,3170.68701171875,3189.43701171875,3147.06591796875,3184.666015625,213200
2017-04-20,3172.10009765625,3178.18310546875,3148.18408203125,3165.6650390625,190900
2017-04-21,3173.15087890625,3180.7939453125,3158.62890625,3170.2900390625,164800
2017-04-24,3129.53100585938,3164.248046875,3111.21508789063,3164.248046875,186300
2017-04-25,3134.56689453125,3145.26708984375,3117.44897460938,3123.89404296875,153400
2017-04-26,3140.84692382813,3152.95288085938,3131.41796875,3132.91796875,169900
2017-04-27,3152.18701171875,3155.0029296875,3097.3330078125,3131.35009765625,211800
2017-04-28,3154.65795898438,3154.72705078125,3136.57788085938,3144.02197265625,162900
2017-05-02,3143.7119140625,3154.78100585938,3136.5390625,3147.22802734375,154200
2017-05-03,3135.34594726563,3148.28588867188,3123.7509765625,3138.30688476563,163800
2017-05-04,3127.36889648438,3143.81811523438,3111.39111328125,3127.10595703125,178000
2017-05-05,3103.0380859375,3117.61401367188,3092.09204101563,3114.77392578125,176200
2017-05-08,3078.61303710938,3093.45190429688,3067.69409179688,3090.06494140625,180500
2017-05-09,3080.52709960938,3084.2080078125,3056.55810546875,3064.84790039063,135100
2017-05-10,3052.78491210938,3090.81909179688,3051.59008789063,3078.17309570313,160800
2017-05-11,3061.5,3063.56396484375,3016.53100585938,3036.7890625,191300
2017-05-12,3083.51293945313,3090.49096679688,3051.87109375,3054.11206054688,159700
2017-05-15,3090.22900390625,3098.9130859375,3085.93188476563,3085.93188476563,135700
2017-05-16,3112.96411132813,3113.51196289063,3060.53393554688,3082.8720703125,173800
2017-05-17,3104.44189453125,3119.58203125,3101.294921875,3107.80200195313,168700
2017-05-18,3090.13891601563,3103.44091796875,3077.962890625,3082.3291015625,148600
2017-05-19,3090.63110351563,3095.48291015625,3081.27807617188,3086.705078125,129600
2017-05-22,3075.67602539063,3103.93798828125,3063.15307617188,3087.1708984375,153700
2017-05-23,3061.94702148438,3084.23510742188,3050.84204101563,3069.39404296875,178300
2017-05-24,3064.07592773438,3064.81298828125,3022.30297851563,3047.56811523438,139800
2017-05-25,3107.8310546875,3114.65795898438,3052.8310546875,3055.34301757813,191400
2017-05-26,3110.05908203125,3120.6630859375,3100.38793945313,3101.28588867188,155900
2017-05-31,3117.17797851563,3143.27905273438,3111.55590820313,3125.32495117188,153000
2017-06-01,3102.623046875,3113.52099609375,3097.67895507813,3108.4208984375,163000
2017-06-02,3105.5400390625,3110.38891601563,3081.84912109375,3094.22509765625,142500
2017-06-05,3091.65600585938,3105.50610351563,3084.830078125,3102.11010742188,132600
2017-06-06,3102.1259765625,3102.86303710938,3078.787109375,3084.5400390625,113400
2017-06-07,3140.32495117188,3140.77392578125,3098.95092773438,3101.76098632813,173200
2017-06-08,3150.333984375,3153.26391601563,3132.82788085938,3136.47094726563,152300
2017-06-09,3158.39990234375,3165.919921875,3146.10791015625,3147.45288085938,160100
2017-06-12,3139.876953125,3164.94995117188,3135.31396484375,3149.52709960938,146700
2017-06-13,3153.74291992188,3155.98999023438,3131.04296875,3134.00903320313,128300
2017-06-14,3130.67407226563,3149.17309570313,3125.35498046875,3146.748046875,138300
2017-06-15,3132.48608398438,3137.5849609375,3117.083984375,3125.5869140625,147000
2017-06-16,3123.166015625,3134.2509765625,3117.85693359375,3126.373046875,129700
2017-06-19,3144.3740234375,3146.77001953125,3121.77905273438,3122.15795898438,134900
2017-06-20,3140.01391601563,3150.46508789063,3134.61108398438,3148.01904296875,141200
2017-06-21,3156.2119140625,3157.02807617188,3132.61694335938,3148.98608398438,136700
2017-06-22,3147.45288085938,3186.98193359375,3146.64306640625,3152.24194335938,191300
2017-06-23,3157.873046875,3158.04711914063,3118.09497070313,3138.44409179688,154800
2017-06-26,3185.44409179688,3187.88891601563,3156.97705078125,3157.001953125,173600
2017-06-27,3191.19702148438,3193.4609375,3172.462890625,3183.419921875,148200
2017-06-28,3173.20092773438,3193.43994140625,3170.78588867188,3183.63305664063,146500
2017-06-29,3188.06298828125,3188.77392578125,3174.28393554688,3174.98095703125,128800
2017-06-30,3192.42700195313,3193.24096679688,3171.57006835938,3176.94799804688,121500
2017-07-03,3195.912109375,3196.28588867188,3177.02392578125,3191.998046875,140300
2017-07-04,3182.80395507813,3193.06396484375,3174.31396484375,3192.88891601563,141100
2017-07-05,3207.13403320313,3207.31005859375,3174.7080078125,3179.21704101563,148300
2017-07-06,3212.44409179688,3215.94995117188,3188.77294921875,3203.86303710938,175800
2017-07-07,3217.95703125,3219.52294921875,3195.291015625,3203.82299804688,176700
2017-07-10,3212.63208007813,3223.34008789063,3203.208984375,3208.462890625,198900
2017-07-11,3203.0380859375,3226.90795898438,3199.22412109375,3201.51708984375,187800
2017-07-12,3197.5439453125,3215.19604492188,3177.93505859375,3201.92895507813,186900
2017-07-13,3218.1630859375,3219.26806640625,3190.33911132813,3192.36206054688,195300
2017-07-14,3222.4169921875,3222.97802734375,3204.85302734375,3212.03198242188,160100
2017-07-17,3176.46508789063,3230.35400390625,3139.50390625,3219.791015625,266200
2017-07-18,3187.56689453125,3187.6708984375,3150.1279296875,3159.73193359375,190600
2017-07-19,3230.97607421875,3232.94091796875,3179.72998046875,3181.40209960938,272400
2017-07-20,3244.86499023438,3246.23608398438,3225.43310546875,3227.50610351563,232100
2017-07-21,3237.98193359375,3247.7119140625,3231.9560546875,3236.587890625,206000
2017-07-24,3250.59912109375,3261.10498046875,3230.07104492188,3230.89794921875,233100
2017-07-25,3243.68896484375,3261.64501953125,3233.13793945313,3249.13793945313,205600
2017-07-26,3247.67504882813,3264.84790039063,3228.0390625,3244.4609375,213500
2017-07-27,3249.78100585938,3251.92602539063,3220.63696289063,3243.76489257813,228500
2017-07-28,3253.23999023438,3256.37109375,3232.962890625,3240.17309570313,182200
2017-07-31,3273.02807617188,3276.94604492188,3251.19409179688,3252.751953125,246000
2017-08-01,3292.63793945313,3292.63793945313,3273.50390625,3274.36889648438,237200
2017-08-02,3285.05688476563,3305.43090820313,3282.0380859375,3288.51806640625,266700
2017-08-03,3272.92895507813,3293.36889648438,3262.15502929688,3279.98608398438,233300
2017-08-04,3262.0810546875,3287.19311523438,3261.30688476563,3269.31811523438,275900
2017-08-07,3279.45703125,3280.10400390625,3243.71508789063,3257.669921875,231200
2017-08-08,3281.873046875,3285.48291015625,3269.65795898438,3277.18896484375,252000
2017-08-09,3275.57299804688,3277.94311523438,3263.84692382813,3277.80810546875,235600
2017-08-10,3261.7490234375,3282.51904296875,3236.18310546875,3269.73510742188,240700
2017-08-11,3208.541015625,3245.11596679688,3200.748046875,3237.92211914063,263000
2017-08-14,3237.36010742188,3240.05200195313,3206.0439453125,3206.0439453125,190300
2017-08-15,3251.26196289063,3263.58911132813,3235.10107421875,3235.22998046875,182300
2017-08-16,3246.45092773438,3248.78491210938,3228.87109375,3247.85302734375,176900
2017-08-17,3268.42993164063,3269.13891601563,3251.458984375,3253.84594726563,203600
2017-08-18,3268.72412109375,3275.07592773438,3248.0830078125,3253.24291992188,191100
2017-08-21,3286.90600585938,3287.51904296875,3270.47509765625,3274.5810546875,186100
2017-08-22,3290.22607421875,3293.47607421875,3274.94091796875,3287.61499023438,186500
2017-08-23,3287.705078125,3299.45703125,3274.43994140625,3283.79711914063,179800
2017-08-24,3271.51196289063,3297.98901367188,3266.35888671875,3287.958984375,163500
2017-08-25,3331.52197265625,3331.9150390625,3271.4609375,3271.4609375,205800
2017-08-28,3362.65087890625,3375.03393554688,3336.1259765625,3336.1259765625,257500
2017-08-29,3365.22607421875,3374.59497070313,3354.462890625,3362.06005859375,219500
2017-08-30,3363.626953125,3376.64794921875,3357.080078125,3361.82104492188,246900
2017-08-31,3360.81005859375,3367.35791015625,3340.68701171875,3361.4619140625,234400
2017-09-01,3367.11889648438,3381.92504882813,3358.47192382813,3365.99096679688,282500
2017-09-04,3379.8359375,3381.40307617188,3359.13110351563,3369.71899414063,259400
2017-09-05,3384.31689453125,3390.82299804688,3371.57104492188,3377.19702148438,216600
2017-09-06,3385.38891601563,3391.01098632813,3364.76489257813,3372.42797851563,229100
2017-09-07,3365.4970703125,3387.7958984375,3363.17700195313,3383.6279296875,221100
2017-09-08,3365.24291992188,3380.88989257813,3353.68798828125,3364.42797851563,198400
2017-09-11,3376.4189453125,3384.81005859375,3360.0458984375,3365.35107421875,219000
2017-09-12,3379.48803710938,3391.06909179688,3370.85205078125,3381.48706054688,272900
2017-09-13,3384.14697265625,3387.13989257813,3366.541015625,3374.71899414063,194600
2017-09-14,3371.42602539063,3391.64404296875,3361.333984375,3383.46997070313,221300
2017-09-15,3353.61889648438,3365.52807617188,3345.32788085938,3365.14501953125,219800
2017-09-18,3362.85888671875,3371.7490234375,3352.51293945313,3352.51293945313,190300
2017-09-19,3356.84497070313,3370.40087890625,3344.705078125,3365.53198242188,191100
2017-09-20,3365.99609375,3370.09790039063,3346.53588867188,3352.18505859375,192200
2017-09-21,3357.81201171875,3377.88403320313,3356.875,3364.69799804688,197400
2017-09-22,3352.52905273438,3356.45092773438,3334.98510742188,3347.15698242188,179200
2017-09-25,3341.54907226563,3350.9609375,3334.94409179688,3344.58911132813,169600
2017-09-26,3343.5830078125,3347.1630859375,3332.59912109375,3336.35009765625,132600
2017-09-27,3345.27197265625,3349.69506835938,3340.29907226563,3340.82202148438,143100
2017-09-28,3339.64208984375,3344.60107421875,3336.17797851563,3343.84497070313,149400
2017-09-29,3348.94311523438,3357.01489257813,3340.31103515625,3340.31103515625,144900
2017-10-09,3374.3779296875,3410.169921875,3366.96508789063,3403.24609375,191700
2017-10-10,3382.98803710938,3384.02587890625,3358.794921875,3373.34497070313,179400
2017-10-11,3388.28393554688,3395.77905273438,3379.1630859375,3381.48803710938,181500
2017-10-12,3386.10009765625,3390.2041015625,3372.53295898438,3385.53295898438,161800
2017-10-13,3390.52294921875,3395.748046875,3383.23901367188,3384.48803710938,140000
2017-10-16,3378.46997070313,3400.51098632813,3374.76904296875,3393.2060546875,174300
2017-10-17,3372.041015625,3382.40698242188,3365.56494140625,3373.23388671875,125400
2017-10-18,3381.7939453125,3383.23193359375,3371.92504882813,3373.52807617188,157200
2017-10-19,3370.17211914063,3378.73608398438,3359.6279296875,3374.64404296875,158500
2017-10-20,3378.64794921875,3379.76489257813,3360.10009765625,3363.51391601563,127200
2017-10-23,3380.69897460938,3385.28491210938,3374.705078125,3382.28002929688,130800
2017-10-24,3388.248046875,3388.68896484375,3374.125,3376.59912109375,139900
2017-10-25,3396.89794921875,3398.30395507813,3382.03393554688,3384.85791015625,123100
2017-10-26,3407.56689453125,3414.24194335938,3391.455078125,3397.51904296875,183800
2017-10-27,3416.81201171875,3421.10302734375,3402.11401367188,3404.498046875,170300
2017-10-30,3390.3369140625,3419.73193359375,3357.27587890625,3413.86791992188,208300
2017-10-31,3393.34204101563,3397.09912109375,3376.1240234375,3380.9990234375,153500
2017-11-01,3395.9130859375,3410.35205078125,3388.59790039063,3393.96801757813,180600
2017-11-02,3383.31005859375,3391.65209960938,3372.212890625,3391.65209960938,166900
2017-11-03,3371.74389648438,3380.57006835938,3347.36010742188,3377.73608398438,172700
2017-11-06,3388.17407226563,3389.38305664063,3356.53393554688,3369.68505859375,154600
2017-11-07,3413.57495117188,3415.14794921875,3387.94604492188,3389.47192382813,190600
2017-11-08,3415.4599609375,3434.49194335938,3404.88110351563,3409.14697265625,185400
2017-11-09,3427.794921875,3428.77001953125,3408.61889648438,3410.67211914063,158700
2017-11-10,3432.67309570313,3438.7919921875,3414.3291015625,3423.18505859375,189300
2017-11-13,3447.8359375,3449.1640625,3435.0849609375,3435.18408203125,205400
2017-11-14,3429.54809570313,3450.4951171875,3419.69189453125,3446.544921875,196500
2017-11-15,3402.52490234375,3423.75,3396.38110351563,3416.2109375,168800
2017-11-16,3399.25,3409.65307617188,3390.58911132813,3393.19409179688,156700
2017-11-17,3382.90795898438,3403.28588867188,3373.2958984375,3392.68310546875,249500
2017-11-20,3392.39892578125,3393.10595703125,3337.11596679688,3361.35595703125,176500
2017-11-21,3410.498046875,3419.80200195313,3377.59912109375,3382.36010742188,196900
2017-11-22,3430.46411132813,3442.17797851563,3404.287109375,3417.3310546875,213600
2017-11-23,3352.98901367188,3429.42407226563,3342.33203125,3425.00903320313,208800
2017-11-24,3353.82104492188,3360.74609375,3328.333984375,3340.38403320313,159600
2017-11-27,3322.22998046875,3347.05102539063,3315.26391601563,3346.65698242188,166400
2017-11-28,3333.65698242188,3333.80004882813,3300.78100585938,3311.23193359375,138200
2017-11-29,3337.86206054688,3343.06201171875,3305.57202148438,3335.56689453125,183800
2017-11-30,3317.18798828125,3340.919921875,3306.28295898438,3328.64306640625,156600
2017-12-01,3317.61694335938,3324.51611328125,3302.43994140625,3315.10498046875,139200
2017-12-04,3309.61791992188,3323.99609375,3304.10302734375,3310.38110351563,148100
2017-12-05,3303.67504882813,3315.73706054688,3300.51196289063,3301.69091796875,208300
2017-12-06,3293.96508789063,3296.20092773438,3254.61108398438,3291.31298828125,151600
2017-12-07,3272.05395507813,3291.28198242188,3259.1640625,3283.27905273438,132100
2017-12-08,3289.99194335938,3297.1298828125,3258.75903320313,3264.47802734375,133200
2017-12-11,3322.19604492188,3322.67407226563,3288.294921875,3290.48803710938,132000
2017-12-12,3280.81396484375,3320.31005859375,3280.3291015625,3320.31005859375,124600
2017-12-13,3303.037109375,3304.01000976563,3273.32495117188,3278.39697265625,112000
2017-12-14,3292.43896484375,3309.53002929688,3282.57299804688,3302.93188476563,120500
2017-12-15,3266.13696289063,3287.52905273438,3259.38793945313,3287.52905273438,130900
2017-12-18,3267.92211914063,3280.5439453125,3254.17797851563,3268.03393554688,120700
2017-12-19,3296.5380859375,3296.93994140625,3266.01904296875,3266.01904296875,115100
2017-12-20,3287.60595703125,3300.2119140625,3276.1201171875,3296.73999023438,137700
2017-12-21,3300.05908203125,3309.22290039063,3267.40405273438,3281.11791992188,142100
2017-12-22,3297.06298828125,3307.32788085938,3293.44189453125,3297.68505859375,124000
2017-12-25,3280.83911132813,3312.30004882813,3270.44091796875,3296.2109375,142500
2017-12-26,3306.125,3307.29907226563,3274.32690429688,3277.8369140625,142400
2017-12-27,3275.78295898438,3307.080078125,3270.34912109375,3302.4609375,162700
2017-12-28,3296.38500976563,3304.09594726563,3263.72802734375,3272.291015625,175400
2017-12-29,3307.17211914063,3308.22509765625,3292.77001953125,3295.24609375,141600
2018-01-02,3348.32592773438,3349.05297851563,3314.03100585938,3314.03100585938,202300
2018-01-03,3369.10791015625,3379.9150390625,3345.2890625,3347.74291992188,213800
2018-01-04,3385.7099609375,3392.82592773438,3365.294921875,3371,207000
2018-01-05,3391.75,3402.06909179688,3380.2451171875,3386.46411132813,213100
2018-01-08,3409.47998046875,3412.73095703125,3384.55908203125,3391.55297851563,236200
2018-01-09,3413.89990234375,3417.22802734375,3403.5869140625,3406.11206054688,191500
2018-01-10,3421.833984375,3430.21411132813,3398.84204101563,3414.11303710938,209100
2018-01-11,3425.34497070313,3426.48291015625,3405.63891601563,3415.5849609375,173800
2018-01-12,3428.94091796875,3435.42407226563,3417.97998046875,3423.87890625,174100
2018-01-15,3410.48803710938,3442.5009765625,3402.31201171875,3428.95092773438,232000
2018-01-16,3436.59399414063,3437.5830078125,3401.9609375,3403.46899414063,211500
2018-01-17,3444.6708984375,3465.205078125,3430.51098632813,3438.57592773438,261000
2018-01-18,3474.75390625,3476.5458984375,3448.7890625,3449.88110351563,220000
2018-01-19,3487.86401367188,3498.43408203125,3474.2919921875,3481.6201171875,247500
2018-01-22,3501.36206054688,3503.38598632813,3475.67309570313,3476.99389648438,217500
2018-01-23,3546.5048828125,3547.22192382813,3504.34399414063,3504.34399414063,238700
2018-01-24,3559.46508789063,3569.48901367188,3527.11206054688,3553.47900390625,253000
2018-01-25,3548.30688476563,3571.48095703125,3528.03491210938,3555.16796875,243400
2018-01-26,3558.12890625,3574.90502929688,3534.19506835938,3535.49291992188,222700
2018-01-29,3523.0009765625,3587.03198242188,3510.26904296875,3563.63989257813,236000
2018-01-30,3488.00903320313,3523.05102539063,3484.65600585938,3511.5009765625,186400
2018-01-31,3480.8330078125,3495.45288085938,3454.72607421875,3470.50903320313,207300
2018-02-01,3446.97998046875,3495.09301757813,3424.4189453125,3478.669921875,260500
2018-02-02,3462.0810546875,3463.1640625,3388.86010742188,3419.22509765625,208100
2018-02-05,3487.4970703125,3487.72094726563,3406.24096679688,3411.669921875,217700
2018-02-06,3370.65209960938,3440.1240234375,3364.21606445313,3418.01000976563,280600
2018-02-07,3309.26000976563,3425.5380859375,3304.00708007813,3412.74389648438,260900
2018-02-08,3262.05004882813,3307.162109375,3225.7119140625,3281.0458984375,201300
2018-02-09,3129.85107421875,3180.11010742188,3062.74291992188,3172.85107421875,256400
2018-02-12,3154.125,3168.1259765625,3113.60498046875,3128.37109375,153300
2018-02-13,3184.958984375,3219.21704101563,3176.10693359375,3176.10693359375,151500
2018-02-14,3199.15893554688,3203.4970703125,3171.38403320313,3188.248046875,100300
2018-02-22,3268.55908203125,3269.916015625,3234.11499023438,3237.56909179688,138700
2018-02-23,3289.02392578125,3294.13403320313,3258.48803710938,3275.42895507813,145800
2018-02-26,3329.57397460938,3335.98608398438,3281.61499023438,3307.294921875,188600
2018-02-27,3292.06811523438,3328.67211914063,3284.62890625,3328.67211914063,174200
2018-02-28,3259.40795898438,3277.83203125,3239.84399414063,3264.05908203125,151000
2018-03-01,3273.7548828125,3280.14892578125,3228.5849609375,3235.08911132813,159100
2018-03-02,3254.52807617188,3269.93798828125,3242.26708984375,3248.44604492188,150900
2018-03-05,3256.92602539063,3269.39990234375,3236.71704101563,3255.87109375,144800
2018-03-06,3289.64208984375,3290.2529296875,3243.65405273438,3266.48706054688,195400
2018-03-07,3271.66796875,3308.40600585938,3264.76391601563,3288.86499023438,168700
2018-03-08,3288.40600585938,3289.4970703125,3261.55200195313,3268.34692382813,149800
2018-03-09,3307.166015625,3309.71508789063,3283.55908203125,3291.42602539063,168400
2018-03-12,3326.69897460938,3333.56103515625,3313.55493164063,3319.208984375,206500
2018-03-13,3310.23901367188,3333.875,3307.3759765625,3324.1220703125,177100
2018-03-14,3291.38208007813,3304.97900390625,3287.35595703125,3298.666015625,157500
2018-03-15,3291.11206054688,3297.09790039063,3273.20092773438,3277.51391601563,148600
2018-03-16,3269.88208007813,3300.56494140625,3269.28295898438,3290.208984375,141200
2018-03-19,3279.251953125,3280.56689453125,3251.04711914063,3264.92797851563,138000
2018-03-20,3290.63989257813,3292.57397460938,3252.43310546875,3257.21899414063,139900
2018-03-21,3280.95190429688,3314.208984375,3268.8779296875,3299.73095703125,168400
2018-03-22,3263.47998046875,3288.79711914063,3242.76196289063,3281.26489257813,150400
2018-03-23,3152.76098632813,3188.23510742188,3110.6640625,3172.77197265625,275500
2018-03-26,3133.72192382813,3134.27587890625,3091.4580078125,3117.31909179688,186400
2018-03-27,3166.64892578125,3172.77807617188,3143.57006835938,3164.79809570313,189100
2018-03-28,3122.2900390625,3165.212890625,3117.53393554688,3130.57104492188,163500
2018-03-29,3160.53100585938,3174.50903320313,3098.2470703125,3127.26293945313,170300
2018-03-30,3168.89697265625,3177.72094726563,3152.88891601563,3161.78588867188,154600
2018-04-02,3163.17895507813,3192.34008789063,3159.98608398438,3169.77905273438,177700
2018-04-03,3136.63305664063,3144.33203125,3119.13208007813,3130.01293945313,152200
2018-04-04,3131.11108398438,3163.34008789063,3128.86694335938,3147.04907226563,147000
2018-04-09,3138.2939453125,3146.09301757813,3110.30297851563,3125.44189453125,139600
2018-04-10,3190.32202148438,3190.64892578125,3139.0810546875,3144.25708007813,168200
2018-04-11,3208.08203125,3220.84497070313,3191.5869140625,3197.3720703125,175900
2018-04-12,3180.15795898438,3205.251953125,3177.04907226563,3203.27807617188,148200
2018-04-13,3159.05200195313,3197.89599609375,3155.50610351563,3192.0419921875,127600
2018-04-16,3110.64892578125,3153.10595703125,3096.10009765625,3152.88793945313,154400
2018-04-17,3066.79711914063,3118.76000976563,3064.02807617188,3112.97509765625,147200
2018-04-18,3091.39892578125,3096.88891601563,3041.625,3091.90991210938,159300
2018-04-19,3117.3759765625,3127.43896484375,3090.287109375,3094.27392578125,160100
2018-04-20,3071.54296875,3111.1708984375,3065.9208984375,3105.4619140625,155100
2018-04-23,3068.01196289063,3085.05688476563,3045.93701171875,3063.44311523438,131700
2018-04-24,3128.92700195313,3136.0400390625,3069.74609375,3069.74609375,162300
2018-04-25,3117.97412109375,3122.90795898438,3107.0009765625,3112.39794921875,127300
2018-04-26,3075.03002929688,3121.93310546875,3067.92895507813,3119.49609375,134000
2018-04-27,3082.23193359375,3088.03491210938,3049.9140625,3082.4150390625,131200
2018-05-02,3081.17700195313,3097.60400390625,3064.76293945313,3087.40893554688,134200
2018-05-03,3100.85888671875,3105.65991210938,3056.15698242188,3074.51708984375,140000
2018-05-04,3091.03295898438,3104.09301757813,3086.78491210938,3093.11694335938,118700
2018-05-07,3136.64501953125,3136.8359375,3091.65795898438,3094.89892578125,138900
2018-05-08,3161.498046875,3169.70092773438,3134.06201171875,3135.2958984375,146900
2018-05-09,3159.14990234375,3165.373046875,3145.65698242188,3160.13793945313,122600
2018-05-10,3174.4130859375,3176.13793945313,3155.53295898438,3169.05004882813,133000
2018-05-11,3163.26293945313,3180.75610351563,3162.2119140625,3179.79711914063,130700
2018-05-14,3174.03198242188,3183.81591796875,3163.47607421875,3167.0419921875,129300
2018-05-15,3192.11791992188,3192.80688476563,3164.51806640625,3180.42504882813,124500
2018-05-16,3169.56494140625,3191.94799804688,3166.81103515625,3180.22607421875,130500
2018-05-17,3154.28295898438,3172.76611328125,3148.62109375,3170.00610351563,114000
2018-05-18,3193.30297851563,3193.45288085938,3144.77587890625,3151.08203125,136500
2018-05-21,3213.84008789063,3219.73999023438,3203.3359375,3206.17602539063,164500
2018-05-22,3214.35009765625,3214.58911132813,3192.22802734375,3211.2470703125,144300
2018-05-23,3168.96411132813,3205.43701171875,3168.96411132813,3205.43701171875,157800
2018-05-24,3154.65087890625,3173.53100585938,3152.06909179688,3167.93896484375,124100
2018-05-25,3141.30297851563,3156.72607421875,3131.06811523438,3148.40991210938,128600
2018-05-28,3135.08203125,3149.6650390625,3115.958984375,3136.80908203125,128800
2018-05-29,3120.4609375,3143.2080078125,3112.15307617188,3129.62109375,135700
2018-05-30,3041.44311523438,3085.39697265625,3041,3081.14208984375,155100
2018-05-31,3095.47412109375,3098.07592773438,3054.26904296875,3061.8291015625,140500
2018-06-01,3075.13696289063,3102.087890625,3059.78588867188,3084.75390625,129900
2018-06-04,3091.19091796875,3098.40209960938,3076.99389648438,3083.42700195313,114600
2018-06-05,3114.2060546875,3114.76904296875,3080.0458984375,3088.00805664063,118700
2018-06-06,3115.17993164063,3117.52490234375,3103.53295898438,3109.17504882813,120200
2018-06-07,3109.4990234375,3128.71508789063,3105.57788085938,3121.18408203125,127800
2018-06-08,3067.14794921875,3100.68505859375,3053.2880859375,3100.60400390625,134700
2018-06-11,3052.78295898438,3063.61010742188,3037.9140625,3057.33911132813,108600
2018-06-12,3079.80200195313,3081.44702148438,3034.10107421875,3053.02807617188,113300
2018-06-13,3049.79711914063,3071.46411132813,3044.1201171875,3071.46411132813,119600
2018-06-14,3044.15991210938,3066.04711914063,3032.40600585938,3038.07006835938,115500
2018-06-15,3021.90087890625,3048.79711914063,3008.73193359375,3037.45190429688,144500
2018-06-19,2907.82202148438,2984.97094726563,2871.35498046875,2982.64990234375,230600
2018-06-20,2915.73095703125,2925.56103515625,2872.1630859375,2889.98388671875,144300
2018-06-21,2875.81005859375,2940.5859375,2872.61889648438,2912.0029296875,154400
2018-06-22,2889.76000976563,2891.96899414063,2837.14404296875,2855.5849609375,126100
2018-06-25,2859.3359375,2908.6240234375,2857.87109375,2903.44995117188,121900
2018-06-26,2844.50805664063,2850.23999023438,2803.78491210938,2829.9951171875,125900
2018-06-27,2813.17797851563,2854.25805664063,2798.80004882813,2842.39599609375,129400
2018-06-28,2786.89697265625,2825.98706054688,2782.44604492188,2799.90405273438,118400
2018-06-29,2847.41796875,2848.3720703125,2782.38110351563,2789.81103515625,125700
2018-07-02,2775.55688476563,2845.67993164063,2756.81494140625,2841.580078125,137000
2018-07-03,2786.88793945313,2786.88793945313,2722.44897460938,2774.57006835938,142500
2018-07-04,2759.1259765625,2793.17895507813,2754.15502929688,2776.63208007813,123300
2018-07-05,2733.88208007813,2777.52294921875,2727.93994140625,2755.33911132813,129200
2018-07-06,2747.22900390625,2768.8740234375,2691.02099609375,2731.35302734375,136300
2018-07-09,2815.11010742188,2815.7900390625,2752.44702148438,2752.44702148438,121500
2018-07-10,2827.625,2828.49291992188,2800.625,2819.7119140625,117100
2018-07-11,2777.77099609375,2794.36010742188,2752.43505859375,2780.7041015625,126800
2018-07-12,2837.65893554688,2844.19311523438,2771.041015625,2771.041015625,147000
2018-07-13,2831.18408203125,2835.462890625,2818.84790039063,2831.42797851563,117700
2018-07-16,2814.0419921875,2837.50903320313,2804.49291992188,2827.08203125,107800
2018-07-17,2798.1259765625,2806.9189453125,2774.76196289063,2806.88500976563,105400
2018-07-18,2787.25708007813,2818.39501953125,2786.0400390625,2801.77709960938,121000
2018-07-19,2772.544921875,2805.01098632813,2764.48608398438,2791.01611328125,114500
2018-07-20,2829.27099609375,2837.86206054688,2753.84008789063,2769.75390625,145900
2018-07-23,2859.5419921875,2863.57104492188,2809.61596679688,2815.20092773438,173400
2018-07-24,2905.56201171875,2911.46508789063,2862.26708984375,2862.26708984375,229600
2018-07-25,2903.64697265625,2912.31298828125,2894.0390625,2911.45288085938,167800
2018-07-26,2882.22509765625,2915.29711914063,2875.70092773438,2905.7939453125,168400
2018-07-27,2873.59399414063,2889.69409179688,2864.11010742188,2879.68994140625,146400
2018-07-30,2869.05004882813,2896.01098632813,2850.2958984375,2871.93994140625,151700
2018-07-31,2876.40087890625,2884.67993164063,2854.32006835938,2866.89892578125,118900
2018-08-01,2824.53393554688,2897.39990234375,2823.92895507813,2882.50610351563,149500
2018-08-02,2768.02392578125,2815.34399414063,2726.48291015625,2815.34399414063,174200
2018-08-03,2740.44311523438,2777.65698242188,2740.43188476563,2763.39599609375,127000
2018-08-06,2705.15698242188,2760.47412109375,2692.32202148438,2736.52587890625,129800
2018-08-07,2779.3740234375,2779.3740234375,2696.0390625,2711.73608398438,149600
2018-08-08,2744.07006835938,2779.912109375,2741.06689453125,2771.12890625,147700
2018-08-09,2794.38208007813,2801.65893554688,2726.21508789063,2729.5791015625,151700
2018-08-10,2795.31005859375,2806.11499023438,2777.50610351563,2791.40209960938,121500
2018-08-13,2785.8720703125,2789.79809570313,2742.56005859375,2769.01708984375,127500
2018-08-14,2780.96508789063,2789.44409179688,2766.56909179688,2780.73608398438,109600
2018-08-15,2723.25805664063,2777.70288085938,2721.23999023438,2777.2490234375,116200
2018-08-16,2705.19189453125,2732.94897460938,2672.74096679688,2691.42602539063,120300
2018-08-17,2668.96606445313,2730.3330078125,2665.59204101563,2723.88696289063,112400
2018-08-20,2698.46606445313,2698.46606445313,2653.11206054688,2673.06591796875,110800
2018-08-21,2733.82592773438,2739.17309570313,2696.2919921875,2700.34204101563,113600
2018-08-22,2714.60791015625,2731.9580078125,2709.06201171875,2731.9580078125,93700
2018-08-23,2724.6240234375,2736.01000976563,2700.80395507813,2714.86694335938,98400
2018-08-24,2729.43090820313,2748.82397460938,2705.32397460938,2717.0810546875,100500
2018-08-27,2780.89892578125,2780.89892578125,2736.31909179688,2736.31909179688,132800
2018-08-28,2777.98095703125,2791.38989257813,2769.40087890625,2782.29296875,118700
2018-08-29,2769.294921875,2778.5390625,2762.35009765625,2774.86499023438,100200
2018-08-30,2737.73706054688,2780.52709960938,2736.34594726563,2769.33203125,106100
2018-08-31,2725.25,2744.63110351563,2710.537109375,2730.11303710938,109800
2018-09-03,2720.73388671875,2722.85205078125,2692.36401367188,2716.40405273438,102200
2018-09-04,2750.580078125,2756.60693359375,2712.3759765625,2720.64794921875,109000
2018-09-05,2704.3369140625,2745.46704101563,2704.3369140625,2741.3798828125,105000
2018-09-06,2691.59301757813,2719.40600585938,2683.7451171875,2697.57788085938,99000
2018-09-07,2702.30102539063,2728.5458984375,2683.71899414063,2696.67797851563,107500
2018-09-10,2669.48510742188,2703.42895507813,2667.31689453125,2698.01098632813,103600
2018-09-11,2664.80004882813,2680.57299804688,2652.7041015625,2668.48706054688,99900
2018-09-12,2656.11010742188,2672.07397460938,2647.169921875,2659.74389648438,90000
2018-09-13,2686.57788085938,2689.06201171875,2653.18896484375,2679.2080078125,107300
2018-09-14,2681.64306640625,2694.919921875,2675.2900390625,2688.77905273438,100000
2018-09-17,2651.7890625,2671.291015625,2647.9150390625,2671.291015625,88200
2018-09-18,2699.94995117188,2700.19311523438,2644.2958984375,2644.2958984375,115800
2018-09-19,2730.85009765625,2746.080078125,2690.99389648438,2694.79907226563,141600
2018-09-20,2729.24389648438,2743.96508789063,2724.083984375,2732.169921875,111400
2018-09-21,2797.48510742188,2797.48510742188,2722.03198242188,2733.8740234375,158000
2018-09-25,2781.13891601563,2790.03198242188,2771.15991210938,2775.06591796875,112000
2018-09-26,2806.81298828125,2827.34106445313,2783.34204101563,2785.31689453125,139600
2018-09-27,2791.77490234375,2810.50610351563,2786.32202148438,2805.79296875,124000
2018-09-28,2821.35009765625,2821.7548828125,2791.8359375,2794.26391601563,134300
2018-10-08,2716.51000976563,2771.93798828125,2710.17797851563,2768.2080078125,149500
2018-10-09,2721.01293945313,2734.31396484375,2711.19702148438,2713.73193359375,116800
2018-10-10,2725.8369140625,2743.54809570313,2703.06298828125,2723.72412109375,113500
2018-10-11,2583.4580078125,2661.28588867188,2560.31591796875,2643.07397460938,197200
2018-10-12,2606.9130859375,2615.9169921875,2536.6650390625,2574.0419921875,170100
2018-10-15,2568.09790039063,2611.96899414063,2564.73803710938,2605.912109375,118600
2018-10-16,2546.330078125,2597.71508789063,2536.44091796875,2567.76391601563,119400
2018-10-17,2561.61401367188,2582.54907226563,2517.57299804688,2574.31298828125,130000
2018-10-18,2486.4189453125,2544.91088867188,2485.61889648438,2544.91088867188,125400
2018-10-19,2550.46508789063,2553.38696289063,2449.19702148438,2460.0810546875,147300
2018-10-22,2654.8759765625,2675.40600585938,2565.64404296875,2565.64404296875,211900
2018-10-23,2594.82592773438,2659.81201171875,2583.26098632813,2652.64794921875,178300
2018-10-24,2603.294921875,2640.40209960938,2577.77294921875,2579.97192382813,160100
2018-10-25,2603.80004882813,2606.10107421875,2531.53491210938,2540.93505859375,162000
2018-10-26,2598.84692382813,2626.11596679688,2580.84497070313,2610.89794921875,158900
2018-10-29,2542.10302734375,2595.537109375,2529.18798828125,2593.59106445313,134200
2018-10-30,2568.04809570313,2586.9189453125,2521.78393554688,2538.57397460938,166700
2018-10-31,2602.78295898438,2612.92211914063,2567.02709960938,2573.01489257813,180600
2018-11-01,2606.23706054688,2636.79907226563,2603.65087890625,2617.03295898438,200900
2018-11-02,2676.47607421875,2676.47607421875,2628.8701171875,2649.2509765625,225000
2018-11-05,2665.43090820313,2673.18798828125,2639.27099609375,2665.42700195313,193800
2018-11-06,2659.35595703125,2660.86303710938,2635.32104492188,2660.71899414063,163700
2018-11-07,2641.34204101563,2675.67700195313,2639.24609375,2659.84497070313,173200
2018-11-08,2635.63208007813,2662.36889648438,2632.30102539063,2660.0869140625,159600
2018-11-09,2598.8720703125,2621.23803710938,2598.16088867188,2621.23803710938,152400
2018-11-12,2630.52001953125,2631.169921875,2590.2109375,2593.19995117188,175000
2018-11-13,2654.8798828125,2666.48510742188,2597.34790039063,2600.5,249300
2018-11-14,2632.24291992188,2658.30688476563,2627.95703125,2648.30908203125,238400
2018-11-15,2668.169921875,2668.169921875,2631.88793945313,2632.13793945313,207800
2018-11-16,2679.11010742188,2695.56909179688,2657.03393554688,2669.78002929688,242200
2018-11-19,2703.51196289063,2703.51196289063,2674.17797851563,2681.89892578125,231700
2018-11-20,2645.85498046875,2690.830078125,2643.35888671875,2684.287109375,215900
2018-11-21,2651.5048828125,2653.7958984375,2617.77587890625,2619.82104492188,182600
2018-11-22,2645.43408203125,2658.0009765625,2634.48291015625,2655.89599609375,149300
2018-11-23,2579.48291015625,2642.03588867188,2577.35107421875,2640.6669921875,191500
2018-11-26,2575.81005859375,2594.9970703125,2568.03491210938,2580.84204101563,134300
2018-11-27,2574.67895507813,2592.53491210938,2566.166015625,2585.82592773438,123700
2018-11-28,2601.73706054688,2601.962890625,2561.56201171875,2575.4541015625,146000
2018-11-29,2567.44311523438,2617.54809570313,2567.44311523438,2613.78100585938,157200
2018-11-30,2588.18798828125,2590.2099609375,2555.32202148438,2564.56396484375,139300
2018-12-03,2654.79809570313,2665.29809570313,2629.18408203125,2647.13208007813,207500
2018-12-04,2665.9580078125,2666.07788085938,2644.89599609375,2651.56103515625,167900
2018-12-05,2649.80493164063,2660.38891601563,2625.9130859375,2629.8330078125,154500
2018-12-06,2605.18090820313,2633.67797851563,2603.13208007813,2629.82006835938,141700
2018-12-07,2605.88793945313,2614.58203125,2599.27807617188,2609.34106445313,109100
2018-12-10,2584.58203125,2599.76196289063,2576.24194335938,2589.19409179688,113200
2018-12-11,2594.087890625,2596.14599609375,2583.19604492188,2587.01489257813,101300
2018-12-12,2602.15307617188,2610.00903320313,2595.07495117188,2608.11401367188,103500
2018-12-13,2634.04907226563,2645.8369140625,2599.458984375,2607.14404296875,150700
2018-12-14,2593.74096679688,2629.1640625,2593.74096679688,2627.28295898438,145900
2018-12-17,2597.97412109375,2598.96704101563,2573.86694335938,2587.26293945313,117400
2018-12-18,2576.64990234375,2599.14794921875,2563.57299804688,2583.63403320313,117000
2018-12-19,2549.56298828125,2579.8740234375,2547.07788085938,2578.67504882813,107700
2018-12-20,2536.26806640625,2554.85888671875,2516.01904296875,2544.5048828125,120600
2018-12-21,2516.2509765625,2527.4208984375,2498.69409179688,2526.55395507813,115700
2018-12-24,2527.00708007813,2529.43994140625,2500.44311523438,2506.73706054688,97300
2018-12-25,2504.81909179688,2513.96411132813,2462.84497070313,2503.94995117188,136500
2018-12-26,2498.2939453125,2513.82592773438,2492.07592773438,2501.1201171875,108800
2018-12-27,2483.0859375,2532.001953125,2483.0859375,2527.71704101563,135400
2018-12-28,2493.89599609375,2505.11401367188,2478.32495117188,2483.61694335938,119200
2019-01-02,2465.291015625,2500.27807617188,2456.42309570313,2497.88110351563,109900
2019-01-03,2464.36303710938,2488.47900390625,2455.92602539063,2461.78295898438,124400
2019-01-04,2514.86791992188,2515.31591796875,2440.90698242188,2446.01904296875,168900
2019-01-07,2533.08911132813,2536.97802734375,2515.50805664063,2528.69897460938,177300
2019-01-08,2526.4619140625,2531.34497070313,2520.1650390625,2530.30004882813,158100
2019-01-09,2544.34497070313,2574.40795898438,2536.15698242188,2536.4169921875,191900
2019-01-10,2535.09912109375,2551.82592773438,2531.6640625,2543.85302734375,159900
2019-01-11,2553.8310546875,2554.787109375,2533.35888671875,2539.54907226563,149400
2019-01-14,2535.76489257813,2556.2939453125,2533.01000976563,2553.32788085938,144800
2019-01-15,2570.34497070313,2571.501953125,2532.43310546875,2537.3701171875,160300
2019-01-16,2570.42211914063,2574.23608398438,2563.00610351563,2569.07006835938,149300
2019-01-17,2559.63696289063,2582.55590820313,2557.7109375,2573.57592773438,162500
2019-01-18,2596.00610351563,2598.88403320313,2565.90405273438,2567.73901367188,190800
2019-01-21,2610.50903320313,2618.97998046875,2599.05810546875,2599.05810546875,163400
2019-01-22,2579.7041015625,2609.64208984375,2573.06201171875,2609.64208984375,152500
2019-01-23,2581.00390625,2589.51293945313,2572.40502929688,2575.25805664063,131400
2019-01-24,2591.69409179688,2597.2890625,2569.69995117188,2584.64794921875,154000
2019-01-25,2601.72290039063,2617.001953125,2595.62890625,2596.26196289063,159400
2019-01-28,2596.97705078125,2630.31811523438,2591.10009765625,2615.7119140625,147000
2019-01-29,2594.25390625,2601.73608398438,2559.98193359375,2592.35498046875,155600
2019-01-30,2575.57592773438,2598.81494140625,2575.40893554688,2584.74609375,120500
2019-01-31,2584.57202148438,2606.6279296875,2571.5791015625,2581.33203125,154300
2019-02-01,2618.23193359375,2618.47705078125,2590.55395507813,2597.77807617188,132000
2019-02-11,2653.89599609375,2654.09594726563,2613.17407226563,2613.17407226563,154900
2019-02-12,2671.89404296875,2674.47802734375,2648.830078125,2654.03491210938,184100
2019-02-13,2721.06811523438,2727.07495117188,2666.52197265625,2674.52001953125,243800
2019-02-14,2719.69995117188,2729.455078125,2707.48706054688,2715.53588867188,197000
2019-02-15,2682.38500976563,2715.63208007813,2679.78491210938,2712.78588867188,196000
2019-02-18,2754.35693359375,2754.35693359375,2699.81689453125,2699.81689453125,260400
2019-02-19,2755.64599609375,2780.78393554688,2737.5859375,2759.49609375,288000
2019-02-20,2761.21899414063,2767.41088867188,2739.97802734375,2761.05908203125,246000
2019-02-21,2751.80102539063,2794.01293945313,2744.97607421875,2759.93798828125,298600
2019-02-22,2804.22607421875,2804.22607421875,2736.33203125,2749.4619140625,301500
2019-02-25,2961.28295898438,2961.794921875,2838.38989257813,2838.38989257813,528700
2019-02-26,2941.51611328125,2995.67602539063,2938.623046875,2969.09790039063,565600
2019-02-27,2953.82397460938,2997.48803710938,2924.64306640625,2939.92895507813,475000
2019-02-28,2940.9541015625,2965.30395507813,2930.19506835938,2950.05493164063,350200
2019-03-01,2994.0048828125,2994.0048828125,2930.8349609375,2954.40209960938,345800
2019-03-04,3027.57592773438,3090.7958984375,3006.94189453125,3015.94311523438,525600
2019-03-05,3054.2470703125,3054.9619140625,3009.44799804688,3019.8798828125,424100
2019-03-06,3102.09912109375,3103.82495117188,3050.11108398438,3060.43310546875,555000
2019-03-07,3106.41796875,3129.93994140625,3074.97802734375,3103.66796875,583800
2019-03-08,2969.86108398438,3075.0458984375,2969.58203125,3038.3359375,577900
2019-03-11,3026.99291992188,3028.25390625,2963.5830078125,2969.080078125,426200
2019-03-12,3060.30688476563,3093.39111328125,3029.89990234375,3049.083984375,511200
2019-03-13,3026.95092773438,3065.2880859375,3013.93188476563,3062.32690429688,453200
2019-03-14,2990.68505859375,3041.15600585938,2968.82397460938,3013.59692382813,373100
2019-03-15,3021.7509765625,3048.12109375,2999.43188476563,3000.87890625,341200
2019-03-18,3096.41796875,3096.41796875,3009.50708007813,3027.80102539063,397800
2019-03-19,3090.97509765625,3113.43310546875,3076.36303710938,3099.89697265625,350900
2019-03-20,3090.63989257813,3102.52001953125,3053.45190429688,3084.169921875,358600
2019-03-21,3101.455078125,3125.01904296875,3086.85009765625,3094.125,414300
2019-03-22,3104.14892578125,3107.27490234375,3064.88403320313,3100.72607421875,364800
2019-03-25,3043.03100585938,3086.99609375,3041.94995117188,3058.80200195313,380300
2019-03-26,2997.09497070313,3062.68994140625,2988.49096679688,3057.55908203125,353500
2019-03-27,3022.71997070313,3022.76196289063,2987.77197265625,3012.25708007813,291400
2019-03-28,2994.94311523438,3025.77905273438,2991.77905273438,3009.79907226563,288100
2019-03-29,3090.75805664063,3093.03295898438,2999.98706054688,3000.67797851563,375100
2019-04-01,3170.36108398438,3176.6220703125,3111.662109375,3111.662109375,466100
2019-04-02,3176.82299804688,3193.27197265625,3164.90698242188,3183.27392578125,447100
2019-04-03,3216.294921875,3219.25610351563,3152.33203125,3159.14697265625,430500
2019-04-04,3246.57104492188,3254.13989257813,3216.85498046875,3233.68896484375,469100
2019-04-08,3244.81005859375,3288.45288085938,3210.51489257813,3271.27197265625,504500
2019-04-09,3239.6640625,3251.64599609375,3215.705078125,3240.39404296875,364200
2019-04-10,3241.92993164063,3264.77807617188,3204.87890625,3224.64501953125,380100
2019-04-11,3189.9619140625,3254.1259765625,3185.5458984375,3241.54711914063,353000
2019-04-12,3188.6259765625,3199.27807617188,3168.0419921875,3184.86010742188,289800
2019-04-15,3177.787109375,3253.97607421875,3177.27001953125,3233.4580078125,348800
2019-04-16,3253.59790039063,3253.59790039063,3153.2060546875,3164.39697265625,357900
2019-04-17,3263.11791992188,3275.333984375,3239.80493164063,3250.15209960938,357500
2019-04-18,3250.20092773438,3271.38793945313,3241.82592773438,3261.07397460938,325500
2019-04-19,3270.79711914063,3274.3349609375,3226.81201171875,3250.14501953125,305700
2019-04-22,3215.04296875,3279.48901367188,3206.8779296875,3278.49096679688,353200
2019-04-23,3198.59399414063,3231.58203125,3186.75708007813,3211.8720703125,328400
2019-04-24,3201.61401367188,3210.65087890625,3156.60693359375,3203.55908203125,274900
2019-04-25,3123.82592773438,3193.7490234375,3123.02587890625,3190.5849609375,325900
2019-04-26,3086.39892578125,3129.212890625,3085.80493164063,3108.1640625,280900
2019-05-06,2906.46411132813,2986.5400390625,2876.46899414063,2984.72705078125,327000
2019-05-07,2926.39111328125,2937.28295898438,2889.07299804688,2914.291015625,253300
2019-05-08,2893.75708007813,2929.43090820313,2866.7041015625,2873.14306640625,231500
2019-05-09,2850.9541015625,2888.86010742188,2845.037109375,2871.19702148438,200000
2019-05-10,2939.2109375,2941.4541015625,2838.38500976563,2878.23388671875,282300
2019-05-13,2903.712890625,2921.40991210938,2892.17504882813,2905.06689453125,212000
2019-05-14,2883.61108398438,2909.2041015625,2872.833984375,2872.833984375,208300
2019-05-15,2938.67797851563,2945.39501953125,2902.64208984375,2902.64208984375,230500
2019-05-16,2955.7109375,2956.1708984375,2929.06494140625,2933.4951171875,248400
2019-05-17,2882.2958984375,2956.78295898438,2873.80004882813,2955.76708984375,266300
2019-05-20,2870.60498046875,2882.62890625,2838.45288085938,2874.80102539063,209500
2019-05-21,2905.96899414063,2919.23706054688,2862.4951171875,2867.70703125,211400
2019-05-22,2891.705078125,2912.39501953125,2879.64404296875,2905.52392578125,200000
2019-05-23,2852.51489257813,2885.13891601563,2846.9560546875,2880.84301757813,197300
2019-05-24,2852.9951171875,2871.85595703125,2846.02197265625,2847.8359375,167200
2019-05-27,2892.3779296875,2898.12890625,2833.03588867188,2851.28100585938,196700
2019-05-28,2909.91088867188,2924.0400390625,2887.083984375,2890.26611328125,223300
2019-05-29,2914.69604492188,2934.97705078125,2890.6650390625,2894.830078125,199000
2019-05-30,2905.80493164063,2907.84594726563,2881.3798828125,2903.42504882813,205800
2019-05-31,2898.69604492188,2922.90795898438,2895.57788085938,2904.498046875,195200
2019-06-03,2890.0810546875,2920.8291015625,2875.90209960938,2901.74194335938,215900
2019-06-04,2862.28002929688,2888.38598632813,2851.97290039063,2887.64111328125,188500
2019-06-05,2861.41796875,2888.76806640625,2858.57202148438,2882.93701171875,181600
2019-06-06,2827.79809570313,2862.3330078125,2822.18505859375,2862.3330078125,177100
2019-06-10,2852.1298828125,2861.13110351563,2824.35498046875,2833.01489257813,166600
2019-06-11,2925.71606445313,2927.42993164063,2854.07006835938,2854.07006835938,260500
2019-06-12,2909.3798828125,2924.70190429688,2903.88305664063,2917.22412109375,240300
2019-06-13,2910.74096679688,2918.42309570313,2885.92309570313,2905.2880859375,213000
2019-06-14,2881.97412109375,2924.32006835938,2879.65698242188,2912.9990234375,215400
2019-06-17,2887.6220703125,2902.48095703125,2877.39404296875,2880.42309570313,154000
2019-06-18,2890.15795898438,2898.330078125,2874.31298828125,2891.09204101563,147700
2019-06-19,2917.80297851563,2953.3359375,2916.21508789063,2944.11499023438,230800
2019-06-20,2987.11889648438,2997.38891601563,2915.09008789063,2917.3310546875,291000
2019-06-21,3001.97998046875,3010.34912109375,2989.2451171875,2990.36889648438,287000
2019-06-24,3008.14794921875,3012.82592773438,2994.42211914063,3004.2890625,210500
2019-06-25,2982.07397460938,3004.90991210938,2948.99096679688,3004.90991210938,243700
2019-06-26,2976.28393554688,2986.9140625,2958.462890625,2964.61499023438,174400
2019-06-27,2996.79296875,3011.5380859375,2981.044921875,2982.61303710938,195400
2019-06-28,2978.8779296875,2992.24291992188,2961.22290039063,2992.24291992188,181400
2019-07-01,3044.90307617188,3045.36694335938,3014.68701171875,3024.6240234375,243300
2019-07-02,3043.94311523438,3048.48388671875,3033.78100585938,3042.580078125,208100
2019-07-03,3015.26293945313,3031.83203125,3006.32495117188,3031.83203125,205900
2019-07-04,3005.2490234375,3024.501953125,2991.90795898438,3015.67895507813,188600
2019-07-05,3011.05908203125,3014.84692382813,2990.92504882813,3004.73803710938,152100
2019-07-08,2933.36303710938,2997.80688476563,2918.71606445313,2997.80688476563,205200
2019-07-09,2928.22998046875,2937.76196289063,2912.80590820313,2928.81909179688,140700
2019-07-10,2915.30200195313,2936.751953125,2908.162109375,2935.18603515625,131400
2019-07-11,2917.76098632813,2945.80200195313,2907.88500976563,2928.05493164063,139400
2019-07-12,2930.55004882813,2938.53002929688,2905.81005859375,2915.34008789063,133700
2019-07-15,2942.18994140625,2955,2886.69995117188,2921.55004882813,162600
2019-07-16,2937.6201171875,2944.82006835938,2931.2900390625,2938.63989257813,127800
2019-07-17,2931.68994140625,2942.07006835938,2924.4599609375,2933.02001953125,145100
2019-07-18,2901.17993164063,2921.73999023438,2901.17993164063,2921.73999023438,145400
2019-07-19,2924.19995117188,2939.60009765625,2909.67993164063,2909.67993164063,145000
2019-07-22,2886.97412109375,2927.15991210938,2879.68994140625,2925.7880859375,175300
2019-07-23,2899.93994140625,2901.36010742188,2883.05004882813,2886.89990234375,125400
2019-07-24,2923.28002929688,2936.44995117188,2907.7900390625,2907.92993164063,150500
2019-07-25,2937.36010742188,2937.36010742188,2916.14990234375,2923.18994140625,141300
2019-07-26,2944.5400390625,2948.330078125,2924.44995117188,2928.06005859375,135100
2019-07-29,2941.01000976563,2948.46997070313,2932.97998046875,2943.919921875,124200
2019-07-30,2952.34008789063,2965.6298828125,2946.26000976563,2946.26000976563,143900
2019-07-31,2932.51000976563,2944.39990234375,2926.48999023438,2944.39990234375,136900
2019-08-01,2908.77001953125,2927.34008789063,2901.75,2920.85009765625,138100
2019-08-02,2867.84008789063,2872.46997070313,2851.43994140625,2861.330078125,179400
2019-08-05,2821.5,2863.68994140625,2821.5,2854.580078125,162400
2019-08-06,2777.55590820313,2787.4189453125,2733.92407226563,2776.98901367188,224200
2019-08-07,2768.67993164063,2792.69311523438,2768.67993164063,2789.01904296875,153000
2019-08-08,2794.55200195313,2799.68603515625,2782.2451171875,2784.18408203125,145000
2019-08-09,2774.75,2808.330078125,2770.47998046875,2805.59008789063,143800
2019-08-12,2814.98999023438,2814.98999023438,2776.6201171875,2781.97998046875,131600
2019-08-13,2797.26000976563,2802.0400390625,2790.61010742188,2798.05004882813,130900
2019-08-14,2808.90991210938,2829.88989257813,2807.71997070313,2824.48999023438,144000
2019-08-15,2815.80004882813,2815.89990234375,2756.830078125,2762.34008789063,152800
2019-08-16,2823.82006835938,2840.32006835938,2811.80004882813,2817.57006835938,148600
2019-08-19,2883.10009765625,2883.10009765625,2829.85009765625,2835.52001953125,214500
2019-08-20,2880,2892.080078125,2875,2879.080078125,189700
2019-08-21,2880.330078125,2885.59008789063,2872.56005859375,2875.46997070313,159000
2019-08-22,2883.43994140625,2888.5,2867.55004882813,2887.65991210938,149200
2019-08-23,2897.42993164063,2902.4599609375,2878.73999023438,2885.14990234375,159200
2019-08-26,2863.57006835938,2870.48999023438,2849.23999023438,2851.02001953125,169900
2019-08-27,2902.18994140625,2919.63989257813,2879.40991210938,2879.52001953125,208100
2019-08-28,2893.76000976563,2905.43994140625,2887.01000976563,2901.6298828125,183100
2019-08-29,2890.919921875,2898.60009765625,2878.59008789063,2896,178600
2019-08-30,2886.23999023438,2914.580078125,2874.10009765625,2907.3798828125,194000
2019-09-02,2924.10595703125,2928.47900390625,2883.68188476563,2886.94189453125,202800
2019-09-03,2930.14990234375,2930.14990234375,2915.19995117188,2925.93994140625,189000
2019-09-04,2957.40991210938,2957.40991210938,2925.8798828125,2927.75,225500
2019-09-05,2985.86010742188,3015.84008789063,2972.65991210938,2972.65991210938,305400
2019-09-06,2999.60009765625,2999.93994140625,2981.60009765625,2996.6201171875,216800
2019-09-09,3024.73999023438,3026.23999023438,3005.68994140625,3023.78002929688,243400
2019-09-10,3021.19995117188,3027.40991210938,3005.3798828125,3027.40991210938,240000
2019-09-11,3008.81005859375,3030.56005859375,3004.21997070313,3029.92993164063,229800
2019-09-12,3031.23999023438,3033.46997070313,3005.18994140625,3016.6298828125,197000
2019-09-16,3030.75,3042.92993164063,3020.05004882813,3041.919921875,221900
2019-09-17,2978.1201171875,3023.7099609375,2970.57006835938,3023.7099609375,223300
2019-09-18,2985.65991210938,2996.39990234375,2982.39990234375,2984.080078125,168000
2019-09-19,2999.28002929688,2999.28002929688,2975.39990234375,2992.919921875,162700
2019-09-20,3006.44995117188,3011.34008789063,2996.18994140625,3004.81005859375,182100
2019-09-23,2977.080078125,2998.39990234375,2960.830078125,2998.39990234375,168100
2019-09-24,2985.34008789063,3002.89990234375,2973.76000976563,2979.47998046875,163900
2019-09-25,2955.42993164063,2977.669921875,2955.42993164063,2977.669921875,168500
2019-09-26,2929.09008789063,2970.0400390625,2928.26000976563,2964.47998046875,188900
2019-09-27,2932.169921875,2939.080078125,2920.92993164063,2929.48999023438,132900
2019-09-30,2905.18994140625,2936.47998046875,2905.18994140625,2927.919921875,116600
2019-10-08,2913.57006835938,2933.02001953125,2905.76000976563,2905.76000976563,125500
2019-10-09,2924.86010742188,2924.86010742188,2891.5400390625,2902.080078125,130400
2019-10-10,2947.7099609375,2949.23999023438,2918.22998046875,2923.7099609375,134200
2019-10-11,2973.65991210938,2980.7900390625,2943.01000976563,2954.82006835938,161200
2019-10-14,3007.8798828125,3026.3798828125,2989.81005859375,2993.9599609375,208600
2019-10-15,2991.05004882813,3005.65991210938,2986.30004882813,3005.65991210938,155400
2019-10-16,2978.7099609375,3010.419921875,2975.919921875,2992.61010742188,149900
2019-10-17,2977.330078125,2986.71997070313,2969.57006835938,2979.98999023438,122500
2019-10-18,2938.13989257813,2987.19995117188,2933.23999023438,2982.34008789063,150000
2019-10-21,2939.6201171875,2940.32006835938,2917.68994140625,2933.89990234375,132500
2019-10-22,2954.3798828125,2954.63989257813,2934.38989257813,2945.60009765625,117500
2019-10-23,2941.6201171875,2957.30004882813,2934.6298828125,2952.96997070313,123800
2019-10-24,2940.919921875,2953.0400390625,2927.06005859375,2944.01000976563,126500
2019-10-25,2954.92993164063,2958.23999023438,2920.52001953125,2940.46997070313,136900
2019-10-28,2980.05004882813,2980.1298828125,2956.9599609375,2958.68994140625,173700
2019-10-29,2954.17993164063,2979.0400390625,2954.17993164063,2979.0400390625,166100
2019-10-30,2939.32006835938,2953.30004882813,2934.830078125,2949.4599609375,158800
2019-10-31,2929.06005859375,2946.75,2923.52001953125,2944.84008789063,161600
2019-11-01,2958.19995117188,2959.830078125,2917.14990234375,2924.34008789063,159900
2019-11-04,2975.48999023438,2983.06005859375,2964.580078125,2964.580078125,167200
2019-11-05,2991.56005859375,3008.31005859375,2968.03002929688,2977.69995117188,179900
2019-11-06,2978.60009765625,2995.56005859375,2969.71997070313,2992.0400390625,165300
2019-11-07,2978.7099609375,2988.9599609375,2969.1201171875,2978.14990234375,137000
2019-11-08,2964.17993164063,2998.76000976563,2962.84008789063,2993.97998046875,149700
2019-11-11,2909.96997070313,2949.9599609375,2906.77001953125,2949.9599609375,157900
2019-11-12,2914.82006835938,2918.30004882813,2891.51000976563,2913,129700
2019-11-13,2905.23999023438,2913.86010742188,2893.96997070313,2913.02001953125,129800
2019-11-14,2909.8701171875,2917.3701171875,2899.6201171875,2907.73999023438,129100
2019-11-15,2891.34008789063,2917.830078125,2891.19995117188,2911.35009765625,135500
2019-11-18,2909.19995117188,2911.3798828125,2884.09008789063,2889.55004882813,124400
2019-11-19,2933.98999023438,2933.98999023438,2902.86010742188,2904.28002929688,135400
2019-11-20,2911.05004882813,2930.48999023438,2907.419921875,2928.11010742188,137400
2019-11-21,2903.63989257813,2910.36010742188,2891.53002929688,2902.55004882813,123500
2019-11-22,2885.2900390625,2925.02001953125,2873.98999023438,2906.23999023438,158600
2019-11-25,2906.169921875,2906.61010742188,2880.64990234375,2885.61010742188,178600
2019-11-26,2907.06005859375,2915.0400390625,2897.92993164063,2912.52001953125,170000
2019-11-27,2903.18994140625,2914.48999023438,2893.419921875,2905.39990234375,133900
2019-11-28,2889.69311523438,2909.84008789063,2883.43408203125,2902.36401367188,119500
2019-11-29,2871.97998046875,2892.38989257813,2858.580078125,2885.96997070313,122600
2019-12-02,2875.81005859375,2888.88989257813,2870.23999023438,2874.44995117188,128800
2019-12-03,2884.69995117188,2884.86010742188,2857.32006835938,2869.8798828125,123800
2019-12-04,2878.11596679688,2882.498046875,2869.42211914063,2876.90795898438,125500
2019-12-05,2899.46899414063,2902.001953125,2885.080078125,2886.51611328125,143200
2019-12-06,2912.01391601563,2912.01391601563,2894.7509765625,2902.27807617188,134100
2019-12-09,2914.47802734375,2919.58911132813,2905.25,2914.4580078125,160800
2019-12-10,2917.31591796875,2919.20092773438,2902.7900390625,2908.94409179688,170100
2019-12-11,2924.4169921875,2928.25610351563,2915.0009765625,2922.60205078125,165500
2019-12-12,2915.69799804688,2926.34204101563,2913.47607421875,2926.34204101563,151800
2019-12-13,2967.67602539063,2969.98095703125,2935.84912109375,2937.77587890625,212000
2019-12-16,2984.39306640625,2984.64111328125,2958.7060546875,2970.96899414063,211900
2019-12-17,3022.42211914063,3039.38305664063,2982.49609375,2985.26196289063,293000
2019-12-18,3017.0439453125,3033.23388671875,3011.72094726563,3021.46606445313,244100
2019-12-19,3017.06591796875,3021.41796875,3007.99194335938,3017.15307617188,208600
2019-12-20,3004.93798828125,3027.48388671875,3002.26000976563,3019.63989257813,215100
2019-12-23,2962.7509765625,3009.337890625,2960.43505859375,2999.03588867188,205700
2019-12-24,2982.68090820313,2983.81909179688,2960.68408203125,2965.82592773438,163000
2019-12-25,2981.88110351563,2988.2919921875,2970.65698242188,2980.42797851563,175700
2019-12-26,3007.35498046875,3007.35498046875,2980.39697265625,2981.2490234375,182400
2019-12-27,3005.03588867188,3036.11303710938,3003.63110351563,3006.85205078125,247100
2019-12-30,3040.02392578125,3041.39697265625,2983.34399414063,2998.1689453125,248100
2019-12-31,3050.1240234375,3051.67700195313,3030.51196289063,3036.38598632813,217400
2020-01-02,3085.19799804688,3098.10009765625,3066.3359375,3066.3359375,292500
2020-01-03,3083.78588867188,3093.81909179688,3074.51806640625,3089.02197265625,261500
2020-01-06,3083.40795898438,3107.20288085938,3065.30908203125,3070.90893554688,312600
2020-01-07,3104.80200195313,3105.45092773438,3084.3291015625,3085.48803710938,276600
2020-01-08,3066.89306640625,3094.23901367188,3059.13110351563,3094.23901367188,297900
2020-01-09,3094.88208007813,3097.3291015625,3080.13110351563,3082.63989257813,243400
2020-01-10,3092.291015625,3105.22509765625,3081.39599609375,3102.2939453125,210400
2020-01-13,3115.57006835938,3115.57006835938,3075.38403320313,3091.49291992188,210600
2020-01-14,3106.82006835938,3127.1689453125,3105.60498046875,3120.6669921875,230000
2020-01-15,3090.0400390625,3107.93994140625,3082.0400390625,3103.169921875,202300
2020-01-16,3074.0810546875,3096.3720703125,3070.88403320313,3095.73388671875,203400
2020-01-17,3075.49609375,3091.95190429688,3067.2529296875,3081.46411132813,190300
2020-01-20,3095.787109375,3096.31103515625,3070.47998046875,3082.11303710938,210500
2020-01-21,3052.13989257813,3085.7900390625,3051.22998046875,3085.7900390625,234800
2020-01-22,3060.7548828125,3069.2529296875,3006.26806640625,3038.48706054688,223900
2020-01-23,2976.52807617188,3045.041015625,2955.34594726563,3037.95190429688,272800
2020-02-03,2746.60595703125,2766.57690429688,2716.69799804688,2716.69799804688,215900
2020-02-04,2783.2880859375,2786.1640625,2685.26904296875,2685.26904296875,364000
2020-02-05,2818.087890625,2842.74291992188,2778.86401367188,2792.37109375,309800
2020-02-06,2866.51000976563,2876.59008789063,2807.61010742188,2826.88989257813,316400
2020-02-07,2875.9599609375,2875.9599609375,2838.77001953125,2858.92993164063,309500
2020-02-10,2890.48803710938,2891.84790039063,2851.05004882813,2860.4990234375,294900
2020-02-11,2901.669921875,2913.82006835938,2882.23999023438,2894.5400390625,269200
2020-02-12,2926.89892578125,2926.89892578125,2892.42407226563,2895.55590820313,248700
2020-02-13,2906.07397460938,2935.40600585938,2901.24291992188,2927.14404296875,274800
2020-02-14,2917.00805664063,2926.94311523438,2899.57397460938,2899.86596679688,250700
2020-02-17,2983.6220703125,2983.63696289063,2924.99096679688,2924.99096679688,313200
2020-02-18,2984.97192382813,2990.60009765625,2960.77490234375,2981.40991210938,311700
2020-02-19,2975.40209960938,2998.27197265625,2971.82202148438,2979.52197265625,315100
2020-02-20,3030.15405273438,3031.37109375,2968.44506835938,2981.8798828125,345700
2020-02-21,3039.6689453125,3058.89794921875,3020.14111328125,3022.24609375,364600
2020-02-24,3031.23291015625,3042.18188476563,3007.35595703125,3027.89306640625,370400
2020-02-25,3013.05004882813,3016.94604492188,2943.71704101563,2982.07006835938,441600
2020-02-26,2987.92895507813,3028.78002929688,2974.93994140625,2978.419921875,469000
2020-02-27,2991.330078125,3009.4599609375,2980.47998046875,2992.48999023438,350500
2020-02-28,2880.30395507813,2948.1259765625,2878.5439453125,2924.64111328125,401200
2020-03-02,2970.93090820313,2982.50708007813,2899.31005859375,2899.31005859375,367300
2020-03-03,2992.89697265625,3026.84204101563,2976.623046875,3006.88891601563,410100
2020-03-04,3011.666015625,3012.00390625,2974.35791015625,2981.80590820313,353300
2020-03-05,3071.67700195313,3074.25708007813,3022.92602539063,3036.15502929688,445400
2020-03-06,3034.51098632813,3052.44409179688,3029.462890625,3039.93994140625,362100
2020-03-09,2943.291015625,2989.205078125,2940.71411132813,2987.18090820313,414600
2020-03-10,2996.76196289063,3000.2958984375,2904.79907226563,2918.93505859375,393300
2020-03-11,2968.51708984375,3010.02905273438,2968.51708984375,3001.76196289063,352500
2020-03-12,2923.48608398438,2944.46508789063,2906.28393554688,2936.01611328125,307800
2020-03-13,2887.42700195313,2910.88110351563,2799.98388671875,2804.23193359375,366500
2020-03-16,2789.25390625,2898.03491210938,2784.662109375,2897.30102539063,351900
2020-03-17,2779.64111328125,2826.90698242188,2715.22094726563,2796.28393554688,306100
2020-03-18,2728.75610351563,2815.8740234375,2728.75610351563,2792.32202148438,291200
2020-03-19,2702.1298828125,2736.82006835938,2646.80493164063,2719.40600585938,302300
2020-03-20,2745.61791992188,2751.89599609375,2702.49291992188,2727.01904296875,252000
2020-03-23,2660.169921875,2703.330078125,2656.5,2677.59008789063,249800
2020-03-24,2722.43798828125,2723.40698242188,2667.13305664063,2703.01904296875,257000
2020-03-25,2781.59106445313,2788.63500976563,2757.80200195313,2775.30297851563,273100
2020-03-26,2764.91088867188,2788.50390625,2753.42797851563,2761.89599609375,234100
2020-03-27,2772.20288085938,2805.54809570313,2771.75610351563,2792.98388671875,240800
2020-03-30,2747.21411132813,2759.09912109375,2723.05395507813,2739.71899414063,239700
2020-03-31,2750.2958984375,2771.16796875,2743.11499023438,2767.30688476563,218600
2020-04-01,2734.52197265625,2773.36401367188,2731.0791015625,2743.541015625,217300
2020-04-02,2780.63793945313,2780.63793945313,2719.90405273438,2720.22802734375,217900
2020-04-03,2763.98706054688,2780.5869140625,2754.07299804688,2773.57592773438,200800
2020-04-07,2820.76293945313,2823.27709960938,2801.83911132813,2806.96801757813,270200
2020-04-08,2815.36889648438,2823.21411132813,2800.2958984375,2805.9169921875,243500
2020-04-09,2825.90405273438,2832.39501953125,2820.43310546875,2825.83911132813,238200
2020-04-10,2796.63110351563,2833.01489257813,2789.97607421875,2827.18701171875,233500
2020-04-13,2783.04809570313,2792.89111328125,2774.0810546875,2784.59790039063,177100
2020-04-14,2827.28295898438,2827.29809570313,2789.42797851563,2794.80102539063,202700
2020-04-15,2811.17407226563,2829.75,2808.7041015625,2826.662109375,205600
2020-04-16,2819.93505859375,2823.337890625,2796.83911132813,2798.42993164063,203000
2020-04-17,2838.4951171875,2854.9599609375,2830.02197265625,2835.55810546875,245700
2020-04-20,2852.55297851563,2852.98999023438,2833.26196289063,2840.40893554688,211800
2020-04-21,2827.01293945313,2842.23706054688,2808.02099609375,2842.23706054688,233200
2020-04-22,2843.97998046875,2843.97998046875,2808.48193359375,2814.06591796875,217300
2020-04-23,2838.4990234375,2853.63598632813,2835.89599609375,2850.51000976563,248800
2020-04-24,2808.52905273438,2834.93896484375,2802.4990234375,2834.93896484375,235200
2020-04-27,2815.4951171875,2832.666015625,2802.9580078125,2812.24194335938,210100
2020-04-28,2810.02392578125,2821.7451171875,2758.24609375,2819.99096679688,253900
2020-04-29,2822.44189453125,2831.76391601563,2800.73803710938,2801.38305664063,202100
2020-04-30,2860.08203125,2865.59008789063,2832.38403320313,2832.38403320313,242500
2020-05-06,2878.13989257813,2879.26293945313,2830.65405273438,2831.63305664063,249800
2020-05-07,2871.52294921875,2882.02197265625,2864.5810546875,2876.47290039063,226700
2020-05-08,2895.34008789063,2903.80004882813,2879.19995117188,2882.7099609375,226800
2020-05-11,2894.80004882813,2914.28002929688,2884.3798828125,2901.57006835938,225100
2020-05-12,2891.55590820313,2897.90209960938,2871.22998046875,2894.61694335938,197100
2020-05-13,2898.05004882813,2900.25903320313,2875.53491210938,2882.955078125,185100
2020-05-14,2870.34204101563,2887.05810546875,2869.18310546875,2887.05810546875,197800
2020-05-15,2868.458984375,2884.21997070313,2863.3701171875,2880.70703125,189000
2020-05-18,2875.41796875,2889.97998046875,2862.27099609375,2872.52392578125,226000
2020-05-19,2898.57592773438,2900.21899414063,2887.57690429688,2897.68701171875,197200
2020-05-20,2883.73803710938,2896.46606445313,2876.17700195313,2896.46606445313,210500
2020-05-21,2867.92407226563,2891.51806640625,2864.20703125,2890.72094726563,203500
2020-05-22,2813.76489257813,2863.0458984375,2808.01806640625,2863.0458984375,209100
2020-05-25,2817.96997070313,2821.498046875,2802.46508789063,2816.24096679688,172900
2020-05-26,2846.54711914063,2848.3369140625,2825.90087890625,2827.89697265625,174600
2020-05-27,2836.80395507813,2848.9970703125,2831.92797851563,2847.32006835938,198100
2020-05-28,2846.22192382813,2861.92407226563,2820.14599609375,2838.20703125,207500
2020-05-29,2852.35107421875,2855.3759765625,2829.626953125,2835.583984375,206800
2020-06-01,2915.43090820313,2917.15087890625,2871.96411132813,2871.96411132813,260200
2020-06-02,2921.39794921875,2926.35888671875,2909.1279296875,2916.31689453125,256100
2020-06-03,2923.37109375,2942.76000976563,2922.66088867188,2930.39111328125,255700
2020-06-04,2919.2509765625,2932.96801757813,2910.751953125,2931.837890625,226600
2020-06-05,2930.79907226563,2930.79907226563,2909.11791992188,2923.18896484375,217400
2020-06-08,2937.77099609375,2950.06591796875,2934.2099609375,2941.98193359375,231100
2020-06-09,2956.11206054688,2957.11889648438,2932.93896484375,2939.53491210938,209000
2020-06-10,2943.7529296875,2951.330078125,2934.84301757813,2951.27807617188,207900
2020-06-11,2920.89697265625,2952.65087890625,2912.19311523438,2939.791015625,233700
2020-06-12,2919.74096679688,2930.2548828125,2872.61694335938,2876.80297851563,236000
2020-06-15,2890.03002929688,2922.5400390625,2890.03002929688,2908.28002929688,243200
2020-06-16,2931.75,2931.78002929688,2909.1298828125,2912.830078125,223300
2020-06-17,2935.8701171875,2936.6201171875,2919.0400390625,2932.669921875,234700
2020-06-18,2939.32006835938,2942.89990234375,2920.11010742188,2929.8798828125,258700
2020-06-19,2967.6298828125,2973.32006835938,2935.82006835938,2938.7900390625,264300
2020-06-22,2965.27197265625,2983.43798828125,2959.03491210938,2966.90087890625,267900
2020-06-23,2970.6201171875,2972.40307617188,2949.84692382813,2960.88793945313,225200
2020-06-24,2979.55102539063,2982.94311523438,2971.22412109375,2972.98291015625,213200
2020-06-29,2961.51611328125,2977.912109375,2951.77001953125,2973.07592773438,220600
2020-06-30,2984.67407226563,2990.82495117188,2965.10498046875,2965.10498046875,215000
2020-07-01,3025.98095703125,3026.18603515625,2984.98388671875,2991.18090820313,273300
2020-07-02,3090.56909179688,3092.44311523438,3021.67407226563,3023.71899414063,391100
2020-07-03,3152.81298828125,3152.81298828125,3103.9951171875,3103.9951171875,458800
2020-07-06,3332.88110351563,3337.27197265625,3187.83911132813,3187.83911132813,643900
2020-07-07,3345.3369140625,3407.0810546875,3336.24194335938,3380.9541015625,657800
2020-07-08,3403.43994140625,3421.53100585938,3327.7060546875,3337.55200195313,587100
2020-07-09,3450.59399414063,3456.97192382813,3393.63793945313,3403.48291015625,620000
2020-07-10,3383.32202148438,3433.10888671875,3372.50708007813,3418.93505859375,556100
2020-07-13,3443.28588867188,3458.791015625,3369.0380859375,3379.38696289063,558000
2020-07-14,3414.61889648438,3451.22192382813,3366.0830078125,3435.02392578125,543200
2020-07-15,3361.30395507813,3432.45092773438,3345.7490234375,3422.07788085938,492000
2020-07-16,3210.09912109375,3373.53198242188,3209.72705078125,3356.35888671875,490600
2020-07-17,3214.12890625,3252.77905273438,3181.27490234375,3214.40209960938,359700
2020-07-20,3314.14892578125,3314.14892578125,3220.68408203125,3243.91088867188,418600
2020-07-21,3320.89501953125,3336.67895507813,3300.57202148438,3330.54711914063,359300
2020-07-22,3333.1640625,3381.97607421875,3311.78588867188,3315.18188476563,393300
2020-07-23,3325.11010742188,3336.30004882813,3257.82690429688,3306.14892578125,407000
2020-07-24,3196.76806640625,3319.126953125,3184.96508789063,3310.64501953125,427100
2020-07-27,3205.22705078125,3221.98510742188,3174.65795898438,3210.38598632813,299300
2020-07-28,3227.9599609375,3245.29711914063,3208.49389648438,3226.13305664063,289400
2020-07-29,3294.55200195313,3294.55200195313,3209.98999023438,3221.98803710938,324900
2020-07-30,3286.82202148438,3312.45092773438,3282.162109375,3299.57202148438,340700
2020-07-31,3310.00708007813,3333.78588867188,3261.61401367188,3280.7958984375,353800
2020-08-03,3367.96606445313,3368.10302734375,3327.67700195313,3332.18310546875,407500
2020-08-04,3371.68994140625,3391.07006835938,3352.5,3376.43994140625,442300
2020-08-05,3377.56005859375,3383.63989257813,3333.8798828125,3363.330078125,385800
2020-08-06,3386.4599609375,3392.69995117188,3334.330078125,3380.76000976563,415300
2020-08-07,3354.03491210938,3374.13305664063,3307.712890625,3370.587890625,403900
2020-08-10,3379.251953125,3399.93188476563,3335.04296875,3341.52807617188,381400
2020-08-11,3340.2900390625,3409.05908203125,3336.09497070313,3379.48706054688,400500
2020-08-12,3319.26611328125,3335.72900390625,3263.26489257813,3327.49291992188,378300
2020-08-13,3320.72607421875,3338.15209960938,3309.462890625,3328.17504882813,324300
2020-08-14,3360.09912109375,3362.02709960938,3302.73608398438,3315.6689453125,306000
2020-08-17,3438.80102539063,3450.89892578125,3369.3740234375,3373.90209960938,434600
2020-08-18,3451.08911132813,3456.72094726563,3432.63989257813,3441.93408203125,380700
2020-08-19,3408.12890625,3454.4609375,3406.1640625,3444.56494140625,405700
2020-08-20,3363.89892578125,3394.55688476563,3352.77709960938,3385.96508789063,335600
2020-08-21,3380.68310546875,3393.91796875,3358.0009765625,3380.22705078125,287500
2020-08-24,3385.63793945313,3396.56591796875,3368.02587890625,3391.11303710938,266200
2020-08-25,3373.57788085938,3408.8701171875,3364.15991210938,3392.8798828125,277100
2020-08-26,3329.73901367188,3382.60302734375,3320.13598632813,3371.80810546875,294500
2020-08-27,3350.11010742188,3351.830078125,3312.98999023438,3333.48999023438,237100
2020-08-28,3403.80688476563,3405.876953125,3339.64892578125,3346.2890625,271300
2020-08-31,3395.67797851563,3442.73608398438,3395.46801757813,3416.55004882813,323500
2020-09-01,3410.60693359375,3410.60693359375,3381.7109375,3389.74194335938,247000
2020-09-02,3404.80200195313,3421.39599609375,3377.2109375,3420.46899414063,261500
2020-09-03,3384.98095703125,3425.62890625,3374.26293945313,3404.03198242188,255300
2020-09-04,3355.36694335938,3360.10595703125,3328.55200195313,3336.40795898438,221600
2020-09-07,3292.59106445313,3368.2451171875,3285.63305664063,3349.91796875,260600
2020-09-08,3316.4169921875,3324.39306640625,3276.44311523438,3301.21704101563,271100
2020-09-09,3254.6279296875,3289.61499023438,3238.56103515625,3280.9970703125,351500
2020-09-10,3234.82299804688,3285.47290039063,3227.64404296875,3282.23193359375,312500
2020-09-11,3260.34594726563,3262.498046875,3220.53588867188,3225.78393554688,221700
2020-09-14,3278.81396484375,3283.53295898438,3261.14794921875,3275.91796875,213900
2020-09-15,3295.67993164063,3297.68994140625,3263.751953125,3277.1279296875,197700
2020-09-16,3283.92407226563,3302.4560546875,3271.07495117188,3293.16796875,200400
2020-09-17,3270.43505859375,3290.40893554688,3248.4990234375,3277.32397460938,202900
2020-09-18,3338.09008789063,3338.32397460938,3268.52587890625,3270.91088867188,256300
2020-09-21,3316.93505859375,3350.58911132813,3313.07104492188,3348.89892578125,216500
2020-09-22,3274.30200195313,3320.22802734375,3265.70288085938,3290.666015625,214000
2020-09-23,3279.7109375,3289.76196289063,3264.89111328125,3278.8359375,169200
2020-09-24,3223.17602539063,3265.34497070313,3221.23706054688,3262.87890625,206700
2020-09-25,3219.41796875,3239.46606445313,3208.03491210938,3234.3740234375,164800
2020-09-28,3217.53491210938,3238.18310546875,3210.89306640625,3224.97705078125,156000
2020-09-29,3224.35888671875,3242.7939453125,3219.7900390625,3231.85498046875,151300
2020-09-30,3218.05200195313,3244.9130859375,3202.34399414063,3232.7099609375,153500
2020-10-09,3272.07592773438,3280.51196289063,3260.18701171875,3262.61108398438,188300
2020-10-12,3358.46508789063,3359.15307617188,3286.11108398438,3287.32788085938,259600
2020-10-13,3359.75,3361.83203125,3334.4990234375,3353.12109375,204900
2020-10-14,3340.77807617188,3353.625,3332.96411132813,3353.625,198700
2020-10-15,3332.18310546875,3354.57788085938,3330.0009765625,3342.92211914063,191000
2020-10-16,3336.35791015625,3348.9541015625,3319.11010742188,3334.45703125,194300
2020-10-19,3312.669921875,3371.09008789063,3307.84008789063,3351.10009765625,212300
2020-10-20,3328.10009765625,3328.10009765625,3293.77001953125,3307.14990234375,165100
2020-10-21,3325.02001953125,3332.14990234375,3304.169921875,3332.14990234375,177600
2020-10-22,3312.5,3320.8798828125,3281.3701171875,3315.82006835938,165900
2020-10-23,3277.9970703125,3326.04907226563,3276.6201171875,3308.15795898438,174200
2020-10-26,3251.11889648438,3264.44604492188,3226.60205078125,3258.70288085938,167700
2020-10-27,3254.31591796875,3258.3369140625,3235.5439453125,3240.73999023438,149100
2020-10-28,3269.23999023438,3275.8701171875,3238.3798828125,3256.21997070313,173200
2020-10-29,3272.72998046875,3289.77001953125,3231.1201171875,3235.76000976563,184700
2020-10-30,3224.53295898438,3279.85595703125,3219.42211914063,3278.63110351563,230200
2020-11-02,3225.1201171875,3242.80395507813,3209.90893554688,3228.71508789063,226800
2020-11-03,3271.07397460938,3278.38110351563,3237.85400390625,3239.80590820313,215300
2020-11-04,3277.43994140625,3286.62109375,3254.11108398438,3273.43310546875,188500
2020-11-05,3320.13305664063,3320.40795898438,3291.60009765625,3305.580078125,226800
2020-11-06,3312.15893554688,3326.46508789063,3292.15087890625,3326.46508789063,234900
2020-11-09,3373.72998046875,3380.82397460938,3329.42895507813,3329.42895507813,310200
2020-11-10,3360.14892578125,3387.6220703125,3346.17211914063,3387.6220703125,278700
2020-11-11,3342.20288085938,3365.8359375,3339.041015625,3354.02490234375,271200
2020-11-12,3338.67993164063,3350.28002929688,3329.48999023438,3344.4599609375,216500
2020-11-13,3310.10498046875,3327.22900390625,3291.64306640625,3327.22900390625,227900
2020-11-16,3346.96899414063,3346.96899414063,3313.64697265625,3325.62109375,279600
2020-11-17,3339.89990234375,3347.69995117188,3323.94995117188,3347.14990234375,283600
2020-11-18,3347.30297851563,3358.89404296875,3333.99194335938,3337.33203125,287500
2020-11-19,3363.087890625,3367.3330078125,3330.44995117188,3339.0859375,253300
2020-11-20,3377.72998046875,3380.14990234375,3356.31005859375,3359.60009765625,261300
2020-11-23,3414.48999023438,3431.64990234375,3377.98999023438,3384.10009765625,373900
2020-11-24,3402.82299804688,3413.92602539063,3396.24389648438,3407.40893554688,301000
2020-11-25,3362.32690429688,3423.48510742188,3362.32690429688,3417.51489257813,322100
2020-11-26,3369.73291015625,3371.4541015625,3344.28198242188,3360.06103515625,255900
2020-11-27,3408.30688476563,3408.30688476563,3364.49194335938,3373.84301757813,280600
2020-11-30,3391.76000976563,3456.73999023438,3391.76000976563,3418.15991210938,385000
2020-12-01,3451.93994140625,3457.63989257813,3386.90991210938,3388.98999023438,316200
2020-12-02,3449.38110351563,3465.72900390625,3435.87109375,3453.51806640625,312800
2020-12-03,3442.13598632813,3452.16088867188,3428.80395507813,3448.5400390625,298500
2020-12-04,3444.5810546875,3448.40405273438,3417.04809570313,3436.72900390625,256300
2020-12-07,3416.60400390625,3449.57788085938,3414.31396484375,3446.64794921875,254500
2020-12-08,3410.17993164063,3428.65991210938,3403.03002929688,3417.68994140625,226900
2020-12-09,3371.96411132813,3422.53588867188,3371.916015625,3416.07788085938,260700
2020-12-10,3373.27587890625,3384.88793945313,3357.7529296875,3365.73095703125,247300
2020-12-11,3347.19091796875,3383.17797851563,3325.17211914063,3381.00805664063,298600
2020-12-14,3369.1201171875,3371.12890625,3338.6259765625,3349.53393554688,239800
2020-12-15,3367.22998046875,3373.56005859375,3348.419921875,3366.580078125,225700
2020-12-16,3366.98291015625,3378.6630859375,3359.1708984375,3371.26293945313,220800
2020-12-17,3404.873046875,3406.15502929688,3354.01098632813,3367.27709960938,275500
2020-12-18,3394.89990234375,3413.81005859375,3382.75,3400.48999023438,281000
2020-12-21,3420.56909179688,3423.60888671875,3381.11596679688,3394.39501953125,283800
2020-12-22,3356.78198242188,3415.75390625,3353.85791015625,3410.96801757813,323000
2020-12-23,3382.32006835938,3394.208984375,3360.20190429688,3362.47192382813,299500
2020-12-24,3363.11303710938,3394.07495117188,3354.02197265625,3382.19311523438,275000
2020-12-25,3396.56298828125,3397.00708007813,3348.34497070313,3351.7900390625,294500
2020-12-28,3397.28491210938,3412.51904296875,3383.65405273438,3396.35888671875,316200
2020-12-29,3379.03588867188,3407.087890625,3376.087890625,3399.2939453125,311800
2020-12-30,3414.45288085938,3414.4541015625,3374.416015625,3375.00903320313,291000
2020-12-31,3473.06909179688,3474.91796875,3419.72705078125,3419.72705078125,335700
2021-01-04,3502.9580078125,3511.65502929688,3457.2060546875,3474.67895507813,380800
2021-01-05,3528.67700195313,3528.67700195313,3484.71508789063,3492.19091796875,408000
2021-01-06,3550.876953125,3556.80200195313,3513.1259765625,3530.90698242188,370200
2021-01-07,3576.205078125,3576.205078125,3526.61694335938,3552.90893554688,405300
2021-01-08,3570.11010742188,3588.06005859375,3544.88989257813,3577.68994140625,345600
2021-01-11,3531.498046875,3597.70190429688,3516.98608398438,3571.32104492188,362500
2021-01-12,3608.34008789063,3608.34008789063,3517.46997070313,3518.01000976563,323400
2021-01-13,3598.65209960938,3622.34790039063,3575.59497070313,3613.28100585938,388100
2021-01-14,3565.90502929688,3599.05810546875,3559.60009765625,3584.93188476563,347700
2021-01-15,3566.3779296875,3589.26611328125,3533.7880859375,3566.28491210938,324600
2021-01-18,3596.21997070313,3608.77001953125,3544.26000976563,3554.80004882813,301700
2021-01-19,3566.3798828125,3603.14990234375,3553.02001953125,3596.36010742188,323400
2021-01-20,3583.09204101563,3589.9619140625,3556.44311523438,3564.12109375,272300
2021-01-21,3621.26391601563,3636.24389648438,3585.80200195313,3590.92504882813,327500
2021-01-22,3606.75,3616.5400390625,3585.03393554688,3616.5400390625,324500
2021-01-25,3624.23803710938,3637.10009765625,3591.02001953125,3605.36108398438,327300
2021-01-26,3569.42895507813,3610.96899414063,3564.74194335938,3610.96899414063,278100
2021-01-27,3573.34008789063,3578.80004882813,3546.48999023438,3567.55004882813,264100
2021-01-28,3505.17602539063,3549.5439453125,3496.87890625,3534.6689453125,270900
2021-01-29,3483.06909179688,3531.59790039063,3446.54711914063,3521.71801757813,293700
2021-02-01,3505.28393554688,3506.38891601563,3469.875,3477.17211914063,277600
2021-02-02,3533.68505859375,3535.501953125,3495.56811523438,3510.80810546875,264500
2021-02-03,3517.30810546875,3544.00903320313,3508.50708007813,3531.14892578125,297400
2021-02-04,3501.85888671875,3524.72192382813,3465.77099609375,3503.77905273438,298800
2021-02-05,3496.330078125,3536.5400390625,3492.9599609375,3509.48999023438,290100
2021-02-08,3532.44702148438,3542.2080078125,3492.12890625,3504.56298828125,249800
2021-02-09,3603.48901367188,3604.01098632813,3528.67602539063,3539.77294921875,253800
2021-02-10,3655.087890625,3662.76611328125,3612.5048828125,3612.61303710938,257900
2021-02-18,3675.35693359375,3731.68701171875,3663.6640625,3721.0869140625,340300
2021-02-19,3696.16796875,3699.64990234375,3634.01489257813,3661.78295898438,361100
2021-02-22,3642.43994140625,3717.27001953125,3642.43994140625,3707.18994140625,488800
2021-02-23,3636.36010742188,3672.14990234375,3617.69995117188,3617.69995117188,398900
2021-02-24,3564.080078125,3645.64697265625,3531.59399414063,3638.93603515625,362200
2021-02-25,3585.05004882813,3608.56005859375,3568.46997070313,3595.5400390625,366200
2021-02-26,3509.080078125,3550.40991210938,3500.69995117188,3514.56005859375,333300
2021-03-01,3551.39990234375,3552.56689453125,3511.98901367188,3531.47998046875,315500
2021-03-02,3508.59106445313,3566.85205078125,3485.36401367188,3566.85205078125,339800
2021-03-03,3576.89990234375,3577.6201171875,3498.71997070313,3500.15991210938,347700
2021-03-04,3503.48999023438,3552.19995117188,3487.3798828125,3546.63989257813,393600
2021-03-05,3501.98706054688,3523.56811523438,3456.6669921875,3463.30908203125,356400
2021-03-08,3421.40991210938,3542.30004882813,3421.21997070313,3524.97998046875,387000
2021-03-09,3359.2900390625,3429.14990234375,3328.31005859375,3415.34008789063,407700
2021-03-10,3357.73999023438,3397.03002929688,3354.82006835938,3389.84008789063,299700
2021-03-11,3436.830078125,3436.830078125,3369.89990234375,3369.89990234375,322100
2021-03-12,3453.080078125,3454.51000976563,3417.23999023438,3447.19995117188,358000
2021-03-15,3419.94995117188,3457.48999023438,3392.51000976563,3441.8798828125,367800
2021-03-16,3446.73291015625,3448.88305664063,3406.17504882813,3424.65209960938,316700
2021-03-17,3445.55102539063,3454.05590820313,3410.28198242188,3435.73193359375,280100
2021-03-18,3463.06811523438,3478.14501953125,3449.376953125,3449.64111328125,284400
2021-03-19,3404.65991210938,3439.52001953125,3389.2900390625,3423.8701171875,309200
2021-03-22,3443.43994140625,3443.65991210938,3404.22998046875,3406.1201171875,312600
2021-03-23,3411.51000976563,3445.419921875,3390.05004882813,3445.34008789063,326400
2021-03-24,3367.06005859375,3415.2900390625,3362.17993164063,3394.1298828125,317400
2021-03-25,3363.59008789063,3382.22998046875,3344.96997070313,3355.07006835938,270700
2021-03-26,3418.32690429688,3423.22290039063,3373.31689453125,3373.31689453125,274600
2021-03-29,3435.30004882813,3449.833984375,3409.88696289063,3429.63208007813,284800
2021-03-30,3456.67993164063,3457.6298828125,3423.32006835938,3432.53002929688,285400
2021-03-31,3441.90991210938,3452.2099609375,3420.830078125,3452.2099609375,283000
2021-04-01,3466.330078125,3470.03002929688,3438.830078125,3444.81005859375,275200
2021-04-02,3484.39208984375,3487.5859375,3462.83203125,3472.6279296875,262700
2021-04-06,3482.96997070313,3493.28002929688,3471.76000976563,3491.6298828125,234700
2021-04-07,3479.6298828125,3483.419921875,3453.18994140625,3483.419921875,295800
2021-04-08,3482.55004882813,3495.90991210938,3459.32006835938,3467.48999023438,331800
2021-04-09,3450.67993164063,3475.44995117188,3442.13989257813,3475.43994140625,280100
2021-04-12,3412.94995117188,3456.15991210938,3403.89990234375,3445.96997070313,309600
2021-04-13,3396.46997070313,3425.38989257813,3387.89990234375,3411.2900390625,270600
2021-04-14,3416.71997070313,3420.03002929688,3392.97998046875,3397.02001953125,233200
2021-04-15,3398.98999023438,3409.61010742188,3373.09008789063,3409.61010742188,234000
2021-04-16,3426.6201171875,3432.6298828125,3394.1298828125,3407.18994140625,258600
2021-04-19,3477.55004882813,3479.01000976563,3414.36010742188,3427.55004882813,302700
2021-04-20,3472.93994140625,3494.30004882813,3463.4599609375,3467.14990234375,285300
2021-04-21,3472.92993164063,3481.25,3450.11010742188,3456.30004882813,253800
2021-04-22,3465.11010742188,3485.36010742188,3456.32006835938,3482.830078125,251100
2021-04-23,3474.169921875,3482.36010742188,3456.330078125,3462.09008789063,249400
2021-04-26,3441.169921875,3497.1201171875,3438.57006835938,3484.11010742188,277000
2021-04-27,3442.61010742188,3443.85009765625,3417.26000976563,3440.09008789063,253000
2021-04-28,3457.07006835938,3457.07006835938,3423.330078125,3432.15991210938,247400
2021-04-29,3474.89990234375,3478.22998046875,3447.59008789063,3458.080078125,276600
2021-04-30,3446.86010742188,3469.09008789063,3426.89990234375,3468.30004882813,312700
2021-05-06,3441.28002929688,3471.23999023438,3426.85009765625,3446.07006835938,310400
2021-05-07,3418.8701171875,3457.88989257813,3416.78002929688,3446.40991210938,353800
2021-05-10,3427.98999023438,3429.73999023438,3401.92993164063,3423.59008789063,374200
2021-05-11,3441.85009765625,3448.10009765625,3384.69995117188,3406.60009765625,350900
2021-05-12,3462.75,3466.3701171875,3428.38989257813,3429.75,311400
2021-05-13,3429.5400390625,3448.02001953125,3418.3798828125,3432.13989257813,319300
2021-05-14,3490.3798828125,3490.63989257813,3422.56005859375,3436.09008789063,337000
2021-05-17,3517.6201171875,3530.51000976563,3490.13989257813,3490.40991210938,322100
2021-05-18,3529.01000976563,3529.01000976563,3510.86010742188,3520.64990234375,271300
2021-05-19,3510.9599609375,3521.11010742188,3503.82006835938,3521.11010742188,278300
2021-05-20,3506.93994140625,3517.73999023438,3486.07006835938,3500.8798828125,326000
2021-05-21,3486.56005859375,3518.3798828125,3479.669921875,3510.84008789063,283800
2021-05-24,3497.28002929688,3498.30004882813,3469.8701171875,3486.27001953125,289500
2021-05-25,3581.34008789063,3584.580078125,3502.43994140625,3502.5400390625,341200
2021-05-26,3593.36010742188,3603.48999023438,3585.3701171875,3586.84008789063,342000
2021-05-27,3608.85009765625,3626.36010742188,3579.26000976563,3585.72998046875,309600
2021-05-28,3600.78002929688,3622.17993164063,3582.36010742188,3610.77001953125,349200
2021-05-31,3615.47998046875,3615.65991210938,3580.64990234375,3600.07006835938,331500
2021-06-01,3624.7099609375,3626.07006835938,3581.90991210938,3608.60009765625,352800
2021-06-02,3597.13989257813,3629.2900390625,3584.60009765625,3626.330078125,348600
2021-06-03,3584.2099609375,3618.51000976563,3584.2099609375,3595.419921875,354200
2021-06-04,3591.84008789063,3618.80004882813,3561.88989257813,3565.46997070313,330900
2021-06-07,3599.5400390625,3600.3798828125,3581.89990234375,3597.13989257813,303700
2021-06-08,3580.11010742188,3621.52001953125,3563.25,3598.75,304500
2021-06-09,3591.39990234375,3598.7099609375,3572.63989257813,3576.80004882813,298300
2021-06-10,3610.86010742188,3624.34008789063,3584.1298828125,3587.53002929688,318200
2021-06-11,3589.75,3614.39990234375,3587.14990234375,3614.11010742188,360600
2021-06-15,3556.56005859375,3592.94995117188,3547.18994140625,3587.46997070313,349200
2021-06-16,3518.330078125,3561.09008789063,3513.56005859375,3556.7099609375,312600
2021-06-17,3525.60009765625,3534.19995117188,3507.35009765625,3508.32006835938,277200
2021-06-18,3525.10009765625,3535.6201171875,3503.17993164063,3520.5,296700
2021-06-21,3529.17993164063,3540.30004882813,3504.01000976563,3515.5,280900
2021-06-22,3557.40991210938,3560.18994140625,3536.81005859375,3539.7900390625,307500
2021-06-23,3566.21997070313,3577.46997070313,3549.85009765625,3559.39990234375,310700
2021-06-24,3566.64990234375,3570.48999023438,3548.82006835938,3568.580078125,335400
2021-06-25,3607.56005859375,3614.30004882813,3564.52001953125,3567.3798828125,346100
2021-06-28,3606.3701171875,3614.36010742188,3594.21997070313,3612.25,321300
2021-06-29,3573.17993164063,3601.830078125,3570.53002929688,3601.67993164063,306100
2021-06-30,3591.19995117188,3594.1201171875,3569.5,3572.6201171875,268200
2021-07-01,3588.78002929688,3607.69995117188,3573.93994140625,3600.55004882813,291900
2021-07-02,3518.76000976563,3569.88989257813,3514.34008789063,3569.88989257813,291900
2021-07-05,3534.32006835938,3534.32006835938,3510.580078125,3516.919921875,288100
2021-07-06,3530.26000976563,3538.35009765625,3496.92993164063,3533.1298828125,314100
2021-07-07,3553.71997070313,3557.8798828125,3504.46997070313,3508.59008789063,318800
2021-07-08,3525.5,3558.67993164063,3521.06005859375,3557.21997070313,350900
2021-07-09,3524.09008789063,3529.31005859375,3485.05004882813,3512.22998046875,349900
2021-07-12,3547.84008789063,3565.03002929688,3527.38989257813,3545.19995117188,403600
2021-07-13,3566.52001953125,3567.47998046875,3542.82006835938,3547.59008789063,362400
2021-07-14,3528.5,3560.830078125,3525.48999023438,3560.830078125,372200
2021-07-15,3564.59008789063,3565.92993164063,3514.26000976563,3519.06005859375,363300
2021-07-16,3539.30004882813,3566,3537.72998046875,3559.53002929688,366000
2021-07-19,3539.1201171875,3544.8798828125,3506.34008789063,3530.48999023438,336800
2021-07-20,3536.7900390625,3538.63989257813,3509.18994140625,3515.07006835938,293800
2021-07-21,3562.66088867188,3569.09008789063,3543.05297851563,3543.05297851563,339000
2021-07-22,3574.73388671875,3576.47290039063,3558.29296875,3563.66088867188,381100
2021-07-23,3550.39990234375,3571.85009765625,3541.51000976563,3571.71997070313,446400
2021-07-26,3467.43994140625,3538.01391601563,3424.74194335938,3538.01391601563,442900
2021-07-27,3381.17993164063,3483.8740234375,3380.27587890625,3467.44702148438,469100
2021-07-28,3361.59008789063,3385.5400390625,3312.71997070313,3355.82006835938,395800
2021-07-29,3411.71997070313,3416.61010742188,3382.57006835938,3403.84008789063,344600
2021-07-30,3397.36010742188,3404.8798828125,3370.44995117188,3398.19995117188,381400
2021-08-02,3464.2900390625,3464.2900390625,3367.63989257813,3385.68994140625,432900
2021-08-03,3447.98999023438,3470.65991210938,3435.4599609375,3446.78002929688,400700
2021-08-04,3477.21997070313,3477.60009765625,3440.78002929688,3442.93994140625,348700
2021-08-05,3466.55004882813,3486.15991210938,3449.38989257813,3461.71997070313,348400
2021-08-06,3458.22998046875,3466.38989257813,3436.92993164063,3465.47998046875,336800
2021-08-09,3494.6298828125,3502.84008789063,3438.69995117188,3441.75,349900
2021-08-10,3529.92993164063,3529.92993164063,3477.06005859375,3488.65991210938,345100
2021-08-11,3532.6201171875,3544.09008789063,3524.0400390625,3527.11010742188,383800
2021-08-12,3524.73999023438,3538.39990234375,3513.44995117188,3522.71997070313,381100
2021-08-13,3516.30004882813,3540.080078125,3500.80004882813,3514.46997070313,378200
2021-08-16,3517.34008789063,3537.85009765625,3510.89990234375,3514.34008789063,391100
2021-08-17,3446.97607421875,3531.72509765625,3438.123046875,3512.10888671875,422900
2021-08-18,3485.28588867188,3487.43603515625,3437.69091796875,3442.34692382813,389200
2021-08-19,3465.55493164063,3480.4599609375,3446.01489257813,3475.29809570313,382400
2021-08-20,3427.333984375,3453.15307617188,3394.97192382813,3442.50610351563,391100
2021-08-23,3477.1298828125,3481.25,3436.669921875,3436.80004882813,384700
2021-08-24,3514.47094726563,3522.69702148438,3481.14111328125,3482.26611328125,430200
2021-08-25,3540.3798828125,3540.38989257813,3510.07006835938,3517.919921875,450000
2021-08-26,3501.6640625,3537.31591796875,3499.45288085938,3537.31396484375,502900
2021-08-27,3522.15698242188,3530.19311523438,3493.375,3494.41796875,455300
2021-08-30,3528.15087890625,3539.49389648438,3512.99291992188,3535.07299804688,512800
2021-08-31,3543.93994140625,3543.93994140625,3496.38989257813,3519.02001953125,524200
2021-09-01,3567.10009765625,3582.32006835938,3514.669921875,3543.8701171875,667300
2021-09-02,3597.0400390625,3597.3701171875,3557.67993164063,3559.89990234375,572700
2021-09-03,3581.72998046875,3613.94995117188,3569.39990234375,3602.73999023438,614500
2021-09-06,3621.86010742188,3626.2900390625,3580.13989257813,3580.13989257813,521700
2021-09-07,3676.59008789063,3681.92993164063,3615.13989257813,3621.7099609375,547700
2021-09-08,3675.18994140625,3695.32006835938,3661,3673.39990234375,586400
2021-09-09,3693.1298828125,3693.44995117188,3662.15991210938,3666.82006835938,604800
2021-09-10,3703.11010742188,3722.873046875,3681.64208984375,3691.18603515625,635200
2021-09-13,3715.3701171875,3716.830078125,3692.82006835938,3699.25,557500
2021-09-14,3662.60009765625,3723.85009765625,3655.6298828125,3709.6298828125,565000
2021-09-15,3656.21997070313,3677.53002929688,3638.32006835938,3651.15991210938,475000
2021-09-16,3607.09008789063,3677.919921875,3606.72998046875,3664.84008789063,546700
2021-09-17,3613.96997070313,3620.9599609375,3569.27001953125,3595.27001953125,516900
2021-09-22,3628.48999023438,3629.44995117188,3560.5,3563.2099609375,472300
2021-09-23,3642.21997070313,3670.94995117188,3632.28002929688,3651.27001953125,535000
2021-09-24,3613.07006835938,3651.42993164063,3607.7900390625,3637.8701171875,507300
2021-09-27,3582.830078125,3640.81005859375,3559.919921875,3625.9599609375,510800
2021-09-28,3602.21997070313,3610.919921875,3568.82006835938,3577.88989257813,444200
2021-09-29,3536.2900390625,3573.52001953125,3518.05004882813,3573.52001953125,452500
2021-09-30,3568.169921875,3572.42993164063,3541.92993164063,3541.92993164063,395600
2021-10-08,3592.169921875,3612.55004882813,3571.72998046875,3609.09008789063,407200
2021-10-11,3591.7099609375,3614.69995117188,3586.75,3600.36010742188,394400
2021-10-12,3546.93994140625,3583.63989257813,3515.13989257813,3581.30004882813,405400
2021-10-13,3561.76000976563,3569.1298828125,3515.64990234375,3543.48999023438,325100
2021-10-14,3558.28002929688,3569.68994140625,3547.17993164063,3555.11010742188,295000
2021-10-15,3572.3701171875,3578.77001953125,3542.68994140625,3551.98999023438,320300
2021-10-18,3568.13989257813,3571.05004882813,3539.47998046875,3571.05004882813,341000
2021-10-19,3593.14990234375,3596.7900390625,3560.6201171875,3562.30004882813,334200
2021-10-20,3587,3596.05004882813,3574.30004882813,3583.23999023438,344200
2021-10-21,3594.78002929688,3610.9599609375,3576.35009765625,3590.05004882813,352300
2021-10-22,3582.60009765625,3607.580078125,3578.76000976563,3594.75,353200
2021-10-25,3609.86010742188,3611.09008789063,3564.2099609375,3574.26000976563,321200
2021-10-26,3597.63989257813,3625.02001953125,3589.7099609375,3612.830078125,337300
2021-10-27,3562.31005859375,3589.86010742188,3553.1298828125,3589.86010742188,350600
2021-10-28,3518.419921875,3552.0400390625,3509.48999023438,3548.69995117188,378200
2021-10-29,3547.34008789063,3547.34008789063,3502.80004882813,3519.330078125,358800
2021-11-01,3544.47998046875,3556.59008789063,3519.2900390625,3530.39990234375,382300
2021-11-02,3505.6298828125,3559.05004882813,3477.65991210938,3543.3798828125,417600
2021-11-03,3498.5400390625,3512.61010742188,3480.48999023438,3501.11010742188,306600
2021-11-04,3526.8701171875,3527.94995117188,3503.01000976563,3505.88989257813,319400
2021-11-05,3491.57006835938,3525.8701171875,3491.4599609375,3520.2099609375,354500
2021-11-08,3498.6298828125,3507.27001953125,3484.23999023438,3491.96997070313,298200
2021-11-09,3507,3514.94995117188,3489.0400390625,3507.11010742188,287300
2021-11-10,3492.4599609375,3498.93994140625,3448.43994140625,3498.93994140625,307000
2021-11-11,3532.7900390625,3534.19995117188,3482.830078125,3486.44995117188,322100
2021-11-12,3539.10009765625,3543.64990234375,3527.38989257813,3534.14990234375,308700
2021-11-15,3533.30004882813,3550.43994140625,3521.2900390625,3542.89990234375,313000
2021-11-16,3521.7900390625,3549.77001953125,3517.81005859375,3530.4599609375,310400
2021-11-17,3537.3701171875,3537.51000976563,3513.52001953125,3518.56005859375,276700
2021-11-18,3520.7099609375,3537.97998046875,3513.11010742188,3531.48999023438,312400
2021-11-19,3560.3701171875,3561.90991210938,3517.64990234375,3519.28002929688,318000
2021-11-22,3582.080078125,3585.18798828125,3562.7509765625,3562.76293945313,330000
2021-11-23,3589.08911132813,3598.375,3577.36108398438,3580.50610351563,360000
2021-11-24,3592.70288085938,3602.73510742188,3575.2880859375,3590.01904296875,336800
2021-11-25,3584.17993164063,3597.14990234375,3579.53002929688,3593.38989257813,306500
2021-11-26,3564.09008789063,3576.11010742188,3554.8798828125,3576.11010742188,301000
2021-11-29,3562.69995117188,3563.67993164063,3526.36010742188,3528.669921875,333600
2021-11-30,3563.88989257813,3582.1201171875,3546.36010742188,3570.75,349200
2021-12-01,3576.88989257813,3576.88989257813,3558.68994140625,3561.88989257813,329900
2021-12-02,3573.84008789063,3586.8701171875,3567.13989257813,3573.25,354000
2021-12-03,3607.42993164063,3608.46997070313,3573.2099609375,3576.44995117188,377600
2021-12-06,3589.31005859375,3626.1298828125,3586.81005859375,3615.23999023438,418700
2021-12-07,3595.09008789063,3614.21997070313,3572.57006835938,3611.21997070313,403800
2021-12-08,3637.57006835938,3637.71997070313,3591.98999023438,3602.82006835938,361000
2021-12-09,3673.0400390625,3688.39990234375,3638.69995117188,3641.15991210938,431900
2021-12-10,3666.35009765625,3667.85009765625,3651.35009765625,3654.3701171875,420000
2021-12-13,3681.080078125,3708.93994140625,3678.06005859375,3686.93994140625,424100
2021-12-14,3661.53002929688,3671.67993164063,3654.65991210938,3669.81005859375,362200
2021-12-15,3647.6298828125,3668.39990234375,3645.23999023438,3655.05004882813,377500
2021-12-16,3675.02001953125,3675.02001953125,3644.65991210938,3648.92993164063,381300
2021-12-17,3632.36010742188,3673.64990234375,3631.65991210938,3670.26000976563,408500
2021-12-20,3593.60009765625,3643.94995117188,3589.36010742188,3620.0400390625,423900
2021-12-21,3625.1298828125,3627.09008789063,3591.44995117188,3591.44995117188,408200
2021-12-22,3622.6201171875,3635.89990234375,3616.55004882813,3632.67993164063,394800
2021-12-23,3643.34008789063,3643.55004882813,3618.05004882813,3625.46997070313,382900
2021-12-24,3618.05395507813,3648.9560546875,3612.06689453125,3645.39501953125,390300
2021-12-27,3615.96997070313,3632.18994140625,3601.93994140625,3613.05004882813,329200
2021-12-28,3630.11206054688,3631.07690429688,3607.36401367188,3619.64208984375,316200
2021-12-29,3597,3630.919921875,3596.32006835938,3630.919921875,305100
2021-12-30,3619.18994140625,3628.919921875,3595.5,3596.48999023438,307800
2021-12-31,3639.78002929688,3642.84008789063,3624.93994140625,3626.23999023438,329700
2022-01-04,3632.330078125,3651.88989257813,3610.09008789063,3649.14990234375,405000
2022-01-05,3595.17993164063,3628.26000976563,3583.46997070313,3628.26000976563,423900
2022-01-06,3586.080078125,3594.48999023438,3559.8798828125,3581.21997070313,371500
2022-01-07,3579.5400390625,3607.22998046875,3577.10009765625,3588.98999023438,436300
2022-01-10,3593.52001953125,3593.52001953125,3555.1298828125,3572.73999023438,356200
2022-01-11,3567.43994140625,3602.14990234375,3562.75,3589.89990234375,359800
2022-01-12,3597.42993164063,3599.5,3572.10009765625,3578.15991210938,343100
2022-01-13,3555.26000976563,3601.07006835938,3555.15991210938,3601.03002929688,369400
2022-01-14,3521.26000976563,3548.419921875,3519.32006835938,3544.07006835938,376900
2022-01-17,3541.669921875,3546.09008789063,3519.42993164063,3522.09008789063,312900
2022-01-18,3569.90991210938,3579.31005859375,3531.330078125,3541.88989257813,377100
2022-01-19,3558.17993164063,3578.72998046875,3541.65991210938,3567.6298828125,333200
2022-01-20,3555.06005859375,3576.26000976563,3540.55004882813,3556.22998046875,379500
2022-01-21,3522.57006835938,3547,3514.88989257813,3546.75,326500
2022-01-24,3524.11010742188,3531.61010742188,3500.13989257813,3508.23999023438,280300
2022-01-25,3433.06005859375,3519.830078125,3433.06005859375,3509.28002929688,327400
2022-01-26,3455.669921875,3462.1201171875,3417.76000976563,3442.68994140625,275100
2022-01-27,3394.25,3456.36010742188,3392.02001953125,3456.10009765625,280600
2022-01-28,3361.43994140625,3417.05004882813,3356.56005859375,3407.59008789063,290900
2022-02-07,3429.580078125,3434.03002929688,3407.76000976563,3407.76000976563,320500
2022-02-08,3452.6298828125,3453.18994140625,3390.4599609375,3428.5400390625,366100
2022-02-09,3479.94995117188,3484.73999023438,3444.080078125,3450.82006835938,350200
2022-02-10,3485.90991210938,3488.86010742188,3464.21997070313,3481.90991210938,355700
2022-02-11,3462.94995117188,3500.14990234375,3459.330078125,3472.28002929688,361400
2022-02-14,3428.8798828125,3457.26000976563,3415.44995117188,3451.85009765625,315300
2022-02-15,3446.09008789063,3447.48999023438,3421.63989257813,3428.0400390625,275600
2022-02-16,3465.830078125,3475.06005859375,3453.80004882813,3457.07006835938,275000
2022-02-17,3468.0400390625,3480.96997070313,3454.28002929688,3464.2099609375,297300
2022-02-18,3490.76000976563,3490.76000976563,3447.03002929688,3451.6298828125,295100
2022-02-21,3490.61010742188,3492.19995117188,3471.68994140625,3488.40991210938,301500
2022-02-22,3457.14990234375,3473.38989257813,3437.669921875,3473.2900390625,326300
2022-02-23,3489.14990234375,3490.76000976563,3458.17993164063,3458.51000976563,325600
2022-02-24,3429.9599609375,3486.97998046875,3400.2099609375,3474.3701171875,488400
2022-02-25,3451.40991210938,3480.17993164063,3440.92993164063,3445.34008789063,377500
2022-02-28,3462.31005859375,3462.31005859375,3425.52001953125,3450.32006835938,345800
2022-03-01,3488.830078125,3491.1298828125,3465.71997070313,3471.36010742188,326000
2022-03-02,3484.18994140625,3486.6201171875,3467,3478.2900390625,329400
2022-03-03,3481.11010742188,3500.2900390625,3473.34008789063,3495.92993164063,412600
2022-03-04,3447.64990234375,3474.8798828125,3437.69995117188,3459.97998046875,393500
2022-03-07,3372.86010742188,3438.56005859375,3360.73999023438,3438.56005859375,393600
2022-03-08,3293.53002929688,3383.6298828125,3287.34008789063,3372.55004882813,415900
2022-03-09,3256.38989257813,3321.47998046875,3147.67993164063,3303.7099609375,466300
2022-03-10,3296.09008789063,3326.580078125,3291.23999023438,3312.17993164063,378300
2022-03-11,3309.75,3315.65991210938,3217.419921875,3259.32006835938,384100
2022-03-14,3223.53002929688,3297.80004882813,3223.53002929688,3271.88989257813,338000
2022-03-15,3063.96997070313,3196.919921875,3063.96997070313,3192.36010742188,465000
2022-03-16,3170.7099609375,3177.7900390625,3023.30004882813,3107.669921875,444700
2022-03-17,3215.0400390625,3260.169921875,3202.92993164063,3215.01000976563,420800
2022-03-18,3251.07006835938,3260.78002929688,3197.36010742188,3207.14990234375,373000
2022-03-21,3253.68994140625,3267.5,3223.38989257813,3255.6201171875,354200
2022-03-22,3259.86010742188,3279.11010742188,3239.53002929688,3249.5400390625,361200
2022-03-23,3271.03002929688,3279.88989257813,3251.97998046875,3264.7900390625,349900
2022-03-24,3250.26000976563,3266.88989257813,3236.65991210938,3256.06005859375,329000
2022-03-25,3212.23999023438,3257.11010742188,3211.63989257813,3247.15991210938,340000
2022-03-28,3214.5,3230.21997070313,3159.830078125,3185.169921875,345000
2022-03-29,3203.93994140625,3229.17993164063,3196.4599609375,3216.01000976563,316300
2022-03-30,3266.60009765625,3266.60009765625,3216.30004882813,3217.59008789063,366800
2022-03-31,3252.19995117188,3272.0400390625,3246.06005859375,3256.13989257813,398400
2022-04-01,3282.71997070313,3287.22998046875,3226.30004882813,3234.669921875,378200
2022-04-06,3283.42993164063,3288.11010742188,3255.68994140625,3269.42993164063,429600
2022-04-07,3236.69995117188,3290.26000976563,3236.47998046875,3267.81005859375,402600
2022-04-08,3251.85009765625,3257.09008789063,3208.35009765625,3239.8798828125,413800
2022-04-11,3167.1298828125,3239.86010742188,3156.51000976563,3239.86010742188,424200
2022-04-12,3213.330078125,3214.5400390625,3140.89990234375,3165.1201171875,418300
2022-04-13,3186.82006835938,3225.46997070313,3183.53002929688,3199.80004882813,391200
2022-04-14,3225.63989257813,3240,3200.22998046875,3203.6298828125,371200
2022-04-15,3211.2451171875,3229.86596679688,3200.13305664063,3210.69995117188,407800
2022-04-18,3195.52001953125,3204.03002929688,3166.97998046875,3185.93994140625,347400
2022-04-19,3194.03002929688,3207.830078125,3174.7099609375,3192.09008789063,339900
2022-04-20,3151.05004882813,3191.830078125,3142.05004882813,3189.88989257813,362000
2022-04-21,3079.81005859375,3160.89990234375,3069.67993164063,3138.42993164063,391900
2022-04-22,3086.919921875,3105.65991210938,3049.36010742188,3058.39990234375,342000
2022-04-25,2928.51000976563,3043.82006835938,2928.51000976563,3034.27001953125,433600
2022-04-26,2886.42993164063,2957.67993164063,2878.26000976563,2930.44995117188,401600
2022-04-27,2958.28002929688,2959.17993164063,2863.64990234375,2866.82006835938,423100
2022-04-28,2975.47998046875,2991.51000976563,2936.7900390625,2945.81005859375,100
2022-04-29,3047.06005859375,3048.48999023438,2968.330078125,2986.06005859375,423900
2022-05-05,3067.76000976563,3082.22998046875,3042.1201171875,3044.85009765625,383100
2022-05-06,3001.56005859375,3030.68994140625,2992.71997070313,3011.32006835938,343300
2022-05-09,3004.13989257813,3015.93994140625,2983.61010742188,2990.19995117188,292100
2022-05-10,3035.84008789063,3043.78002929688,2957.39990234375,2965.78002929688,370700
2022-05-11,3058.69995117188,3100.89990234375,3034.669921875,3035.38989257813,424000
2022-05-12,3054.98999023438,3072.15991210938,3032.94995117188,3044.80004882813,344400
2022-05-13,3084.28002929688,3086.10009765625,3059.25,3068.03002929688,331700
2022-05-16,3073.75,3102.580078125,3063.39990234375,3100.55004882813,338100
2022-05-17,3093.69995117188,3093.69995117188,3057.63989257813,3076.5,330400
2022-05-18,3085.97998046875,3105.84008789063,3071.31005859375,3095.88989257813,315000
2022-05-19,3096.9599609375,3096.9599609375,3042.669921875,3046.7099609375,336600
2022-05-20,3146.57006835938,3146.57006835938,3107.09008789063,3107.09008789063,372300
2022-05-23,3146.86010742188,3150.51000976563,3127.89990234375,3150.48999023438,353400
2022-05-24,3070.92993164063,3153.1298828125,3070.92993164063,3149.06005859375,416300
2022-05-25,3107.4599609375,3107.6298828125,3069.94995117188,3070.169921875,342300
2022-05-26,3123.11010742188,3133.28002929688,3079.47998046875,3111.47998046875,370300
2022-05-27,3130.23999023438,3151.05004882813,3112.5400390625,3135.03002929688,359500
2022-05-30,3149.06005859375,3150.88989257813,3123.14990234375,3141.9599609375,349400
2022-05-31,3186.42993164063,3188.60009765625,3142,3149.93994140625,374500
2022-06-01,3182.15991210938,3190.61010742188,3160.0400390625,3179.68994140625,365700
2022-06-02,3195.4599609375,3197.28002929688,3163.76000976563,3170.31005859375,361800
2022-06-06,3236.3701171875,3237.07006835938,3181.64990234375,3196.9599609375,422000
2022-06-07,3241.76000976563,3253.09008789063,3222.63989257813,3235.419921875,402200
2022-06-08,3263.7900390625,3266.6298828125,3216.01000976563,3245.02001953125,434200
2022-06-09,3238.94995117188,3270.56005859375,3223.47998046875,3259.48999023438,422700
2022-06-10,3284.830078125,3286.6201171875,3210.81005859375,3214.17993164063,439900
2022-06-13,3255.55004882813,3272.98999023438,3229.31005859375,3256.28002929688,438600
2022-06-14,3288.90991210938,3289.1298828125,3195.82006835938,3224.2099609375,450400
2022-06-15,3305.40991210938,3358.55004882813,3288.85009765625,3289.10009765625,550600
2022-06-16,3285.3798828125,3319.68994140625,3277.53002929688,3306.84008789063,433200
2022-06-17,3316.7900390625,3323.28002929688,3262.88989257813,3265.51000976563,395300
2022-06-20,3315.42993164063,3333.89990234375,3292.92993164063,3315.78002929688,413500
2022-06-21,3306.71997070313,3329.38989257813,3279.830078125,3313.7900390625,394500
2022-06-22,3267.19995117188,3311.02001953125,3266.5400390625,3309.1201171875,375500
2022-06-23,3320.14990234375,3320.14990234375,3262.2900390625,3269.05004882813,400600
2022-06-24,3349.75,3356.7099609375,3322.94995117188,3324.73999023438,390800
2022-06-27,3379.18994140625,3393.31005859375,3364,3364,414100
2022-06-28,3409.2099609375,3412.10009765625,3358.8701171875,3377.67993164063,412100
2022-06-29,3361.52001953125,3414.64990234375,3358.46997070313,3399.67993164063,440600
2022-06-30,3398.6201171875,3417.01000976563,3358.92993164063,3358.92993164063,381200
2022-07-01,3387.63989257813,3404.05004882813,3378.36010742188,3400.26000976563,350500
2022-07-04,3405.42993164063,3405.6201171875,3364.09008789063,3381.82006835938,357700
2022-07-05,3404.03002929688,3424.84008789063,3372.06005859375,3411.1298828125,411700
2022-07-06,3355.35009765625,3391.03002929688,3333.10009765625,3391.03002929688,384600
2022-07-07,3364.39990234375,3375.86010742188,3332.31005859375,3353.1298828125,334400
2022-07-08,3356.080078125,3386.31005859375,3354.1201171875,3380.3701171875,322900
2022-07-11,3313.580078125,3341.10009765625,3297.01000976563,3341.10009765625,342700
2022-07-12,3281.46997070313,3319.25,3277.080078125,3307.21997070313,334600
2022-07-13,3284.2900390625,3297.02001953125,3266.47998046875,3279.60009765625,331800
2022-07-14,3281.73999023438,3299.25,3261.48999023438,3277.44995117188,355900
2022-07-15,3228.06005859375,3288.919921875,3228.06005859375,3261.3798828125,380200
2022-07-18,3278.10009765625,3278.46997070313,3226.22998046875,3235.09008789063,348300
2022-07-19,3279.42993164063,3283.92993164063,3256.02001953125,3278.71997070313,315700
2022-07-20,3304.71997070313,3308.35009765625,3287.73999023438,3291.55004882813,301500
2022-07-21,3272,3300.53002929688,3272,3297.65991210938,332400
2022-07-22,3269.96997070313,3293.63989257813,3246.72998046875,3276.19995117188,300700
2022-07-25,3250.38989257813,3273.17993164063,3243.03002929688,3269.7099609375,271200
2022-07-26,3277.43994140625,3282.40991210938,3246.0400390625,3254.18994140625,259500
2022-07-27,3275.76000976563,3282.57006835938,3265.72998046875,3271.78002929688,249100
2022-07-28,3282.580078125,3305.7099609375,3277.11010742188,3287.5,288100
2022-07-29,3253.23999023438,3294.80004882813,3246.3701171875,3282.81005859375,307300
2022-08-01,3259.9599609375,3264.30004882813,3225.55004882813,3246.6201171875,292200
2022-08-02,3186.27001953125,3231.26000976563,3155.18994140625,3231.26000976563,394200
2022-08-03,3163.669921875,3217.55004882813,3159.4599609375,3188.88989257813,324900
2022-08-04,3189.0400390625,3191,3155.69995117188,3179.42993164063,260900
2022-08-05,3227.03002929688,3228.88989257813,3184.44995117188,3195.22998046875,274700
2022-08-08,3236.92993164063,3237.96997070313,3214.080078125,3218.85009765625,254300
2022-08-09,3247.42993164063,3248.77001953125,3227.5400390625,3235.73999023438,259600
2022-08-10,3230.02001953125,3253.169921875,3217.81005859375,3242.36010742188,257600
2022-08-11,3281.669921875,3281.669921875,3237.89990234375,3243.46997070313,300600
2022-08-12,3276.88989257813,3288.21997070313,3272.84008789063,3275.77001953125,299900
2022-08-15,3276.09008789063,3286.88989257813,3261.82006835938,3268.3701171875,287100
2022-08-16,3277.8798828125,3295.02001953125,3271.57006835938,3278.67993164063,303600
2022-08-17,3292.53002929688,3296,3263.35009765625,3282.10009765625,326100
2022-08-18,3277.5400390625,3289.13989257813,3270.56005859375,3286.3701171875,301700
2022-08-19,3258.080078125,3286.48999023438,3258.06005859375,3275.6201171875,333500
2022-08-22,3277.7900390625,3278.169921875,3247.18994140625,3249.69995117188,314500
2022-08-23,3276.21997070313,3284.60009765625,3262.6298828125,3274.42993164063,316600
2022-08-24,3215.19995117188,3281.8798828125,3212.38989257813,3279.169921875,366100
2022-08-25,3246.25,3248.35009765625,3199.1201171875,3223.4599609375,336200
2022-08-26,3236.21997070313,3266.27001953125,3232.28002929688,3250.6298828125,309900
2022-08-29,3240.72998046875,3240.72998046875,3199,3203.10009765625,297000
2022-08-30,3227.21997070313,3243.75,3212.6298828125,3240.17993164063,294300
2022-08-31,3202.13989257813,3232.02001953125,3184.38989257813,3216.53002929688,344400
2022-09-01,3184.97998046875,3214.56005859375,3181.6298828125,3196.5400390625,274700
2022-09-02,3186.47998046875,3198.28002929688,3173.7900390625,3189.63989257813,250500
2022-09-05,3199.912109375,3199.912109375,3172.0390625,3183.94604492188,280700
2022-09-06,3243.44995117188,3244.63989257813,3203.82006835938,3207.92993164063,318900
2022-09-07,3246.2900390625,3253.77001953125,3227.82006835938,3232.13989257813,301000
2022-09-08,3235.59008789063,3253.69995117188,3233.80004882813,3245.56005859375,281700
2022-09-09,3262.05004882813,3266.19995117188,3236.51000976563,3241.17993164063,283800
2022-09-13,3263.80004882813,3278.169921875,3259.65991210938,3272.05004882813,276200
2022-09-14,3237.5400390625,3250.80004882813,3221.9599609375,3224.67993164063,255200
2022-09-15,3199.919921875,3254.17993164063,3174.38989257813,3248.96997070313,325200
2022-09-16,3126.39990234375,3191.830078125,3126.39990234375,3189.830078125,316500
2022-09-19,3115.60009765625,3135.56005859375,3101.21997070313,3122.75,249100
2022-09-20,3122.40991210938,3140.03002929688,3114.0400390625,3127.84008789063,219900
2022-09-21,3117.17993164063,3129.82006835938,3091.30004882813,3116.01000976563,233000
2022-09-22,3108.90991210938,3125.67993164063,3092.82006835938,3098.77001953125,221100
2022-09-23,3088.3701171875,3124.65991210938,3072.23999023438,3106.81005859375,243100
2022-09-26,3051.22998046875,3102.64990234375,3048.51000976563,3067.57006835938,262700
2022-09-27,3093.86010742188,3094.0400390625,3048.3701171875,3056.38989257813,232700
2022-09-28,3045.07006835938,3089.10009765625,3044.86010742188,3089.10009765625,230100
2022-09-29,3041.19995117188,3076.76000976563,3026.080078125,3067.46997070313,230000
2022-09-30,3024.38989257813,3054.61010742188,3021.92993164063,3042.169921875,204100
2022-10-10,2974.14990234375,3029.44995117188,2968.28002929688,3026.93994140625,243400
2022-10-11,2979.7900390625,2986.90991210938,2953.5,2978.06005859375,208600
2022-10-12,3025.51000976563,3025.51000976563,2934.09008789063,2976.71997070313,248000
2022-10-13,3016.36010742188,3036.25,3004.5,3008.30004882813,249700
2022-10-14,3071.98999023438,3084.27001953125,3035.03002929688,3035.03002929688,277300
2022-10-17,3084.93994140625,3087.18994140625,3052.7099609375,3060.52001953125,262600
2022-10-18,3080.9599609375,3099.919921875,3074.21997070313,3094.92993164063,245600
2022-10-19,3044.3798828125,3081.38989257813,3044.3798828125,3073.26000976563,230900
2022-10-20,3035.05004882813,3070.26000976563,3013.68994140625,3029.30004882813,244700
2022-10-21,3038.92993164063,3055.419921875,3026.9599609375,3038.0400390625,245300
2022-10-24,2977.56005859375,3064.419921875,2965.169921875,3034.75,298100
2022-10-25,2976.28002929688,3001.71997070313,2944.26000976563,2969.15991210938,255600
2022-10-26,2999.5,3028.35009765625,2977.56005859375,2977.56005859375,268700
2022-10-27,2982.89990234375,3017.26000976563,2981.68994140625,3005.0400390625,265600
2022-10-28,2915.92993164063,2974.23999023438,2908.97998046875,2967.02001953125,292500
2022-10-31,2893.47998046875,2926.02001953125,2885.09008789063,2893.19995117188,302000
2022-11-01,2969.19995117188,2969.19995117188,2896.76000976563,2899.5,319800
2022-11-02,3003.3701171875,3019.05004882813,2954.94995117188,2960.64990234375,325100
2022-11-03,2997.81005859375,3003.71997070313,2977.71997070313,2981.19995117188,259300
2022-11-04,3070.80004882813,3081.59008789063,2997,2997,329800
2022-11-07,3077.82006835938,3088.18994140625,3054.4599609375,3062.86010742188,320600
2022-11-08,3064.48999023438,3078.28002929688,3047.4599609375,3077.31005859375,256500
2022-11-09,3048.169921875,3073.919921875,3046.18994140625,3064.4599609375,235600
2022-11-10,3036.1298828125,3047.97998046875,3022.85009765625,3031.68994140625,270400
2022-11-11,3087.2900390625,3117.73999023438,3070.30004882813,3099.64990234375,409600
2022-11-14,3083.39990234375,3121.40991210938,3075.21997070313,3100.8701171875,361800
2022-11-15,3134.080078125,3135.59008789063,3074.5,3081.1298828125,331500
2022-11-16,3119.97998046875,3145.75,3115.35009765625,3133.64990234375,303400
2022-11-17,3115.42993164063,3115.43994140625,3087.169921875,3110.9599609375,287000
2022-11-18,3097.23999023438,3126.7099609375,3096.88989257813,3116.72998046875,300000
2022-11-21,3085.0439453125,3085.24291992188,3056.169921875,3078.05688476563,256000
2022-11-22,3088.94311523438,3118.1201171875,3076.32104492188,3084.23291015625,327600
2022-11-23,3096.90698242188,3108.24389648438,3075.32397460938,3084.73999023438,326200
2022-11-24,3089.31005859375,3113.23901367188,3084.85498046875,3104.09594726563,267500
2022-11-25,3101.68994140625,3111.419921875,3077.96997070313,3085.4599609375,311400
2022-11-28,3078.55004882813,3080.17993164063,3034.69995117188,3055.2900390625,305800
2022-11-29,3149.75,3152,3096.11010742188,3096.11010742188,391400
2022-11-30,3151.34008789063,3158.57006835938,3137.3701171875,3141.39990234375,372700
2022-12-01,3165.46997070313,3198.40991210938,3164.53002929688,3187.98999023438,387000
2022-12-02,3156.13989257813,3170.89990234375,3149.84008789063,3160.580078125,307800
2022-12-05,3211.81005859375,3213.43994140625,3177.06005859375,3181.919921875,447400
2022-12-06,3212.53002929688,3224.82006835938,3195.080078125,3200.28002929688,373600
2022-12-07,3199.6201171875,3226.080078125,3188.669921875,3204.93994140625,354100
2022-12-08,3197.35009765625,3206.71997070313,3187.26000976563,3196.02001953125,321000
2022-12-09,3206.94995117188,3212.11010742188,3182.90991210938,3197.1201171875,373300
2022-12-12,3179.0400390625,3196.71997070313,3176.580078125,3195.8701171875,333400
2022-12-13,3176.330078125,3187.19995117188,3171.47998046875,3179.43994140625,285800
2022-12-14,3176.53002929688,3189.84008789063,3168.59008789063,3178.55004882813,265600
2022-12-15,3168.64990234375,3179.10009765625,3158.44995117188,3177.19995117188,243000
2022-12-16,3167.85791015625,3175.35302734375,3151.60888671875,3156.13500976563,259800
2022-12-19,3107.1201171875,3170.26000976563,3096.10009765625,3165.31005859375,278500
2022-12-20,3073.77001953125,3100.75,3061.51000976563,3098.94995117188,218800
2022-12-21,3068.40991210938,3085.80004882813,3060.55004882813,3078.330078125,189100
2022-12-22,3054.42993164063,3096.23999023438,3044.60009765625,3085.80004882813,223600
2022-12-23,3045.86596679688,3061.86694335938,3031.53588867188,3038.84204101563,192000
2022-12-26,3065.56298828125,3071.8359375,3047.34912109375,3048.19604492188,206500
2022-12-27,3095.57006835938,3098.080078125,3074.31005859375,3077.75,222200
2022-12-28,3087.39990234375,3098.64990234375,3079.42993164063,3088.6201171875,224600
2022-12-29,3073.69995117188,3086,3064.4599609375,3076.72998046875,215600
2022-12-30,3089.26000976563,3096.31005859375,3082.19995117188,3084.52001953125,217500
2023-01-03,3116.51000976563,3119.86010742188,3073.05004882813,3087.51000976563,281400
2023-01-04,3123.52001953125,3129.09008789063,3109.44995117188,3117.57006835938,273300
2023-01-05,3155.21997070313,3159.42993164063,3130.22998046875,3132.76000976563,257000
2023-01-06,3157.63989257813,3170.73999023438,3151.84008789063,3155.07006835938,257400
2023-01-09,3176.080078125,3183.580078125,3165.42993164063,3169.3701171875,258100
2023-01-10,3169.51000976563,3178.15991210938,3165.13989257813,3178.02001953125,233000
2023-01-11,3161.84008789063,3184.76000976563,3160.88989257813,3172.3798828125,237700
2023-01-12,3163.44995117188,3171.59008789063,3153.39990234375,3167.27001953125,216700
2023-01-13,3195.31005859375,3195.31005859375,3167.51000976563,3170.35009765625,220200
2023-01-16,3227.59204101563,3251.3740234375,3197.31909179688,3198.51904296875,306700
2023-01-17,3224.23999023438,3231.26000976563,3211.76000976563,3229.43994140625,226600
2023-01-18,3224.40991210938,3234.82006835938,3220.3701171875,3227.59008789063,212100
2023-01-19,3240.28002929688,3240.28002929688,3210.3798828125,3221.52001953125,226500
2023-01-20,3264.81005859375,3267.06005859375,3247.19995117188,3247.19995117188,273200
2023-01-30,3269.32006835938,3310.48999023438,3266.76000976563,3308.8701171875,353300
2023-01-31,3255.669921875,3277.25,3252.01000976563,3266.13989257813,300200
2023-02-01,3284.919921875,3284.919921875,3245.40991210938,3262.19995117188,339500
2023-02-02,3285.669921875,3295.76000976563,3272.40991210938,3291.78002929688,333400
2023-02-03,3263.40991210938,3275.65991210938,3235.35009765625,3275.65991210938,293300
2023-02-06,3238.69995117188,3250.35009765625,3226.2099609375,3244.69995117188,267100
2023-02-07,3248.09008789063,3250.03002929688,3233.830078125,3245.22998046875,250900
2023-02-08,3232.11010742188,3257.11010742188,3230.43994140625,3251.5,234500
2023-02-09,3270.3798828125,3270.3798828125,3225.77001953125,3227.72998046875,254800
2023-02-10,3260.669921875,3269.98999023438,3247.22998046875,3266.43994140625,260600
2023-02-13,3284.15991210938,3285.09008789063,3252.6298828125,3256.98999023438,297200
2023-02-14,3293.28002929688,3293.72998046875,3279.18994140625,3288.96997070313,271000
2023-02-15,3280.48999023438,3296.19995117188,3274.55004882813,3294.02001953125,269900
2023-02-16,3249.03002929688,3308.830078125,3231.34008789063,3281.73999023438,380900
2023-02-17,3224.02001953125,3262.46997070313,3223.26000976563,3244.72998046875,278500
2023-02-20,3290.34008789063,3291.0400390625,3225.84008789063,3230.46997070313,325000
2023-02-21,3306.52001953125,3308.7900390625,3282.43994140625,3291.6298828125,324400
2023-02-22,3291.14990234375,3307.03002929688,3286.71997070313,3292.05004882813,255400
2023-02-23,3287.47998046875,3307.43994140625,3275.36010742188,3293.52001953125,262300
2023-02-24,3267.15991210938,3288.38989257813,3253.96997070313,3287.26000976563,234200
2023-02-27,3258.03002929688,3276.580078125,3251.71997070313,3257,242900
2023-02-28,3279.61010742188,3280.419921875,3246.13989257813,3265.73999023438,251600
2023-03-01,3312.35009765625,3315.15991210938,3272.0400390625,3279.13989257813,318400
2023-03-02,3310.64990234375,3320.73999023438,3306.4599609375,3308.01000976563,328500
2023-03-03,3328.38989257813,3330.60009765625,3302.6201171875,3314.77001953125,344000
2023-03-06,3322.03002929688,3333.06005859375,3308.72998046875,3332.02001953125,340500
2023-03-07,3285.10009765625,3342.86010742188,3284.40991210938,3320.2099609375,390000
2023-03-08,3283.25,3283.25,3263.68994140625,3271.8798828125,260400
2023-03-09,3276.09008789063,3289.06005859375,3260,3285.93994140625,264000
2023-03-10,3230.080078125,3262.14990234375,3229.5,3255.51000976563,281100
2023-03-13,3268.69995117188,3268.69995117188,3228.1201171875,3228.1201171875,294900
2023-03-14,3245.31005859375,3262,3216.98999023438,3261.919921875,319900
2023-03-15,3263.31005859375,3273.1201171875,3256.86010742188,3261.03002929688,305200
2023-03-16,3226.88989257813,3257.42993164063,3224.71997070313,3244.46997070313,327400
2023-03-17,3250.55004882813,3279.919921875,3240.15991210938,3245.26000976563,343000
2023-03-20,3234.90991210938,3267.98999023438,3231.64990234375,3253.92993164063,392500
2023-03-21,3255.64990234375,3256,3237.88989257813,3240.84008789063,301800
2023-03-22,3265.75,3279.38989257813,3255.73999023438,3263.40991210938,290800
2023-03-23,3286.64990234375,3286.64990234375,3252.98999023438,3258.78002929688,306100
2023-03-24,3265.64990234375,3282.73999023438,3260.84008789063,3282.73999023438,324500
2023-03-27,3251.39990234375,3261.82006835938,3229.69995117188,3261.82006835938,337900
2023-03-28,3245.3798828125,3264.10009765625,3241.73999023438,3256.60009765625,295700
2023-03-29,3240.06005859375,3254.56005859375,3229.580078125,3253.6201171875,296900
2023-03-30,3261.25,3263.73999023438,3220.97998046875,3243.07006835938,299900
2023-03-31,3272.86010742188,3278.419921875,3260.0400390625,3263.40991210938,283600
2023-04-03,3296.39990234375,3299.72998046875,3276.419921875,3277.34008789063,357700
2023-04-04,3312.56005859375,3312.56005859375,3290.98999023438,3297.17993164063,385900
2023-04-06,3312.6298828125,3314.53002929688,3296.06005859375,3302.75,327200
2023-04-07,3327.64990234375,3328.85009765625,3308.06005859375,3312.47998046875,283000
2023-04-10,3315.36010742188,3332.71997070313,3309.919921875,3331.51000976563,340800
2023-04-11,3313.57006835938,3317.44995117188,3298.25,3317.080078125,320600
2023-04-12,3327.17993164063,3330.7099609375,3315.39990234375,3316.86010742188,343000
2023-04-13,3318.36010742188,3334.46997070313,3309.25,3321.27001953125,347900
2023-04-14,3338.14990234375,3340.080078125,3316.81005859375,3326.3701171875,338300
2023-04-17,3385.61010742188,3385.61010742188,3336.38989257813,3337.06005859375,402800
2023-04-18,3393.330078125,3396.169921875,3375.78002929688,3379.22998046875,348400
2023-04-19,3370.1298828125,3394.9599609375,3364.63989257813,3391.35009765625,346100
2023-04-20,3367.03002929688,3371.3701171875,3344.02001953125,3367.05004882813,350400
2023-04-21,3301.26000976563,3367.61010742188,3301.26000976563,3364,387400
2023-04-24,3275.40991210938,3303.09008789063,3264.92993164063,3300.81005859375,354300
2023-04-25,3264.8701171875,3288.57006835938,3229.44995117188,3276.39990234375,380900
2023-04-26,3264.10009765625,3277.97998046875,3239.98999023438,3255.21997070313,357900
2023-04-27,3285.8798828125,3299.30004882813,3253.11010742188,3256.22998046875,341600
2023-04-28,3323.27001953125,3324.8798828125,3283.1201171875,3283.1201171875,401600
2023-05-04,3350.4599609375,3352.75,3302.03002929688,3306.47998046875,483400
2023-05-05,3334.5,3364.13989257813,3321.18994140625,3350.64990234375,436500
2023-05-08,3395,3400.17993164063,3340.98999023438,3340.98999023438,534100
2023-05-09,3357.669921875,3418.94995117188,3356.1201171875,3402.38989257813,573000
2023-05-10,3319.14990234375,3349.71997070313,3305.25,3347.69995117188,451700
2023-05-11,3309.55004882813,3333.25,3307.2900390625,3323.65991210938,354300
2023-05-12,3272.36010742188,3319.1298828125,3271.42993164063,3304.4599609375,347300
2023-05-15,3310.73999023438,3310.73999023438,3235.8701171875,3269.8798828125,388000
2023-05-16,3290.98999023438,3317.89990234375,3282.48999023438,3310.15991210938,322500
2023-05-17,3284.22998046875,3298.52001953125,3269.88989257813,3281.96997070313,285700
2023-05-18,3297.32006835938,3313.86010742188,3284.169921875,3288.40991210938,310000
2023-05-19,3283.5400390625,3302.34008789063,3268.21997070313,3288.88989257813,285400
2023-05-22,3296.46997070313,3308.53002929688,3276.5400390625,3278.60009765625,273900
2023-05-23,3246.23999023438,3298.22998046875,3246.23999023438,3294.7900390625,275300
2023-05-24,3204.75,3237.69995117188,3204.3798828125,3237.69995117188,288700
2023-05-25,3201.26000976563,3207.02001953125,3168.57006835938,3197.36010742188,283600
2023-05-26,3212.5,3220.77001953125,3179.82006835938,3198.8798828125,261700
2023-05-29,3221.44995117188,3230.96997070313,3208.9599609375,3219.76000976563,297400
2023-05-30,3224.2099609375,3230.6298828125,3186.6298828125,3214.669921875,303500
2023-05-31,3204.56005859375,3216.36010742188,3190.27001953125,3214.65991210938,294600
2023-06-01,3204.6298828125,3225.09008789063,3189.52001953125,3196.14990234375,312300
2023-06-02,3230.07006835938,3233.98999023438,3211.73999023438,3212.44995117188,294700
2023-06-05,3232.43994140625,3244.17993164063,3221.6298828125,3231.81005859375,278100
2023-06-06,3195.34008789063,3247.35009765625,3189.27001953125,3228.40991210938,308300
2023-06-07,3197.76000976563,3210.330078125,3188.01000976563,3197.46997070313,258100
2023-06-08,3213.59008789063,3225.53002929688,3180.5400390625,3194.830078125,293500
2023-06-09,3231.40991210938,3231.40991210938,3206.10009765625,3213.03002929688,314200
2023-06-12,3228.830078125,3239.43994140625,3210.7099609375,3225.30004882813,313800
2023-06-13,3233.669921875,3235.09008789063,3215.5,3223.89990234375,280600
2023-06-14,3228.98999023438,3248.4599609375,3226.77001953125,3238.1201171875,303500
2023-06-15,3252.97998046875,3252.97998046875,3229.14990234375,3230.44995117188,313300
2023-06-16,3273.330078125,3276.55004882813,3255.5,3256.30004882813,326300
2023-06-19,3255.81005859375,3271.15991210938,3251.78002929688,3271.15991210938,327800
2023-06-20,3240.36010742188,3252.84008789063,3237.7900390625,3252.5400390625,298300
2023-06-21,3197.89990234375,3236.36010742188,3197.89990234375,3230.11010742188,294400
2023-06-26,3150.6201171875,3181.080078125,3144.25,3177.22998046875,308100
2023-06-27,3189.43994140625,3194.40991210938,3148.27001953125,3153.31005859375,287600
2023-06-28,3189.3798828125,3192.65991210938,3157.1201171875,3183.48999023438,276200
2023-06-29,3182.3798828125,3196.5,3179.53002929688,3185.419921875,250300
2023-06-30,3202.06005859375,3212.98999023438,3177.98999023438,3178.919921875,265400
2023-07-03,3243.97998046875,3246.86010742188,3209.15991210938,3209.15991210938,312400
2023-07-04,3245.35009765625,3246.9599609375,3233.98999023438,3241.22998046875,279200
2023-07-05,3222.94995117188,3241.84008789063,3218.60009765625,3240.05004882813,264000
2023-07-06,3205.57006835938,3229.47998046875,3199.71997070313,3215.86010742188,246100
2023-07-07,3196.61010742188,3212.05004882813,3189.2099609375,3197.46997070313,255700
2023-07-10,3203.69995117188,3216.53002929688,3192.65991210938,3208.72998046875,236600
2023-07-11,3221.3701171875,3221.67993164063,3200.3798828125,3211.1201171875,227600
2023-07-12,3196.1298828125,3224.330078125,3193.43994140625,3220.3798828125,271400
2023-07-13,3236.47998046875,3238.46997070313,3202.69995117188,3202.69995117188,276600
2023-07-14,3237.69995117188,3248.3798828125,3234,3240.96997070313,273300
2023-07-17,3209.6298828125,3219.02001953125,3195.88989257813,3219.02001953125,250200
2023-07-18,3197.82006835938,3210.25,3190,3206.7900390625,235000
2023-07-19,3198.84008789063,3204.36010742188,3181.56005859375,3195.01000976563,217400
2023-07-20,3169.52001953125,3209.06005859375,3165.669921875,3201.90991210938,238900
2023-07-21,3167.75,3185.63989257813,3157.330078125,3163.419921875,225300
2023-07-24,3164.15991210938,3178.72998046875,3151.1298828125,3157.46997070313,216600
2023-07-25,3231.52001953125,3231.75,3201.4599609375,3201.4599609375,348600
2023-07-26,3223.03002929688,3229.88989257813,3212.8798828125,3228.09008789063,317200
2023-07-27,3216.669921875,3245.60009765625,3210.46997070313,3225.47998046875,327100
2023-07-28,3275.92993164063,3280.28002929688,3200.98999023438,3206.73999023438,411100
2023-07-31,3291.0400390625,3322.12890625,3281.01293945313,3287.208984375,459000
2023-08-01,3290.94897460938,3305.34008789063,3279.56591796875,3288.76000976563,459900
2023-08-02,3261.68994140625,3290.82006835938,3252.30395507813,3281.85791015625,405300
2023-08-03,3280.462890625,3280.86401367188,3247.27197265625,3254.56494140625,384700
2023-08-04,3288.083984375,3315.04907226563,3281.73388671875,3296.09399414063,470900
2023-08-07,3268.8310546875,3276.77587890625,3258.537109375,3276.77587890625,360300
2023-08-08,3260.6201171875,3274.52001953125,3246.669921875,3260.71997070313,316500
2023-08-09,3244.48999023438,3257.080078125,3240.2900390625,3251.14990234375,271200
2023-08-10,3254.56005859375,3257.03002929688,3234.1201171875,3242.2099609375,287400
2023-08-11,3189.25,3254.47998046875,3189.25,3254.47998046875,330100
2023-08-14,3178.42993164063,3180.51000976563,3141.65991210938,3159.7099609375,299800
2023-08-15,3176.17993164063,3186.22998046875,3147.35009765625,3180.56005859375,273300
2023-08-16,3150.1298828125,3176.6298828125,3149.71997070313,3164.69995117188,281700
2023-08-17,3163.73999023438,3167.44995117188,3123.25,3137.35009765625,294700
2023-08-18,3131.94995117188,3179.1201171875,3131.94995117188,3165.10009765625,294400
2023-08-21,3092.97998046875,3134.9599609375,3092.97998046875,3125.98999023438,265800
2023-08-22,3120.330078125,3126.78002929688,3074.53002929688,3103.78002929688,309300
2023-08-23,3078.39990234375,3116.3798828125,3077.61010742188,3116.27001953125,272200
2023-08-24,3082.23999023438,3106.17993164063,3072.94995117188,3085.90991210938,300000
2023-08-25,3064.07006835938,3085.05004882813,3053.0400390625,3068.6201171875,225200
2023-08-28,3098.63989257813,3219.0400390625,3089.1201171875,3219.0400390625,485600
2023-08-29,3135.88989257813,3145.76000976563,3090.43994140625,3091.93994140625,398900
2023-08-30,3137.13989257813,3153.68994140625,3126.89990234375,3144.40991210938,347500
2023-08-31,3119.8798828125,3139.97998046875,3113.94995117188,3134.55004882813,313400
2023-09-01,3133.25,3143.85009765625,3123.18994140625,3126.02001953125,292300
2023-09-04,3177.06005859375,3177.06005859375,3143.37890625,3145.94409179688,366400
2023-09-05,3154.3701171875,3169.73999023438,3150.080078125,3169.73999023438,294100
2023-09-06,3158.080078125,3162.14990234375,3136.89990234375,3147.13989257813,267000
2023-09-07,3122.35009765625,3152.27001953125,3120.82006835938,3152.19995117188,269300
2023-09-08,3116.71997070313,3126.0400390625,3104.669921875,3114.22998046875,228100
2023-09-11,3142.78002929688,3155.10009765625,3113.82006835938,3119.61010742188,290400
2023-09-12,3137.06005859375,3147.51000976563,3134.32006835938,3140.34008789063,234700
2023-09-13,3123.07006835938,3143.76000976563,3106.96997070313,3137.77001953125,249700
2023-09-14,3126.55004882813,3135.03002929688,3111.86010742188,3124.85009765625,264000
2023-09-15,3117.73999023438,3141.9599609375,3107.44995117188,3133.59008789063,292000
2023-09-18,3125.92993164063,3128.69995117188,3098.5,3110.43994140625,259400
2023-09-19,3124.9599609375,3131.1298828125,3113.53002929688,3123.98999023438,253700
2023-09-20,3108.56811523438,3122.1279296875,3108.15795898438,3118.6669921875,228100
2023-09-21,3084.70092773438,3113.49389648438,3084.70092773438,3103.17504882813,228700
2023-09-22,3132.43188476563,3132.55810546875,3078.80102539063,3084.75708007813,286000
2023-09-25,3115.60693359375,3131.2080078125,3112.15087890625,3131.2080078125,258100
2023-09-26,3102.27294921875,3120.2890625,3102.27294921875,3114.02099609375,222600
2023-09-27,3107.31591796875,3125.44702148438,3103.84399414063,3104.0400390625,240500
2023-09-28,3110.47509765625,3121.8349609375,3105.93994140625,3117.7548828125,236300
2023-10-09,3096.92211914063,3103.36010742188,3072.64208984375,3100,264400
2023-10-10,3075.23999023438,3109.97998046875,3073.18994140625,3104.3701171875,255300
2023-10-11,3078.9560546875,3095.65893554688,3071.93603515625,3085.69897460938,259900
2023-10-12,3107.90087890625,3109.98999023438,3092.17700195313,3101.705078125,274800
2023-10-13,3088.10009765625,3094.919921875,3080.55004882813,3092,255100
2023-10-16,3073.81298828125,3091.1259765625,3063.68603515625,3091.06494140625,263900
2023-10-17,3083.5,3084.07006835938,3064.88989257813,3076.42993164063,259000
2023-10-18,3058.7099609375,3076.580078125,3057.05908203125,3076.580078125,268600
2023-10-19,3005.39306640625,3043.19604492188,3004.77490234375,3043.19604492188,304000
2023-10-20,2983.06005859375,3006.27001953125,2977.169921875,2995.36010742188,267100
2023-10-23,2939.291015625,2973.66088867188,2923.51098632813,2969.78588867188,278900
2023-10-24,2962.24389648438,2964.76098632813,2929.087890625,2944.31103515625,311000
2023-10-25,2974.11401367188,2993.294921875,2972.41796875,2986.40698242188,332400
2023-10-26,2988.29907226563,2990.32788085938,2956.00610351563,2960.10400390625,291800
2023-10-27,3017.78393554688,3029.2099609375,2974.8798828125,2978.40307617188,321800
2023-10-30,3021.55297851563,3028.26391601563,3002.34790039063,3009.61010742188,360600
2023-10-31,3018.77099609375,3023.0009765625,3006.60888671875,3019.64599609375,319900
2023-11-01,3023.07690429688,3038.330078125,3013.93310546875,3038.18188476563,280100
2023-11-02,3009.40600585938,3038.64208984375,3009.12109375,3028.6650390625,268800
2023-11-03,3030.79809570313,3040.98095703125,3012.46508789063,3012.46508789063,268500
2023-11-06,3058.41088867188,3058.98901367188,3037.69409179688,3047.1298828125,372900
2023-11-07,3057.27001953125,3064.57690429688,3042.46899414063,3052.919921875,326900
2023-11-08,3052.373046875,3062.99096679688,3037.2890625,3051.15307617188,335700
2023-11-09,3053.27905273438,3063.46704101563,3045.833984375,3047.65307617188,315600
2023-11-10,3038.96997070313,3044.0009765625,3027.087890625,3043.55908203125,285500
2023-11-13,3046.53295898438,3048.62109375,3028.16796875,3044.03198242188,290400
2023-11-14,3056.07006835938,3059.52905273438,3044.42602539063,3046.81689453125,294800
2023-11-15,3072.8349609375,3080.1279296875,3064.34594726563,3077.02905273438,304300
2023-11-16,3050.92602539063,3071.45190429688,3050.92602539063,3066.85498046875,271100
2023-11-17,3054.3701171875,3055.86010742188,3033.75,3043.6201171875,267600
2023-11-20,3068.31909179688,3072.51293945313,3043.51489257813,3056.92700195313,287600
2023-11-21,3067.93310546875,3089.77392578125,3063.34497070313,3074.82788085938,330700
2023-11-22,3043.61108398438,3067.962890625,3043.61108398438,3060.498046875,289100
2023-11-23,3061.85595703125,3062.86694335938,3034.29711914063,3041.67797851563,276600
2023-11-24,3040.97192382813,3060.3310546875,3037.20092773438,3060.3310546875,287800
2023-11-27,3031.69995117188,3038.35791015625,3015.00805664063,3038.18603515625,310500
2023-11-28,3038.55004882813,3039.68994140625,3020.22998046875,3028.60009765625,268900
2023-11-29,3021.68701171875,3038.97705078125,3017.66088867188,3038.46411132813,278000
2023-11-30,3029.67309570313,3030.90893554688,3013.76806640625,3021.10302734375,282900
2023-12-01,3031.63598632813,3035.76000976563,3010.23291015625,3027.35302734375,286100
2023-12-04,3022.9140625,3038.97900390625,3022.34790039063,3033.29809570313,288200
2023-12-05,2972.2958984375,3017.01000976563,2972.2958984375,3017.01000976563,293900
2023-12-06,2968.93310546875,2985.31396484375,2959.60302734375,2966.94799804688,294100
2023-12-07,2966.2060546875,2976.01489257813,2949.14404296875,2965.65209960938,296200
2023-12-08,2969.55908203125,2980.833984375,2962.32690429688,2965.38989257813,369100
2023-12-11,2991.43896484375,2995.669921875,2930.42211914063,2956.291015625,360200
2023-12-12,3003.43798828125,3003.74609375,2980.44604492188,2986.32788085938,287600
2023-12-13,2968.76098632813,2997.3359375,2968.76098632813,2997.3359375,282800
2023-12-14,2958.98608398438,2986.17700195313,2958.06591796875,2979.69897460938,271500
2023-12-15,2942.55688476563,2976.30908203125,2940.02709960938,2966.30200195313,289300
2023-12-18,2930.80004882813,2951.14990234375,2924.330078125,2936.580078125,293100
2023-12-19,2932.39111328125,2940.5009765625,2914.125,2928.76293945313,265900
2023-12-20,2902.11010742188,2937.10107421875,2902.0400390625,2932.11889648438,265600
2023-12-21,2918.71508789063,2924.25610351563,2882.02001953125,2892.02001953125,282500
2023-12-22,2914.77490234375,2935.69995117188,2906.50903320313,2919.2880859375,296600
2023-12-25,2918.81298828125,2920.63208007813,2903.98706054688,2909.875,229800
2023-12-26,2898.8798828125,2917.96997070313,2892.84008789063,2917.96997070313,228100
2023-12-27,2914.61401367188,2917.9560546875,2890.1650390625,2900.14892578125,247900
2023-12-28,2954.7041015625,2961.64794921875,2909.38891601563,2913.11010742188,339200
2023-12-29,2974.93505859375,2975.03198242188,2950.01708984375,2950.8369140625,290700
2024-01-02,2962.27587890625,2976.26806640625,2962.27587890625,2972.77490234375,304100
2024-01-03,2967.2470703125,2971.28295898438,2953.2900390625,2957.11206054688,285500
2024-01-04,2954.34912109375,2966.68310546875,2936.63500976563,2965.50903320313,265000
2024-01-05,2929.17993164063,2967.96997070313,2916.71997070313,2949.82006835938,301000
2024-01-08,2887.5380859375,2924.4560546875,2887.5380859375,2923.45703125,270300
2024-01-09,2893.25,2900.72998046875,2878.40991210938,2887.11010742188,263000
2024-01-10,2877.70190429688,2903.162109375,2870.416015625,2886.98095703125,244000
2024-01-11,2886.64990234375,2896.17895507813,2867.72192382813,2873.79809570313,267100
2024-01-12,2881.97705078125,2904.17407226563,2878.875,2880.0400390625,261600
2024-01-15,2886.2900390625,2904.4599609375,2869.21997070313,2872.56005859375,244600
2024-01-16,2893.98901367188,2896.68310546875,2861.1298828125,2881.56005859375,286300
2024-01-17,2833.61499023438,2887.48901367188,2833.61499023438,2887.2919921875,261300
2024-01-18,2845.78002929688,2849.26000976563,2760.97998046875,2822.669921875,390400
2024-01-19,2832.27905273438,2849.8759765625,2822.84301757813,2836.97509765625,266700
2024-01-22,2756.34008789063,2828.32006835938,2735.3701171875,2826.5,350200
2024-01-23,2770.97607421875,2784.84106445313,2724.15698242188,2746.89208984375,308700
2024-01-24,2820.77197265625,2823.69506835938,2743.39697265625,2782.14208984375,369100
2024-01-25,2906.10888671875,2906.7939453125,2821.708984375,2823.82592773438,442000
2024-01-26,2910.22290039063,2924.30688476563,2890.48193359375,2897.9150390625,421100
2024-01-29,2883.36010742188,2923.89990234375,2883.330078125,2910.61010742188,410600
2024-01-30,2830.52709960938,2881.34692382813,2829.25,2866.28002929688,335700
2024-01-31,2788.54809570313,2834.01098632813,2782.5869140625,2815.50390625,377100
2024-02-01,2770.73999023438,2805.01489257813,2752.78198242188,2773.42407226563,352900
2024-02-02,2730.15209960938,2791.67602539063,2666.333984375,2773.294921875,426200
2024-02-05,2702.18505859375,2739.73803710938,2635.09008789063,2716.0810546875,479000
2024-02-06,2789.48608398438,2802.93090820313,2669.67309570313,2680.48510742188,502800
2024-02-07,2829.69604492188,2829.69604492188,2770.52905273438,2791.51489257813,547100
2024-02-08,2865.90307617188,2867.47412109375,2827.90209960938,2832.48608398438,531100
2024-02-19,2910.5439453125,2910.5439453125,2867.7099609375,2886.5869140625,459000
2024-02-20,2922.72998046875,2927.30810546875,2887.47412109375,2902.876953125,350100
2024-02-21,2950.9560546875,2994.61499023438,2898.05004882813,2906.02392578125,444200
2024-02-22,2988.35791015625,2988.35791015625,2944.4990234375,2945.44702148438,354100
2024-02-23,3004.88110351563,3009.13598632813,2979.97290039063,2992.912109375,380100
2024-02-26,2977.02197265625,3009.47900390625,2967.05688476563,3002.11791992188,409000
2024-02-27,3015.48095703125,3015.48095703125,2961.14794921875,2966.4169921875,373000
2024-02-28,2957.85205078125,3031.48803710938,2957.85205078125,3016.25610351563,544100
2024-02-29,3015.1708984375,3015.1708984375,2943.6240234375,2943.6240234375,409700
2024-03-01,3027.02001953125,3032.23193359375,3003.76293945313,3013.82299804688,379100
2024-03-04,3039.30590820313,3040.34497070313,3007.68310546875,3026.60693359375,387800
2024-03-05,3047.79296875,3052.541015625,3022.17797851563,3027.10302734375,383500
2024-03-06,3039.93090820313,3060.56298828125,3034.35400390625,3041.751953125,341000
2024-03-07,3027.40087890625,3063.69189453125,3023.11791992188,3040.2109375,377200
2024-03-08,3046.01904296875,3049.19409179688,3016.90307617188,3026.1650390625,319200
2024-03-11,3068.455078125,3068.455078125,3035.44506835938,3042.61889648438,356500
2024-03-12,3055.93505859375,3075.13110351563,3044.85693359375,3068.18188476563,415700
2024-03-13,3043.8349609375,3061.95092773438,3031.89892578125,3053.34106445313,365000
2024-03-14,3038.23388671875,3059.998046875,3020.63696289063,3042.4130859375,364100
2024-03-15,3054.63598632813,3056.44702148438,3023.21508789063,3031.52294921875,360300
2024-03-18,3084.92602539063,3085.31201171875,3055.92211914063,3057.208984375,406700
2024-03-19,3062.75610351563,3090.0458984375,3062.6279296875,3077.98095703125,384100
2024-03-20,3079.68603515625,3081.7548828125,3056.64501953125,3058.64794921875,349200
2024-03-21,3077.11303710938,3090.05102539063,3069.27197265625,3084.412109375,366900
2024-03-22,3048.03393554688,3073.2060546875,3027.76196289063,3070.54809570313,394700
2024-03-25,3026.30590820313,3065.26098632813,3026.30590820313,3040.5009765625,387500
2024-03-26,3031.48095703125,3036.49389648438,3006.26000976563,3026.92211914063,345900
2024-03-27,2993.13891601563,3030.44995117188,2993.13891601563,3026.81396484375,343200
2024-03-28,3010.6640625,3033.36694335938,2984.1201171875,2988.59008789063,353200
2024-03-29,3041.1669921875,3041.29809570313,3008.1669921875,3008.3759765625,334800
2024-04-01,3077.37890625,3078.48803710938,3049.02099609375,3049.02099609375,375400
2024-04-02,3074.958984375,3085.537109375,3063.98095703125,3076.875,367300
2024-04-03,3069.2958984375,3079.02001953125,3057.39697265625,3074.89306640625,363200
2024-04-08,3047.05297851563,3077.35107421875,3045.46899414063,3057.32592773438,402900
2024-04-09,3048.537109375,3051.5849609375,3033.208984375,3044.61401367188,333500
2024-04-10,3027.3349609375,3049.60693359375,3013.59008789063,3045.9609375,349000
2024-04-11,3034.24609375,3050.3369140625,3009.89697265625,3013.57299804688,340900
2024-04-12,3019.47412109375,3043.56005859375,3014.830078125,3035.57690429688,334200
2024-04-15,3057.3779296875,3066.94091796875,2995.5419921875,3013.67211914063,461200
2024-04-16,3007.06811523438,3052.43505859375,3005.34008789063,3043.55102539063,448100
2024-04-17,3071.38110351563,3071.38110351563,3002.05590820313,3008.06103515625,413400
2024-04-18,3074.22509765625,3102.55297851563,3057.76098632813,3060.03100585938,416300
2024-04-19,3065.26098632813,3080.32299804688,3055.05810546875,3060.29907226563,375500
2024-04-22,3044.59497070313,3078.42309570313,3042.5419921875,3059.06494140625,357200
2024-04-23,3021.97802734375,3044.94409179688,3016.51708984375,3038.61206054688,325600
2024-04-24,3044.82202148438,3045.63989257813,3019.1240234375,3029.40307617188,305300
2024-04-25,3052.89990234375,3060.26391601563,3034.64990234375,3037.92700195313,292300
2024-04-26,3088.63598632813,3092.42993164063,3054.97900390625,3054.97900390625,439400
2024-04-29,3113.04296875,3119.68603515625,3080.5859375,3086.68188476563,506900
2024-04-30,3104.82495117188,3123.2880859375,3104.2939453125,3110.15893554688,440200
2024-05-06,3140.71997070313,3142.38208007813,3126.76904296875,3132.51196289063,450700
2024-05-07,3147.73803710938,3151.21899414063,3133.68994140625,3139.6640625,379100
2024-05-08,3128.47998046875,3144.98608398438,3126.17309570313,3141.48706054688,334000
2024-05-09,3154.32006835938,3158.46508789063,3128.1640625,3128.1640625,360900
2024-05-10,3154.54711914063,3163.14404296875,3137.15209960938,3158.58911132813,384300
2024-05-13,3148.02099609375,3157.36596679688,3126.169921875,3139.47509765625,397000
2024-05-14,3145.77392578125,3155.80688476563,3137.60888671875,3148.84912109375,343500
2024-05-15,3119.90209960938,3142.97290039063,3117.92895507813,3141.251953125,321000
2024-05-16,3122.40087890625,3137.8779296875,3116.1630859375,3127.18408203125,367400
2024-05-17,3154.02587890625,3154.02587890625,3116.78393554688,3121.712890625,383900
2024-05-20,3171.14501953125,3174.26611328125,3155.98999023438,3156.14794921875,426900
2024-05-21,3157.96606445313,3165.22412109375,3148.34204101563,3164.68310546875,335800
2024-05-22,3158.5400390625,3166.9189453125,3152.45703125,3157.18896484375,354100
2024-05-23,3116.38696289063,3150.6279296875,3110.27709960938,3149.875,353900
2024-05-24,3088.87109375,3130.42504882813,3087.7939453125,3110.7529296875,306500
2024-05-27,3124.04296875,3125.50610351563,3091.98901367188,3094.13989257813,319400
2024-05-28,3109.57202148438,3130.31005859375,3106.36499023438,3122.38793945313,310100
2024-05-29,3111.01806640625,3128.13696289063,3100.97998046875,3108.02709960938,290000
2024-05-30,3091.67797851563,3121.21801757813,3085.38403320313,3103.7080078125,302400
2024-05-31,3086.81298828125,3107.60400390625,3086.81298828125,3094.75903320313,276100
2024-06-03,3078.48901367188,3097.2041015625,3061.27709960938,3085.98095703125,357600
2024-06-04,3091.19897460938,3095.32202148438,3063.587890625,3071.32006835938,309300
2024-06-05,3065.40307617188,3092.34594726563,3064.73608398438,3086.05102539063,290500
2024-06-06,3048.7939453125,3077.67309570313,3040.830078125,3069.43896484375,369900
2024-06-07,3051.27905273438,3065.02490234375,3031.0439453125,3053.9150390625,316300
2024-06-11,3028.044921875,3043.19995117188,3013.86108398438,3042.13403320313,310500
2024-06-12,3037.46801757813,3042.0419921875,3021.30908203125,3025.2958984375,279500
2024-06-13,3028.9189453125,3040.40209960938,3022.82202148438,3038.0859375,297900
2024-06-14,3032.63305664063,3037.90502929688,3011.57690429688,3020.958984375,348700
2024-06-17,3015.89111328125,3026.6240234375,3012.044921875,3017.71704101563,295800
2024-06-18,3030.24609375,3031.97607421875,3012.52294921875,3015.07104492188,273600
2024-06-19,3018.04907226563,3030.22607421875,3015.32592773438,3029.09912109375,261300
2024-06-20,3005.43701171875,3028.51391601563,3001.76806640625,3015.72192382813,295500
2024-06-21,2998.13793945313,3011.9140625,2985.92895507813,2998.24096679688,255000
2024-06-24,2963.09912109375,2990.64306640625,2960.126953125,2982.82592773438,298700
2024-06-25,2949.99609375,2971.65307617188,2935.5380859375,2962.76489257813,273200
2024-06-26,2972.52490234375,2976.6689453125,2933.330078125,2943.44702148438,282400
2024-06-27,2945.85205078125,2963.06396484375,2944.89794921875,2962.69604492188,270500
2024-06-28,2967.40307617188,2985.46801757813,2939.98388671875,2940.30297851563,315200
2024-07-01,2994.72998046875,2996.40893554688,2961.85595703125,2965.2451171875,297800
2024-07-02,2997.01098632813,3004.98706054688,2989.46997070313,2992.85595703125,281400
2024-07-03,2982.3759765625,2998.537109375,2978.06909179688,2995.6640625,246300
2024-07-04,2957.56689453125,2995.57006835938,2955.2900390625,2984.830078125,274300
2024-07-05,2949.93310546875,2957.10693359375,2920.205078125,2954.3720703125,272300
2024-07-08,2922.44995117188,2947.61010742188,2917.23193359375,2939.8369140625,277500
2024-07-09,2959.3720703125,2963.78198242188,2904.0390625,2919.57299804688,315100
2024-07-10,2939.36401367188,2958.85888671875,2935.330078125,2949.02587890625,301500
2024-07-11,2970.38696289063,2971.36108398438,2947.40307617188,2957.25,328400
2024-07-12,2971.294921875,2977.14208984375,2963.30297851563,2965.61206054688,303700
2024-07-15,2974.01098632813,2977.31298828125,2959.12890625,2963.84692382813,269000
2024-07-16,2976.30395507813,2977.36108398438,2959.666015625,2963.89990234375,260800
2024-07-17,2962.85498046875,2972.794921875,2957.94799804688,2970.80810546875,282300
2024-07-18,2977.13305664063,2978.09204101563,2937.90502929688,2951.14306640625,278000
2024-07-19,2982.30908203125,2986.24291992188,2955.1201171875,2963.51391601563,280900
2024-07-22,2964.21606445313,2978.60107421875,2946.56103515625,2978.19311523438,278700
2024-07-23,2915.36889648438,2960.5,2915.36791992188,2960.5,296300
2024-07-24,2901.95190429688,2922.03002929688,2894.2890625,2909.15209960938,306100
2024-07-25,2886.74194335938,2897.76708984375,2872.85009765625,2891.89208984375,274600
2024-07-26,2890.89697265625,2899.11596679688,2875.39599609375,2885.9951171875,278400
2024-07-29,2891.84497070313,2898.95092773438,2878.5830078125,2889.47290039063,256900
2024-07-30,2879.30004882813,2885.21508789063,2865.14892578125,2885.21508789063,262500
2024-07-31,2938.7490234375,2940.59301757813,2876.30102539063,2877.541015625,412700
2024-08-01,2932.38696289063,2947.876953125,2928.82592773438,2940.1201171875,346600
2024-08-02,2905.337890625,2931.25903320313,2902.71997070313,2913.02001953125,312200
2024-08-05,2860.69799804688,2919.02490234375,2860.69799804688,2889.36303710938,355500
2024-08-06,2867.28393554688,2888.20092773438,2845.3349609375,2878.65087890625,297300
2024-08-07,2869.833984375,2886.94189453125,2857.72509765625,2864.01000976563,263100
2024-08-08,2869.90087890625,2886.39892578125,2850.875,2864.75805664063,289100
2024-08-09,2862.19409179688,2887.84912109375,2862.19409179688,2879.873046875,284300
2024-08-12,2858.205078125,2869.26904296875,2851.294921875,2858.89501953125,244200
2024-08-13,2867.94604492188,2867.94604492188,2845.31005859375,2860.40991210938,231700
2024-08-14,2850.65405273438,2866.24291992188,2850.40087890625,2866.24291992188,217900
2024-08-15,2877.35791015625,2889.0869140625,2839.38793945313,2844.20092773438,271900
2024-08-16,2879.42993164063,2888.67504882813,2873.06005859375,2877.93994140625,263700
2024-08-19,2893.67407226563,2905.15502929688,2877.77099609375,2877.9541015625,261700
2024-08-20,2866.66088867188,2896.51904296875,2855.3291015625,2895.55102539063,263700
2024-08-21,2856.583984375,2863.89111328125,2848.15087890625,2858.93896484375,229200
2024-08-22,2848.77197265625,2861.60693359375,2845.501953125,2856.19995117188,245400
2024-08-23,2854.36791992188,2860.73291015625,2839.3369140625,2844.77001953125,226700
2024-08-26,2855.52001953125,2860.65502929688,2844.38305664063,2855.47412109375,227400
2024-08-27,2848.73095703125,2853.78002929688,2843.15795898438,2850.876953125,230700
2024-08-28,2837.42895507813,2852.56201171875,2830.9619140625,2844.32690429688,228700
2024-08-29,2823.10595703125,2831.43090820313,2815.38305664063,2829.45092773438,277500
2024-08-30,2842.21411132813,2867.96508789063,2817.01391601563,2819.64990234375,397500
2024-09-02,2811.03491210938,2839.27807617188,2810.3740234375,2832.35009765625,340700
2024-09-03,2802.97900390625,2814.90307617188,2794.91088867188,2809.17309570313,275700
2024-09-04,2784.27807617188,2800.60693359375,2781.93505859375,2786.5048828125,257500
2024-09-05,2788.31396484375,2796.01904296875,2777.47094726563,2785.26391601563,242000
2024-09-06,2765.80688476563,2804.09301757813,2765.63891601563,2791.76489257813,253600
2024-09-09,2736.48803710938,2756.55590820313,2726.96704101563,2754.72412109375,261500
2024-09-10,2744.19189453125,2750.11791992188,2718.626953125,2737.88110351563,262200
2024-09-11,2721.794921875,2732.73095703125,2710.62109375,2732.73095703125,242300
2024-09-12,2717.123046875,2734.68310546875,2716.55493164063,2722.13793945313,240100
2024-09-13,2704.09008789063,2728.78002929688,2703.36889648438,2718.98608398438,251300
2024-09-18,2717.28100585938,2724.11401367188,2689.69506835938,2705.34497070313,247800
2024-09-19,2736.02197265625,2747.73999023438,2697.77587890625,2723.205078125,315200
2024-09-20,2736.81396484375,2741.15502929688,2717.94506835938,2734.22802734375,285600
2024-09-23,2748.91796875,2760.47998046875,2731.35693359375,2735.38989257813,257600
2024-09-24,2863.1259765625,2863.15209960938,2761.3720703125,2770.75390625,477600
2024-09-25,2896.30590820313,2952.45092773438,2889.04809570313,2901.4189453125,568300
2024-09-26,3000.95288085938,3000.95288085938,2889.01391601563,2893.7451171875,576300
2024-09-27,3087.52905273438,3087.52905273438,3017.44506835938,3049.10302734375,492300
2024-09-30,3336.4970703125,3358.587890625,3153.69702148438,3194.72192382813,1102300
2024-10-08,3489.77490234375,3674.40502929688,3372.18701171875,3674.40502929688,1313500
2024-10-09,3258.85791015625,3437.15698242188,3249.15893554688,3427.21997070313,992800
2024-10-10,3301.92602539063,3379.80493164063,3228.125,3277.69189453125,834500
2024-10-11,3217.73803710938,3297.751953125,3187.98803710938,3287.873046875,606000
2024-10-14,3284.32299804688,3294.6201171875,3203.90087890625,3241.42797851563,631500
2024-10-15,3201.2919921875,3285.21508789063,3201.2919921875,3265.74609375,566100
2024-10-16,3202.94799804688,3236.84790039063,3167.73608398438,3169.1689453125,515800
2024-10-17,3169.38403320313,3241.56811523438,3169.38403320313,3220.73291015625,528600
2024-10-18,3261.56298828125,3313.97802734375,3152.82104492188,3165.97509765625,693000
2024-10-21,3268.11010742188,3300.6640625,3239.09692382813,3276.06005859375,668200
2024-10-22,3285.86694335938,3294.9609375,3255.13793945313,3263.82202148438,574900
2024-10-23,3302.80297851563,3331.08203125,3277.06591796875,3285.2470703125,650400
2024-10-24,3280.26293945313,3292.94506835938,3266.88208007813,3287.82397460938,519800
2024-10-25,3299.69995117188,3319.35693359375,3276.1298828125,3280.76196289063,595700
2024-10-28,3322.19799804688,3322.19799804688,3279.71508789063,3300.462890625,672400
2024-10-29,3286.40698242188,3340.4580078125,3284.2109375,3328.08911132813,725300
2024-10-30,3266.23803710938,3291.67993164063,3244.80590820313,3273.64208984375,669000
2024-10-31,3279.82397460938,3295.74194335938,3252.38989257813,3267.97509765625,784600
2024-11-01,3272.01391601563,3305.31811523438,3258.73510742188,3275.57690429688,852100
2024-11-04,3310.20703125,3310.20703125,3263.84204101563,3275.67895507813,665100
2024-11-05,3386.98706054688,3386.98706054688,3302.04711914063,3306.81005859375,821100
2024-11-06,3383.80590820313,3420.9990234375,3367.0810546875,3395.22192382813,895900
2024-11-07,3470.66088867188,3470.66088867188,3356.25805664063,3359.98510742188,959600
2024-11-08,3452.29711914063,3509.81811523438,3443.19311523438,3502.13305664063,964000
2024-11-11,3470.06591796875,3471.1220703125,3416.72705078125,3432.36694335938,818000
2024-11-12,3421.96997070313,3489.42407226563,3402.0419921875,3469.89111328125,817900
2024-11-13,3439.27807617188,3442.29809570313,3404.52490234375,3406.916015625,673700
2024-11-14,3379.83911132813,3441.77490234375,3376.15307617188,3429.5048828125,631600
2024-11-15,3330.72607421875,3391.32006835938,3330.72607421875,3369.80908203125,630300
2024-11-18,3323.84912109375,3386.90307617188,3309.00805664063,3344.68994140625,744000
2024-11-19,3346.01000976563,3346.75805664063,3284.13305664063,3324.88305664063,625000
2024-11-20,3367.98901367188,3375.248046875,3333.001953125,3337.67797851563,566200
2024-11-21,3370.40405273438,3378.51806640625,3348.85498046875,3362.94409179688,530300
2024-11-22,3267.19189453125,3372.0029296875,3267.19189453125,3368.04296875,630700
2024-11-25,3263.76000976563,3285.4560546875,3232.91796875,3274.88403320313,538900
2024-11-26,3259.75708007813,3285.32788085938,3252.86596679688,3256.85791015625,472200
2024-11-27,3309.77905273438,3309.88110351563,3227.35498046875,3250.59106445313,511200
2024-11-28,3295.69799804688,3319.25610351563,3290.36401367188,3308.28002929688,512000
2024-11-29,3326.4560546875,3357.5009765625,3293.68994140625,3295.2099609375,580200
2024-12-02,3363.98193359375,3369.30297851563,3323.00903320313,3328.48193359375,668500
2024-12-03,3378.80590820313,3386.61791992188,3348.3740234375,3366.28491210938,663000
2024-12-04,3364.64990234375,3388.02392578125,3352.94311523438,3376.57202148438,621000
2024-12-05,3368.85498046875,3377.05493164063,3353.05688476563,3353.05688476563,543900
2024-12-06,3404.07592773438,3418.26098632813,3364.2060546875,3370.94091796875,698200
2024-12-09,3402.53393554688,3426.64501953125,3385.958984375,3402.62890625,694900
2024-12-10,3422.66088867188,3494.86694335938,3417.76489257813,3490.2890625,794700
2024-12-11,3432.48999023438,3437.81005859375,3416.0869140625,3416.0869140625,681500
2024-12-12,3461.5,3464.11596679688,3425.97607421875,3432.27905273438,700100
2024-12-13,3391.8779296875,3442.92602539063,3390.75390625,3442.92602539063,777500
2024-12-16,3386.3310546875,3401.92602539063,3376.53588867188,3390.0830078125,625600
2024-12-17,3361.48510742188,3396.20703125,3357.76904296875,3381.81396484375,568900
2024-12-18,3382.2080078125,3396.4599609375,3371.2958984375,3371.2958984375,512500
2024-12-19,3370.03295898438,3377.53198242188,3346.46899414063,3355.90405273438,513900
2024-12-20,3368.06909179688,3390.61791992188,3362.81909179688,3364.48095703125,491000
2024-12-23,3351.25708007813,3384.99194335938,3348.27709960938,3367.90405273438,556700
2024-12-24,3393.52807617188,3394.90405273438,3352.94702148438,3353.53491210938,472000
2024-12-25,3393.35009765625,3406.212890625,3374.01098632813,3395.10693359375,471300
2024-12-26,3398.07690429688,3401.09497070313,3380.2548828125,3389.337890625,422200
2024-12-27,3400.14208984375,3418.95190429688,3388.32202148438,3397.2939453125,500500
2024-12-30,3407.32592773438,3412.84106445313,3394.96508789063,3395.39599609375,455300
2024-12-31,3351.76293945313,3413.455078125,3351.76293945313,3406.96508789063,502700
2025-01-02,3262.56103515625,3351.72192382813,3242.0869140625,3347.93896484375,561400
2025-01-03,3211.42993164063,3273.56591796875,3205.77587890625,3267.07690429688,517600
2025-01-06,3206.92309570313,3219.48803710938,3185.462890625,3209.78295898438,431000
2025-01-07,3229.64404296875,3230.85302734375,3190.4609375,3203.30688476563,409700
2025-01-08,3230.16796875,3246.291015625,3175.72509765625,3218.85791015625,472900
2025-01-09,3211.39306640625,3228.97290039063,3205.90991210938,3220.72094726563,382900
2025-01-10,3168.52392578125,3220.10693359375,3168.52392578125,3211.70703125,403700
2025-01-13,3160.7548828125,3172.69995117188,3140.97802734375,3148.82592773438,372700
2025-01-14,3240.93994140625,3245.21997070313,3159.43188476563,3165.16088867188,469200
2025-01-15,3227.11694335938,3245.90405273438,3222.23608398438,3234.71508789063,404700
2025-01-16,3236.03198242188,3265.28198242188,3217.09692382813,3239.02587890625,430700
2025-01-17,3241.82104492188,3256.50708007813,3219.77294921875,3226.76196289063,383600
2025-01-20,3244.3779296875,3268.26293945313,3238.12109375,3256.14892578125,403300
2025-01-21,3242.623046875,3258.61010742188,3229.06909179688,3256.8330078125,384600
2025-01-22,3213.6240234375,3235.5009765625,3203.3798828125,3235.49291992188,364800
2025-01-23,3230.1640625,3273.52001953125,3229.57202148438,3237.59912109375,458200
2025-01-24,3252.6259765625,3260.01098632813,3221.7119140625,3222.876953125,398700
2025-01-27,3250.60107421875,3274.39208984375,3250.60107421875,3256.61401367188,387500
2025-02-05,3229.48803710938,3271.02197265625,3220.27905273438,3270.15991210938,406400
2025-02-06,3270.65893554688,3271.42700195313,3225.84594726563,3226.57495117188,460800
2025-02-07,3303.6669921875,3324.42797851563,3262.50903320313,3269.22705078125,600600
2025-02-10,3322.169921875,3325.35595703125,3299.24291992188,3308.0400390625,546600
2025-02-11,3318.05688476563,3324.17309570313,3304.44409179688,3323.6689453125,511900
2025-02-12,3346.38500976563,3346.38500976563,3310.38989257813,3312.25708007813,513400
2025-02-13,3332.48291015625,3359.18090820313,3332.48291015625,3343.23510742188,568600
2025-02-14,3346.72412109375,3349.083984375,3322.52905273438,3328.48291015625,532300
2025-02-17,3355.830078125,3357.12109375,3333.19506835938,3355.4169921875,589500
2025-02-18,3324.49096679688,3366.01196289063,3314.30102539063,3348.98291015625,562700
2025-02-19,3351.5390625,3352.0869140625,3320.5810546875,3320.78002929688,502900
2025-02-20,3350.78295898438,3355.55688476563,3338.03393554688,3347.58911132813,504400
2025-02-21,3379.11303710938,3381.05810546875,3339.02587890625,3356.69506835938,608200
2025-02-24,3373.02807617188,3384.81103515625,3355.86889648438,3374.0810546875,598200
2025-02-25,3346.0400390625,3369.55810546875,3337.84497070313,3345.65307617188,527600
2025-02-26,3380.21411132813,3380.21411132813,3351.208984375,3351.208984375,554000
2025-02-27,3388.06201171875,3388.78100585938,3353.57104492188,3378.44897460938,575800
2025-02-28,3320.89697265625,3383.19091796875,3318.71606445313,3374.6640625,568300
2025-03-03,3316.92504882813,3349.01708984375,3304.59301757813,3328.39599609375,502400
2025-03-04,3324.2099609375,3327.82397460938,3297.53002929688,3300.498046875,430000
2025-03-05,3341.96508789063,3342.71411132813,3314.14794921875,3324.69604492188,461000
2025-03-06,3381.09790039063,3387.05395507813,3348.68408203125,3353.57006835938,540000
2025-03-07,3372.5458984375,3390.94409179688,3363.92895507813,3373.18090820313,517700
2025-03-10,3366.1630859375,3375.79809570313,3347.18603515625,3373.25903320313,450400
2025-03-11,3379.82788085938,3379.8291015625,3334.8310546875,3335.43896484375,448500
2025-03-12,3371.92407226563,3392.40893554688,3370.21997070313,3385.68505859375,502200
2025-03-13,3358.72900390625,3377.11791992188,3341.11791992188,3371.09497070313,519000
2025-03-14,3419.56201171875,3421.23291015625,3360.60595703125,3361.68603515625,582700
2025-03-17,3426.12890625,3436.35205078125,3422.4619140625,3430.80908203125,515700
2025-03-18,3429.75903320313,3437.06494140625,3423.30102539063,3434.56494140625,454900
2025-03-19,3426.42895507813,3439.0458984375,3414.59301757813,3424.17309570313,440300
2025-03-20,3408.94799804688,3427.044921875,3404.662109375,3425.21606445313,451600
2025-03-21,3364.8310546875,3414.708984375,3355.84008789063,3401.75903320313,520900
2025-03-24,3370.02807617188,3373.69409179688,3340.23803710938,3364.833984375,513300
2025-03-25,3369.97607421875,3379.98803710938,3361.0458984375,3370.0009765625,456400
2025-03-26,3368.69702148438,3382.34204101563,3365.666015625,3365.666015625,428500
2025-03-27,3373.7490234375,3394.03491210938,3351.17407226563,3362.7119140625,414800
2025-03-28,3351.30688476563,3375.05297851563,3346.0810546875,3372.0390625,412300
2025-03-31,3335.74609375,3361.74194335938,3317.73803710938,3343.34399414063,472600
