Date,Close,High,Low,Open,Volume
2013-03-05,1486.42004394531,1486.72998046875,1485.0400390625,1485.0400390625,0
2013-03-06,1491.48999023438,1498.02001953125,1485.0400390625,1485.0400390625,0
2013-03-07,1491.34997558594,1498.2900390625,1489.02001953125,1491.98999023438,0
2013-03-11,1505.93005371094,1506.42004394531,1503.64001464844,1503.97998046875,0
2013-03-12,1499.73999023438,1501.41003417969,1499.38000488281,1501.41003417969,0
2013-03-13,1495.88000488281,1496.68005371094,1494.94995117188,1495.72998046875,0
2013-03-14,1502.52001953125,1502.52001953125,1498.18005371094,1498.82995605469,0
2013-03-15,1496.56994628906,1497.90002441406,1494.57995605469,1495.7099609375,0
2013-03-18,1462.56005859375,1464.55004882813,1461.35998535156,1461.88000488281,0
2013-03-19,1445.33996582031,1450.10998535156,1442.68005371094,1448.83996582031,0
2013-03-20,1458.7900390625,1461.35998535156,1457.93005371094,1458.23999023438,0
2013-03-21,1458.52001953125,1460.39001464844,1457.2900390625,1459.17004394531,0
2013-03-22,1440.98999023438,1442.88000488281,1439.56005859375,1441.26000976563,0
2013-03-26,1420.02001953125,1420.11999511719,1416.78002929688,1416.78002929688,0
2013-03-27,1424.55004882813,1425.67004394531,1421.73999023438,1424.56005859375,0
2013-03-28,1436.61999511719,1437.5,1433.66003417969,1434.88000488281,0
2013-04-01,1427.7099609375,1429.56994628906,1427.01000976563,1428.2900390625,0
2013-04-02,1428.68005371094,1432.36999511719,1428.46997070313,1430.30004882813,0
2013-04-03,1420.9599609375,1428.02001953125,1420.9599609375,1427.42004394531,0
2013-04-04,1427.96997070313,1427.96997070313,1425.07995605469,1426.60998535156,0
2013-04-05,1417.66003417969,1418.56005859375,1416.5,1417.28002929688,0
2013-04-08,1411.2900390625,1411.52001953125,1408.81005859375,1408.81005859375,0
2013-04-09,1425.71997070313,1426.40002441406,1425.56005859375,1425.7900390625,0
2013-04-10,1426.93994140625,1427.07995605469,1423.97998046875,1425.18994140625,0
2013-04-11,1401.4599609375,1401.4599609375,1399.88000488281,1400.92004394531,0
2013-04-12,1386.56005859375,1387.93994140625,1385.4599609375,1385.61999511719,0
2013-04-15,1354.34997558594,1358.42004394531,1354.34997558594,1358.22998046875,0
2013-04-16,1354.43994140625,1354.67004394531,1352.78002929688,1353.41003417969,0
2013-04-17,1339.40002441406,1339.40002441406,1335.91003417969,1335.91003417969,0
2013-04-18,1336.18994140625,1336.32995605469,1334.52001953125,1335.56994628906,0
2013-04-19,1339.67004394531,1340.34997558594,1337.56994628906,1338.67004394531,0
2013-04-22,1336.80004882813,1338.64001464844,1335.89001464844,1337.21997070313,0
2013-04-23,1339.0400390625,1340.81994628906,1337.53002929688,1339.51000976563,0
2013-04-24,1377.94995117188,1378.66003417969,1377.31005859375,1377.32995605469,0
2013-04-25,1372.34997558594,1375.72998046875,1371.48999023438,1372.5,0
2013-04-26,1373.19995117188,1373.64001464844,1371.16003417969,1373.56994628906,0
2013-04-29,1363.09997558594,1363.58996582031,1361.89001464844,1363.38000488281,0
2013-04-30,1386.68994140625,1386.68994140625,1384.41003417969,1385.88000488281,0
2013-05-02,1382.13000488281,1382.5400390625,1377.14001464844,1377.44995117188,0
2013-05-03,1409.38000488281,1409.38000488281,1406.83996582031,1408.03002929688,0
2013-05-06,1413.9599609375,1414.02001953125,1411.91003417969,1413.02001953125,0
2013-05-07,1431.92004394531,1432.5,1428.7900390625,1430.11999511719,0
2013-05-08,1432.73999023438,1433.19995117188,1431.31005859375,1431.31005859375,0
2013-05-10,1426.83996582031,1427.03002929688,1426.25,1426.25,0
2013-05-13,1411.2099609375,1414.7900390625,1409.40002441406,1414.7900390625,0
2013-05-14,1405.77001953125,1407.52001953125,1405.47998046875,1405.65002441406,0
2013-05-15,1393.5400390625,1394.31005859375,1391.83996582031,1392.5400390625,0
2013-05-16,1373.93994140625,1374.55004882813,1373.53002929688,1373.53002929688,0
2013-05-17,1404.02001953125,1404.05004882813,1401.43005371094,1401.43005371094,0
2013-05-20,1406.9599609375,1407.91003417969,1406.61999511719,1406.93994140625,0
2013-05-21,1423.55004882813,1425.23999023438,1422.40002441406,1423.10998535156,0
2013-05-22,1444.22998046875,1449.61999511719,1444,1448.56005859375,0
2013-05-23,1399.43994140625,1399.56005859375,1397.75,1397.75,0
2013-05-24,1382.23999023438,1382.23999023438,1380.47998046875,1380.92004394531,0
2013-05-27,1378.64001464844,1378.66003417969,1378.06994628906,1378.25,0
2013-05-28,1393.82995605469,1397.5400390625,1392.48999023438,1397.5400390625,0
2013-05-29,1362.71997070313,1362.71997070313,1360.27001953125,1361.16003417969,0
2013-05-30,1361.18994140625,1362.36999511719,1361.06005859375,1362,0
2013-05-31,1343.98999023438,1350.17004394531,1343.98999023438,1350.17004394531,0
2013-06-03,1338.32995605469,1339.69995117188,1337.43994140625,1337.52001953125,0
2013-06-04,1341.64001464844,1342.78002929688,1340.78002929688,1341.32995605469,0
2013-06-05,1326.56994628906,1328.15002441406,1325.72998046875,1326.72998046875,0
2013-06-06,1320.94995117188,1320.94995117188,1315.42004394531,1316.31994628906,0
2013-06-07,1345.47998046875,1345.47998046875,1342.67004394531,1343.90002441406,0
2013-06-10,1337.7900390625,1337.7900390625,1334.65002441406,1335.25,0
2013-06-11,1302.93994140625,1302.93994140625,1301.4599609375,1302.52001953125,0
2013-06-13,1287.51000976563,1287.57995605469,1279.55004882813,1282.4599609375,0
2013-06-14,1300.80004882813,1302.33996582031,1298.56005859375,1300.02001953125,0
2013-06-17,1323.47998046875,1325.48999023438,1323.43994140625,1325.08996582031,0
2013-06-18,1334.93005371094,1335.39001464844,1334.66003417969,1334.66003417969,0
2013-06-19,1323.9599609375,1325.64001464844,1319.2099609375,1323.55004882813,0
2013-06-20,1296.38000488281,1299.93994140625,1294.16003417969,1297.01000976563,0
2013-06-21,1299.10998535156,1300.01000976563,1297.4599609375,1298.41003417969,0
2013-06-24,1292.36999511719,1292.36999511719,1287.93005371094,1289.76000976563,0
2013-06-25,1302.13000488281,1302.13000488281,1297.48999023438,1297.58996582031,0
2013-06-26,1321.86999511719,1321.88000488281,1318.43994140625,1320.39001464844,0
2013-06-27,1313.48999023438,1314.68005371094,1313.16003417969,1314.68005371094,0
2013-06-28,1331.23999023438,1331.23999023438,1328.65002441406,1330.4599609375,0
2013-07-01,1335.75,1336.7099609375,1334.43994140625,1334.43994140625,0
2013-07-02,1337.26000976563,1338.97998046875,1335.7099609375,1338.28002929688,0
2013-07-03,1336.22998046875,1336.39001464844,1333.40002441406,1333.40002441406,0
2013-07-04,1349.64001464844,1349.84997558594,1344.02001953125,1348.93994140625,0
2013-07-05,1344.97998046875,1344.97998046875,1343.25,1343.25,0
2013-07-08,1350.91003417969,1350.91003417969,1349.80004882813,1349.80004882813,0
2013-07-09,1346.17004394531,1346.17004394531,1345.47998046875,1345.47998046875,0
2013-07-10,1334.17004394531,1334.33996582031,1332.26000976563,1333.11999511719,0
2013-07-11,1367.06994628906,1368.9599609375,1367.06994628906,1368.10998535156,0
2013-07-12,1393.97998046875,1397.46997070313,1393.97998046875,1396.38000488281,0
2013-07-15,1401.68005371094,1403.93005371094,1399.83996582031,1403.43005371094,0
2013-07-16,1407.15002441406,1409.2099609375,1407.15002441406,1409.2099609375,0
2013-07-17,1431.5400390625,1432.81005859375,1431.30004882813,1431.30004882813,0
2013-07-18,1417.2099609375,1418.41003417969,1415.59997558594,1417.46997070313,0
2013-07-19,1424.21997070313,1424.21997070313,1421.67004394531,1421.67004394531,0
2013-07-22,1416.60998535156,1417.41003417969,1415.47998046875,1415.47998046875,0
2013-07-23,1418.5,1418.59997558594,1418.32995605469,1418.32995605469,0
2013-07-24,1407.94995117188,1408.42004394531,1407.41003417969,1408.42004394531,0
2013-07-25,1401.61999511719,1402.44995117188,1400.69995117188,1401.93994140625,0
2013-07-26,1403.31005859375,1403.31005859375,1403.31005859375,1403.31005859375,0
2013-07-29,1401.7099609375,1401.7099609375,1398.23999023438,1398.23999023438,0
2013-07-30,1387.97998046875,1388.81005859375,1387.22998046875,1387.31005859375,0
2013-07-31,1377.59997558594,1378.17004394531,1375.93005371094,1376.31005859375,0
2013-08-01,1398.27001953125,1398.75,1397.34997558594,1398.75,0
2013-08-02,1393.21997070313,1393.21997070313,1391.7900390625,1391.7900390625,0
2013-08-05,1391.18005371094,1391.5400390625,1389.2900390625,1391.5400390625,0
2013-08-06,1366.07995605469,1366.07995605469,1362.82995605469,1364.31005859375,0
2013-08-07,1362.46997070313,1365.81994628906,1362.46997070313,1364.40002441406,0
2013-08-08,1362.9599609375,1362.9599609375,1359.97998046875,1360.81994628906,0
2013-08-09,1380.31994628906,1384.92004394531,1359.97998046875,1360.81994628906,0
2013-08-12,1387.68005371094,1387.90002441406,1387.43005371094,1387.90002441406,0
2013-08-13,1407,1409.36999511719,1407,1408.72998046875,0
2013-08-14,1423.83996582031,1424.17004394531,1423.83996582031,1424.17004394531,0
2013-08-15,1392.41003417969,1392.97998046875,1390.9599609375,1392.97998046875,0
2013-08-16,1382.40002441406,1382.40002441406,1380.56005859375,1380.56005859375,0
2013-08-19,1383.01000976563,1383.01000976563,1381.81005859375,1381.97998046875,0
2013-08-20,1379.10998535156,1379.46997070313,1376.81994628906,1376.81994628906,0
2013-08-21,1379.02001953125,1379.02001953125,1375.48999023438,1375.48999023438,0
2013-08-22,1396.53002929688,1397.5400390625,1394.52001953125,1397.5400390625,0
2013-08-23,1395.09997558594,1395.09997558594,1391.94995117188,1392.42004394531,0
2013-08-26,1386.63000488281,1387.2099609375,1385.17004394531,1387.2099609375,0
2013-08-27,1372.02001953125,1374.27001953125,1372.02001953125,1374.27001953125,0
2013-08-28,1369.97998046875,1371.2099609375,1369.64001464844,1369.64001464844,0
2013-08-29,1372.7099609375,1372.7099609375,1371.61999511719,1372.02001953125,0
2013-08-30,1364.5400390625,1366.11999511719,1364.27001953125,1364.75,0
2013-09-02,1368.52001953125,1368.52001953125,1366.98999023438,1366.98999023438,0
2013-09-03,1371.98999023438,1372.97998046875,1371.98999023438,1372.97998046875,0
2013-09-04,1373.61999511719,1375.94995117188,1373.2900390625,1375.66003417969,0
2013-09-05,1421.5,1423.46997070313,1421.31005859375,1421.85998535156,0
2013-09-06,1421.44995117188,1423.40002441406,1421.44995117188,1423.40002441406,0
2013-09-09,1451.60998535156,1453.51000976563,1450,1451.5400390625,0
2013-09-10,1453.31005859375,1453.31005859375,1452.26000976563,1452.52001953125,0
2013-09-11,1452.66003417969,1459.67004394531,1449.68994140625,1452.52001953125,0
2013-09-12,1451.36999511719,1451.89001464844,1450.10998535156,1450.66003417969,0
2013-09-13,1440.93005371094,1442.69995117188,1438.7900390625,1441.06005859375,0
2013-09-16,1471.98999023438,1474.02001953125,1470.36999511719,1470.7099609375,0
2013-09-17,1470.10998535156,1473.18005371094,1469.92004394531,1472.17004394531,0
2013-09-18,1475.10998535156,1475.10998535156,1463.80004882813,1464.34997558594,0
2013-09-19,1485.15002441406,1487.81005859375,1483.85998535156,1486.48999023438,0
2013-09-20,1477.84997558594,1477.84997558594,1475.21997070313,1476.68994140625,0
2013-09-23,1467.94995117188,1467.94995117188,1466.0400390625,1466.41003417969,0
2013-09-24,1465.78002929688,1465.78002929688,1463.55004882813,1464.71997070313,0
2013-09-25,1478.0400390625,1481.68005371094,1478.0400390625,1479.58996582031,0
2013-09-26,1483.69995117188,1483.98999023438,1483.69995117188,1483.98999023438,0
2013-09-27,1472.48999023438,1474.56994628906,1472.13000488281,1472.22998046875,0
2013-09-30,1463.13000488281,1464.18994140625,1462.81994628906,1462.81994628906,0
2013-10-01,1472.25,1472.91003417969,1472.03002929688,1472.44995117188,0
2013-10-02,1456.96997070313,1457.23999023438,1453.43994140625,1454.53002929688,0
2013-10-03,1457.31005859375,1466.19995117188,1452.26000976563,1454.53002929688,0
2013-10-04,1472.9599609375,1474.55004882813,1472.9599609375,1474.44995117188,0
2013-10-07,1480.63000488281,1480.63000488281,1480.19995117188,1480.19995117188,0
2013-10-08,1501.5400390625,1503.83996582031,1501.5400390625,1503.43994140625,0
2013-10-09,1501.06005859375,1501.06005859375,1499.21997070313,1499.21997070313,0
2013-10-10,1518.76000976563,1518.76000976563,1516.80004882813,1516.80004882813,0
2013-10-11,1511.59997558594,1511.81005859375,1511.59997558594,1511.81005859375,0
2013-10-14,1510.57995605469,1511.22998046875,1510.01000976563,1510.19995117188,0
2013-10-15,1530.17004394531,1530.17004394531,1530.17004394531,1530.17004394531,0
2013-10-16,1533.80004882813,1533.83996582031,1529.31994628906,1531.56994628906,0
2013-10-17,1513.32995605469,1513.32995605469,1512.31994628906,1512.31994628906,0
2013-10-18,1538.14001464844,1538.14001464844,1535.2099609375,1535.21997070313,0
2013-10-21,1535.27001953125,1535.27001953125,1535.27001953125,1535.27001953125,0
2013-10-22,1526.40002441406,1526.40002441406,1526.40002441406,1526.40002441406,0
2013-10-23,1506.09997558594,1508.06994628906,1506.09997558594,1506.86999511719,0
2013-10-24,1501.93994140625,1501.93994140625,1501.93994140625,1501.93994140625,0
2013-10-25,1505.39001464844,1505.39001464844,1503.44995117188,1504.69995117188,0
2013-10-28,1511.51000976563,1511.51000976563,1511.51000976563,1511.51000976563,0
2013-10-29,1517.7900390625,1517.7900390625,1515.66003417969,1516.30004882813,0
2013-10-30,1514.06005859375,1516,1514.06005859375,1516,0
2013-10-31,1509.61999511719,1510.14001464844,1507.57995605469,1509.57995605469,0
2013-11-01,1515.15002441406,1515.15002441406,1515.15002441406,1515.15002441406,0
2013-11-05,1507.73999023438,1507.73999023438,1506,1507.06994628906,0
2013-11-06,1501.89001464844,1501.89001464844,1499.94995117188,1499.94995117188,0
2013-11-07,1507.77001953125,1508.60998535156,1507.77001953125,1508.60998535156,0
2013-11-08,1489.31994628906,1489.84997558594,1488.89001464844,1488.89001464844,0
2013-11-11,1481.2900390625,1485.44995117188,1481.2900390625,1485.44995117188,0
2013-11-12,1498.46997070313,1499.97998046875,1481.2900390625,1485.44995117188,0
2013-11-13,1467.22998046875,1468.14001464844,1466.81994628906,1466.81994628906,0
2013-11-14,1491.09997558594,1491.09997558594,1489.40002441406,1489.40002441406,0
2013-11-15,1495.28002929688,1503.43005371094,1488.56994628906,1489.40002441406,0
2013-11-18,1511.72998046875,1513.09997558594,1509.81994628906,1510.71997070313,0
2013-11-19,1506.96997070313,1517.61999511719,1506.07995605469,1510.71997070313,0
2013-11-20,1506.61999511719,1506.61999511719,1506.61999511719,1506.61999511719,0
2013-11-21,1494.06994628906,1506.61999511719,1489.97998046875,1506.61999511719,0
2013-11-22,1504.2099609375,1504.2099609375,1504.2099609375,1504.2099609375,0
2013-11-25,1504.96997070313,1513.2900390625,1504.14001464844,1504.2099609375,0
2013-11-26,1484.57995605469,1484.59997558594,1484.57995605469,1484.59997558594,0
2013-11-27,1475.27001953125,1476.5400390625,1475.16003417969,1475.16003417969,0
2013-11-28,1484.02001953125,1484.02001953125,1480.07995605469,1480.07995605469,0
2013-11-29,1479.78002929688,1484.02001953125,1467.31994628906,1480.07995605469,0
2013-12-02,1473.56005859375,1473.56005859375,1473.56005859375,1473.56005859375,0
2013-12-03,1448.43005371094,1450.96997070313,1448.43005371094,1450.21997070313,0
2013-12-04,1439.35998535156,1439.35998535156,1437.48999023438,1437.77001953125,0
2013-12-05,1428.7099609375,1429.25,1428.14001464844,1429.25,0
2013-12-06,1448.67004394531,1448.67004394531,1448.67004394531,1448.67004394531,0
2013-12-09,1465.69995117188,1465.69995117188,1465.69995117188,1465.69995117188,0
2013-12-10,1465.93005371094,1465.93005371094,1464.14001464844,1464.14001464844,0
2013-12-11,1462.53002929688,1465.25,1462.53002929688,1465.25,0
2013-12-12,1449.73999023438,1449.73999023438,1449.73999023438,1449.73999023438,0
2013-12-13,1450.19995117188,1454.02001953125,1445,1452.63000488281,0
2013-12-16,1472.76000976563,1473.02001953125,1468.21997070313,1469.56994628906,0
2013-12-17,1480.57995605469,1480.57995605469,1479.68994140625,1480.08996582031,0
2013-12-18,1490.85998535156,1490.85998535156,1485.47998046875,1488.2099609375,0
2013-12-19,1499.42004394531,1499.42004394531,1499.17004394531,1499.17004394531,0
2013-12-20,1496.34997558594,1497.31005859375,1495.21997070313,1497.31005859375,0
2013-12-23,1507.84997558594,1507.84997558594,1506.89001464844,1506.89001464844,0
2013-12-24,1508.18994140625,1508.18994140625,1506.41003417969,1506.41003417969,0
2013-12-26,1501.82995605469,1501.82995605469,1501.82995605469,1501.82995605469,0
2013-12-27,1494.53002929688,1496.27001953125,1494.53002929688,1496.27001953125,0
2013-12-30,1503.39001464844,1504.32995605469,1503.39001464844,1504.14001464844,0
2014-01-06,1463.75,1465.98999023438,1463.75,1465.98999023438,0
2014-01-08,1462.67004394531,1462.67004394531,1462.67004394531,1462.67004394531,0
2014-01-09,1464.94995117188,1465.73999023438,1464.94995117188,1465.73999023438,0
2014-01-10,1469.39001464844,1469.39001464844,1469.18994140625,1469.18994140625,0
2014-01-13,1477.28002929688,1477.58996582031,1477.28002929688,1477.58996582031,0
2014-01-14,1471.06005859375,1471.06005859375,1469.76000976563,1469.76000976563,0
2014-01-15,1485.77001953125,1486.46997070313,1485.77001953125,1486.36999511719,0
2014-01-16,1480.43005371094,1480.63000488281,1480.43005371094,1480.63000488281,0
2014-01-17,1484.84997558594,1485.75,1484.84997558594,1485.75,0
2014-01-20,1495.93994140625,1495.93994140625,1495.92004394531,1495.92004394531,0
2014-01-21,1503.59997558594,1503.59997558594,1503.59997558594,1503.59997558594,0
2014-01-22,1498.72998046875,1498.72998046875,1498.72998046875,1498.72998046875,0
2014-01-23,1493.7900390625,1496.90002441406,1493.7900390625,1496.90002441406,0
2014-01-24,1492.71997070313,1494.18005371094,1491.68994140625,1494.18005371094,0
2014-01-27,1477.86999511719,1478.86999511719,1477.67004394531,1477.91003417969,0
2014-01-28,1470.82995605469,1470.82995605469,1468.33996582031,1468.34997558594,0
2014-01-29,1463.10998535156,1465.03002929688,1463.03002929688,1463.05004882813,0
2014-01-30,1463.59997558594,1463.59997558594,1463.59997558594,1463.59997558594,0
2014-01-31,1454.05004882813,1455.23999023438,1453.55004882813,1453.55004882813,0
2014-02-03,1440.90002441406,1442.52001953125,1439.52001953125,1442.52001953125,0
2014-02-04,1441.7900390625,1442.02001953125,1439.91003417969,1442.02001953125,0
2014-02-05,1456,1460.72998046875,1437.63000488281,1442.02001953125,0
2014-02-06,1463.9599609375,1465.18005371094,1463.9599609375,1465.18005371094,0
2014-02-07,1478.21997070313,1478.21997070313,1478.21997070313,1478.21997070313,0
2014-02-10,1475.90002441406,1475.90002441406,1475.82995605469,1475.82995605469,0
2014-02-11,1483.43005371094,1488.93994140625,1473.30004882813,1475.82995605469,0
2014-02-12,1498.07995605469,1498.07995605469,1496.06994628906,1496.06994628906,0
2014-02-13,1478.77001953125,1478.77001953125,1478.77001953125,1478.77001953125,0
2014-02-14,1494.31994628906,1494.38000488281,1494.31994628906,1494.38000488281,0
2014-02-18,1504.23999023438,1518.11999511719,1500.42004394531,1507.81005859375,0
2014-02-19,1485.59997558594,1507.92004394531,1482.03002929688,1504.02001953125,0
2014-02-20,1480.98999023438,1485.47998046875,1467.5400390625,1485.47998046875,0
2014-02-21,1487.64001464844,1492.33996582031,1481.84997558594,1481.84997558594,0
2014-02-24,1489.01000976563,1491.77001953125,1480.03002929688,1487.51000976563,0
2014-02-25,1478.64001464844,1495.13000488281,1472.43994140625,1489.58996582031,0
2014-02-26,1469.51000976563,1486.10998535156,1465.21997070313,1478.90002441406,0
2014-02-27,1448.69995117188,1476.26000976563,1431.61999511719,1469.93005371094,0
2014-02-28,1444.7099609375,1456.43005371094,1429.28002929688,1448.78002929688,0
2014-03-03,1288.81005859375,1438.02001953125,1261.83996582031,1438.02001953125,0
2014-03-04,1356.5400390625,1365.2099609375,1288.78002929688,1288.78002929688,0
2014-03-05,1351.10998535156,1364.03002929688,1330.67004394531,1356.27001953125,0
2014-03-06,1337.97998046875,1370.35998535156,1301.9599609375,1351.5,0
2014-03-07,1339.35998535156,1359.18005371094,1322.09997558594,1337.5,0
2014-03-11,1308.69995117188,1338.5,1304.35998535156,1338.5,0
2014-03-12,1274.2099609375,1307.07995605469,1271.76000976563,1307.07995605469,0
2014-03-13,1248.56005859375,1285.89001464844,1247.7900390625,1274.23999023438,0
2014-03-14,1237.43005371094,1248.2900390625,1182.89001464844,1248.2900390625,0
2014-03-17,1283.69995117188,1288.30004882813,1237.52001953125,1237.52001953125,0
2014-03-18,1335.85998535156,1340.15002441406,1278.81994628906,1285.53002929688,0
2014-03-19,1319.02001953125,1352.40002441406,1312.51000976563,1335.83996582031,0
2014-03-20,1320.5,1325.44995117188,1302.72998046875,1316.67004394531,0
2014-03-21,1307.33996582031,1320.11999511719,1270.63000488281,1320.11999511719,0
2014-03-24,1297.91003417969,1332.93005371094,1297.88000488281,1307.33996582031,0
2014-03-25,1324.43994140625,1332.76000976563,1289.26000976563,1297.90002441406,0
2014-03-26,1349.39001464844,1359.85998535156,1324.51000976563,1324.51000976563,0
2014-03-27,1331.93005371094,1351.7099609375,1321.22998046875,1347.82995605469,0
2014-03-28,1344.11999511719,1353.82995605469,1330.5400390625,1333.01000976563,0
2014-03-31,1369.2900390625,1369.2900390625,1343.43994140625,1344.15002441406,0
2014-04-01,1375.72998046875,1378.53002929688,1359.61999511719,1369.31994628906,0
2014-04-02,1373.32995605469,1379.88000488281,1358.4599609375,1375.96997070313,0
2014-04-03,1366.0400390625,1382.05004882813,1360.48999023438,1373.56994628906,0
2014-04-04,1382.41003417969,1388,1361.63000488281,1366.43005371094,0
2014-04-07,1349.7900390625,1380.15002441406,1334.93005371094,1380.15002441406,0
2014-04-08,1352.32995605469,1352.32995605469,1334.67004394531,1349.84997558594,0
2014-04-09,1348.84997558594,1355.77001953125,1337.97998046875,1353.18005371094,0
2014-04-10,1367.7099609375,1367.7099609375,1348.30004882813,1348.77001953125,0
2014-04-11,1362.40002441406,1371.06994628906,1346.18005371094,1367.65002441406,0
2014-04-14,1344.85998535156,1362.0400390625,1337,1362.0400390625,0
2014-04-15,1311.01000976563,1347.82995605469,1308.93005371094,1344.18005371094,0
2014-04-16,1322.59997558594,1326.19995117188,1300.76000976563,1310.97998046875,0
2014-04-17,1329.67004394531,1336.21997070313,1311.01000976563,1322.67004394531,0
2014-04-21,1345.0400390625,1359.15002441406,1342.47998046875,1356.47998046875,0
2014-04-22,1335.61999511719,1345.02001953125,1327.06994628906,1345,0
2014-04-23,1329.10998535156,1335.65002441406,1324.21997070313,1335.65002441406,0
2014-04-24,1300.5400390625,1334.08996582031,1289.88000488281,1329.09997558594,0
2014-04-25,1280.11999511719,1300.53002929688,1277.93994140625,1300.53002929688,0
2014-04-28,1299.13000488281,1302.07995605469,1260.43005371094,1278.11999511719,0
2014-04-29,1304.78002929688,1318.32995605469,1298.71997070313,1300.82995605469,0
2014-04-30,1306.01000976563,1309.48999023438,1296.23999023438,1304.76000976563,0
2014-05-05,1298.2900390625,1306.34997558594,1289.80004882813,1302.98999023438,0
2014-05-06,1318.56994628906,1321.42004394531,1299.06994628906,1299.06994628906,0
2014-05-07,1363.47998046875,1379.42004394531,1312.71997070313,1316.73999023438,0
2014-05-08,1371.42004394531,1383.76000976563,1355.33996582031,1364.2900390625,0
2014-05-12,1375.31005859375,1383.86999511719,1363.0400390625,1372.08996582031,0
2014-05-13,1385.2900390625,1395.18994140625,1375.56005859375,1375.56005859375,0
2014-05-14,1389.10998535156,1389.10998535156,1378.39001464844,1385.27001953125,0
2014-05-15,1381.98999023438,1399.48999023438,1381.19995117188,1388.68005371094,0
2014-05-16,1392.30004882813,1392.30004882813,1374.2900390625,1381.43994140625,0
2014-05-19,1413.84997558594,1418.86999511719,1392.51000976563,1392.51000976563,0
2014-05-20,1425.57995605469,1425.98999023438,1406.86999511719,1413.85998535156,0
2014-05-21,1439.90002441406,1441.86999511719,1415.5,1425.56994628906,0
2014-05-22,1430.5400390625,1446.30004882813,1420.48999023438,1440.7900390625,0
2014-05-23,1438.97998046875,1440.80004882813,1422.07995605469,1430.5400390625,0
2014-05-26,1449.35998535156,1456.66003417969,1438.33996582031,1439.15002441406,0
2014-05-27,1417.31994628906,1449.56994628906,1410.08996582031,1449.38000488281,0
2014-05-28,1425.94995117188,1429.80004882813,1408.86999511719,1417.38000488281,0
2014-05-29,1447.39001464844,1449.58996582031,1426.68994140625,1426.68994140625,0
2014-05-30,1432.03002929688,1450.76000976563,1432.03002929688,1447.76000976563,0
2014-06-02,1464.46997070313,1475,1432.67004394531,1432.67004394531,0
2014-06-03,1472.82995605469,1472.82995605469,1449.82995605469,1463.61999511719,0
2014-06-04,1475.7900390625,1482.63000488281,1466.07995605469,1472.06005859375,0
2014-06-05,1470.69995117188,1483.83996582031,1465.90002441406,1476.06005859375,0
2014-06-06,1484.93994140625,1486.58996582031,1457.72998046875,1470.72998046875,0
2014-06-09,1485.39001464844,1497.90002441406,1484.27001953125,1485.27001953125,0
2014-06-10,1490.81005859375,1490.81005859375,1475.97998046875,1485.23999023438,0
2014-06-11,1501.18005371094,1501.18005371094,1487.44995117188,1490.80004882813,0
2014-06-16,1493.93005371094,1501.17004394531,1467.36999511719,1501.17004394531,0
2014-06-17,1486.38000488281,1501.58996582031,1479.97998046875,1494.07995605469,0
2014-06-18,1494.28002929688,1500.36999511719,1484.52001953125,1486.46997070313,0
2014-06-19,1495.08996582031,1508.94995117188,1493.85998535156,1494.98999023438,0
2014-06-20,1486.30004882813,1495.93005371094,1481.25,1494.86999511719,0
2014-06-23,1486.30004882813,1498.86999511719,1478.63000488281,1486.32995605469,0
2014-06-24,1518.82995605469,1519.0400390625,1487.09997558594,1487.09997558594,0
2014-06-25,1481.94995117188,1517.61999511719,1479.31005859375,1517.61999511719,0
2014-06-26,1473.18005371094,1489.68005371094,1465.25,1482.13000488281,0
2014-06-27,1477.31994628906,1481.15002441406,1467.98999023438,1473.31005859375,0
2014-06-30,1476.38000488281,1478.41003417969,1460.42004394531,1477.2900390625,0
2014-07-01,1482.92004394531,1483.22998046875,1461.53002929688,1476.28002929688,0
2014-07-02,1514.32995605469,1514.32995605469,1482.84997558594,1482.91003417969,0
2014-07-03,1514.46997070313,1522.14001464844,1510.68994140625,1514.66003417969,0
2014-07-04,1489.53002929688,1516.32995605469,1485.59997558594,1515.53002929688,0
2014-07-07,1513.71997070313,1518.0400390625,1484.31994628906,1489.55004882813,0
2014-07-08,1516.75,1531.98999023438,1512.73999023438,1513.76000976563,0
2014-07-09,1513.38000488281,1518.43994140625,1496.97998046875,1516.2900390625,0
2014-07-10,1494.92004394531,1521.85998535156,1480.34997558594,1513.36999511719,0
2014-07-11,1499.81994628906,1502.18994140625,1488.91003417969,1495.01000976563,0
2014-07-14,1483.41003417969,1502.67004394531,1482.80004882813,1500.2900390625,0
2014-07-15,1475.77001953125,1487.41003417969,1472.02001953125,1482.22998046875,0
2014-07-16,1474.71997070313,1482.57995605469,1459.33996582031,1475.68005371094,0
2014-07-17,1440.63000488281,1470.82995605469,1429.07995605469,1470.82995605469,0
2014-07-18,1422.53002929688,1440.5400390625,1410.75,1440.5400390625,0
2014-07-21,1384.5,1424.17004394531,1384.5,1422.53002929688,0
2014-07-22,1405.96997070313,1414.16003417969,1386.14001464844,1386.14001464844,0
2014-07-23,1406.57995605469,1421.56005859375,1395.81005859375,1406.5,0
2014-07-24,1408.80004882813,1410.67004394531,1394.05004882813,1405.57995605469,0
2014-07-25,1388.41003417969,1408.18994140625,1386.18005371094,1408.18994140625,0
2014-07-28,1361.93994140625,1387.11999511719,1357.09997558594,1387.11999511719,0
2014-07-29,1369.82995605469,1380.23999023438,1356.64001464844,1361.21997070313,0
2014-07-30,1382.14001464844,1403.55004882813,1359.78002929688,1368.71997070313,0
2014-07-31,1379.60998535156,1399.07995605469,1377.35998535156,1383.0400390625,0
2014-08-01,1374.82995605469,1378.07995605469,1358.15002441406,1378.03002929688,0
2014-08-04,1378.97998046875,1386.40002441406,1365.03002929688,1375.72998046875,0
2014-08-05,1357.89001464844,1383.28002929688,1356.2099609375,1379.5,0
2014-08-06,1334.66003417969,1362.17004394531,1333.51000976563,1357.32995605469,0
2014-08-07,1333.53002929688,1339.76000976563,1306.86999511719,1333.39001464844,0
2014-08-08,1348.2099609375,1360.43005371094,1329.18005371094,1332.26000976563,0
2014-08-11,1372.44995117188,1379.2099609375,1350.42004394531,1350.42004394531,0
2014-08-12,1374.18994140625,1386.18005371094,1368.09997558594,1372.93994140625,0
2014-08-13,1398.84997558594,1402.38000488281,1373.64001464844,1373.64001464844,0
2014-08-14,1407.53002929688,1412.86999511719,1391.67004394531,1399.06994628906,0
2014-08-15,1417.81994628906,1425.68005371094,1400.69995117188,1407.56994628906,0
2014-08-18,1425.18005371094,1427.93005371094,1415.39001464844,1418.05004882813,0
2014-08-19,1437.59997558594,1441.34997558594,1425.18005371094,1425.18005371094,0
2014-08-20,1447.5,1447.5,1432.64001464844,1437.57995605469,0
2014-08-21,1461.75,1469.40002441406,1445.53002929688,1447.11999511719,0
2014-08-22,1446.59997558594,1463.53002929688,1434.08996582031,1461.7900390625,0
2014-08-25,1454.67004394531,1456.69995117188,1446.14001464844,1446.85998535156,0
2014-08-26,1443.31994628906,1459.94995117188,1441.4599609375,1454.46997070313,0
2014-08-27,1447.91003417969,1454.9599609375,1444.28002929688,1444.28002929688,0
2014-08-28,1423.78002929688,1447.71997070313,1414.18005371094,1447.5400390625,0
2014-08-29,1400.7099609375,1428.57995605469,1400.51000976563,1423.56005859375,0
2014-09-01,1392.40002441406,1419.88000488281,1389.82995605469,1401.33996582031,0
2014-09-02,1400.34997558594,1401.67004394531,1386.41003417969,1392.27001953125,0
2014-09-03,1449.2900390625,1452.86999511719,1400.43994140625,1400.43994140625,0
2014-09-04,1457.33996582031,1461.98999023438,1439.40002441406,1449.51000976563,0
2014-09-05,1474.7099609375,1481.06005859375,1447.03002929688,1456,0
2014-09-08,1464.76000976563,1478.2099609375,1460.85998535156,1474.38000488281,0
2014-09-09,1468.17004394531,1479.55004882813,1465.13000488281,1465.13000488281,0
2014-09-10,1468.55004882813,1472.16003417969,1456.56005859375,1466.98999023438,0
2014-09-11,1449.63000488281,1479,1449.18005371094,1469.40002441406,0
2014-09-12,1458.52001953125,1470.47998046875,1440.22998046875,1449.40002441406,0
2014-09-15,1454.18994140625,1466.42004394531,1441.33996582031,1457.86999511719,0
2014-09-16,1477.31005859375,1483.59997558594,1451.2099609375,1454.13000488281,0
2014-09-17,1449.36999511719,1477.08996582031,1437.72998046875,1477.08996582031,0
2014-09-18,1448.63000488281,1460.08996582031,1443.80004882813,1449.36999511719,0
2014-09-19,1431.57995605469,1454.05004882813,1423.58996582031,1448.18994140625,0
2014-09-22,1412.82995605469,1436.11999511719,1412.82995605469,1431.11999511719,0
2014-09-23,1429.44995117188,1432.2099609375,1413.55004882813,1413.56994628906,0
2014-09-24,1441.82995605469,1447.43005371094,1429.96997070313,1429.96997070313,0
2014-09-25,1436.05004882813,1454.26000976563,1435.39001464844,1443.03002929688,0
2014-09-26,1434.19995117188,1440.83996582031,1424.43005371094,1435.08996582031,0
2014-09-29,1408.28002929688,1444.92004394531,1405.93994140625,1434.98999023438,0
2014-09-30,1411.06994628906,1428.02001953125,1402.43005371094,1409.06994628906,0
2014-10-01,1399.98999023438,1421.51000976563,1399.80004882813,1410.32995605469,0
2014-10-02,1376.34997558594,1400.78002929688,1372.4599609375,1399.2099609375,0
2014-10-03,1384.66003417969,1397.14001464844,1376.36999511719,1377.65002441406,0
2014-10-06,1418.15002441406,1424.34997558594,1385.96997070313,1385.96997070313,0
2014-10-07,1403.47998046875,1421.81005859375,1399.56994628906,1418.15002441406,0
2014-10-08,1379.76000976563,1403.56005859375,1379.76000976563,1403.56005859375,0
2014-10-09,1384.32995605469,1405.35998535156,1379.89001464844,1379.89001464844,0
2014-10-10,1364.23999023438,1382.17004394531,1359.43994140625,1382.17004394531,0
2014-10-13,1383.93005371094,1393.56994628906,1358.4599609375,1364.10998535156,0
2014-10-14,1394.16003417969,1408.53002929688,1383.66003417969,1383.68994140625,0
2014-10-15,1377.08996582031,1394.72998046875,1374.58996582031,1393.66003417969,0
2014-10-16,1360.32995605469,1393.36999511719,1354.69995117188,1377.43005371094,0
2014-10-17,1384.71997070313,1391.05004882813,1362.06005859375,1362.06005859375,0
2014-10-20,1376.35998535156,1395.92004394531,1369.98999023438,1385.26000976563,0
2014-10-21,1383.34997558594,1389.81005859375,1361.58996582031,1375.81994628906,0
2014-10-22,1374.18994140625,1392.41003417969,1371.44995117188,1384.16003417969,0
2014-10-23,1372.92004394531,1377.93005371094,1355.30004882813,1373.43005371094,0
2014-10-24,1380.39001464844,1381.81994628906,1363.55004882813,1372.40002441406,0
2014-10-27,1394.27001953125,1404.06994628906,1381.94995117188,1381.94995117188,0
2014-10-28,1415.51000976563,1422.71997070313,1394.26000976563,1394.75,0
2014-10-29,1439.57995605469,1441.97998046875,1411,1415.53002929688,0
2014-10-30,1452.89001464844,1456.88000488281,1428.40002441406,1438.80004882813,0
2014-10-31,1488.46997070313,1488.46997070313,1453.89001464844,1453.89001464844,0
2014-11-05,1495.26000976563,1496.0400390625,1471.2900390625,1490.66003417969,0
2014-11-06,1497.4599609375,1521.11999511719,1490.66003417969,1495.46997070313,0
2014-11-07,1497.10998535156,1525.98999023438,1486.42004394531,1496.51000976563,0
2014-11-10,1515.35998535156,1518.7099609375,1498.58996582031,1498.61999511719,0
2014-11-11,1514.78002929688,1531.85998535156,1511.69995117188,1515.07995605469,0
2014-11-12,1513.82995605469,1524.7099609375,1507.44995117188,1514.84997558594,0
2014-11-13,1492.27001953125,1522.83996582031,1492.27001953125,1514.18994140625,0
2014-11-14,1500.76000976563,1507.86999511719,1482.06005859375,1491.75,0
2014-11-17,1507.09997558594,1512.59997558594,1494.93994140625,1500.68994140625,0
2014-11-18,1519.60998535156,1524.80004882813,1495.09997558594,1506.78002929688,0
2014-11-19,1517.96997070313,1524.08996582031,1513.7099609375,1519.68994140625,0
2014-11-20,1530.40002441406,1535.82995605469,1517.28002929688,1518.09997558594,0
2014-11-21,1538.93005371094,1541.51000976563,1515.01000976563,1530.4599609375,0
2014-11-24,1529.5400390625,1541.71997070313,1521.83996582031,1539.94995117188,0
2014-11-25,1529.56994628906,1537.43994140625,1516.23999023438,1529.61999511719,0
2014-11-26,1537.43005371094,1537.43005371094,1522.56994628906,1528.82995605469,0
2014-11-27,1531.68994140625,1548.11999511719,1528.10998535156,1537,0
2014-11-28,1533.68005371094,1539.93005371094,1518.5,1531.33996582031,0
2014-12-01,1578.38000488281,1598.0400390625,1529.53002929688,1532.89001464844,0
2014-12-02,1583.11999511719,1596.78002929688,1556.03002929688,1578.40002441406,0
2014-12-03,1606.83996582031,1608.68994140625,1578.97998046875,1583.61999511719,0
2014-12-04,1582.07995605469,1623,1577.77001953125,1606.75,0
2014-12-05,1529.19995117188,1586.58996582031,1528.68994140625,1581.89001464844,0
2014-12-08,1481.27001953125,1551.63000488281,1476.14001464844,1529.72998046875,0
2014-12-09,1475.21997070313,1490.18005371094,1459.81994628906,1481.48999023438,0
2014-12-10,1486.84997558594,1514.61999511719,1475.93005371094,1475.93005371094,0
2014-12-11,1455.0400390625,1494.06994628906,1443.06005859375,1486.89001464844,0
2014-12-12,1459.68005371094,1488.33996582031,1413.33996582031,1453.80004882813,0
2014-12-15,1431.56005859375,1483.19995117188,1402.88000488281,1459.25,0
2014-12-16,1444.31994628906,1483.81005859375,1309.81994628906,1424.71997070313,0
2014-12-17,1413.7900390625,1475.77001953125,1389.63000488281,1445.53002929688,0
2014-12-18,1477.27001953125,1506.13000488281,1417.41003417969,1417.41003417969,0
2014-12-19,1449.13000488281,1488.26000976563,1417.68005371094,1477.35998535156,0
2015-01-16,1591.43005371094,1594.06005859375,1553.73999023438,1563.2099609375,0
2015-01-19,1576.40002441406,1627.28002929688,1573.08996582031,1590.5400390625,0
2015-01-20,1570.96997070313,1594.85998535156,1561.82995605469,1576.46997070313,0
2015-01-21,1618.17004394531,1619.02001953125,1570.58996582031,1570.58996582031,0
2015-01-22,1666.56005859375,1676.36999511719,1618.5400390625,1618.68005371094,0
2015-01-23,1671.80004882813,1700.77001953125,1662.11999511719,1667.98999023438,0
2015-01-26,1642.36999511719,1670.30004882813,1622.14001464844,1670.22998046875,0
2015-01-27,1673.92004394531,1681.43994140625,1614.92004394531,1642.31005859375,0
2015-01-28,1647.7099609375,1706.2900390625,1643.42004394531,1675.30004882813,0
2015-01-29,1639.65002441406,1675.5,1639.65002441406,1647.10998535156,0
2015-01-30,1647.68994140625,1664.72998046875,1631.67004394531,1640.56005859375,0
2015-02-02,1625.31005859375,1655.51000976563,1616.31994628906,1647.73999023438,0
2015-02-03,1654.35998535156,1667.51000976563,1626.65002441406,1626.65002441406,0
2015-02-04,1656.02001953125,1664.56005859375,1643.23999023438,1655.5,0
2015-02-05,1696.06005859375,1698.76000976563,1642.52001953125,1654.96997070313,0
2015-02-06,1755.44995117188,1762.35998535156,1696.9599609375,1696.9599609375,0
2015-02-09,1748.55004882813,1829.66003417969,1740.57995605469,1755.69995117188,0
2015-02-10,1742.34997558594,1774.06005859375,1729.83996582031,1748.02001953125,0
2015-02-11,1763.59997558594,1787.76000976563,1744.85998535156,1744.85998535156,0
2015-02-12,1802.80004882813,1816.59997558594,1748.02001953125,1764.23999023438,0
2015-02-13,1838.18005371094,1839.7099609375,1802.88000488281,1802.88000488281,0
2015-02-16,1800.58996582031,1848.13000488281,1785.67004394531,1838.2099609375,0
2015-02-17,1793.81994628906,1842.48999023438,1781.81994628906,1800.92004394531,0
2015-02-18,1809.67004394531,1833.05004882813,1795.82995605469,1795.82995605469,0
2015-02-19,1797.86999511719,1819.82995605469,1757.40002441406,1809.67004394531,0
2015-02-20,1792.69995117188,1808.93005371094,1780.03002929688,1797.88000488281,0
2015-02-24,1772.16003417969,1786.48999023438,1755.03002929688,1786.48999023438,0
2015-02-25,1746.22998046875,1773.72998046875,1727.69995117188,1772.40002441406,0
2015-02-26,1760.66003417969,1769.47998046875,1735.39001464844,1746.7900390625,0
2015-02-27,1758.96997070313,1769.2099609375,1741.07995605469,1760.67004394531,0
2015-03-02,1783.33996582031,1789.5400390625,1759.25,1759.25,0
2015-03-03,1807.69995117188,1825.73999023438,1769.63000488281,1783.43994140625,0
2015-03-04,1759.34997558594,1816.2099609375,1756.35998535156,1807.7099609375,0
2015-03-05,1760.55004882813,1791.96997070313,1746.08996582031,1760.67004394531,0
2015-03-06,1728.55004882813,1766.80004882813,1723.21997070313,1761.2900390625,0
2015-03-10,1665.38000488281,1726.85998535156,1663.89001464844,1726.85998535156,0
2015-03-11,1671.46997070313,1692.31005859375,1655.60998535156,1665.41003417969,0
2015-03-12,1664.69995117188,1680.78002929688,1656.36999511719,1671.7099609375,0
2015-03-13,1627.88000488281,1668.94995117188,1621.94995117188,1664.58996582031,0
2015-03-16,1609.84997558594,1636.14001464844,1609.84997558594,1626.77001953125,0
2015-03-17,1611.68994140625,1627.5400390625,1604.27001953125,1609.9599609375,0
2015-03-18,1632.11999511719,1640.19995117188,1611.73999023438,1611.73999023438,0
2015-03-19,1607.96997070313,1652.68005371094,1607.48999023438,1634.77001953125,0
2015-03-20,1628.64001464844,1640.80004882813,1599.67004394531,1607.96997070313,0
2015-03-23,1602.84997558594,1638.81994628906,1597.64001464844,1629.2900390625,0
2015-03-24,1618.61999511719,1623.84997558594,1590.61999511719,1602.32995605469,0
2015-03-25,1615.5,1625.98999023438,1595.90002441406,1618.61999511719,0
2015-03-26,1581.83996582031,1633.2099609375,1574.26000976563,1615.5400390625,0
2015-03-27,1571.55004882813,1594.31005859375,1569.68994140625,1581.83996582031,0
2015-03-30,1612.83996582031,1615.55004882813,1571.67004394531,1571.77001953125,0
2015-03-31,1626.18005371094,1626.18005371094,1606.39001464844,1612.93005371094,0
2015-04-01,1661.90002441406,1662.81005859375,1613.82995605469,1625.2099609375,0
2015-04-02,1679.23999023438,1682.28002929688,1656.35998535156,1661.90002441406,0
2015-04-03,1681.46997070313,1692.86999511719,1676.48999023438,1679.60998535156,0
2015-04-06,1700.64001464844,1701.23999023438,1679.31005859375,1681.80004882813,0
2015-04-07,1695.64001464844,1709.81005859375,1684.22998046875,1700.64001464844,0
2015-04-08,1683.63000488281,1695.51000976563,1669.88000488281,1695.51000976563,0
2015-04-09,1667.59997558594,1683.09997558594,1648.38000488281,1683.09997558594,0
2015-04-10,1657.02001953125,1674.33996582031,1635.93994140625,1667.61999511719,0
2015-04-13,1678.18994140625,1694.80004882813,1654.48999023438,1657.09997558594,0
2015-04-14,1647.39001464844,1678.43005371094,1641.92004394531,1678.43005371094,0
2015-04-15,1677.69995117188,1681.69995117188,1643.14001464844,1647.2900390625,0
2015-04-16,1686.7900390625,1686.83996582031,1661.38000488281,1678.0400390625,0
2015-04-17,1656.58996582031,1694.0400390625,1656.58996582031,1686.7900390625,0
2015-04-20,1683.23999023438,1691.93005371094,1655.93005371094,1657.63000488281,0
2015-04-21,1710.23999023438,1711.2099609375,1682.93994140625,1683.51000976563,0
2015-04-22,1677.56005859375,1712.86999511719,1669.25,1710.13000488281,0
2015-04-23,1662.64001464844,1678.33996582031,1633.26000976563,1677.89001464844,0
2015-04-24,1682.69995117188,1689.68005371094,1657.66003417969,1663.15002441406,0
2015-04-27,1677.21997070313,1698.64001464844,1677.21997070313,1682.81994628906,0
2015-04-28,1677.89001464844,1682.17004394531,1667.35998535156,1676.31994628906,0
2015-04-29,1670.98999023438,1694.26000976563,1666.52001953125,1677.89001464844,0
2015-04-30,1688.33996582031,1692.31994628906,1668.59997558594,1670.98999023438,0
2015-05-05,1721.80004882813,1734.32995605469,1689.55004882813,1689.55004882813,0
2015-05-06,1714.31005859375,1723.44995117188,1697.89001464844,1722.16003417969,0
2015-05-07,1686.97998046875,1713.08996582031,1676.2099609375,1713.08996582031,0
2015-05-08,1708.52001953125,1713.58996582031,1684.31994628906,1686.93994140625,0
2015-05-12,1704.61999511719,1719.96997070313,1689.33996582031,1708.42004394531,0
2015-05-13,1682.26000976563,1707.91003417969,1681.14001464844,1704.5,0
2015-05-14,1677.56994628906,1694.69995117188,1672.21997070313,1682.26000976563,0
2015-05-15,1691.4599609375,1694.90002441406,1677.77001953125,1677.77001953125,0
2015-05-18,1678.55004882813,1696.48999023438,1677.68994140625,1691.53002929688,0
2015-05-19,1659.35998535156,1681.22998046875,1646.85998535156,1678.31005859375,0
2015-05-20,1636.85998535156,1662.18994140625,1631.7900390625,1659.18005371094,0
2015-05-21,1659.32995605469,1663.15002441406,1632.43994140625,1637.14001464844,0
2015-05-22,1665.66003417969,1667.88000488281,1653.03002929688,1659.46997070313,0
2015-05-25,1655.40002441406,1666.38000488281,1641.9599609375,1665.75,0
2015-05-26,1651.66003417969,1666.82995605469,1646.13000488281,1655.84997558594,0
2015-05-27,1660.97998046875,1664.19995117188,1637.43994140625,1651.72998046875,0
2015-05-28,1657.61999511719,1678.64001464844,1656.23999023438,1660.65002441406,0
2015-05-29,1609.18994140625,1680.01000976563,1609.18994140625,1657.67004394531,0
2015-06-01,1616.93994140625,1640.89001464844,1610.06994628906,1610.06994628906,0
2015-06-02,1643.41003417969,1650.61999511719,1612.86999511719,1616.96997070313,0
2015-06-03,1628.86999511719,1653.40002441406,1616.06005859375,1643.98999023438,0
2015-06-04,1638.06994628906,1644.33996582031,1627.05004882813,1628.80004882813,0
2015-06-05,1652.06994628906,1652.06994628906,1633.48999023438,1638.11999511719,0
2015-06-08,1646.89001464844,1668.4599609375,1642.19995117188,1652.2099609375,0
2015-06-09,1664.01000976563,1665.92004394531,1637.40002441406,1646.89001464844,0
2015-06-10,1653.08996582031,1667.18994140625,1650.89001464844,1664.03002929688,0
2015-06-11,1652.23999023438,1654.89001464844,1638.18005371094,1653.06005859375,0
2015-06-15,1657.2900390625,1658.25,1629.89001464844,1652.2900390625,0
2015-06-16,1668.81994628906,1674.03002929688,1649.27001953125,1657.36999511719,0
2015-06-17,1664.66003417969,1678.91003417969,1662,1668.83996582031,0
2015-06-18,1660.14001464844,1671.84997558594,1658.43005371094,1664.65002441406,0
2015-06-19,1663.03002929688,1665.7099609375,1655.58996582031,1660.56005859375,0
2015-06-22,1671.80004882813,1679.41003417969,1663.58996582031,1664.10998535156,0
2015-06-23,1657.22998046875,1676.21997070313,1656.41003417969,1672.27001953125,0
2015-06-24,1651.84997558594,1664.56994628906,1642.13000488281,1658.03002929688,0
2015-06-25,1631.98999023438,1655.78002929688,1631.98999023438,1651.14001464844,0
2015-06-26,1644.44995117188,1647.81005859375,1626.86999511719,1631.92004394531,0
2015-06-29,1634.93005371094,1644.44995117188,1625.72998046875,1644.44995117188,0
2015-06-30,1654.55004882813,1655.23999023438,1626.08996582031,1634.93005371094,0
2015-07-01,1639.69995117188,1659.96997070313,1638.46997070313,1654.56994628906,0
2015-07-02,1641.05004882813,1646.9599609375,1633.80004882813,1639.78002929688,0
2015-07-03,1631.65002441406,1642.18994140625,1625.48999023438,1641.01000976563,0
2015-07-06,1621.27001953125,1627.7099609375,1613.7099609375,1627.7099609375,0
2015-07-07,1614.14001464844,1629.57995605469,1606.40002441406,1621.34997558594,0
2015-07-08,1595,1616.52001953125,1573.97998046875,1614.14001464844,0
2015-07-09,1614.58996582031,1614.83996582031,1595.07995605469,1595.07995605469,0
2015-07-10,1623.98999023438,1625.58996582031,1615.10998535156,1615.10998535156,0
2015-07-13,1642.96997070313,1642.96997070313,1618.2099609375,1618.22998046875,0
2015-07-14,1647.01000976563,1647.01000976563,1647.01000976563,1647.01000976563,0
2015-07-15,1641.21997070313,1643.97998046875,1627.25,1638.30004882813,0
2015-07-16,1652.58996582031,1652.93005371094,1637.30004882813,1640.81005859375,0
2015-07-17,1650.07995605469,1660,1646.40002441406,1652.52001953125,0
2015-07-20,1626.76000976563,1652.03002929688,1619.46997070313,1650.08996582031,0
2015-07-21,1635.68994140625,1639.91003417969,1618.57995605469,1627.18994140625,0
2015-07-22,1635.63000488281,1635.63000488281,1620.5,1634.89001464844,0
2015-07-23,1616.14001464844,1634.7900390625,1614.98999023438,1634.7900390625,0
2015-07-24,1595.60998535156,1622.2900390625,1593.10998535156,1615.68994140625,0
2015-07-27,1584.92004394531,1599.25,1570.4599609375,1595.5,0
2015-07-28,1604.5,1610.66003417969,1578.06005859375,1584.92004394531,0
2015-07-29,1622.31994628906,1624.63000488281,1600.5400390625,1604.56005859375,0
2015-07-30,1636.71997070313,1638.47998046875,1620.25,1622.68994140625,0
2015-07-31,1669,1669,1630.18005371094,1636.71997070313,0
2015-08-03,1663.73999023438,1676.23999023438,1654.4599609375,1668.13000488281,0
2015-08-04,1674.4599609375,1676.56994628906,1659.27001953125,1663.31005859375,0
2015-08-05,1693.06994628906,1696.73999023438,1665.14001464844,1674.63000488281,0
2015-08-06,1675.7099609375,1698.23999023438,1670.59997558594,1693.06994628906,0
2015-08-07,1690.43994140625,1695.39001464844,1676.75,1676.75,0
2015-08-10,1702.02001953125,1702.65002441406,1674.44995117188,1690.46997070313,0
2015-08-11,1697.86999511719,1721.31994628906,1694.7900390625,1702.02001953125,0
2015-08-12,1697.65002441406,1703.56994628906,1683.34997558594,1697.90002441406,0
2015-08-13,1704.10998535156,1713.21997070313,1690.06994628906,1697.58996582031,0
2015-08-14,1712.46997070313,1723.31005859375,1699.7900390625,1704.14001464844,0
2015-08-17,1707.94995117188,1714.92004394531,1694.59997558594,1712.47998046875,0
2015-08-18,1691.23999023438,1707.94995117188,1685.89001464844,1707.94995117188,0
2015-08-19,1673.85998535156,1701.40002441406,1665.71997070313,1691.2900390625,0
2015-08-20,1695.56994628906,1697.64001464844,1668.73999023438,1673.9599609375,0
2015-08-21,1663.31005859375,1695.47998046875,1663.31005859375,1695.47998046875,0
2015-08-24,1634.14001464844,1659.31005859375,1603.71997070313,1659.31005859375,0
2015-08-25,1658.13000488281,1672.27001953125,1634.34997558594,1634.34997558594,0
2015-08-26,1660.94995117188,1675.05004882813,1633.4599609375,1658.31994628906,0
2015-08-27,1695.21997070313,1697.2099609375,1661,1661,0
2015-08-28,1719.16003417969,1723.15002441406,1690.41003417969,1695.22998046875,0
2015-08-31,1733.17004394531,1733.17004394531,1706.96997070313,1718.06005859375,0
2015-09-01,1697.98999023438,1733.56994628906,1689.35998535156,1705.81005859375,0
2015-09-02,1690.81994628906,1716.93994140625,1687.31994628906,1697.97998046875,0
2015-09-03,1710.56994628906,1717.14001464844,1690.82995605469,1690.82995605469,0
2015-09-04,1698.16003417969,1712.73999023438,1691.77001953125,1710.57995605469,0
2015-09-07,1701.18005371094,1708.57995605469,1695.63000488281,1698.16003417969,0
2015-09-08,1714.18005371094,1732.57995605469,1701.81994628906,1701.81994628906,0
2015-09-09,1722.43005371094,1735.7900390625,1715.72998046875,1715.72998046875,0
2015-09-10,1718.90002441406,1730.07995605469,1710.4599609375,1722.05004882813,0
2015-09-11,1718.06005859375,1727.77001953125,1713.05004882813,1718.88000488281,0
2015-09-14,1729.75,1740.21997070313,1716.30004882813,1717.59997558594,0
2015-09-15,1716.26000976563,1731.4599609375,1708.4599609375,1729.91003417969,0
2015-09-16,1731.81005859375,1734.03002929688,1716.27001953125,1716.27001953125,0
2015-09-17,1729.19995117188,1735.44995117188,1722.43994140625,1731.81005859375,0
2015-09-18,1710.83996582031,1739.5400390625,1703.25,1730.15002441406,0
2015-09-21,1699.71997070313,1719.17004394531,1697.40002441406,1710.86999511719,0
2015-09-22,1664.25,1702.34997558594,1656.18005371094,1699.92004394531,0
2015-09-23,1640.69995117188,1666.84997558594,1638.2099609375,1664.27001953125,0
2015-09-24,1621.43005371094,1640.69995117188,1611.97998046875,1640.69995117188,0
2015-09-25,1639.64001464844,1648.27001953125,1621.43994140625,1621.43994140625,0
2015-09-28,1616.35998535156,1643.93005371094,1614.38000488281,1639.64001464844,0
2015-09-29,1630.51000976563,1635.39001464844,1606.82995605469,1616.35998535156,0
2015-09-30,1642.96997070313,1654.28002929688,1630.53002929688,1630.53002929688,0
2015-10-01,1626.96997070313,1649.52001953125,1616.86999511719,1644.52001953125,0
2015-10-02,1612.56005859375,1630.75,1603.47998046875,1627.06994628906,0
2015-10-05,1652.46997070313,1654.72998046875,1612.7099609375,1612.7099609375,0
2015-10-06,1670.68994140625,1670.68994140625,1649.60998535156,1652.48999023438,0
2015-10-07,1679.48999023438,1679.48999023438,1656.41003417969,1670.68005371094,0
2015-10-08,1689.31994628906,1691.81994628906,1660.36999511719,1679.35998535156,0
2015-10-09,1728.43994140625,1734.73999023438,1690.66003417969,1690.66003417969,0
2015-10-12,1710.59997558594,1739.18994140625,1699.75,1728.43005371094,0
2015-10-13,1720.81005859375,1720.81005859375,1697.55004882813,1710.59997558594,0
2015-10-14,1723.01000976563,1731.53002929688,1704.27001953125,1720.80004882813,0
2015-10-15,1731.91003417969,1746.67004394531,1722.83996582031,1722.83996582031,0
2015-10-16,1717,1746.02001953125,1715.01000976563,1731.90002441406,0
2015-10-19,1716.07995605469,1722.46997070313,1702.40002441406,1717.08996582031,0
2015-10-20,1722.61999511719,1722.61999511719,1702.42004394531,1716.15002441406,0
2015-10-21,1709.93994140625,1722.89001464844,1702.22998046875,1722.69995117188,0
2015-10-22,1712.09997558594,1718.65002441406,1702.66003417969,1709.93005371094,0
2015-10-23,1725.44995117188,1734.92004394531,1710.59997558594,1713.65002441406,0
2015-10-26,1712.13000488281,1731.56994628906,1696.82995605469,1725.51000976563,0
2015-10-27,1725.89001464844,1725.89001464844,1692.2900390625,1712.22998046875,0
2015-10-28,1726.60998535156,1727.39001464844,1708.40002441406,1725.91003417969,0
2015-10-29,1708.59997558594,1727.2900390625,1707.14001464844,1725.90002441406,0
2015-10-30,1711.53002929688,1723.0400390625,1699.28002929688,1708.51000976563,0
2015-11-02,1735.75,1737.14001464844,1701.25,1710.90002441406,0
2015-11-03,1763.59997558594,1766.84997558594,1734.32995605469,1735.76000976563,0
2015-11-05,1766.28002929688,1784.35998535156,1762.16003417969,1764.93994140625,0
2015-11-06,1754.35998535156,1778.18005371094,1746.31005859375,1766.18005371094,0
2015-11-09,1751.43994140625,1763.52001953125,1742.57995605469,1754.18994140625,0
2015-11-10,1746.93994140625,1754.56994628906,1734.38000488281,1751.44995117188,0
2015-11-11,1740.56005859375,1755.86999511719,1733.7900390625,1747.02001953125,0
2015-11-12,1739.9599609375,1750.65002441406,1732.51000976563,1739.2900390625,0
2015-11-13,1728.17004394531,1744.08996582031,1723.63000488281,1739.83996582031,0
2015-11-16,1739.80004882813,1751.66003417969,1726.31994628906,1728.11999511719,0
2015-11-17,1787.22998046875,1792.7900390625,1740.97998046875,1740.97998046875,0
2015-11-18,1810.47998046875,1820.33996582031,1785.10998535156,1787.10998535156,0
2015-11-19,1811.19995117188,1842.10998535156,1805.44995117188,1811.89001464844,0
2015-11-20,1826.71997070313,1831.68994140625,1798.02001953125,1810.03002929688,0
2015-11-23,1868.06994628906,1868.66003417969,1811.84997558594,1826.86999511719,0
2015-11-24,1810.05004882813,1873.53002929688,1798.78002929688,1868.07995605469,0
2015-11-25,1833.53002929688,1837.02001953125,1808.91003417969,1810.02001953125,0
2015-11-26,1828.30004882813,1850.36999511719,1816.60998535156,1833.96997070313,0
2015-11-27,1795.69995117188,1828.31994628906,1790.93994140625,1828.31994628906,0
2015-11-30,1771.05004882813,1807.5400390625,1771.05004882813,1794.25,0
2015-12-01,1772.96997070313,1785.2900390625,1763.05004882813,1771.05004882813,0
2015-12-02,1770.13000488281,1793.25,1760.57995605469,1773.48999023438,0
2015-12-03,1787.22998046875,1792.33996582031,1764.9599609375,1770.09997558594,0
2015-12-04,1755.21997070313,1798.81005859375,1741.60998535156,1786.55004882813,0
2015-12-07,1741.14001464844,1767.33996582031,1735.08996582031,1756.10998535156,0
2015-12-08,1718.77001953125,1741.7900390625,1712.90002441406,1740.64001464844,0
2015-12-09,1733.08996582031,1740.46997070313,1719.83996582031,1719.83996582031,0
2015-12-10,1732.89001464844,1747.55004882813,1723.35998535156,1732.65002441406,0
2015-12-11,1720.31005859375,1732.90002441406,1711.81994628906,1732.90002441406,0
2015-12-14,1708.69995117188,1721.47998046875,1698.93005371094,1720.36999511719,0
2015-12-15,1742.4599609375,1749.52001953125,1708.89001464844,1708.89001464844,0
2015-12-16,1754.7099609375,1759.08996582031,1743.03002929688,1743.03002929688,0
2015-12-17,1780.96997070313,1786.10998535156,1754.73999023438,1754.73999023438,0
2015-12-18,1719.16003417969,1779.42004394531,1719.16003417969,1779.42004394531,0
2015-12-21,1716.91003417969,1737.06994628906,1710.41003417969,1719.43994140625,0
2015-12-22,1723.34997558594,1729.06994628906,1715.03002929688,1716.92004394531,0
2015-12-23,1747.84997558594,1747.84997558594,1718.65002441406,1718.65002441406,0
2015-12-24,1742.7099609375,1757.5,1738.71997070313,1747.85998535156,0
2015-12-28,1731.19995117188,1736.15002441406,1722.96997070313,1734.2099609375,0
2015-12-29,1763.38000488281,1763.38000488281,1727.07995605469,1728.22998046875,0
2015-12-30,1761.35998535156,1770.68994140625,1751.39001464844,1763.7099609375,0
2016-01-04,1734.56005859375,1762.27001953125,1731.61999511719,1761.42004394531,0
2016-01-05,1754.13000488281,1754.32995605469,1731.85998535156,1734.55004882813,0
2016-01-06,1748.56994628906,1758.76000976563,1738.83996582031,1753.75,0
2016-01-11,1682.5400390625,1748.0400390625,1681.65002441406,1748.0400390625,0
2016-01-12,1690.30004882813,1705.13000488281,1660.17004394531,1682.71997070313,0
2016-01-13,1684.78002929688,1708.96997070313,1682.39001464844,1692.47998046875,0
2016-01-14,1680.77001953125,1685.61999511719,1658.83996582031,1684.77001953125,0
2016-01-15,1608.35998535156,1686.84997558594,1597.86999511719,1680.81005859375,0
2016-01-18,1622.43005371094,1631.42004394531,1583.0400390625,1607.88000488281,0
2016-01-19,1645.56005859375,1674.97998046875,1622.53002929688,1622.53002929688,0
2016-01-20,1630.39001464844,1641.61999511719,1601.72998046875,1641.61999511719,0
2016-01-21,1677.18994140625,1684.03002929688,1630.56994628906,1630.56994628906,0
2016-01-22,1717.97998046875,1730.14001464844,1682.92004394531,1683.75,0
2016-01-25,1716.56005859375,1725.91003417969,1700.35998535156,1718.25,0
2016-01-26,1705.01000976563,1719.08996582031,1695.91003417969,1716.85998535156,0
2016-01-27,1747.56994628906,1747.56994628906,1705.09997558594,1705.09997558594,0
2016-01-28,1771.93005371094,1771.93005371094,1739.84997558594,1747.63000488281,0
2016-01-29,1784.92004394531,1788.07995605469,1758.59997558594,1772.01000976563,0
2016-02-01,1773.2099609375,1785.01000976563,1760.26000976563,1785.01000976563,0
2016-02-02,1758.26000976563,1785.75,1749.90002441406,1771.36999511719,0
2016-02-03,1746.34997558594,1766.27001953125,1744.81005859375,1757.90002441406,0
2016-02-04,1787.93005371094,1792.47998046875,1745.2099609375,1745.2099609375,0
2016-02-05,1780.58996582031,1796.47998046875,1772.27001953125,1786.69995117188,0
2016-02-08,1744.27001953125,1784.56005859375,1737.06005859375,1780.26000976563,0
2016-02-09,1723.35998535156,1752.89001464844,1715.03002929688,1744.17004394531,0
2016-02-10,1730.82995605469,1740.7099609375,1710.33996582031,1722.5,0
2016-02-11,1711.57995605469,1729.42004394531,1688.13000488281,1729.42004394531,0
2016-02-12,1726.0400390625,1733.66003417969,1711.59997558594,1711.59997558594,0
2016-02-15,1738.5400390625,1746.35998535156,1726.07995605469,1726.07995605469,0
2016-02-16,1753.85998535156,1758.17004394531,1738.89001464844,1738.89001464844,0
2016-02-17,1770.31005859375,1776.82995605469,1750.06005859375,1753.85998535156,0
2016-02-18,1807.2099609375,1807.31994628906,1770.30004882813,1770.30004882813,0
2016-02-19,1793.36999511719,1805.81994628906,1778.9599609375,1805.81994628906,0
2016-02-22,1822.38000488281,1825,1790.4599609375,1790.4599609375,0
2016-02-24,1797.27001953125,1812.93994140625,1784.5400390625,1811.07995605469,0
2016-02-25,1803.89001464844,1819.18994140625,1777.69995117188,1802.36999511719,0
2016-02-26,1816.72998046875,1831.69995117188,1811.66003417969,1815.98999023438,0
2016-02-29,1840.17004394531,1841.56005859375,1798.51000976563,1811.53002929688,0
2016-03-01,1844.17004394531,1851.88000488281,1838.41003417969,1841.43005371094,0
2016-03-02,1832.83996582031,1856.07995605469,1826.41003417969,1853.31994628906,0
2016-03-03,1858.68994140625,1863.94995117188,1836.06994628906,1836.06994628906,0
2016-03-04,1878.2900390625,1878.2900390625,1853.81005859375,1863.15002441406,0
2016-03-07,1909.56994628906,1909.56994628906,1883.38000488281,1883.38000488281,0
2016-03-09,1883,1906.98999023438,1875.51000976563,1899.18994140625,0
2016-03-10,1884.63000488281,1896.06005859375,1875.61999511719,1885.96997070313,0
2016-03-11,1876.5400390625,1888.77001953125,1868.21997070313,1886.84997558594,0
2016-03-14,1865.31005859375,1880.41003417969,1857.18994140625,1877.22998046875,0
2016-03-15,1855.06005859375,1879,1851.48999023438,1871.7900390625,0
2016-03-16,1871.19995117188,1871.19995117188,1852.92004394531,1858.01000976563,0
2016-03-17,1890.7900390625,1900.11999511719,1874.39001464844,1876.60998535156,0
2016-03-18,1914.02001953125,1923.5,1885.15002441406,1892.81005859375,0
2016-03-21,1904.5,1906.33996582031,1886.76000976563,1905.9599609375,0
2016-03-22,1903.46997070313,1916.27001953125,1888.58996582031,1905.76000976563,0
2016-03-23,1879.89001464844,1906.38000488281,1869.31994628906,1900.08996582031,0
2016-03-24,1866.67004394531,1875.27001953125,1857.27001953125,1872.88000488281,0
2016-03-28,1849.31005859375,1879.46997070313,1844.72998046875,1871.93005371094,0
2016-03-29,1845.19995117188,1850.93005371094,1825.98999023438,1849.10998535156,0
2016-03-30,1868.09997558594,1876.31994628906,1847.78002929688,1853.34997558594,0
2016-03-31,1871.15002441406,1876.55004882813,1851.34997558594,1865.09997558594,0
2016-04-01,1856.77001953125,1861.48999023438,1833.60998535156,1860.53002929688,0
2016-04-04,1866.64001464844,1876.07995605469,1853.5400390625,1854.36999511719,0
2016-04-05,1857.08996582031,1861.39001464844,1847.61999511719,1859.51000976563,0
2016-04-06,1860.17004394531,1867.9599609375,1850.82995605469,1863.30004882813,0
2016-04-07,1858.84997558594,1872.51000976563,1848.18994140625,1865.96997070313,0
2016-04-08,1877.27001953125,1879.64001464844,1857.43994140625,1860.93005371094,0
2016-04-11,1906.90002441406,1907.5,1872.5,1875.73999023438,0
2016-04-12,1899.26000976563,1910.58996582031,1889.02001953125,1907.56005859375,0
2016-04-13,1932.80004882813,1944.31994628906,1903.46997070313,1903.46997070313,0
2016-04-14,1915.84997558594,1948.83996582031,1902.64001464844,1929.86999511719,0
2016-04-15,1907.78002929688,1918.34997558594,1899.2900390625,1914.18994140625,0
2016-04-18,1892.64001464844,1896.35998535156,1867.60998535156,1888.96997070313,0
2016-04-19,1930.14001464844,1930.22998046875,1892.9599609375,1895.28002929688,0
2016-04-20,1960.18005371094,1961.59997558594,1922.41003417969,1923.93994140625,0
2016-04-21,1950.07995605469,1976.68994140625,1931.66003417969,1971.75,0
2016-04-22,1967.26000976563,1967.26000976563,1936.71997070313,1952.32995605469,0
2016-04-25,1955.46997070313,1963.9599609375,1944.93994140625,1962.67004394531,0
2016-04-26,1946.55004882813,1956.5400390625,1931.07995605469,1953.85998535156,0
2016-04-27,1934.77001953125,1954.93005371094,1921.57995605469,1951.51000976563,0
2016-04-28,1969.89001464844,1969.89001464844,1925.27001953125,1936.05004882813,0
2016-04-29,1953.05004882813,1974.42004394531,1941.25,1970.4599609375,0
2016-05-04,1925.57995605469,1957.18005371094,1901.84997558594,1932.92004394531,0
2016-05-05,1906.47998046875,1924.28002929688,1902.66003417969,1924.28002929688,0
2016-05-06,1901.56005859375,1906.33996582031,1889.9599609375,1905.15002441406,0
2016-05-10,1885.33996582031,1909.96997070313,1874.5,1896.02001953125,0
2016-05-11,1909.05004882813,1916.33996582031,1885.67004394531,1890.08996582031,0
2016-05-12,1901.90002441406,1922.51000976563,1900.07995605469,1912.43005371094,0
2016-05-13,1907.18994140625,1907.18994140625,1881.41003417969,1901.51000976563,0
2016-05-16,1915.32995605469,1939.21997070313,1909.18005371094,1912.16003417969,0
2016-05-17,1909,1915.18994140625,1876.68994140625,1913.25,0
2016-05-18,1917.23999023438,1921.2099609375,1899.11999511719,1907.15002441406,0
2016-05-19,1891.52001953125,1913.69995117188,1891.52001953125,1907.7099609375,0
2016-05-20,1891.32995605469,1903.57995605469,1882.16003417969,1901.27001953125,0
2016-05-23,1868.43005371094,1889.10998535156,1861.64001464844,1889.10998535156,0
2016-05-24,1884.11999511719,1887.47998046875,1868.69995117188,1868.69995117188,0
2016-05-25,1898.75,1910.69995117188,1889.42004394531,1889.42004394531,0
2016-05-26,1914.31005859375,1931.78002929688,1895.63000488281,1905.81005859375,0
2016-05-27,1927.57995605469,1930.80004882813,1910.10998535156,1913.18005371094,0
2016-05-30,1935.5400390625,1938.14001464844,1918.76000976563,1931.06994628906,0
2016-05-31,1899.01000976563,1939.83996582031,1899.01000976563,1937.13000488281,0
2016-06-01,1893.18005371094,1906.85998535156,1888.88000488281,1899.14001464844,0
2016-06-02,1890.78002929688,1898.90002441406,1876.57995605469,1895.27001953125,0
2016-06-03,1886.83996582031,1913.73999023438,1877.89001464844,1896.94995117188,0
2016-06-06,1915.5400390625,1920.91003417969,1893.05004882813,1893.05004882813,0
2016-06-07,1951.26000976563,1954.48999023438,1914.56005859375,1917.9599609375,0
2016-06-08,1951.55004882813,1960.75,1937.61999511719,1953.75,0
2016-06-09,1934.92004394531,1952.42004394531,1927.71997070313,1951.80004882813,0
2016-06-10,1903.60998535156,1930.26000976563,1903.60998535156,1926.91003417969,0
2016-06-14,1885.92004394531,1903.5400390625,1875.27001953125,1898.2099609375,0
2016-06-15,1889.75,1898.31005859375,1880.55004882813,1883.93994140625,0
2016-06-16,1869.78002929688,1884.91003417969,1853.35998535156,1884.21997070313,0
2016-06-17,1877.06994628906,1896.28002929688,1871.88000488281,1875.9599609375,0
2016-06-20,1902.69995117188,1906.4599609375,1889.26000976563,1889.26000976563,0
2016-06-21,1904.02001953125,1910.25,1884.64001464844,1902.43994140625,0
2016-06-22,1896.69995117188,1912.9599609375,1892.16003417969,1908.06005859375,0
2016-06-23,1919.27001953125,1919.27001953125,1883.18005371094,1894.16003417969,0
2016-06-24,1884.41003417969,1884.93994140625,1846.91003417969,1865.47998046875,0
2016-06-27,1841.72998046875,1887.75,1841.72998046875,1883.76000976563,0
2016-06-28,1857.22998046875,1863.53002929688,1844.80004882813,1850.75,0
2016-06-29,1888.15002441406,1888.15002441406,1862.25,1862.25,0
2016-06-30,1891.08996582031,1897.35998535156,1879.32995605469,1886.46997070313,0
2016-07-01,1896.61999511719,1900.41003417969,1880.63000488281,1891.03002929688,0
2016-07-04,1907.47998046875,1913.47998046875,1896.40002441406,1899.34997558594,0
2016-07-05,1895.64001464844,1904.06005859375,1887.05004882813,1904.03002929688,0
2016-07-06,1879.42004394531,1896.7099609375,1871.46997070313,1892.26000976563,0
2016-07-07,1882.41003417969,1901.56994628906,1878.46997070313,1887.11999511719,0
2016-07-08,1894.34997558594,1896.81994628906,1860.55004882813,1873.48999023438,0
2016-07-11,1913.11999511719,1914.31005859375,1887.09997558594,1891.05004882813,0
2016-07-12,1938.35998535156,1942.68994140625,1911.91003417969,1913.83996582031,0
2016-07-13,1935.88000488281,1945.76000976563,1928.5,1937.34997558594,0
2016-07-14,1942.4599609375,1944.84997558594,1921.75,1938.5400390625,0
2016-07-15,1940.84997558594,1943.63000488281,1928.56994628906,1931.66003417969,0
2016-07-18,1936.06994628906,1948.5400390625,1920.18005371094,1937.77001953125,0
2016-07-19,1915.89001464844,1929.10998535156,1903.09997558594,1921.11999511719,0
2016-07-20,1915.08996582031,1921.22998046875,1896,1915.48999023438,0
2016-07-21,1927.69995117188,1930.7900390625,1911.86999511719,1920.01000976563,0
2016-07-22,1926.90002441406,1933.76000976563,1922.84997558594,1923.80004882813,0
2016-07-25,1931.78002929688,1942.97998046875,1922.21997070313,1929.93005371094,0
2016-07-26,1938.52001953125,1940.26000976563,1917.9599609375,1932.5400390625,0
2016-07-27,1938.65002441406,1941.15002441406,1928.31994628906,1938.64001464844,0
2016-07-28,1954.44995117188,1959.85998535156,1932.63000488281,1938.01000976563,0
2016-07-29,1944.61999511719,1955.06994628906,1939.28002929688,1952.81994628906,0
2016-08-01,1947.35998535156,1964.27001953125,1941.57995605469,1950.48999023438,0
2016-08-02,1912.68994140625,1946.65002441406,1908.89001464844,1946.31005859375,0
2016-08-03,1919.15002441406,1922.85998535156,1902.73999023438,1913.14001464844,0
2016-08-04,1944.93994140625,1945.14001464844,1924.96997070313,1924.96997070313,0
2016-08-05,1944.31005859375,1952.34997558594,1931.01000976563,1946.66003417969,0
2016-08-08,1956.98999023438,1956.98999023438,1947.21997070313,1948.51000976563,0
2016-08-09,1956.42004394531,1964.57995605469,1948.89001464844,1954.05004882813,0
2016-08-10,1942.67004394531,1959.98999023438,1940.63000488281,1956.32995605469,0
2016-08-11,1952.18005371094,1952.18005371094,1933.27001953125,1941.31994628906,0
2016-08-12,1967.18005371094,1968.18005371094,1952.56005859375,1955.16003417969,0
2016-08-15,1977.28002929688,1983.09997558594,1964.83996582031,1969.9599609375,0
2016-08-16,1975.80004882813,1994.32995605469,1967.36999511719,1977.76000976563,0
2016-08-17,1969.18994140625,1973.02001953125,1959.43994140625,1971.48999023438,0
2016-08-18,1970.06994628906,1976.7099609375,1961.34997558594,1971.26000976563,0
2016-08-19,1959.71997070313,1974.40002441406,1959.71997070313,1972.89001464844,0
2016-08-22,1979.08996582031,1979.08996582031,1948.34997558594,1956.4599609375,0
2016-08-23,1989.51000976563,1992.55004882813,1973.43005371094,1976.06994628906,0
2016-08-24,1983.58996582031,1989.43005371094,1974.89001464844,1988.07995605469,0
2016-08-25,1985.56005859375,1987.34997558594,1969.53002929688,1983.21997070313,0
2016-08-26,1993.34997558594,1997.09997558594,1976.86999511719,1984.68005371094,0
2016-08-29,1986.71997070313,1986.71997070313,1970.53002929688,1985.98999023438,0
2016-08-30,1985.68994140625,1999.14001464844,1983.83996582031,1989.03002929688,0
2016-08-31,1971.58996582031,1988.56005859375,1966.88000488281,1985.83996582031,0
2016-09-01,1976.91003417969,1982.26000976563,1969.47998046875,1976.26000976563,0
2016-09-02,2003.77001953125,2006.25,1976.61999511719,1978.16003417969,0
2016-09-05,2017.38000488281,2019.65002441406,2005.42004394531,2008.68994140625,0
2016-09-06,2039.53002929688,2040.42004394531,2017.5,2020.77001953125,0
2016-09-07,2053.75,2060.03002929688,2042.11999511719,2042.2099609375,0
2016-09-08,2050.77001953125,2063.1298828125,2041.01000976563,2058.72998046875,0
2016-09-09,2028.25,2045.0400390625,2028.25,2044.93005371094,0
2016-09-12,2019.90002441406,2021.57995605469,2004.43005371094,2017.07995605469,0
2016-09-13,2004.5,2026.56994628906,2001.33996582031,2020.59997558594,0
2016-09-14,2004.47998046875,2010.46997070313,1995.69995117188,2003.73999023438,0
2016-09-15,1996.57995605469,2004.65002441406,1982.94995117188,2003.19995117188,0
2016-09-16,1981.9599609375,2004.36999511719,1967.31005859375,1998.14001464844,0
2016-09-19,1986.96997070313,1993.48999023438,1981.39001464844,1984.4599609375,0
2016-09-20,1991.78002929688,1991.84997558594,1969.41003417969,1984.96997070313,0
2016-09-21,1997.67004394531,2004.09997558594,1988.64001464844,1995.13000488281,0
2016-09-22,2025.30004882813,2025.30004882813,2001.06994628906,2007.11999511719,0
2016-09-23,2011.82995605469,2022.28002929688,1995.14001464844,2022.28002929688,0
2016-09-26,1997.93994140625,2007.25,1993.32995605469,2003.47998046875,0
2016-09-27,1975.52001953125,1999.93005371094,1975.52001953125,1999.93005371094,0
2016-09-28,1980.68005371094,1993.93005371094,1975.83996582031,1977.34997558594,0
2016-09-29,1996.11999511719,2006.58996582031,1994.88000488281,1996.98999023438,0
2016-09-30,1978,1989.43005371094,1975.22998046875,1989.43005371094,0
2016-10-03,1986.80004882813,1993.55004882813,1975.73999023438,1981.02001953125,0
2016-10-04,1985.02001953125,1989.31994628906,1975.9599609375,1987.60998535156,0
2016-10-05,1975.84997558594,1985.05004882813,1962.14001464844,1985.05004882813,0
2016-10-06,1983.88000488281,1983.88000488281,1967.75,1975.26000976563,0
2016-10-07,1980.02001953125,1993.65002441406,1974.89001464844,1985.0400390625,0
2016-10-10,2001.09997558594,2002.53002929688,1977.43005371094,1981.10998535156,0
2016-10-11,2001.42004394531,2006.66003417969,1995.93005371094,2000.4599609375,0
2016-10-12,1993.34997558594,2005.17004394531,1986.69995117188,1999.59997558594,0
2016-10-13,1976.36999511719,1990.39001464844,1970.85998535156,1990.39001464844,0
2016-10-14,1966.39001464844,1978.9599609375,1962.34997558594,1976.33996582031,0
2016-10-17,1956.94995117188,1965.82995605469,1954.81005859375,1964.66003417969,0
2016-10-18,1969.10998535156,1974.01000976563,1958.28002929688,1958.28002929688,0
2016-10-19,1967.5,1973.23999023438,1961.39001464844,1971.90002441406,0
2016-10-20,1957.08996582031,1968.10998535156,1956.60998535156,1967.52001953125,0
2016-10-21,1957.69995117188,1960.56005859375,1946.78002929688,1957.63000488281,0
2016-10-24,1962.7900390625,1970.35998535156,1957.65002441406,1960.96997070313,0
2016-10-25,1977.18994140625,1987.06994628906,1962.23999023438,1965.63000488281,0
2016-10-26,1974.81005859375,1979.42004394531,1967.86999511719,1975.35998535156,0
2016-10-27,1979.80004882813,1986.53002929688,1973.27001953125,1975.16003417969,0
2016-10-28,1981.76000976563,1982.51000976563,1975.47998046875,1979.86999511719,0
2016-10-31,1989.64001464844,1992.47998046875,1976.2900390625,1984.23999023438,0
2016-11-01,1996.86999511719,2003.14001464844,1991.69995117188,1991.69995117188,0
2016-11-02,1968.77001953125,1990.21997070313,1966.34997558594,1989.36999511719,0
2016-11-03,1962.7099609375,1971.56005859375,1957.53002929688,1970.96997070313,0
2016-11-07,1952.68994140625,1970.60998535156,1952.68994140625,1964.58996582031,0
2016-11-08,1967.93005371094,1973.06994628906,1959.7900390625,1959.7900390625,0
2016-11-09,2011.57995605469,2011.81005859375,1939.66003417969,1941.89001464844,0
2016-11-10,2044.03002929688,2076.43994140625,2016.9599609375,2017.68994140625,0
2016-11-11,2031.92004394531,2054.419921875,2031.92004394531,2045.21997070313,0
2016-11-14,2021.98999023438,2047.03002929688,2017.21997070313,2034.96997070313,0
2016-11-15,2017.06005859375,2032.0400390625,2009.33996582031,2025.01000976563,0
2016-11-16,2028.92004394531,2049.01000976563,2022.89001464844,2024.7099609375,0
2016-11-17,2042.76000976563,2045.65002441406,2029.30004882813,2029.84997558594,0
2016-11-18,2038.2900390625,2048.18994140625,2036.2900390625,2042.22998046875,0
2016-11-21,2058.77001953125,2059.669921875,2044.19995117188,2044.19995117188,0
2016-11-22,2066.17993164063,2074.88989257813,2057.69995117188,2062.97998046875,0
2016-11-23,2085.75,2085.75,2068.61010742188,2069.17993164063,0
2016-11-24,2102.96997070313,2107.9599609375,2086.56005859375,2086.56005859375,0
2016-11-25,2098.14990234375,2106.60009765625,2088.39990234375,2101.46997070313,0
2016-11-28,2094.64990234375,2104.34008789063,2086.36010742188,2098.330078125,0
2016-11-29,2086.84008789063,2098,2082.7099609375,2092.1298828125,0
2016-11-30,2104.90991210938,2116.3798828125,2085.84008789063,2087.81005859375,0
2016-12-01,2121.8701171875,2128.69995117188,2110.68994140625,2110.68994140625,0
2016-12-02,2128.98999023438,2137.82006835938,2114.90991210938,2121.1201171875,0
2016-12-05,2158.330078125,2163.38989257813,2126.92993164063,2126.92993164063,0
2016-12-06,2152.35009765625,2177.93994140625,2151.07006835938,2159.25,0
2016-12-07,2160.51000976563,2165.2099609375,2148.5400390625,2154.02001953125,0
2016-12-08,2207.02001953125,2207.02001953125,2167.92993164063,2168.39990234375,0
2016-12-09,2208.53002929688,2220.01000976563,2197.48999023438,2211.2900390625,0
2016-12-12,2226.88989257813,2242.169921875,2210.06005859375,2219.1298828125,0
2016-12-13,2247.02001953125,2247.02001953125,2215.69995117188,2225.73999023438,0
2016-12-14,2229.05004882813,2258.10009765625,2215.11010742188,2248.21997070313,0
2016-12-15,2237.22998046875,2240.13989257813,2202.35009765625,2217.15991210938,0
2016-12-16,2231.40991210938,2251.22998046875,2229.30004882813,2239.080078125,0
2016-12-19,2215.68994140625,2235.1201171875,2215.68994140625,2233.98999023438,0
2016-12-20,2226.36010742188,2233.84008789063,2207.38989257813,2215.31005859375,0
2016-12-21,2212.330078125,2237.60009765625,2210.72998046875,2227.31005859375,0
2016-12-22,2174.63989257813,2203.80004882813,2172.3701171875,2203.80004882813,0
2016-12-23,2173.17993164063,2188.98999023438,2159.51000976563,2173.6201171875,0
2016-12-26,2177.86010742188,2186.02001953125,2172.26000976563,2172.86010742188,0
2016-12-27,2189.42993164063,2190.90991210938,2173.80004882813,2173.80004882813,0
2016-12-28,2182.97998046875,2201.2099609375,2182.97998046875,2191.169921875,0
2016-12-29,2206.330078125,2210.48999023438,2169.42993164063,2182.30004882813,0
2016-12-30,2232.71997070313,2232.71997070313,2206.0400390625,2206.0400390625,0
2017-01-03,2285.42993164063,2293.98999023438,2237.080078125,2237.080078125,0
2017-01-04,2263.89990234375,2284.61010742188,2251.75,2284.61010742188,0
2017-01-05,2220.35009765625,2270.93994140625,2213.44995117188,2265.71997070313,0
2017-01-06,2213.92993164063,2230.40991210938,2195.43994140625,2221.36010742188,0
2017-01-09,2211.25,2227.8798828125,2201.60009765625,2217.73999023438,0
2017-01-10,2237.48999023438,2237.8798828125,2205.8701171875,2209.53002929688,0
2017-01-11,2218.61010742188,2239.8701171875,2211.15991210938,2233.6201171875,0
2017-01-12,2212,2228.55004882813,2205.55004882813,2224.02001953125,0
2017-01-13,2195.18994140625,2217.46997070313,2173.38989257813,2214.23999023438,0
2017-01-16,2189.07006835938,2202.38989257813,2180.78002929688,2195.669921875,0
2017-01-17,2178.72998046875,2195.36010742188,2167.8798828125,2189.94995117188,0
2017-01-18,2170.09008789063,2190,2165.32006835938,2180.63989257813,0
2017-01-19,2162.25,2178.21997070313,2151.42993164063,2171.44995117188,0
2017-01-20,2159.9599609375,2165.8798828125,2147.18994140625,2162.7099609375,0
2017-01-23,2146.09008789063,2160.1298828125,2136.35009765625,2160.1298828125,0
2017-01-24,2174.59008789063,2174.59008789063,2147.51000976563,2147.51000976563,0
2017-01-25,2176,2178.919921875,2163.55004882813,2175.39990234375,0
2017-01-26,2229.19995117188,2230.77001953125,2179.34008789063,2179.34008789063,0
2017-01-27,2266.05004882813,2266.05004882813,2219.669921875,2226.8701171875,0
2017-01-30,2234.13989257813,2263.6298828125,2231.39990234375,2263.6298828125,0
2017-01-31,2217.38989257813,2240.57006835938,2215.7900390625,2233.65991210938,0
2017-02-01,2231.67993164063,2231.67993164063,2214,2219.18994140625,0
2017-02-02,2217.56005859375,2236.80004882813,2210.13989257813,2231.65991210938,0
2017-02-03,2226.61010742188,2228.05004882813,2213.21997070313,2219.48999023438,0
2017-02-06,2210.51000976563,2230.86010742188,2202.19995117188,2228.85009765625,0
2017-02-07,2218.77001953125,2218.77001953125,2201.21997070313,2210.8701171875,0
2017-02-08,2189.61010742188,2217.3701171875,2180.2099609375,2215.34008789063,0
2017-02-09,2173.97998046875,2196.080078125,2160.419921875,2192.23999023438,0
2017-02-10,2162.18994140625,2182.17993164063,2156.81005859375,2176.7900390625,0
2017-02-13,2161.48999023438,2174.72998046875,2150.52001953125,2165.1201171875,0
2017-02-14,2141.5,2162.1298828125,2135.01000976563,2162.1298828125,0
2017-02-15,2137.080078125,2156.36010742188,2109.92993164063,2140.19995117188,0
2017-02-16,2148.47998046875,2148.47998046875,2127.0400390625,2138.69995117188,0
2017-02-17,2128.2099609375,2148.84008789063,2125.44995117188,2148.580078125,0
2017-02-20,2119.09008789063,2136.80004882813,2113.03002929688,2132.46997070313,0
2017-02-21,2127.71997070313,2135.96997070313,2111.55004882813,2118.85009765625,0
2017-02-22,2106.30004882813,2130.80004882813,2094.85009765625,2128.97998046875,0
2017-02-24,2093.09008789063,2106.9599609375,2081.35009765625,2106.9599609375,0
2017-02-27,2056.4599609375,2097.19995117188,2054.92993164063,2095.51000976563,0
2017-02-28,2035.77001953125,2057.77001953125,2027.05004882813,2057.73999023438,0
2017-03-01,2059.8701171875,2063.669921875,2030.48999023438,2034.28002929688,0
2017-03-02,2049,2076.7099609375,2044.25,2062.61010742188,0
2017-03-03,2056.88989257813,2056.88989257813,2032.27001953125,2046.60998535156,0
2017-03-06,2047.42004394531,2071.68994140625,2045.28002929688,2056.6298828125,0
2017-03-07,2024.83996582031,2048.97998046875,2009,2047.58996582031,0
2017-03-09,1974.23999023438,2020.0400390625,1971.72998046875,2010.84997558594,0
2017-03-10,1973.9599609375,1989.06005859375,1965.22998046875,1977.75,0
2017-03-13,2000.14001464844,2001.7099609375,1968.60998535156,1972.66003417969,0
2017-03-14,2001.25,2018.42004394531,1990.55004882813,2001.40002441406,0
2017-03-15,1992.58996582031,2018.39001464844,1989.11999511719,2003.08996582031,0
2017-03-16,2014.36999511719,2021.05004882813,1998.23999023438,2001.81994628906,0
2017-03-17,2036.9599609375,2045.84997558594,2013.81994628906,2015.58996582031,0
2017-03-20,2042.71997070313,2051.5,2024.84997558594,2038.98999023438,0
2017-03-21,2048.07006835938,2067.39990234375,2040.55004882813,2045.18994140625,0
2017-03-22,2061.53002929688,2061.53002929688,2030.55004882813,2042.65002441406,0
2017-03-23,2051.0400390625,2072.90991210938,2040.18005371094,2065.3701171875,0
2017-03-24,2039.77001953125,2052.89990234375,2036.30004882813,2047.78002929688,0
2017-03-27,2013.16003417969,2034.09997558594,1997.92004394531,2034.09997558594,0
2017-03-28,2032.5400390625,2032.5400390625,2010.92004394531,2016.94995117188,0
2017-03-29,2023.7099609375,2037.57995605469,2013.13000488281,2032.48999023438,0
2017-03-30,2021.88000488281,2026.93994140625,2012.06994628906,2025,0
2017-03-31,1995.90002441406,2022.23999023438,1992.94995117188,2021.16003417969,0
2017-04-03,2008.60998535156,2014.18005371094,1992.67004394531,1998.55004882813,0
2017-04-04,2025.68994140625,2028.01000976563,2005.60998535156,2007.90002441406,0
2017-04-05,2056.32006835938,2057.03002929688,2028.11999511719,2028.7099609375,0
2017-04-06,2054.68994140625,2058.11010742188,2043.42004394531,2052.05004882813,0
2017-04-07,2020.22998046875,2048.6298828125,2010.92004394531,2046.78002929688,0
2017-04-10,1971.22998046875,2017.75,1965.57995605469,2017.75,0
2017-04-11,1977.94995117188,1994.26000976563,1965.80004882813,1969.11999511719,0
2017-04-12,1947.88000488281,1986.56005859375,1942.57995605469,1985.68994140625,0
2017-04-13,1944.69995117188,1954.81005859375,1916.67004394531,1954.39001464844,0
2017-04-17,1942.71997070313,1944.93005371094,1902.47998046875,1917.13000488281,0
2017-04-18,1920.2900390625,1949.52001953125,1914.43994140625,1944.28002929688,0
2017-04-19,1916.5,1932.81005859375,1911.34997558594,1920.18994140625,0
2017-04-20,1932.17004394531,1932.25,1900.71997070313,1912.69995117188,0
2017-04-21,1944.71997070313,1955.43005371094,1932.81994628906,1932.81994628906,0
2017-04-24,1979.56994628906,1979.76000976563,1954.31005859375,1954.31005859375,0
2017-04-25,1998.41003417969,2002.36999511719,1969.0400390625,1983.22998046875,0
2017-04-26,2026.92004394531,2031.07995605469,1994.52001953125,2000.80004882813,0
2017-04-27,2011.67004394531,2024.48999023438,2005.34997558594,2024.48999023438,0
2017-04-28,2016.7099609375,2031.06005859375,2011.02001953125,2021.73999023438,0
2017-05-02,2026.84997558594,2044.23999023438,2020.55004882813,2022.18994140625,0
2017-05-03,1993.66003417969,2027.65002441406,1992.32995605469,2024.40002441406,0
2017-05-04,1998.86999511719,2015.60998535156,1989.43994140625,1994.16003417969,0
2017-05-05,2002.41003417969,2002.41003417969,1982.96997070313,1989.88000488281,0
2017-05-10,2028.2099609375,2028.2099609375,2005.40002441406,2012.83996582031,0
2017-05-11,2002.5400390625,2028.57995605469,1991.81005859375,2028.26000976563,0
2017-05-12,1994.57995605469,2004.03002929688,1983.82995605469,2003.92004394531,0
2017-05-15,2003.11999511719,2008.10998535156,1984.06005859375,1995.59997558594,0
2017-05-16,1992.93994140625,2002.25,1987.2099609375,2000.19995117188,0
2017-05-17,1994.34997558594,1999.56005859375,1982.96997070313,1989.02001953125,0
2017-05-18,1967.66003417969,1996.84997558594,1961.19995117188,1989.05004882813,0
2017-05-19,1962.40002441406,1977.03002929688,1954.31994628906,1969.72998046875,0
2017-05-22,1950.51000976563,1966.66003417969,1941.78002929688,1966.66003417969,0
2017-05-23,1960.16003417969,1966.18994140625,1945.5,1950.27001953125,0
2017-05-24,1951.97998046875,1965.94995117188,1936.98999023438,1958.21997070313,0
2017-05-25,1947.26000976563,1960.94995117188,1939.96997070313,1955.82995605469,0
2017-05-26,1934.25,1945.03002929688,1930.76000976563,1944.16003417969,0
2017-05-29,1940.77001953125,1945.81994628906,1931.44995117188,1934.66003417969,0
2017-05-30,1932.91003417969,1939.73999023438,1927.28002929688,1938.06005859375,0
2017-05-31,1900.38000488281,1936.65002441406,1893.39001464844,1934.03002929688,0
2017-06-01,1869.66003417969,1904.81994628906,1862.59997558594,1900.89001464844,0
2017-06-02,1881.86999511719,1881.96997070313,1849.56994628906,1868.75,0
2017-06-05,1877.68994140625,1894.5,1871.2900390625,1882.82995605469,0
2017-06-06,1870.0400390625,1882.93994140625,1867.88000488281,1877.35998535156,0
2017-06-07,1868.42004394531,1889.44995117188,1867.96997070313,1870.68994140625,0
2017-06-08,1874.2099609375,1874.44995117188,1851.63000488281,1869.48999023438,0
2017-06-09,1883.33996582031,1888.92004394531,1866.30004882813,1873.26000976563,0
2017-06-13,1861.27001953125,1871.2900390625,1857.26000976563,1871.06994628906,0
2017-06-14,1838.31994628906,1862.30004882813,1834.51000976563,1861.5,0
2017-06-15,1817.81994628906,1833.42004394531,1774.56005859375,1833.42004394531,0
2017-06-16,1822.91003417969,1833.69995117188,1811.44995117188,1818.86999511719,0
2017-06-19,1849.78002929688,1851.69995117188,1820.10998535156,1820.82995605469,0
2017-06-20,1857.9599609375,1870.56005859375,1846.69995117188,1850.38000488281,0
2017-06-21,1850.81005859375,1861.03002929688,1844.06005859375,1858.23999023438,0
2017-06-22,1860.05004882813,1863.42004394531,1836.02001953125,1842.61999511719,0
2017-06-23,1867.4599609375,1876.35998535156,1850.21997070313,1859.63000488281,0
2017-06-26,1860.39001464844,1880.10998535156,1857.03002929688,1870.32995605469,0
2017-06-27,1878.93994140625,1884.41003417969,1849.42004394531,1857.23999023438,0
2017-06-28,1891.97998046875,1893.65002441406,1864.88000488281,1877.0400390625,0
2017-06-29,1881.0400390625,1902.80004882813,1877.13000488281,1896.11999511719,0
2017-06-30,1879.5,1895.97998046875,1877.56994628906,1879.16003417969,0
2017-07-03,1902.58996582031,1902.58996582031,1881.97998046875,1886.71997070313,0
2017-07-04,1917.40002441406,1919.22998046875,1899.17004394531,1902.64001464844,0
2017-07-05,1921.38000488281,1924.53002929688,1912.31005859375,1917.35998535156,0
2017-07-06,1923.21997070313,1929.43005371094,1911.9599609375,1920.58996582031,0
2017-07-07,1912.47998046875,1914.2900390625,1897.86999511719,1906.71997070313,0
2017-07-10,1925.73999023438,1928.09997558594,1908.98999023438,1912.76000976563,0
2017-07-11,1937.64001464844,1938.10998535156,1919.18994140625,1927.33996582031,0
2017-07-12,1954.39001464844,1957.02001953125,1938.35998535156,1938.35998535156,0
2017-07-13,1959.91003417969,1963.36999511719,1946.60998535156,1951.66003417969,0
2017-07-14,1960.68994140625,1967.59997558594,1955.08996582031,1959.85998535156,0
2017-07-17,1959.10998535156,1972.48999023438,1949.55004882813,1963.2900390625,0
2017-07-18,1947.7099609375,1966.85998535156,1944.81005859375,1956.56005859375,0
2017-07-19,1951.89001464844,1951.89001464844,1925.69995117188,1929.67004394531,0
2017-07-20,1946.51000976563,1959.32995605469,1941.38000488281,1952.09997558594,0
2017-07-21,1925.13000488281,1946.18994140625,1921,1946.18994140625,0
2017-07-24,1931.75,1934.25,1914.59997558594,1921.52001953125,0
2017-07-25,1923.72998046875,1936.25,1913.23999023438,1931.92004394531,0
2017-07-26,1933.09997558594,1938.56005859375,1923.90002441406,1928.13000488281,0
2017-07-27,1945.11999511719,1945.11999511719,1935.11999511719,1935.11999511719,0
2017-07-28,1916.75,1940.7900390625,1904.26000976563,1940.7900390625,0
2017-07-31,1919.53002929688,1930.27001953125,1904.56005859375,1917.33996582031,0
2017-08-01,1940.14001464844,1948.61999511719,1924.77001953125,1924.77001953125,0
2017-08-02,1965.47998046875,1966.96997070313,1940.77001953125,1940.94995117188,0
2017-08-03,1965.2900390625,1976.35998535156,1961.38000488281,1965.56005859375,0
2017-08-04,1953.48999023438,1962.4599609375,1950.56994628906,1962.4599609375,0
2017-08-07,1970.36999511719,1970.9599609375,1953.61999511719,1953.61999511719,0
2017-08-08,1989.60998535156,1989.77001953125,1969.75,1970.30004882813,0
2017-08-09,1975.91003417969,1987.94995117188,1973.07995605469,1985.31005859375,0
2017-08-10,1960.22998046875,1983.73999023438,1959.05004882813,1977.15002441406,0
2017-08-11,1944.82995605469,1953.56005859375,1933.68994140625,1953.56005859375,0
2017-08-14,1951.75,1960.38000488281,1946.67004394531,1947.68994140625,0
2017-08-15,1950.28002929688,1952.59997558594,1938.57995605469,1950.42004394531,0
2017-08-16,1942.88000488281,1957.61999511719,1941.06994628906,1952.10998535156,0
2017-08-17,1941.52001953125,1947.94995117188,1936.94995117188,1941.55004882813,0
2017-08-18,1930.7099609375,1937.51000976563,1921.33996582031,1937.51000976563,0
2017-08-21,1937.66003417969,1943.78002929688,1932.25,1932.25,0
2017-08-22,1947.40002441406,1948.28002929688,1938.90002441406,1939.94995117188,0
2017-08-23,1958.52001953125,1958.57995605469,1944.30004882813,1947.77001953125,0
2017-08-24,1973.5,1973.5,1958.82995605469,1958.82995605469,0
2017-08-25,1979.14001464844,1981.7900390625,1973.39001464844,1973.43994140625,0
2017-08-28,1987.15002441406,1987.22998046875,1972.76000976563,1978.7900390625,0
2017-08-29,1989.11999511719,1989.11999511719,1967.10998535156,1986.09997558594,0
2017-08-30,2008.88000488281,2009.2900390625,1988.78002929688,1993,0
2017-08-31,2022.21997070313,2030.85998535156,2001.66003417969,2006.06994628906,0
2017-09-01,2010.97998046875,2030.36999511719,2008.48999023438,2021.93005371094,0
2017-09-04,2003.31994628906,2012.2900390625,1999.83996582031,2005.07995605469,0
2017-09-05,2004.02001953125,2014.03002929688,1995.93994140625,2005.22998046875,0
2017-09-06,2014.59997558594,2015.63000488281,1992.68005371094,2001.96997070313,0
2017-09-07,2010.17004394531,2025.36999511719,2010.17004394531,2017.52001953125,0
2017-09-08,2032.75,2037.47998046875,2010.55004882813,2010.55004882813,0
2017-09-11,2044.13000488281,2049.07006835938,2032.92004394531,2038.78002929688,0
2017-09-12,2058.80004882813,2059.9599609375,2044.06994628906,2045.84997558594,0
2017-09-13,2054.18994140625,2072.9599609375,2054.18994140625,2059.39990234375,0
2017-09-14,2052.25,2055.92993164063,2036.21997070313,2054.65991210938,0
2017-09-15,2053.81005859375,2061.60009765625,2041.28002929688,2051.46997070313,0
2017-09-18,2059.080078125,2062.75,2053.60009765625,2055.40991210938,0
2017-09-19,2048.98999023438,2059.15991210938,2046.60998535156,2057.36010742188,0
2017-09-20,2057.53002929688,2058.080078125,2044.22998046875,2048.86010742188,0
2017-09-21,2060.23999023438,2066.40991210938,2051.67993164063,2056.27001953125,0
2017-09-22,2051.6298828125,2059.01000976563,2046.34997558594,2059.01000976563,0
2017-09-25,2069.11010742188,2070.82006835938,2046.01000976563,2050.52001953125,0
2017-09-26,2071.1298828125,2086.64990234375,2070.48999023438,2071.6201171875,0
2017-09-27,2081.1201171875,2085.13989257813,2065.7900390625,2072.27001953125,0
2017-09-28,2071.63989257813,2084.38989257813,2068.5400390625,2080.72998046875,0
2017-09-29,2077.18994140625,2077.28002929688,2068.38989257813,2071.330078125,0
2017-10-02,2075.71997070313,2083.42993164063,2072.71997070313,2077.15991210938,0
2017-10-03,2076.81005859375,2084.03002929688,2072.830078125,2076.53002929688,0
2017-10-04,2077.09008789063,2080.05004882813,2068.72998046875,2076.5,0
2017-10-05,2088.32006835938,2088.63989257813,2071.18994140625,2076.78002929688,0
2017-10-06,2093.86010742188,2103.05004882813,2089.38989257813,2089.38989257813,0
2017-10-09,2096.2900390625,2100.2900390625,2086.73999023438,2094.15991210938,0
2017-10-10,2086.90991210938,2096.35009765625,2084.48999023438,2096.35009765625,0
2017-10-11,2101.07006835938,2103.2900390625,2087.07006835938,2087.46997070313,0
2017-10-12,2094.9599609375,2101.330078125,2090.86010742188,2101.330078125,0
2017-10-13,2098.77001953125,2105.63989257813,2092.39990234375,2094.93994140625,0
2017-10-16,2106.38989257813,2106.38989257813,2098.07006835938,2102.25,0
2017-10-17,2092.57006835938,2106.48999023438,2086.40991210938,2105.73999023438,0
2017-10-18,2094.39990234375,2101.35009765625,2086.44995117188,2091.39990234375,0
2017-10-19,2072.72998046875,2099.65991210938,2071.60009765625,2094.56005859375,0
2017-10-20,2071.830078125,2079.63989257813,2067.90991210938,2076.2900390625,0
2017-10-23,2063.81005859375,2078.59008789063,2060.42993164063,2073.55004882813,0
2017-10-24,2061.7900390625,2066.2099609375,2057.68994140625,2064.07006835938,0
2017-10-25,2049.47998046875,2073.43994140625,2048.78002929688,2063.19995117188,0
2017-10-26,2046.68994140625,2053.53002929688,2038.26000976563,2049.65991210938,0
2017-10-27,2068.76000976563,2068.76000976563,2050.35009765625,2050.35009765625,0
2017-10-30,2065.25,2076.9599609375,2064.73999023438,2069.44995117188,0
2017-10-31,2064.31005859375,2079.28002929688,2064.31005859375,2066.10009765625,0
2017-11-01,2082.72998046875,2089.830078125,2068.26000976563,2070.67993164063,0
2017-11-02,2073.0400390625,2080.53002929688,2065.68994140625,2080.53002929688,0
2017-11-03,2081.14990234375,2096.0400390625,2073.169921875,2073.169921875,0
2017-11-07,2155.55004882813,2155.55004882813,2092.78002929688,2092.78002929688,0
2017-11-08,2163.01000976563,2178.419921875,2144.97998046875,2155.2099609375,0
2017-11-09,2183.61010742188,2183.61010742188,2156.47998046875,2162,0
2017-11-10,2169.26000976563,2190.56005859375,2166.67993164063,2184.63989257813,0
2017-11-13,2167.6298828125,2191.7099609375,2167.6298828125,2169.85009765625,0
2017-11-14,2166.830078125,2185.56005859375,2166.11010742188,2166.11010742188,0
2017-11-15,2131.75,2162.40991210938,2131.75,2159.830078125,0
2017-11-16,2132.64990234375,2147.830078125,2112.19995117188,2135.17993164063,0
2017-11-17,2131.90991210938,2139.42993164063,2127.94995117188,2135.580078125,0
2017-11-20,2130.38989257813,2139.90991210938,2123.76000976563,2132.39990234375,0
2017-11-21,2155.82006835938,2155.82006835938,2132.5,2132.5,0
2017-11-22,2160.15991210938,2168.01000976563,2151.30004882813,2158.330078125,0
2017-11-23,2148.56005859375,2160.63989257813,2143.06005859375,2159.8798828125,0
2017-11-24,2161.169921875,2163.61010742188,2144.6201171875,2148.59008789063,0
2017-11-27,2145.8701171875,2164.32006835938,2139.1201171875,2159.02001953125,0
2017-11-28,2149.44995117188,2149.44995117188,2126.06005859375,2144.53002929688,0
2017-11-29,2124.080078125,2150.8798828125,2120.23999023438,2148.94995117188,0
2017-11-30,2100.6201171875,2123.17993164063,2092.19995117188,2121.92993164063,0
2017-12-01,2105.98999023438,2109.330078125,2091.88989257813,2102.5400390625,0
2017-12-04,2119.419921875,2123.080078125,2087.3701171875,2104.89990234375,0
2017-12-05,2113.68994140625,2117.69995117188,2099.77001953125,2117.69995117188,0
2017-12-06,2124.1201171875,2126.15991210938,2102.89990234375,2110.80004882813,0
2017-12-07,2103.14990234375,2120.830078125,2100.8701171875,2120.80004882813,0
2017-12-08,2104.98999023438,2118.7099609375,2097.2900390625,2106.3798828125,0
2017-12-11,2148.60009765625,2148.60009765625,2104.6201171875,2104.6201171875,0
2017-12-12,2160.75,2160.75,2142.06005859375,2151.9599609375,0
2017-12-13,2131.93994140625,2158.25,2127.10009765625,2152.38989257813,0
2017-12-14,2152.40991210938,2152.40991210938,2127.73999023438,2132.5400390625,0
2017-12-15,2143.98999023438,2151.22998046875,2135.85009765625,2151.22998046875,0
2017-12-18,2134.580078125,2155.919921875,2122.05004882813,2144.919921875,0
2017-12-19,2118.15991210938,2139.27001953125,2112.98999023438,2133.92993164063,0
2017-12-20,2102.96997070313,2120.57006835938,2101.92993164063,2116.96997070313,0
2017-12-21,2093.3798828125,2103.6201171875,2082.2900390625,2101.22998046875,0
2017-12-22,2102.93994140625,2109.43994140625,2089.60009765625,2095.56005859375,0
2017-12-26,2097.03002929688,2107.47998046875,2086.61010742188,2105.51000976563,0
2017-12-27,2106.169921875,2108.73999023438,2091.93994140625,2099.09008789063,0
2017-12-28,2102.88989257813,2106.25,2088.669921875,2105.97998046875,0
2017-12-29,2109.73999023438,2110.89990234375,2091.92993164063,2102.81005859375,0
2018-01-03,2152.96997070313,2152.96997070313,2111.23999023438,2111.23999023438,0
2018-01-04,2197.60009765625,2197.60009765625,2153.8701171875,2153.8701171875,0
2018-01-05,2207.40991210938,2207.40991210938,2188.35009765625,2196.68994140625,0
2018-01-09,2225.38989257813,2242.8701171875,2211.39990234375,2211.39990234375,0
2018-01-10,2232.27001953125,2233.6298828125,2213.77001953125,2227.330078125,0
2018-01-11,2246.44995117188,2246.82006835938,2221.61010742188,2232.18994140625,0
2018-01-12,2262.3798828125,2262.3798828125,2234.419921875,2245.69995117188,0
2018-01-15,2261.53002929688,2280.169921875,2259.65991210938,2268.01000976563,0
2018-01-16,2257.88989257813,2265.63989257813,2232.919921875,2262.09008789063,0
2018-01-17,2277.88989257813,2277.88989257813,2231.69995117188,2250.7099609375,0
2018-01-18,2297.46997070313,2299.63989257813,2279.34008789063,2279.34008789063,0
2018-01-19,2286.330078125,2306.7900390625,2273.23999023438,2298.07006835938,0
2018-01-22,2308.61010742188,2308.61010742188,2285.32006835938,2286.0400390625,0
2018-01-24,2306.98999023438,2306.98999023438,2283.19995117188,2297.68994140625,0
2018-01-25,2320.03002929688,2328.47998046875,2307.6201171875,2311.56005859375,0
2018-01-26,2295.26000976563,2317.14990234375,2281.7099609375,2317.14990234375,0
2018-01-29,2284.27001953125,2303.48999023438,2280.919921875,2295.34008789063,0
2018-01-30,2280.36010742188,2301.97998046875,2264.15991210938,2276.3701171875,0
2018-01-31,2289.98999023438,2295.8798828125,2266.94995117188,2278.830078125,0
2018-02-01,2302.57006835938,2313.2099609375,2288.31005859375,2292.21997070313,0
2018-02-02,2281.84008789063,2309.60009765625,2272.84008789063,2303.06005859375,0
2018-02-05,2276.85009765625,2281.96997070313,2255.42993164063,2272.669921875,0
2018-02-06,2238.23999023438,2258.7900390625,2222.85009765625,2233.31005859375,0
2018-02-07,2254.63989257813,2267.35009765625,2247.98999023438,2247.98999023438,0
2018-02-08,2227.23999023438,2259.39990234375,2227.23999023438,2248.97998046875,0
2018-02-09,2197.1201171875,2217.88989257813,2181.9599609375,2209.669921875,0
2018-02-12,2220.1201171875,2229.81005859375,2206.28002929688,2208.97998046875,0
2018-02-13,2250.6298828125,2250.6298828125,2220.68994140625,2225.7099609375,0
2018-02-14,2257.94995117188,2259.06005859375,2232.9599609375,2252.94995117188,0
2018-02-15,2265.44995117188,2280.27001953125,2265.44995117188,2267.82006835938,0
2018-02-16,2255.27001953125,2283.64990234375,2248.30004882813,2266.419921875,0
2018-02-19,2254.919921875,2266.88989257813,2251.17993164063,2255.3701171875,0
2018-02-20,2270.1201171875,2271.3701171875,2254.919921875,2256.01000976563,0
2018-02-21,2320.32006835938,2320.32006835938,2265.85009765625,2268.27001953125,0
2018-02-22,2336.82006835938,2336.82006835938,2307.28002929688,2316.09008789063,0
2018-02-26,2353.15991210938,2376.9599609375,2346.72998046875,2353.88989257813,0
2018-02-27,2341.88989257813,2357.10009765625,2333.3798828125,2356.75,0
2018-02-28,2296.80004882813,2338.26000976563,2296.80004882813,2338.26000976563,0
2018-03-01,2297.89990234375,2306.51000976563,2281.21997070313,2286.40991210938,0
2018-03-02,2288.84008789063,2301.77001953125,2263.77001953125,2295.14990234375,0
2018-03-05,2309.53002929688,2317.01000976563,2291.89990234375,2291.89990234375,0
2018-03-06,2303.32006835938,2325.15991210938,2302.11010742188,2312.60009765625,0
2018-03-07,2291.22998046875,2299.3798828125,2269.89990234375,2299.3798828125,0
2018-03-09,2311.68994140625,2311.68994140625,2286.22998046875,2290.77001953125,0
2018-03-12,2318.01000976563,2326.40991210938,2309.60009765625,2317.18994140625,0
2018-03-13,2319.3798828125,2326.06005859375,2305.25,2315.23999023438,0
2018-03-14,2275.23999023438,2316.60009765625,2275.23999023438,2316.60009765625,0
2018-03-15,2272.48999023438,2284.7900390625,2262.2099609375,2275.06005859375,0
2018-03-16,2294.60009765625,2294.60009765625,2255.94995117188,2273.51000976563,0
2018-03-19,2281.71997070313,2302.78002929688,2279.5,2299.01000976563,0
2018-03-20,2291.17993164063,2293.85009765625,2263.47998046875,2281.53002929688,0
2018-03-21,2309.36010742188,2316.080078125,2290.17993164063,2292.73999023438,0
2018-03-22,2285.76000976563,2317.3798828125,2279.6298828125,2311.31005859375,0
2018-03-23,2285.53002929688,2288.14990234375,2259.78002929688,2272.32006835938,0
2018-04-04,2265.60009765625,2273.53002929688,2248.47998046875,2264.73999023438,0
2018-04-05,2296.25,2297.68994140625,2270.15991210938,2270.15991210938,0
2018-04-06,2281.22998046875,2293.98999023438,2274.90991210938,2286.35009765625,0
2018-04-09,2090.8798828125,2272.39990234375,2065.32006835938,2272.39990234375,0
2018-04-10,2173.76000976563,2199.43994140625,2083.30004882813,2090.72998046875,0
2018-04-11,2192.14990234375,2231.26000976563,2157.919921875,2172.44995117188,0
2018-04-12,2210.05004882813,2220.830078125,2173.60009765625,2206.93994140625,0
2018-04-13,2175.15991210938,2219.10009765625,2167.89990234375,2210.02001953125,0
2018-04-16,2143.669921875,2179.75,2141.169921875,2156.28002929688,0
2018-04-17,2191.18994140625,2191.18994140625,2165.2099609375,2173.44995117188,0
2018-04-18,2241.48999023438,2246.60009765625,2191.669921875,2193.72998046875,0
2018-04-19,2230.55004882813,2265.919921875,2219.48999023438,2248.080078125,0
2018-04-20,2232.65991210938,2242.71997070313,2222.81005859375,2231.080078125,0
2018-04-23,2250.98999023438,2250.98999023438,2212.15991210938,2232.330078125,0
2018-04-24,2253.77001953125,2270.61010742188,2245.57006835938,2260.169921875,0
2018-04-25,2253.5,2253.5,2229.65991210938,2245.06005859375,0
2018-04-26,2286.02001953125,2286.72998046875,2253.919921875,2255.65991210938,0
2018-04-27,2301.48999023438,2302.5400390625,2281.48999023438,2287.94995117188,0
2018-05-02,2306.419921875,2317.42993164063,2298.52001953125,2304.28002929688,0
2018-05-03,2274.07006835938,2313.85009765625,2274.07006835938,2303.34008789063,0
2018-05-04,2289.46997070313,2294.35009765625,2278.89990234375,2278.89990234375,0
2018-05-07,2297.1201171875,2313.72998046875,2292.6298828125,2294.10009765625,0
2018-05-08,2301.98999023438,2301.98999023438,2277.169921875,2292.78002929688,0
2018-05-10,2312.919921875,2322.44995117188,2303.14990234375,2315.38989257813,0
2018-05-11,2345.26000976563,2346.97998046875,2317.53002929688,2317.60009765625,0
2018-05-14,2357.6201171875,2358.59008789063,2326.27001953125,2345.92993164063,0
2018-05-15,2337.03002929688,2354.11010742188,2330.59008789063,2353.21997070313,0
2018-05-16,2338.38989257813,2350.48999023438,2328.86010742188,2336.52001953125,0
2018-05-17,2323.51000976563,2346.0400390625,2323.51000976563,2342.21997070313,0
2018-05-18,2326.93994140625,2338.93994140625,2321.92993164063,2323.75,0
2018-05-21,2332.6298828125,2347.92993164063,2328.419921875,2328.419921875,0
2018-05-22,2326.8701171875,2336.77001953125,2317.78002929688,2333.88989257813,0
2018-05-23,2295.57006835938,2318.77001953125,2294.97998046875,2317,0
2018-05-24,2294.01000976563,2310.080078125,2289.67993164063,2298.72998046875,0
2018-05-25,2306.57006835938,2316.1298828125,2296.90991210938,2297.90991210938,0
2018-05-28,2311.28002929688,2314.47998046875,2301.82006835938,2306.22998046875,0
2018-05-29,2298,2316.59008789063,2285.40991210938,2314.11010742188,0
2018-05-30,2297.60009765625,2307.82006835938,2289.2099609375,2298.52001953125,0
2018-05-31,2302.8798828125,2315.14990234375,2289.64990234375,2303.34008789063,0
2018-06-01,2295.34008789063,2311.94995117188,2292.96997070313,2297.1298828125,0
2018-06-04,2323.63989257813,2324.19995117188,2299.64990234375,2299.64990234375,0
2018-06-05,2318.22998046875,2329.03002929688,2310.82006835938,2322.7099609375,0
2018-06-06,2315.44995117188,2322.05004882813,2302.69995117188,2319.330078125,0
2018-06-07,2316.07006835938,2326.43994140625,2316.07006835938,2318.28002929688,0
2018-06-08,2267.919921875,2316.919921875,2267.919921875,2313,0
2018-06-11,2271.73999023438,2285.13989257813,2260.39990234375,2283.63989257813,0
2018-06-13,2270.72998046875,2283.72998046875,2268.36010742188,2275.68994140625,0
2018-06-14,2253.47998046875,2269.10009765625,2247.9599609375,2268.93994140625,0
2018-06-15,2237.53002929688,2261.73999023438,2235.92993164063,2254.09008789063,0
2018-06-18,2222.56005859375,2241.30004882813,2216.2099609375,2234.53002929688,0
2018-06-19,2221.419921875,2228.84008789063,2192.6298828125,2216.93994140625,0
2018-06-20,2256.27001953125,2263.76000976563,2226.48999023438,2226.48999023438,0
2018-06-21,2245.93994140625,2268.92993164063,2243.7099609375,2255.51000976563,0
2018-06-22,2249.67993164063,2262.17993164063,2236.43994140625,2250.98999023438,0
2018-06-25,2236.64990234375,2255.68994140625,2232.82006835938,2234.21997070313,0
2018-06-26,2231.03002929688,2253.30004882813,2229.46997070313,2238.35009765625,0
2018-06-27,2253.60009765625,2265.330078125,2223.28002929688,2239.75,0
2018-06-28,2250.26000976563,2264.76000976563,2246.919921875,2254.4599609375,0
2018-06-29,2295.94995117188,2295.94995117188,2261.580078125,2262.15991210938,0
2018-07-02,2319.31005859375,2327.71997070313,2287.85009765625,2294.10009765625,0
2018-07-03,2301.64990234375,2320.40991210938,2296.919921875,2319.3701171875,0
2018-07-04,2304.06005859375,2309.57006835938,2299.44995117188,2301.67993164063,0
2018-07-05,2346.86010742188,2346.86010742188,2293.78002929688,2299.67993164063,0
2018-07-06,2345.3798828125,2350.96997070313,2319.93994140625,2342.6201171875,0
2018-07-09,2373.169921875,2375.830078125,2351.68994140625,2351.68994140625,0
2018-07-10,2365.169921875,2379.330078125,2359.15991210938,2368.28002929688,0
2018-07-11,2336.14990234375,2355.7900390625,2326.23999023438,2355.7900390625,0
2018-07-12,2322.06005859375,2336.52001953125,2307.94995117188,2332.22998046875,0
2018-07-13,2346.42993164063,2346.42993164063,2324.89990234375,2326.76000976563,0
2018-07-16,2334.17993164063,2352.30004882813,2321.330078125,2343.02001953125,0
2018-07-17,2310.919921875,2325.28002929688,2293.76000976563,2325.28002929688,0
2018-07-18,2294.78002929688,2303.38989257813,2284.44995117188,2294.21997070313,0
2018-07-19,2269.44995117188,2297.14990234375,2262.98999023438,2297.14990234375,0
2018-07-20,2247.82006835938,2274.65991210938,2239.77001953125,2269.96997070313,0
2018-07-23,2261.25,2273.1298828125,2250.57006835938,2250.57006835938,0
2018-07-24,2278.30004882813,2281.6201171875,2263.36010742188,2264.3798828125,0
2018-07-25,2282.84008789063,2285.21997070313,2258.31005859375,2268.11010742188,0
2018-07-26,2293.07006835938,2300.05004882813,2283.01000976563,2287.75,0
2018-07-27,2292.71997070313,2298.07006835938,2275.22998046875,2293.8701171875,0
2018-07-30,2295.71997070313,2298.76000976563,2276.67993164063,2288.2900390625,0
2018-07-31,2321.11010742188,2321.11010742188,2286.84008789063,2290.76000976563,0
2018-08-01,2315.17993164063,2326.36010742188,2307.98999023438,2317.830078125,0
2018-08-02,2295.14990234375,2321.78002929688,2288.11010742188,2311.78002929688,0
2018-08-03,2297.98999023438,2299.080078125,2277.30004882813,2294.3701171875,0
2018-08-06,2299.8798828125,2310.9599609375,2286.8798828125,2297.6201171875,0
2018-08-07,2312.18994140625,2320.3798828125,2301.2099609375,2303.46997070313,0
2018-08-08,2293.01000976563,2310.64990234375,2275.14990234375,2308.6201171875,0
2018-08-09,2309.580078125,2309.580078125,2257.51000976563,2282.02001953125,0
2018-08-10,2275.05004882813,2308.4599609375,2259.669921875,2295.59008789063,0
2018-08-13,2285.61010742188,2298.36010742188,2255.75,2264.60009765625,0
2018-08-14,2282.8798828125,2305.8798828125,2268.919921875,2298.72998046875,0
2018-08-15,2267.1298828125,2282.34008789063,2246.44995117188,2281.39990234375,0
2018-08-16,2261.09008789063,2273.43994140625,2249.77001953125,2269.02001953125,0
2018-08-17,2255.1201171875,2268.88989257813,2247.44995117188,2261.68994140625,0
2018-08-20,2272.48999023438,2279.52001953125,2265.18994140625,2266.06005859375,0
2018-08-21,2291.76000976563,2291.76000976563,2259.81005859375,2274.36010742188,0
2018-08-22,2297.06005859375,2306.10009765625,2278.22998046875,2296.169921875,0
2018-08-23,2260.0400390625,2303.46997070313,2258.11010742188,2293.97998046875,0
2018-08-24,2279.76000976563,2281.73999023438,2240.7099609375,2258.93994140625,0
2018-08-27,2312.92993164063,2312.92993164063,2281.8701171875,2281.8701171875,0
2018-08-28,2316.28002929688,2323.44995117188,2310.98999023438,2313.85009765625,0
2018-08-29,2348.43994140625,2348.43994140625,2316.65991210938,2316.72998046875,0
2018-08-30,2330.919921875,2359.580078125,2325.80004882813,2352.06005859375,0
2018-08-31,2345.85009765625,2345.85009765625,2310.78002929688,2328.52001953125,0
2018-09-03,2346.080078125,2353.09008789063,2339.38989257813,2344.30004882813,0
2018-09-04,2336.3798828125,2358.8798828125,2332.34008789063,2348.64990234375,0
2018-09-05,2321.330078125,2341.3701171875,2321.330078125,2333.0400390625,0
2018-09-06,2320.64990234375,2342.02001953125,2320.080078125,2320.080078125,0
2018-09-07,2321.82006835938,2330.84008789063,2305.27001953125,2321.65991210938,0
2018-09-10,2335.85009765625,2335.85009765625,2320.0400390625,2322.669921875,0
2018-09-11,2335.18994140625,2345.64990234375,2314.80004882813,2336.15991210938,0
2018-09-12,2340.6298828125,2350,2328.28002929688,2339.77001953125,0
2018-09-13,2357.32006835938,2373.61010742188,2339.39990234375,2339.39990234375,0
2018-09-14,2360.26000976563,2369.06005859375,2345.51000976563,2359.06005859375,0
2018-09-17,2373.75,2373.76000976563,2350.09008789063,2362.23999023438,0
2018-09-18,2402.580078125,2402.580078125,2372,2374.09008789063,0
2018-09-19,2404.419921875,2416.53002929688,2396.17993164063,2405.31005859375,0
2018-09-20,2400.88989257813,2434.93994140625,2400.88989257813,2405.36010742188,0
2018-09-21,2426.80004882813,2426.80004882813,2401,2401.35009765625,0
2018-09-24,2430.01000976563,2432.63989257813,2417.44995117188,2426.40991210938,0
2018-09-25,2444.21997070313,2444.64990234375,2420.30004882813,2432.76000976563,0
2018-09-26,2427.2900390625,2449.419921875,2421.44995117188,2445.35009765625,0
2018-09-27,2474.57006835938,2474.57006835938,2423.13989257813,2423.75,0
2018-09-28,2475.36010742188,2476.86010742188,2446.53002929688,2467.94995117188,0
2018-10-01,2472.21997070313,2493.82006835938,2461.77001953125,2481.44995117188,0
2018-10-02,2449.69995117188,2480.18994140625,2445.51000976563,2475.64990234375,0
2018-10-03,2493.90991210938,2501.78002929688,2451.44995117188,2451.44995117188,0
2018-10-04,2465.03002929688,2498.07006835938,2459.02001953125,2492.5400390625,0
2018-10-05,2450.89990234375,2466.31005859375,2436.97998046875,2458.28002929688,0
2018-10-08,2454.28002929688,2466.169921875,2436.48999023438,2449.94995117188,0
2018-10-09,2443.830078125,2478.8701171875,2443.830078125,2459.6298828125,0
2018-10-10,2417.68994140625,2454.28002929688,2411.06005859375,2445.78002929688,0
2018-10-11,2366.46997070313,2388.6298828125,2351.67993164063,2386.03002929688,0
2018-10-12,2403.02001953125,2407.39990234375,2371.67993164063,2371.67993164063,0
2018-10-15,2389.05004882813,2414.15991210938,2374.80004882813,2405.53002929688,0
2018-10-16,2417.26000976563,2418.64990234375,2377.81005859375,2387.35009765625,0
2018-10-17,2411.419921875,2433.5,2400.53002929688,2422.44995117188,0
2018-10-18,2378.6201171875,2411.21997070313,2377.3701171875,2408.96997070313,0
2018-10-19,2344.7900390625,2381.830078125,2342.05004882813,2381.06005859375,0
2018-10-22,2308.56005859375,2361,2306.26000976563,2347.2900390625,0
2018-10-23,2305.580078125,2321.4599609375,2289.22998046875,2302.84008789063,0
2018-10-24,2336.48999023438,2348.8701171875,2307.9599609375,2311.28002929688,0
2018-10-25,2331.59008789063,2336.67993164063,2307.06005859375,2323.03002929688,0
2018-10-26,2293.21997070313,2328.82006835938,2275.580078125,2328.82006835938,0
2018-10-29,2317.06005859375,2321.77001953125,2287.05004882813,2290.53002929688,0
2018-10-30,2299.97998046875,2316.88989257813,2283.1298828125,2311.5400390625,0
2018-10-31,2352.7099609375,2352.7099609375,2306.17993164063,2306.17993164063,0
2018-11-01,2359.330078125,2366.3701171875,2333.09008789063,2352.93994140625,0
2018-11-02,2377.94995117188,2385.94995117188,2363.63989257813,2364.36010742188,0
2018-11-06,2412.31005859375,2412.31005859375,2381.3798828125,2381.3798828125,0
2018-11-07,2445.34008789063,2445.34008789063,2392.05004882813,2411.4599609375,0
2018-11-08,2438.6201171875,2454.84008789063,2430.84008789063,2446.22998046875,0
2018-11-09,2403.46997070313,2431.85009765625,2385.22998046875,2431.85009765625,0
2018-11-12,2393.81005859375,2425.080078125,2391.57006835938,2407.96997070313,0
2018-11-13,2374.93994140625,2398.94995117188,2373.61010742188,2388.27001953125,0
2018-11-14,2378.59008789063,2379.669921875,2346.67993164063,2368.88989257813,0
2018-11-15,2381.44995117188,2396.92993164063,2377.47998046875,2382.42993164063,0
2018-11-16,2372.669921875,2398.19995117188,2365.19995117188,2384.76000976563,0
2018-11-19,2373.78002929688,2391.71997070313,2368.44995117188,2375.2099609375,0
2018-11-20,2341.60009765625,2371.7099609375,2323.94995117188,2371.7099609375,0
2018-11-21,2357.96997070313,2362.28002929688,2336.17993164063,2339.2900390625,0
2018-11-22,2369.53002929688,2372.06005859375,2348.0400390625,2358.13989257813,0
2018-11-23,2342.96997070313,2368.38989257813,2334,2368.38989257813,0
2018-11-26,2308.5,2346.93994140625,2284.30004882813,2344.3798828125,0
2018-11-27,2338.7099609375,2345.01000976563,2310.32006835938,2311.169921875,0
2018-11-28,2381.1201171875,2386.82006835938,2341.11010742188,2341.11010742188,0
2018-11-29,2398.56005859375,2410.48999023438,2377.919921875,2387.44995117188,0
2018-11-30,2392.5,2402.13989257813,2378.73999023438,2394.5400390625,0
2018-12-03,2441.18994140625,2446.14990234375,2405.17993164063,2405.17993164063,0
2018-12-04,2443.3798828125,2449.919921875,2426.7099609375,2440.6298828125,0
2018-12-05,2445.55004882813,2445.55004882813,2409.32006835938,2425.02001953125,0
2018-12-06,2412.31005859375,2438.7900390625,2391.6298828125,2438.7900390625,0
2018-12-07,2431.2900390625,2440.03002929688,2412.69995117188,2415.0400390625,0
2018-12-10,2396.84008789063,2429.71997070313,2396.68994140625,2426.39990234375,0
2018-12-11,2394.26000976563,2408.07006835938,2382.19995117188,2397.7099609375,0
2018-12-12,2370.35009765625,2395.81005859375,2366.76000976563,2392.84008789063,0
2018-12-13,2378.5,2379.17993164063,2359.830078125,2368.30004882813,0
2018-12-14,2365.68994140625,2376.8701171875,2351.6201171875,2376.8701171875,0
2018-12-17,2359.1298828125,2379.07006835938,2354.8701171875,2363.55004882813,0
2018-12-18,2350.2900390625,2353.75,2321.57006835938,2353.75,0
2018-12-19,2358.580078125,2360.36010742188,2330.71997070313,2347.28002929688,0
2018-12-20,2352.8798828125,2352.8798828125,2317.57006835938,2348.7900390625,0
2018-12-21,2347.169921875,2351.97998046875,2330.86010742188,2351.97998046875,0
2018-12-24,2322.27001953125,2346.36010742188,2315.42993164063,2345.97998046875,0
2018-12-26,2308.85009765625,2315.97998046875,2291.97998046875,2291.97998046875,0
2018-12-27,2327.81005859375,2340.6298828125,2316.65991210938,2316.65991210938,0
2018-12-28,2358.5,2369.23999023438,2329.9599609375,2329.9599609375,0
2019-01-03,2375.60009765625,2387.2099609375,2350.40991210938,2370.56005859375,0
2019-01-04,2406.5,2406.5,2377.7099609375,2377.7099609375,0
2019-01-08,2389.68994140625,2403.65991210938,2375.01000976563,2400.9599609375,0
2019-01-09,2414.1298828125,2414.1298828125,2393.55004882813,2393.55004882813,0
2019-01-10,2434.14990234375,2434.14990234375,2398.15991210938,2413.27001953125,0
2019-01-11,2444.44995117188,2448.169921875,2430.44995117188,2435.7099609375,0
2019-01-14,2440.14990234375,2440.14990234375,2418.64990234375,2438.35009765625,0
2019-01-15,2439.55004882813,2457.35009765625,2423.86010742188,2442.26000976563,0
2019-01-16,2434.60009765625,2446.1298828125,2426.80004882813,2440.34008789063,0
2019-01-17,2447.63989257813,2447.63989257813,2425.51000976563,2436.47998046875,0
2019-01-18,2473.61010742188,2473.61010742188,2451.64990234375,2454.18994140625,0
2019-01-21,2468.25,2481.8798828125,2468.17993164063,2473.669921875,0
2019-01-22,2468.72998046875,2469.8701171875,2454.18994140625,2466.35009765625,0
2019-01-23,2491.48999023438,2493.06005859375,2466.59008789063,2467.90991210938,0
2019-01-24,2482.7099609375,2494.09008789063,2470.30004882813,2490.05004882813,0
2019-01-25,2498.22998046875,2498.22998046875,2482.98999023438,2485.7099609375,0
2019-01-28,2476.81005859375,2502.72998046875,2467.5,2499.18994140625,0
2019-01-29,2498.35009765625,2501.68994140625,2464.25,2475.67993164063,0
2019-01-30,2511.86010742188,2513.77001953125,2492.52001953125,2497.09008789063,0
2019-01-31,2521.10009765625,2536.28002929688,2515.86010742188,2517.88989257813,0
2019-02-01,2521.69995117188,2531.51000976563,2512.76000976563,2520.080078125,0
2019-02-04,2523.52001953125,2537.46997070313,2519.7900390625,2523.0400390625,0
2019-02-05,2547.27001953125,2549.6201171875,2523.78002929688,2524.35009765625,0
2019-02-06,2539.72998046875,2551.96997070313,2533.919921875,2547.53002929688,0
2019-02-07,2509.88989257813,2540.44995117188,2506.60009765625,2537.40991210938,0
2019-02-08,2502.82006835938,2511.2099609375,2495,2508.85009765625,0
2019-02-11,2510.21997070313,2521.82006835938,2503.76000976563,2503.8798828125,0
2019-02-12,2533.32006835938,2535.65991210938,2510.90991210938,2510.90991210938,0
2019-02-13,2485.76000976563,2535.9599609375,2483.81005859375,2534.57006835938,0
2019-02-14,2460.82006835938,2475.5,2448.40991210938,2468.31005859375,0
2019-02-15,2490.15991210938,2490.15991210938,2465.02001953125,2465.02001953125,0
2019-02-18,2472.40991210938,2494.42993164063,2456.01000976563,2489.7900390625,0
2019-02-19,2458.55004882813,2480.2900390625,2450.169921875,2471.169921875,0
2019-02-20,2487.82006835938,2487.82006835938,2462.14990234375,2462.14990234375,0
2019-02-21,2470.22998046875,2494.05004882813,2462.919921875,2488.43994140625,0
2019-02-22,2488.6298828125,2490.669921875,2468.13989257813,2470.75,0
2019-02-25,2494.6298828125,2506.93994140625,2481.72998046875,2491.5400390625,0
2019-02-26,2494.02001953125,2494.02001953125,2470.35009765625,2488.42993164063,0
2019-02-27,2490.64990234375,2502.59008789063,2479.43994140625,2495.52001953125,0
2019-02-28,2485.27001953125,2490.57006835938,2468.06005859375,2489.09008789063,0
2019-03-01,2478.01000976563,2494.88989257813,2476.35009765625,2487.43994140625,0
2019-03-04,2473.7900390625,2483.27001953125,2469.5,2478.90991210938,0
2019-03-05,2466.22998046875,2473.76000976563,2458.07006835938,2472.18994140625,0
2019-03-06,2494.0400390625,2497.080078125,2467.69995117188,2467.69995117188,0
2019-03-07,2476.63989257813,2492.61010742188,2473.31005859375,2491.830078125,0
2019-03-11,2465.93994140625,2474.5400390625,2459.78002929688,2474.44995117188,0
2019-03-12,2468.25,2479.39990234375,2461.26000976563,2469.60009765625,0
2019-03-13,2470.61010742188,2470.61010742188,2452.09008789063,2468.26000976563,0
2019-03-14,2457.7900390625,2475.85009765625,2454.73999023438,2469.3798828125,0
2019-03-15,2476.72998046875,2476.72998046875,2457.36010742188,2459.78002929688,0
2019-03-18,2483.69995117188,2488.5,2467.44995117188,2477.03002929688,0
2019-03-19,2493.28002929688,2497.17993164063,2484.47998046875,2485.05004882813,0
2019-03-20,2504.22998046875,2504.22998046875,2484.27001953125,2493.3701171875,0
2019-03-21,2507.81005859375,2514.71997070313,2497.98999023438,2505.06005859375,0
2019-03-22,2492.69995117188,2509.9599609375,2486.01000976563,2507.9599609375,0
2019-03-25,2497.59008789063,2499.40991210938,2473.76000976563,2487.88989257813,0
2019-03-26,2512.6298828125,2520.02001953125,2492.36010742188,2498.60009765625,0
2019-03-27,2487.47998046875,2514.47998046875,2487.47998046875,2510.68994140625,0
2019-03-28,2492.39990234375,2497.64990234375,2482.82006835938,2487.69995117188,0
2019-03-29,2497.10009765625,2509.64990234375,2486.71997070313,2493.77001953125,0
2019-04-01,2521.25,2527.06005859375,2498.72998046875,2498.72998046875,0
2019-04-02,2527.77001953125,2532.34008789063,2514.55004882813,2523.03002929688,0
2019-04-03,2532.32006835938,2549.56005859375,2530.89990234375,2530.89990234375,0
2019-04-04,2535.5,2538.36010742188,2523.68994140625,2530.56005859375,0
2019-04-05,2540.98999023438,2548.52001953125,2534.78002929688,2535.5,0
2019-04-08,2560.07006835938,2560.07006835938,2542.61010742188,2542.61010742188,0
2019-04-09,2570.28002929688,2574.07006835938,2556.3701171875,2563.85009765625,0
2019-04-10,2578.580078125,2591.68994140625,2565.330078125,2571.69995117188,0
2019-04-11,2551.44995117188,2587.09008789063,2551.44995117188,2578.3701171875,0
2019-04-12,2559.71997070313,2569.84008789063,2547,2550.8701171875,0
2019-04-15,2545.1201171875,2569.919921875,2539.73999023438,2564.47998046875,0
2019-04-16,2559.84008789063,2567.06005859375,2540.35009765625,2547.169921875,0
2019-04-17,2568.26000976563,2574.81005859375,2560.0400390625,2563.46997070313,0
2019-04-18,2560.80004882813,2567.34008789063,2547.3701171875,2567.34008789063,0
2019-04-22,2584.73999023438,2585.76000976563,2567.23999023438,2567.23999023438,0
2019-04-23,2587.47998046875,2599.580078125,2576.82006835938,2586.06005859375,0
2019-04-24,2579.05004882813,2587.23999023438,2567.3798828125,2587.07006835938,0
2019-04-25,2560.93994140625,2586.92993164063,2558.75,2578.52001953125,0
2019-04-26,2563.71997070313,2563.71997070313,2547.8701171875,2560.69995117188,0
2019-04-29,2569.830078125,2577.4599609375,2556.7099609375,2564.09008789063,0
2019-04-30,2559.32006835938,2570.330078125,2552.86010742188,2570.18994140625,0
2019-05-02,2575.21997070313,2580.919921875,2557.68994140625,2558.81005859375,0
2019-05-03,2580.94995117188,2587.09008789063,2572.84008789063,2574.11010742188,0
2019-05-06,2579.75,2579.75,2552.34008789063,2569.28002929688,0
2019-05-07,2565.10009765625,2583.17993164063,2556.97998046875,2579.59008789063,0
2019-05-08,2544.42993164063,2564.3798828125,2544.42993164063,2563.65991210938,0
2019-05-10,2514.8701171875,2540.330078125,2511.15991210938,2538.15991210938,0
2019-05-13,2508.8701171875,2531.5400390625,2506.46997070313,2512.22998046875,0
2019-05-14,2562.330078125,2566.919921875,2508.92993164063,2508.92993164063,0
2019-05-15,2554.48999023438,2576.56005859375,2549.169921875,2569.330078125,0
2019-05-16,2581.11010742188,2590.4599609375,2552.34008789063,2552.68994140625,0
2019-05-17,2577.47998046875,2587.26000976563,2569.10009765625,2576.44995117188,0
2019-05-20,2571.64990234375,2588.38989257813,2567.11010742188,2582.01000976563,0
2019-05-21,2616.53002929688,2619.77001953125,2572.36010742188,2575.14990234375,0
2019-05-22,2638.7099609375,2645.69995117188,2610.4599609375,2619.65991210938,0
2019-05-23,2618.61010742188,2634.18994140625,2615.69995117188,2634.18994140625,0
2019-05-24,2619.23999023438,2642.39990234375,2616.56005859375,2621.93994140625,0
2019-05-27,2632.94995117188,2632.94995117188,2617.6298828125,2620,0
2019-05-28,2609.78002929688,2640.81005859375,2596.30004882813,2634.1298828125,0
2019-05-29,2641.14990234375,2642.22998046875,2600.7900390625,2607.11010742188,0
2019-05-30,2659.52001953125,2665.28002929688,2642.27001953125,2645,0
2019-05-31,2665.330078125,2665.419921875,2639.18994140625,2655.76000976563,0
2019-06-03,2729.92993164063,2743.81005859375,2649.78002929688,2660.63989257813,0
2019-06-04,2706.2900390625,2731.10009765625,2690.1298828125,2726.06005859375,0
2019-06-05,2701.84008789063,2713.82006835938,2690.42993164063,2706.65991210938,0
2019-06-06,2728.25,2731.72998046875,2700.30004882813,2701.55004882813,0
2019-06-07,2729.61010742188,2743.11010742188,2725.42993164063,2734.93994140625,0
2019-06-10,2742.59008789063,2746.80004882813,2725.64990234375,2734.15991210938,0
2019-06-11,2751.75,2759.57006835938,2717.75,2718.1298828125,0
2019-06-13,2758.36010742188,2759.15991210938,2734.39990234375,2750.419921875,0
2019-06-14,2739.28002929688,2772.06005859375,2738.6201171875,2757.580078125,0
2019-06-17,2734.31005859375,2757.88989257813,2728.61010742188,2737.96997070313,0
2019-06-18,2761.68994140625,2761.68994140625,2723.98999023438,2732.46997070313,0
2019-06-19,2759.1201171875,2775.830078125,2751.580078125,2763.07006835938,0
2019-06-20,2780.19995117188,2788.18994140625,2758.53002929688,2758.53002929688,0
2019-06-21,2761.22998046875,2779.32006835938,2750.5400390625,2777.5400390625,0
2019-06-24,2762.64990234375,2772.3701171875,2758.17993164063,2762.169921875,0
2019-06-25,2753.9599609375,2763.8798828125,2738.34008789063,2761.38989257813,0
2019-06-26,2775.13989257813,2778.25,2751.51000976563,2754.90991210938,0
2019-06-27,2779.65991210938,2790.59008789063,2765.61010742188,2774.75,0
2019-06-28,2765.85009765625,2786.65991210938,2761.4599609375,2777.93994140625,0
2019-07-01,2801.46997070313,2813.43994140625,2777.080078125,2777.080078125,0
2019-07-02,2809.81005859375,2810.02001953125,2795.36010742188,2802.82006835938,0
2019-07-03,2823.94995117188,2827.76000976563,2799.60009765625,2810.10009765625,0
2019-07-04,2842.78002929688,2842.78002929688,2813.65991210938,2823.330078125,0
2019-07-05,2835.35009765625,2848.39990234375,2827.9599609375,2842.96997070313,0
2019-07-08,2822.55004882813,2823.669921875,2806.96997070313,2823.13989257813,0
2019-07-09,2822.65991210938,2835.17993164063,2816.7900390625,2821.88989257813,0
2019-07-10,2822.75,2833.17993164063,2808.76000976563,2824.7900390625,0
2019-07-11,2789.65991210938,2828.71997070313,2779.40991210938,2825.19995117188,0
2019-07-12,2777.580078125,2788.69995117188,2760.4599609375,2787.09008789063,0
2019-07-15,2756.43994140625,2785.80004882813,2755.42993164063,2783.44995117188,0
2019-07-16,2755.8798828125,2757.35009765625,2736.43994140625,2754.05004882813,0
2019-07-17,2713.169921875,2726.21997070313,2704.28002929688,2715.669921875,0
2019-07-18,2702.59008789063,2714.55004882813,2694.73999023438,2705.6298828125,0
2019-07-19,2700.57006835938,2726.88989257813,2700.5400390625,2710.43994140625,0
2019-07-22,2684.25,2705.07006835938,2684.25,2699.31005859375,0
2019-07-23,2701.06005859375,2709.23999023438,2683.38989257813,2686.97998046875,0
2019-07-24,2682.90991210938,2708.5,2677.35009765625,2706.72998046875,0
2019-07-25,2701.02001953125,2723.43994140625,2665.2099609375,2679.3798828125,0
2019-07-26,2715.67993164063,2733.32006835938,2694.84008789063,2697.2099609375,0
2019-07-29,2728.27001953125,2732.86010742188,2714.43994140625,2715.73999023438,0
2019-07-30,2734.67993164063,2735.2099609375,2714.01000976563,2730.3798828125,0
2019-07-31,2739.5,2750.06005859375,2723.5400390625,2737.80004882813,0
2019-08-01,2729.419921875,2737.90991210938,2722.47998046875,2727.67993164063,0
2019-08-02,2674.89990234375,2716.60009765625,2673.96997070313,2707.64990234375,0
2019-08-05,2649.15991210938,2676.61010742188,2645.1201171875,2666.85009765625,0
2019-08-06,2683.35009765625,2686.86010742188,2654.11010742188,2654.34008789063,0
2019-08-07,2674.97998046875,2696.53002929688,2666.40991210938,2683.11010742188,0
2019-08-08,2696.68994140625,2707.6201171875,2693.169921875,2693.169921875,0
2019-08-09,2679.7099609375,2700.94995117188,2678.07006835938,2696.64990234375,0
2019-08-12,2689.92993164063,2698.38989257813,2682.05004882813,2687.1201171875,0
2019-08-13,2680.1201171875,2697.53002929688,2665.35009765625,2688.919921875,0
2019-08-14,2637.0400390625,2687.92993164063,2630.82006835938,2684.6298828125,0
2019-08-15,2625.580078125,2651.22998046875,2620.19995117188,2643.53002929688,0
2019-08-16,2615.19995117188,2640.919921875,2615.19995117188,2636.2900390625,0
2019-08-19,2648.09008789063,2653.31005859375,2619.38989257813,2627.46997070313,0
2019-08-20,2672.84008789063,2675.26000976563,2647.39990234375,2651.10009765625,0
2019-08-21,2673.94995117188,2679.4599609375,2665.10009765625,2677.55004882813,0
2019-08-22,2675.1298828125,2680.64990234375,2662.31005859375,2673.77001953125,0
2019-08-23,2660.73999023438,2682.94995117188,2656.96997070313,2679.22998046875,0
2019-08-26,2658.23999023438,2672.18994140625,2640.05004882813,2651.09008789063,0
2019-08-27,2659.35009765625,2663.13989257813,2636.98999023438,2660.76000976563,0
2019-08-28,2677.31005859375,2677.98999023438,2649.5400390625,2658.169921875,0
2019-08-29,2714.25,2714.3701171875,2679.11010742188,2679.80004882813,0
2019-08-30,2740.0400390625,2740.0400390625,2715.30004882813,2716.68994140625,0
2019-09-02,2773.01000976563,2774.77001953125,2735.11010742188,2742.30004882813,0
2019-09-03,2774.19995117188,2781.06005859375,2757.85009765625,2770.86010742188,0
2019-09-04,2793.36010742188,2799.84008789063,2784.9599609375,2787.3701171875,0
2019-09-05,2807.06005859375,2815.84008789063,2796.18994140625,2800.96997070313,0
2019-09-06,2797.55004882813,2805.94995117188,2780.76000976563,2805.94995117188,0
2019-09-09,2786.6298828125,2810.90991210938,2777.6298828125,2802.48999023438,0
2019-09-10,2787.52001953125,2791.02001953125,2767.2900390625,2784.80004882813,0
2019-09-11,2817.05004882813,2819.75,2782.94995117188,2788.18994140625,0
2019-09-12,2799.98999023438,2816.06005859375,2789.13989257813,2816.06005859375,0
2019-09-13,2791.73999023438,2801.28002929688,2777.22998046875,2795.85009765625,0
2019-09-16,2834.32006835938,2834.32006835938,2803.88989257813,2810.78002929688,0
2019-09-17,2820.86010742188,2847.01000976563,2807.330078125,2832.419921875,0
2019-09-18,2818.60009765625,2824.25,2809.669921875,2818.92993164063,0
2019-09-19,2794.77001953125,2816.57006835938,2794.169921875,2815.48999023438,0
2019-09-20,2796.40991210938,2796.40991210938,2777.830078125,2794.82006835938,0
2019-09-23,2785.4599609375,2793.03002929688,2769.60009765625,2793.03002929688,0
2019-09-24,2754.53002929688,2789.61010742188,2749.86010742188,2785.57006835938,0
2019-09-25,2760.2900390625,2760.2900390625,2739.11010742188,2749.1298828125,0
2019-09-26,2772.69995117188,2779.78002929688,2754.84008789063,2755.60009765625,0
2019-09-27,2757.97998046875,2777.18994140625,2757.97998046875,2772.580078125,0
2019-09-30,2747.17993164063,2764.31005859375,2744.46997070313,2759.93994140625,0
2019-10-01,2758.830078125,2781.330078125,2748.51000976563,2749.830078125,0
2019-10-02,2719.38989257813,2758.5,2716.72998046875,2756.86010742188,0
2019-10-03,2707.46997070313,2722.73999023438,2696.580078125,2719.64990234375,0
2019-10-04,2692.55004882813,2717.69995117188,2687,2707.89990234375,0
2019-10-07,2719.21997070313,2721.15991210938,2686.14990234375,2695.5400390625,0
2019-10-08,2707.88989257813,2724.6201171875,2700.4599609375,2720.169921875,0
2019-10-09,2713.02001953125,2724.830078125,2702.56005859375,2704.7099609375,0
2019-10-10,2721.51000976563,2725.48999023438,2695.82006835938,2709.38989257813,0
2019-10-11,2708.07006835938,2733.78002929688,2703.85009765625,2723.36010742188,0
2019-10-14,2697.4599609375,2716.14990234375,2692.59008789063,2710.56005859375,0
2019-10-15,2715.26000976563,2715.26000976563,2691.2900390625,2696.60009765625,0
2019-10-16,2744.35009765625,2745,2714.81005859375,2714.81005859375,0
2019-10-17,2748.63989257813,2754.69995117188,2738.919921875,2744.42993164063,0
2019-10-18,2752.90991210938,2758.72998046875,2742.23999023438,2747.80004882813,0
2019-10-21,2761.14990234375,2767.76000976563,2751.94995117188,2759.7900390625,0
2019-10-22,2802.22998046875,2802.22998046875,2762.48999023438,2766.2099609375,0
2019-10-23,2821.580078125,2821.88989257813,2789.75,2797.43994140625,0
2019-10-24,2877.05004882813,2877.05004882813,2822.10009765625,2822.3701171875,0
2019-10-25,2873.40991210938,2879.419921875,2848.39990234375,2876.10009765625,0
2019-10-28,2856.90991210938,2899.64990234375,2850.32006835938,2879.3701171875,0
2019-10-29,2886.47998046875,2886.47998046875,2845.28002929688,2858.419921875,0
2019-10-30,2911.14990234375,2913.47998046875,2874.169921875,2882.07006835938,0
2019-10-31,2893.97998046875,2936.26000976563,2884.30004882813,2917.21997070313,0
2019-11-01,2930.39990234375,2930.39990234375,2886.59008789063,2895.46997070313,0
2019-11-05,2949.55004882813,2965.47998046875,2936.47998046875,2950.78002929688,0
2019-11-06,2980.84008789063,2980.84008789063,2935.14990234375,2949.69995117188,0
2019-11-07,3008.5400390625,3009.11010742188,2966.19995117188,2977.669921875,0
2019-11-08,2973.18994140625,2997.85009765625,2958.55004882813,2997.85009765625,0
2019-11-11,2961.4599609375,2972.38989257813,2953.22998046875,2965.84008789063,0
2019-11-12,2951.15991210938,2983.47998046875,2944,2963.69995117188,0
2019-11-13,2933.88989257813,2942.39990234375,2924.22998046875,2942.39990234375,0
2019-11-14,2922.44995117188,2948.97998046875,2902.90991210938,2938.60009765625,0
2019-11-15,2934.82006835938,2938.14990234375,2914.05004882813,2925.31005859375,0
2019-11-18,2924.47998046875,2956.59008789063,2914.25,2947.38989257813,0
2019-11-19,2941.68994140625,2942.48999023438,2923.10009765625,2928.10009765625,0
2019-11-20,2936.46997070313,2948.88989257813,2914.94995117188,2935.63989257813,0
2019-11-21,2942.60009765625,2947.57006835938,2930.67993164063,2940.78002929688,0
2019-11-22,2947.67993164063,2968.46997070313,2935.2099609375,2939.36010742188,0
2019-11-25,2955.32006835938,2959.76000976563,2945.330078125,2953.11010742188,0
2019-11-26,2930.6201171875,2963.919921875,2922.88989257813,2954.84008789063,0
2019-11-27,2929.05004882813,2945.60009765625,2922.47998046875,2932.25,0
2019-11-28,2927.57006835938,2931.47998046875,2911.80004882813,2926.30004882813,0
2019-11-29,2935.3701171875,2936.23999023438,2911.56005859375,2925.76000976563,0
2019-12-02,2921.17993164063,2958.84008789063,2920.330078125,2937.68994140625,0
2019-12-03,2883.47998046875,2922.81005859375,2882.64990234375,2917.4599609375,0
2019-12-04,2900.65991210938,2909.11010742188,2875.5,2887.38989257813,0
2019-12-05,2899.2900390625,2909.59008789063,2882.80004882813,2903.5,0
2019-12-06,2928.76000976563,2928.76000976563,2897.56005859375,2900.78002929688,0
2019-12-09,2945.03002929688,2947.67993164063,2926.10009765625,2932.080078125,0
2019-12-10,2932.39990234375,2948.93994140625,2920.92993164063,2943.03002929688,0
2019-12-11,2954.39990234375,2959.1201171875,2932.42993164063,2932.42993164063,0
2019-12-12,2982.86010742188,2996.82006835938,2965.10009765625,2966.23999023438,0
2019-12-13,2996.6298828125,3000.10009765625,2984.919921875,2990.919921875,0
2019-12-16,3006.15991210938,3012.2099609375,2994.43994140625,3001.419921875,0
2019-12-17,3013.2900390625,3019.94995117188,3005.61010742188,3012.48999023438,0
2019-12-18,3023.919921875,3023.919921875,3004.27001953125,3011.3701171875,0
2019-12-19,3008.38989257813,3027.8798828125,2998.05004882813,3012.2900390625,0
2019-12-20,3015.92993164063,3021.05004882813,3004.2099609375,3015.63989257813,0
2019-12-23,3033.81005859375,3033.81005859375,3009.07006835938,3009.88989257813,0
2019-12-24,3030.59008789063,3039.919921875,3025.919921875,3035.86010742188,0
2019-12-26,3031.669921875,3034.6298828125,3021.6201171875,3025.580078125,0
2019-12-27,3050.46997070313,3054.03002929688,3029.1201171875,3029.1201171875,0
2019-12-30,3045.8701171875,3060.19995117188,3042.34008789063,3051.40991210938,0
2020-01-03,3076.3701171875,3086.09008789063,3057.36010742188,3059.19995117188,0
2020-01-06,3078.8701171875,3079.419921875,3059.46997070313,3075.55004882813,0
2020-01-08,3110.06005859375,3112.01000976563,3071.8798828125,3076.6298828125,0
2020-01-09,3118.080078125,3124.60009765625,3094.85009765625,3105.2099609375,0
2020-01-10,3123.65991210938,3130.919921875,3101.2099609375,3117.23999023438,0
2020-01-13,3151.68994140625,3151.68994140625,3117.03002929688,3124.9599609375,0
2020-01-14,3129.77001953125,3166.07006835938,3126,3155.6298828125,0
2020-01-15,3132.6298828125,3148.2900390625,3106.40991210938,3128.3798828125,0
2020-01-16,3157.22998046875,3163.19995117188,3137.52001953125,3137.52001953125,0
2020-01-17,3196.8798828125,3198.32006835938,3159.22998046875,3161.25,0
2020-01-20,3219.919921875,3226.88989257813,3204.32006835938,3205.63989257813,0
2020-01-21,3209.21997070313,3213.3798828125,3185.64990234375,3212.71997070313,0
2020-01-22,3174.6201171875,3222.92993164063,3174.6201171875,3212.90991210938,0
2020-01-23,3141.19995117188,3170.40991210938,3135.14990234375,3162.67993164063,0
2020-01-24,3146.19995117188,3165.86010742188,3134.69995117188,3147.28002929688,0
2020-01-27,3085.15991210938,3123.7099609375,3076.67993164063,3123.7099609375,0
2020-01-28,3113.10009765625,3115.6201171875,3068.669921875,3097.7099609375,0
2020-01-29,3128.80004882813,3140.77001953125,3115.63989257813,3125.90991210938,0
2020-01-30,3108.580078125,3121.5400390625,3096.31005859375,3108.3798828125,0
2020-01-31,3076.64990234375,3143.2900390625,3076.64990234375,3133.39990234375,0
2020-02-03,3070.84008789063,3085.88989257813,3058.47998046875,3062.27001953125,0
2020-02-04,3097.60009765625,3105.97998046875,3071.7900390625,3082.19995117188,0
2020-02-05,3114.25,3137.96997070313,3083.26000976563,3105.52001953125,0
2020-02-06,3096.67993164063,3145.14990234375,3086.90991210938,3132.84008789063,0
2020-02-07,3087.6298828125,3108.28002929688,3056.85009765625,3101.080078125,0
2020-02-10,3062.40991210938,3092.92993164063,3049.330078125,3088.6298828125,0
2020-02-11,3097.580078125,3109.21997070313,3069.89990234375,3072.38989257813,0
2020-02-12,3122.27001953125,3122.27001953125,3095.69995117188,3103.81005859375,0
2020-02-13,3110.05004882813,3122.18994140625,3096.97998046875,3116.98999023438,0
2020-02-14,3096.8798828125,3120.88989257813,3084.57006835938,3113.71997070313,0
2020-02-17,3110.06005859375,3110.06005859375,3092.44995117188,3097.17993164063,0
2020-02-18,3074.05004882813,3104.419921875,3064.14990234375,3103.7099609375,0
2020-02-19,3114.57006835938,3117.84008789063,3086.40991210938,3089.09008789063,0
2020-02-20,3125.10009765625,3139.59008789063,3117.5,3120.51000976563,0
2020-02-21,3106.03002929688,3129.23999023438,3098.76000976563,3109.86010742188,0
2020-02-25,3002.67993164063,3073.27001953125,3002.67993164063,3058.330078125,0
2020-02-26,3017.419921875,3026.26000976563,2958.4599609375,2994.21997070313,0
2020-02-27,2915.84008789063,3002.19995117188,2910.4599609375,2989.17993164063,0
2020-02-28,2785.080078125,2855.32006835938,2744.17993164063,2850.11010742188,0
2020-03-02,2765.77001953125,2875.30004882813,2714.36010742188,2829.46997070313,0
2020-03-03,2821.3701171875,2844.0400390625,2789.76000976563,2817.580078125,0
2020-03-04,2828.01000976563,2841.1298828125,2779.85009765625,2799.17993164063,0
2020-03-05,2816.69995117188,2861.60009765625,2800.42993164063,2852.419921875,0
2020-03-06,2719.51000976563,2782.77001953125,2680.06005859375,2773.53002929688,0
2020-03-10,2498.93994140625,2661.6298828125,2435.6201171875,2502.69995117188,0
2020-03-11,2492.8798828125,2555.42993164063,2457.36010742188,2532.71997070313,0
2020-03-12,2286.39990234375,2413.02001953125,2277.580078125,2413.02001953125,0
2020-03-13,2316.3798828125,2418.14990234375,2275.15991210938,2277.65991210938,0
2020-03-16,2266.89990234375,2301.18994140625,2179.1201171875,2297.0400390625,0
2020-03-17,2224.73999023438,2313.34008789063,2172.4599609375,2263.6201171875,0
2020-03-18,2112.63989257813,2205.40991210938,2097.84008789063,2192.7900390625,0
2020-03-19,2275.69995117188,2288.09008789063,2073.8701171875,2134.42993164063,0
2020-03-20,2331.61010742188,2418.73999023438,2314.75,2327.27001953125,0
2020-03-23,2253.35009765625,2321.76000976563,2213.48999023438,2257.8798828125,0
2020-03-24,2415.96997070313,2435.27001953125,2341.2099609375,2349.46997070313,0
2020-03-25,2452.68994140625,2518.3798828125,2372.34008789063,2459.30004882813,0
2020-03-26,2489.96997070313,2514.919921875,2403.60009765625,2448.76000976563,0
2020-03-27,2401.11010742188,2498.330078125,2378.8798828125,2491.69995117188,0
2020-03-30,2433.35009765625,2435.53002929688,2357.53002929688,2377.2099609375,0
2020-03-31,2508.81005859375,2526.1298828125,2459.18994140625,2466.28002929688,0
2020-04-01,2473.61010742188,2491.65991210938,2449.01000976563,2465.56005859375,0
2020-04-02,2545.94995117188,2562.5400390625,2470.85009765625,2528.71997070313,0
2020-04-03,2572.22998046875,2609.15991210938,2533.06005859375,2547.14990234375,0
2020-04-06,2622.59008789063,2639.56005859375,2576.28002929688,2597.28002929688,0
2020-04-07,2634.73999023438,2688.669921875,2612.9599609375,2648.73999023438,0
2020-04-08,2670.1201171875,2670.1201171875,2603.98999023438,2617.65991210938,0
2020-04-09,2701.77001953125,2713.5,2643.97998046875,2693.580078125,0
2020-04-10,2677.86010742188,2680.88989257813,2656.44995117188,2678.30004882813,0
2020-04-13,2628.85009765625,2677.89990234375,2610.61010742188,2675.72998046875,0
2020-04-14,2631.830078125,2667.580078125,2619.90991210938,2649.34008789063,0
2020-04-15,2498.93994140625,2617.18994140625,2489.98999023438,2617.18994140625,0
2020-04-16,2515.05004882813,2550.84008789063,2468.64990234375,2511.55004882813,0
2020-04-17,2534.96997070313,2556.419921875,2516.8701171875,2550.94995117188,0
2020-04-20,2525.96997070313,2546.13989257813,2502.3798828125,2524.31005859375,0
2020-04-21,2488.02001953125,2500.17993164063,2431.97998046875,2487.6298828125,0
2020-04-22,2573.40991210938,2584.67993164063,2471.22998046875,2474.32006835938,0
2020-04-23,2599.40991210938,2620.23999023438,2558.32006835938,2600.28002929688,0
2020-04-24,2562.03002929688,2596.96997070313,2551.65991210938,2588.2900390625,0
2020-04-27,2570.90991210938,2597.63989257813,2557.81005859375,2570.68994140625,0
2020-04-28,2612.23999023438,2644.7900390625,2566.919921875,2567.73999023438,0
2020-04-29,2663.13989257813,2669.46997070313,2617.34008789063,2629.23999023438,0
2020-04-30,2650.56005859375,2700.96997070313,2629.57006835938,2683.86010742188,0
2020-05-04,2624.63989257813,2641.03002929688,2599.73999023438,2623.88989257813,0
2020-05-05,2653.51000976563,2666.3798828125,2634.48999023438,2652.919921875,0
2020-05-06,2632.10009765625,2674.93994140625,2626.67993164063,2659.080078125,0
2020-05-07,2634,2664.98999023438,2627.42993164063,2632.8701171875,0
2020-05-08,2641.55004882813,2648.44995117188,2613.830078125,2647.80004882813,0
2020-05-12,2642.0400390625,2651.96997070313,2620.35009765625,2635.51000976563,0
2020-05-13,2604.97998046875,2630.7900390625,2601.25,2630.7900390625,0
2020-05-14,2590.31005859375,2606.94995117188,2564.43994140625,2596.1298828125,0
2020-05-15,2593.90991210938,2633.2900390625,2593.90991210938,2616.13989257813,0
2020-05-18,2694.25,2694.25,2623.61010742188,2623.61010742188,0
2020-05-19,2711.71997070313,2720.06005859375,2683.81005859375,2702.34008789063,0
2020-05-20,2770.7900390625,2771.27001953125,2700.63989257813,2706.07006835938,0
2020-05-21,2718.669921875,2794.60009765625,2702.669921875,2767.96997070313,0
2020-05-22,2709.3798828125,2718.47998046875,2687.17993164063,2691.580078125,0
2020-05-25,2757.92993164063,2757.92993164063,2718.71997070313,2718.71997070313,0
2020-05-26,2754.0400390625,2796.85009765625,2750.51000976563,2777.71997070313,0
2020-05-27,2741.02001953125,2780.05004882813,2711.89990234375,2748.25,0
2020-05-28,2779.97998046875,2781.25,2737.93994140625,2748.03002929688,0
2020-05-29,2734.830078125,2766.6201171875,2717.80004882813,2766.6201171875,0
2020-06-01,2750.23999023438,2773.56005859375,2733.28002929688,2761.22998046875,0
2020-06-02,2796.51000976563,2796.52001953125,2754.85009765625,2760.6298828125,0
2020-06-03,2831.080078125,2835.06005859375,2792.23999023438,2812.82006835938,0
2020-06-04,2766.26000976563,2825.47998046875,2757.61010742188,2822.59008789063,0
2020-06-05,2792.73999023438,2800.81005859375,2769.51000976563,2780.32006835938,0
2020-06-08,2796.30004882813,2825.31005859375,2782.919921875,2806.81005859375,0
2020-06-09,2795.89990234375,2813.47998046875,2765.14990234375,2804.36010742188,0
2020-06-10,2785.17993164063,2803.35009765625,2768.30004882813,2795.10009765625,0
2020-06-11,2743.80004882813,2758.830078125,2726.14990234375,2756.97998046875,0
2020-06-15,2719.06005859375,2720.39990234375,2670.40991210938,2705.63989257813,0
2020-06-16,2748.30004882813,2779.7099609375,2741.84008789063,2745.48999023438,0
2020-06-17,2740.10009765625,2771.26000976563,2733.89990234375,2758.96997070313,0
2020-06-18,2724.330078125,2738.0400390625,2700.5400390625,2734.84008789063,0
2020-06-19,2758.669921875,2769.86010742188,2738.44995117188,2739.0400390625,0
2020-06-22,2763.2900390625,2763.2900390625,2726.64990234375,2754.419921875,0
2020-06-23,2791.96997070313,2794.42993164063,2767.4599609375,2773.330078125,0
2020-06-25,2760.75,2771.60009765625,2740.02001953125,2750.080078125,0
2020-06-26,2761.73999023438,2784.88989257813,2746.78002929688,2780.02001953125,0
2020-06-29,2767.94995117188,2767.94995117188,2737.86010742188,2749.5400390625,0
2020-06-30,2743.19995117188,2778.09008789063,2743.19995117188,2770.68994140625,0
2020-07-02,2788.7900390625,2789.919921875,2758.919921875,2762.56005859375,0
2020-07-03,2801.65991210938,2803.32006835938,2782.64990234375,2789.27001953125,0
2020-07-06,2835.17993164063,2855.93994140625,2825.51000976563,2825.8798828125,0
2020-07-07,2825.2099609375,2835.76000976563,2814.39990234375,2829.330078125,0
2020-07-08,2815.830078125,2823,2806.5,2815.52001953125,0
2020-07-09,2782.42993164063,2810.73999023438,2773.47998046875,2805.85009765625,0
2020-07-10,2800.93994140625,2800.93994140625,2765.48999023438,2768.669921875,0
2020-07-13,2766.7900390625,2818.10009765625,2765.09008789063,2805.52001953125,0
2020-07-14,2744.5400390625,2752.09008789063,2703.35009765625,2751.97998046875,0
2020-07-15,2747.90991210938,2763.19995117188,2724.35009765625,2728.59008789063,0
2020-07-16,2760.01000976563,2762.67993164063,2734.30004882813,2741.67993164063,0
2020-07-17,2774.7900390625,2774.7900390625,2752.51000976563,2757.0400390625,0
2020-07-20,2802.23999023438,2802.23999023438,2758.68994140625,2771.85009765625,0
2020-07-21,2825.7099609375,2849.17993164063,2813.39990234375,2814.98999023438,0
2020-07-22,2834.64990234375,2844.1201171875,2815.03002929688,2824.5,0
2020-07-23,2851.7900390625,2866.78002929688,2843.92993164063,2848.40991210938,0
2020-07-24,2863.1201171875,2863.1201171875,2822.26000976563,2835.14990234375,0
2020-07-27,2884.8798828125,2896.28002929688,2869.68994140625,2869.68994140625,0
2020-07-28,2895.44995117188,2907.03002929688,2877.39990234375,2891.34008789063,0
2020-07-29,2918.419921875,2918.419921875,2889.68994140625,2893.5400390625,0
2020-07-30,2882.6298828125,2919.35009765625,2869.98999023438,2915.93994140625,0
2020-07-31,2911.57006835938,2917.68994140625,2899.580078125,2902.81005859375,0
2020-08-03,2929.96997070313,2942.77001953125,2911.18994140625,2917.67993164063,0
2020-08-04,2940.4599609375,2942.06005859375,2923.36010742188,2934.90991210938,0
2020-08-05,2992.78002929688,2994.080078125,2952.14990234375,2954.40991210938,0
2020-08-06,2988.5,3004.830078125,2981.7900390625,2998.53002929688,0
2020-08-07,2972.35009765625,2994.4599609375,2968.47998046875,2992.26000976563,0
2020-08-10,2960.78002929688,2998.78002929688,2960.78002929688,2976.48999023438,0
2020-08-11,3005.6298828125,3012.580078125,2959.2900390625,2959.2900390625,0
2020-08-12,3053.98999023438,3053.98999023438,2985.25,2990.89990234375,0
2020-08-13,3080.43994140625,3081.14990234375,3047.73999023438,3057.6298828125,0
2020-08-14,3061.98999023438,3075.9599609375,3044.7099609375,3075.9599609375,0
2020-08-17,3052.4599609375,3090.419921875,3041.98999023438,3070.81005859375,0
2020-08-18,3050.69995117188,3073.85009765625,3048.31005859375,3056.71997070313,0
2020-08-19,3056.5400390625,3073.84008789063,3041.42993164063,3048.21997070313,0
2020-08-20,2993.68994140625,3044.919921875,2993.68994140625,3044.919921875,0
2020-08-21,2995.61010742188,3024.7099609375,2973.11010742188,3013.39990234375,0
2020-08-24,3029.419921875,3036.6298828125,3005.86010742188,3005.86010742188,0
2020-08-25,3029.05004882813,3051.27001953125,3020.4599609375,3042.580078125,0
2020-08-26,3051.96997070313,3053.89990234375,3024.0400390625,3041.18994140625,0
2020-08-27,3012.01000976563,3056.25,3002.10009765625,3051.19995117188,0
2020-08-28,2980.169921875,3015.69995117188,2976.34008789063,3015.69995117188,0
2020-08-31,2966.19995117188,3012.43994140625,2962.06005859375,2993.02001953125,0
2020-09-01,2975,2993.28002929688,2967.9599609375,2976.07006835938,0
2020-09-02,2956.5,3002.25,2946.2900390625,2989.76000976563,0
2020-09-03,2931.919921875,2967.61010742188,2917.23999023438,2954.6201171875,0
2020-09-04,2921.55004882813,2944.65991210938,2910.38989257813,2920.21997070313,0
2020-09-07,2932.2900390625,2947.169921875,2925.55004882813,2929.3798828125,0
2020-09-08,2888.7900390625,2948.8798828125,2875.9599609375,2937.17993164063,0
2020-09-09,2876.07006835938,2899.169921875,2872.919921875,2880.830078125,0
2020-09-10,2897.55004882813,2897.55004882813,2858.64990234375,2888.09008789063,0
2020-09-11,2910.51000976563,2911.7099609375,2874.46997070313,2888.919921875,0
2020-09-14,2928.3798828125,2938.23999023438,2918.2900390625,2918.2900390625,0
2020-09-15,2980.580078125,2982.19995117188,2932.36010742188,2936.419921875,0
2020-09-16,2975.01000976563,2990.73999023438,2960.67993164063,2982.48999023438,0
2020-09-17,2971.73999023438,2974.5400390625,2945.78002929688,2947.5400390625,0
2020-09-18,2951.7900390625,2977.1298828125,2944.21997070313,2976.10009765625,0
2020-09-21,2863.669921875,2946.17993164063,2857.78002929688,2946.17993164063,0
2020-09-22,2884.65991210938,2907.97998046875,2868.3798828125,2874,0
2020-09-23,2916.38989257813,2968.55004882813,2916.27001953125,2933.330078125,0
2020-09-24,2912.76000976563,2920.4599609375,2880.38989257813,2905.55004882813,0
2020-09-25,2896.830078125,2912.830078125,2870.15991210938,2912.830078125,0
2020-09-28,2927.169921875,2938.93994140625,2909.6201171875,2909.6201171875,0
2020-09-29,2910.1201171875,2947.75,2889.21997070313,2935.77001953125,0
2020-09-30,2905.81005859375,2920.03002929688,2893.80004882813,2908.55004882813,0
2020-10-01,2889.80004882813,2919.25,2882.81005859375,2911.080078125,0
2020-10-02,2852.419921875,2859.01000976563,2824.68994140625,2840.71997070313,0
2020-10-05,2881.97998046875,2882.93994140625,2845.6298828125,2860.53002929688,0
2020-10-06,2892.98999023438,2906.64990234375,2883.68994140625,2885.3798828125,0
2020-10-07,2842.580078125,2888.19995117188,2838.44995117188,2883.580078125,0
2020-10-08,2846.38989257813,2859.8701171875,2837.05004882813,2850.64990234375,0
2020-10-09,2834.09008789063,2842.59008789063,2811.05004882813,2842.59008789063,0
2020-10-12,2846.13989257813,2862.36010742188,2827.52001953125,2834.330078125,0
2020-10-13,2829.22998046875,2859.52001953125,2822.96997070313,2846.0400390625,0
2020-10-14,2856.080078125,2857.46997070313,2824.1201171875,2829.8798828125,0
2020-10-15,2817.2900390625,2850.11010742188,2803.89990234375,2849.23999023438,0
2020-10-16,2799.5400390625,2819.0400390625,2785.85009765625,2819.0400390625,0
2020-10-19,2794.27001953125,2809.419921875,2787.5,2797.64990234375,0
2020-10-20,2803.06005859375,2817.72998046875,2774.15991210938,2785.98999023438,0
2020-10-21,2786.22998046875,2816.89990234375,2782.36010742188,2811.8701171875,0
2020-10-22,2803.169921875,2814.1201171875,2783.3701171875,2784.17993164063,0
2020-10-23,2816.69995117188,2826.53002929688,2799.6298828125,2807.30004882813,0
2020-10-26,2785.59008789063,2819.05004882813,2785.59008789063,2812.47998046875,0
2020-10-27,2763.03002929688,2790.18994140625,2758,2784.1298828125,0
2020-10-28,2693.4599609375,2758.84008789063,2680.830078125,2758.84008789063,0
2020-10-29,2709.0400390625,2728.96997070313,2682.67993164063,2704.5,0
2020-10-30,2690.59008789063,2706.34008789063,2664.43994140625,2698.93994140625,0
2020-11-02,2737.5400390625,2743.97998046875,2658.48999023438,2681.18994140625,0
2020-11-03,2786.419921875,2791.77001953125,2750.26000976563,2753.96997070313,0
2020-11-05,2861.38989257813,2869.90991210938,2812.669921875,2824.44995117188,0
2020-11-06,2895.6201171875,2896.07006835938,2832.97998046875,2845.73999023438,0
2020-11-09,2987.75,2988.8798828125,2910.419921875,2919.080078125,0
2020-11-10,2998.61010742188,3013.57006835938,2943.42993164063,2965.919921875,0
2020-11-11,3015.03002929688,3031.68994140625,3004.19995117188,3004.6298828125,0
2020-11-12,3025.830078125,3028.52001953125,2988.03002929688,2997.7900390625,0
2020-11-13,3025.21997070313,3027.44995117188,2995.169921875,3007.15991210938,0
2020-11-16,3079.73999023438,3081.28002929688,3046.77001953125,3054.35009765625,0
2020-11-17,3052.21997070313,3087.18994140625,3027.76000976563,3081.05004882813,0
2020-11-18,3080.67993164063,3086.77001953125,3035.57006835938,3046.02001953125,0
2020-11-19,3046.48999023438,3071.25,3040.65991210938,3067.06005859375,0
2020-11-20,3051.0400390625,3060.90991210938,3035.56005859375,3050.81005859375,0
2020-11-23,3047.06005859375,3094.06005859375,3042.61010742188,3066.63989257813,0
2020-11-24,3095.84008789063,3098.830078125,3053.15991210938,3071.80004882813,0
2020-11-25,3134.52001953125,3134.7099609375,3089.15991210938,3111.75,0
2020-11-26,3138.6201171875,3149.89990234375,3119.4599609375,3141.42993164063,0
2020-11-27,3142.67993164063,3150.78002929688,3112.43994140625,3132.55004882813,0
2020-11-30,3107.580078125,3134.7900390625,3093.77001953125,3130.8798828125,0
2020-12-01,3147.7900390625,3159.03002929688,3113.06005859375,3113.06005859375,0
2020-12-02,3189.61010742188,3189.61010742188,3139.919921875,3150.65991210938,0
2020-12-03,3162.669921875,3192.97998046875,3141.39990234375,3185.78002929688,0
2020-12-04,3184.71997070313,3200.22998046875,3171.43994140625,3171.43994140625,0
2020-12-07,3195.080078125,3208.53002929688,3172.2900390625,3179.13989257813,0
2020-12-08,3179.61010742188,3198.10009765625,3150.84008789063,3184.92993164063,0
2020-12-09,3211.65991210938,3226.47998046875,3182.5400390625,3184.23999023438,0
2020-12-10,3258.31005859375,3258.31005859375,3189.0400390625,3194.03002929688,0
2020-12-11,3276.580078125,3278.23999023438,3248.11010742188,3257.46997070313,0
2020-12-14,3254.830078125,3314.19995117188,3249.36010742188,3293,0
2020-12-15,3248.11010742188,3284.84008789063,3237.8701171875,3252.67993164063,0
2020-12-16,3269.94995117188,3275.67993164063,3242.69995117188,3259.88989257813,0
2020-12-17,3282.669921875,3318.38989257813,3274.44995117188,3277.669921875,0
2020-12-18,3273.75,3283.32006835938,3245.25,3281.59008789063,0
2020-12-21,3186.3798828125,3246.89990234375,3170.03002929688,3246.89990234375,0
2020-12-22,3236.4599609375,3249.18994140625,3175.51000976563,3179.68994140625,0
2020-12-23,3252.10009765625,3255.39990234375,3218.18994140625,3224.02001953125,0
2020-12-24,3236.8798828125,3264.60009765625,3230.6201171875,3253.72998046875,0
2020-12-28,3258.94995117188,3267.61010742188,3249.40991210938,3249.40991210938,0
2020-12-29,3274.669921875,3282.22998046875,3264.330078125,3269.7099609375,0
2020-12-30,3289.02001953125,3294.6201171875,3267.38989257813,3276.0400390625,0
2021-01-04,3350.51000976563,3350.81005859375,3304.169921875,3306.1201171875,0
2021-01-05,3359.14990234375,3365.32006835938,3301.8798828125,3327.93994140625,0
2021-01-06,3371.03002929688,3380.6298828125,3344.42993164063,3373.3701171875,0
2021-01-08,3454.82006835938,3474.65991210938,3390.22998046875,3390.22998046875,0
2021-01-11,3482.47998046875,3516.89990234375,3436.65991210938,3455.669921875,0
2021-01-12,3471.64990234375,3520.65991210938,3451.8701171875,3494.60009765625,0
2021-01-13,3470.26000976563,3504.56005859375,3448.93994140625,3487.919921875,0
2021-01-14,3490.85009765625,3507.7099609375,3439.01000976563,3461.830078125,0
2021-01-15,3450.94995117188,3509.23999023438,3448.5400390625,3486.02001953125,0
2021-01-18,3471.919921875,3475.17993164063,3426.11010742188,3440.56005859375,0
2021-01-19,3443.22998046875,3491.92993164063,3439.63989257813,3479.53002929688,0
2021-01-20,3466.80004882813,3482.03002929688,3447.81005859375,3453.5400390625,0
2021-01-21,3422.669921875,3489.07006835938,3407.21997070313,3481.73999023438,0
2021-01-22,3382.919921875,3404.36010742188,3362.01000976563,3404.36010742188,0
2021-01-25,3397.47998046875,3425.78002929688,3385.73999023438,3399.28002929688,0
2021-01-26,3390.76000976563,3408.1298828125,3374.10009765625,3384.98999023438,0
2021-01-27,3343.6201171875,3408.63989257813,3333.0400390625,3398.3798828125,0
2021-01-28,3342.01000976563,3359.10009765625,3307.419921875,3319.15991210938,0
2021-01-29,3277.080078125,3337.01000976563,3272.53002929688,3335.1298828125,0
2021-02-01,3291.13989257813,3305.90991210938,3268.52001953125,3287.9599609375,0
2021-02-02,3360.25,3366.1298828125,3321.69995117188,3324.23999023438,0
2021-02-03,3343.4599609375,3376.830078125,3332.5,3351.98999023438,0
2021-02-04,3372,3384.47998046875,3351.93994140625,3356.22998046875,0
2021-02-05,3392.72998046875,3406.21997070313,3368.580078125,3396.96997070313,0
2021-02-08,3445.89990234375,3448.7900390625,3412.96997070313,3412.96997070313,0
2021-02-09,3426.86010742188,3466.51000976563,3424.38989257813,3461.14990234375,0
2021-02-10,3399.65991210938,3447.05004882813,3393.97998046875,3437.76000976563,0
2021-02-11,3414.32006835938,3416.39990234375,3390.21997070313,3405.330078125,0
2021-02-12,3427.080078125,3427.080078125,3343.82006835938,3403.07006835938,0
2021-02-15,3481.89990234375,3483.34008789063,3455.94995117188,3461.93994140625,0
2021-02-16,3495.26000976563,3510.77001953125,3475.580078125,3502.0400390625,0
2021-02-17,3436.80004882813,3505.18994140625,3431.830078125,3491.81005859375,0
2021-02-18,3400.169921875,3461.14990234375,3395.97998046875,3451.68994140625,0
2021-02-19,3457.67993164063,3460.85009765625,3380.88989257813,3398.39990234375,0
2021-02-22,3433.92993164063,3456.26000976563,3415.3701171875,3447.57006835938,0
2021-02-24,3385.47998046875,3433.09008789063,3385.01000976563,3426.07006835938,0
2021-02-25,3409.76000976563,3429.19995117188,3391.77001953125,3412.15991210938,0
2021-02-26,3346.63989257813,3385.73999023438,3332.32006835938,3354.44995117188,0
2021-03-01,3386.15991210938,3393.92993164063,3354.09008789063,3369.67993164063,0
2021-03-02,3410.10009765625,3418.11010742188,3375.47998046875,3380.35009765625,0
2021-03-03,3416.0400390625,3450.76000976563,3408.46997070313,3432.8798828125,0
2021-03-04,3397.56005859375,3416.0400390625,3366.76000976563,3403.01000976563,0
2021-03-05,3414.1298828125,3432.97998046875,3367.330078125,3378.67993164063,0
2021-03-09,3478.71997070313,3491.1201171875,3426.330078125,3426.47998046875,0
2021-03-10,3463.06005859375,3514.35009765625,3455.419921875,3476.90991210938,0
2021-03-11,3508.51000976563,3508.51000976563,3472.39990234375,3481.26000976563,0
2021-03-12,3539.5,3539.5,3502.3701171875,3515.43994140625,0
2021-03-15,3584.48999023438,3596.31005859375,3558.6201171875,3562.68994140625,0
2021-03-16,3589.830078125,3602.17993164063,3544.2900390625,3600.67993164063,0
2021-03-17,3507.90991210938,3587.23999023438,3498.169921875,3579.06005859375,0
2021-03-18,3504.85009765625,3551.30004882813,3494.98999023438,3533.68994140625,0
2021-03-19,3475.26000976563,3495.97998046875,3448.98999023438,3473.84008789063,0
2021-03-22,3489.07006835938,3498.169921875,3469.09008789063,3479.06005859375,0
2021-03-23,3467.2099609375,3483.34008789063,3450.97998046875,3481.11010742188,0
2021-03-24,3485.330078125,3489.9599609375,3445.919921875,3459.98999023438,0
2021-03-25,3439.30004882813,3479.830078125,3434.84008789063,3477.8701171875,0
2021-03-26,3489.830078125,3500.73999023438,3476.01000976563,3476.01000976563,0
2021-03-29,3529.330078125,3535.2099609375,3498.6201171875,3500.40991210938,0
2021-03-30,3525.22998046875,3549.09008789063,3504.06005859375,3535.71997070313,0
2021-03-31,3541.71997070313,3542,3510.39990234375,3525.56005859375,0
2021-04-01,3527.5400390625,3576.7900390625,3526.21997070313,3556.28002929688,0
2021-04-05,3524.92993164063,3555.830078125,3516.21997070313,3555.23999023438,0
2021-04-06,3493.88989257813,3541.0400390625,3484.84008789063,3536.26000976563,0
2021-04-07,3500.34008789063,3518.1298828125,3460.38989257813,3484.21997070313,0
2021-04-08,3507.830078125,3528.38989257813,3495.34008789063,3513.2099609375,0
2021-04-09,3486.03002929688,3511.27001953125,3480.85009765625,3510.19995117188,0
2021-04-12,3522.64990234375,3541.69995117188,3472.3701171875,3476.51000976563,0
2021-04-13,3526.30004882813,3542.6298828125,3511.22998046875,3533.30004882813,0
2021-04-14,3576.88989257813,3576.88989257813,3546.86010742188,3567.53002929688,0
2021-04-15,3568.51000976563,3578.77001953125,3527.5,3532.1298828125,0
2021-04-16,3598.43994140625,3598.43994140625,3564.96997070313,3578.01000976563,0
2021-04-19,3574.080078125,3605.48999023438,3565.38989257813,3598.46997070313,0
2021-04-20,3552.40991210938,3596.18994140625,3536.40991210938,3581.3701171875,0
2021-04-21,3561.71997070313,3572.6298828125,3545.14990234375,3554.830078125,0
2021-04-22,3600.35009765625,3607.75,3557.8798828125,3576.68994140625,0
2021-04-23,3597.169921875,3600.17993164063,3579.25,3598.76000976563,0
2021-04-26,3610.97998046875,3613.3701171875,3589.27001953125,3603.1298828125,0
2021-04-27,3600.60009765625,3627.90991210938,3586.38989257813,3615.57006835938,0
2021-04-28,3578.1201171875,3613.11010742188,3558.23999023438,3608.88989257813,0
2021-04-29,3571.05004882813,3616.94995117188,3565.580078125,3609.3798828125,0
2021-04-30,3544,3584.63989257813,3536.53002929688,3574.03002929688,0
2021-05-04,3577.2099609375,3594.68994140625,3556.080078125,3557.6201171875,0
2021-05-05,3643.56005859375,3644.14990234375,3600.8798828125,3602.169921875,0
2021-05-06,3658.27001953125,3661.28002929688,3634.44995117188,3636.7099609375,0
2021-05-07,3682.68994140625,3688.81005859375,3667.77001953125,3678.18994140625,0
2021-05-10,3694.78002929688,3713.48999023438,3675.1298828125,3684.17993164063,0
2021-05-11,3652.05004882813,3658.81005859375,3625.96997070313,3644.2900390625,0
2021-05-12,3654.13989257813,3674.35009765625,3643.21997070313,3659.6298828125,0
2021-05-13,3637.3798828125,3647.27001953125,3600.80004882813,3634.17993164063,0
2021-05-14,3637.60009765625,3659.34008789063,3623.71997070313,3654.72998046875,0
2021-05-17,3639.61010742188,3658.78002929688,3618.75,3645.1298828125,0
2021-05-18,3687.9599609375,3700.18994140625,3670.10009765625,3670.15991210938,0
2021-05-19,3634.76000976563,3693.82006835938,3619.5400390625,3693.82006835938,0
2021-05-20,3636.15991210938,3658.27001953125,3603.39990234375,3650.07006835938,0
2021-05-21,3660.47998046875,3667.8701171875,3620.60009765625,3637.5,0
2021-05-24,3662.51000976563,3674.77001953125,3651.09008789063,3665.9599609375,0
2021-05-25,3686.76000976563,3693.38989257813,3672.27001953125,3682.419921875,0
2021-05-26,3711.05004882813,3717.330078125,3694.1298828125,3695.2900390625,0
2021-05-27,3738.67993164063,3738.67993164063,3694.59008789063,3708.77001953125,0
2021-05-28,3730.55004882813,3752.80004882813,3724.52001953125,3750.4599609375,0
2021-05-31,3721.6298828125,3731.27001953125,3713.98999023438,3713.98999023438,0
2021-06-01,3764.59008789063,3784.59008789063,3739.57006835938,3739.57006835938,0
2021-06-02,3817.67993164063,3817.67993164063,3769.46997070313,3771.32006835938,0
2021-06-03,3805.44995117188,3837.72998046875,3777.97998046875,3833.77001953125,0
2021-06-04,3807.42993164063,3816.23999023438,3766.6201171875,3805.93994140625,0
2021-06-07,3822.2099609375,3827.65991210938,3793.9599609375,3807.9599609375,0
2021-06-08,3807.42993164063,3833.169921875,3799.07006835938,3819.52001953125,0
2021-06-09,3843.28002929688,3843.40991210938,3805.82006835938,3821.80004882813,0
2021-06-10,3827.7099609375,3847.88989257813,3822.01000976563,3835.2099609375,0
2021-06-11,3841.53002929688,3849.32006835938,3828.6201171875,3838.97998046875,0
2021-06-14,3860.17993164063,3862.38989257813,3842.75,3845.81005859375,0
2021-06-15,3822.39990234375,3865.19995117188,3819.63989257813,3864.36010742188,0
2021-06-16,3829.669921875,3836.90991210938,3803.5400390625,3821.44995117188,0
2021-06-17,3819.07006835938,3832.61010742188,3801.97998046875,3807.32006835938,0
2021-06-18,3802.94995117188,3813.5,3775.82006835938,3809.98999023438,0
2021-06-21,3813.44995117188,3816.85009765625,3785.48999023438,3797.22998046875,0
2021-06-22,3821.67993164063,3835.86010742188,3809.7099609375,3831.61010742188,0
2021-06-23,3837.14990234375,3847.21997070313,3820.5,3836.1201171875,0
2021-06-24,3823.43994140625,3839.63989257813,3800.5,3833.72998046875,0
2021-06-25,3831.84008789063,3833.32006835938,3805.69995117188,3818.96997070313,0
2021-06-28,3825.57006835938,3852.830078125,3822.81005859375,3833.71997070313,0
2021-06-29,3790.85009765625,3821.59008789063,3768.23999023438,3817.71997070313,0
2021-06-30,3841.85009765625,3847.30004882813,3779.28002929688,3799.419921875,0
2021-07-01,3858.32006835938,3879.5,3843.15991210938,3843.28002929688,0
2021-07-02,3865.419921875,3877.22998046875,3843.89990234375,3853.81005859375,0
2021-07-05,3882.59008789063,3882.59008789063,3863.09008789063,3874.81005859375,0
2021-07-06,3884.30004882813,3915,3878.38989257813,3896.82006835938,0
2021-07-07,3895.10009765625,3912.38989257813,3879.71997070313,3881.8798828125,0
2021-07-08,3861.080078125,3883.46997070313,3839.39990234375,3882.14990234375,0
2021-07-09,3855.31005859375,3874.9599609375,3850.57006835938,3865.6201171875,0
2021-07-12,3875.61010742188,3882.60009765625,3848.44995117188,3864.26000976563,0
2021-07-13,3877.03002929688,3891.5400390625,3852.5400390625,3888.32006835938,0
2021-07-14,3832.85009765625,3862.72998046875,3829.59008789063,3851.15991210938,0
2021-07-15,3799.96997070313,3832.5,3789.31005859375,3826.44995117188,0
2021-07-16,3770.14990234375,3812.48999023438,3756.01000976563,3795.03002929688,0
2021-07-19,3693.419921875,3744.27001953125,3679.7900390625,3743.96997070313,0
2021-07-20,3704.39990234375,3719.09008789063,3679.43994140625,3707.22998046875,0
2021-07-21,3722.9599609375,3738.330078125,3701.94995117188,3718.919921875,0
2021-07-22,3754.43994140625,3758.580078125,3724.2900390625,3746.35009765625,0
2021-07-23,3734.5400390625,3767.39990234375,3724.73999023438,3760.330078125,0
2021-07-26,3750.10009765625,3755.52001953125,3710.13989257813,3724.19995117188,0
2021-07-27,3733.10009765625,3762.88989257813,3733.10009765625,3756.7900390625,0
2021-07-28,3782.28002929688,3782.28002929688,3733.10009765625,3747.25,0
2021-07-29,3804.330078125,3806.830078125,3782.28002929688,3794.39990234375,0
2021-07-30,3771.580078125,3804.330078125,3759.830078125,3789.330078125,0
2021-08-02,3788.10009765625,3801.23999023438,3771.580078125,3791.21997070313,0
2021-08-03,3793.68994140625,3797.30004882813,3771.80004882813,3782.40991210938,0
2021-08-04,3810.6201171875,3814.6298828125,3793.68994140625,3808.43994140625,0
2021-08-05,3833.75,3833.81005859375,3801.15991210938,3803.90991210938,0
2021-08-06,3805.36010742188,3837.35009765625,3802.43994140625,3836.48999023438,0
2021-08-09,3835.11010742188,3839.71997070313,3790.6298828125,3795.47998046875,0
2021-08-10,3862.32006835938,3867.09008789063,3835.11010742188,3847.1201171875,0
2021-08-11,3877.3701171875,3886.78002929688,3856.61010742188,3875.22998046875,0
2021-08-12,3888.86010742188,3897.919921875,3877.22998046875,3879.01000976563,0
2021-08-13,3873,3895.05004882813,3866.669921875,3882.6201171875,0
2021-08-16,3895.31005859375,3896.9599609375,3855.6201171875,3862.32006835938,0
2021-08-17,3943.01000976563,3944.3701171875,3893.43994140625,3893.85009765625,0
2021-08-18,3925.169921875,3949.07006835938,3912.23999023438,3948.42993164063,0
2021-08-19,3853.97998046875,3925.169921875,3841.14990234375,3883.19995117188,0
2021-08-20,3832.69995117188,3871.42993164063,3826.27001953125,3868.7900390625,0
2021-08-23,3883.01000976563,3884.51000976563,3832.69995117188,3861.98999023438,0
2021-08-24,3888.8701171875,3904.98999023438,3864.3701171875,3897.56005859375,0
2021-08-25,3886.63989257813,3895.6201171875,3868.63989257813,3891.80004882813,0
2021-08-26,3851.57006835938,3886.63989257813,3838.6298828125,3876.98999023438,0
2021-08-27,3887.3798828125,3887.3798828125,3844.48999023438,3864.11010742188,0
2021-08-30,3928.5,3928.5,3887.3798828125,3900.9599609375,0
2021-08-31,3918.9599609375,3938.67993164063,3904.71997070313,3934.10009765625,0
2021-09-01,3971.02001953125,3972.67993164063,3918.9599609375,3924.32006835938,0
2021-09-02,3990.77001953125,3994.77001953125,3968.06005859375,3983.67993164063,0
2021-09-03,4001.69995117188,4001.69995117188,3964.21997070313,3976.6201171875,0
2021-09-06,4028.25,4028.25,4001.69995117188,4004.61010742188,0
2021-09-07,4010.15991210938,4043.51000976563,4004.89990234375,4036.40991210938,0
2021-09-08,4017.3701171875,4030.71997070313,3984.63989257813,4015.35009765625,0
2021-09-09,3993.56005859375,4009.65991210938,3982.60009765625,4007.82006835938,0
2021-09-10,4002.65991210938,4008.56005859375,3987.53002929688,3993.53002929688,0
2021-09-13,4041.15991210938,4041.830078125,4001.6298828125,4012.96997070313,0
2021-09-14,4055.69995117188,4061.98999023438,4037.22998046875,4051.81005859375,0
2021-09-15,4065.53002929688,4081.97998046875,4049.68994140625,4059.080078125,0
2021-09-16,4045.10009765625,4073.71997070313,4028.080078125,4069.18994140625,0
2021-09-17,4035.169921875,4054.3798828125,4013.6201171875,4043.51000976563,0
2021-09-20,3969.61010742188,3991.38989257813,3955.18994140625,3988.44995117188,0
2021-09-21,3970.47998046875,3994.56005859375,3962.05004882813,3980.02001953125,0
2021-09-22,4030.97998046875,4032.3798828125,3999.82006835938,4001.7900390625,0
2021-09-23,4052.13989257813,4058.14990234375,4020.5,4051.36010742188,0
2021-09-24,4038.22998046875,4057.09008789063,4017.19995117188,4055.3701171875,0
2021-09-27,4081.21997070313,4083.61010742188,4061.7099609375,4069.55004882813,0
2021-09-28,4065.4599609375,4112.31005859375,4050.94995117188,4109.66015625,0
2021-09-29,4058.3701171875,4076.61010742188,4038.06005859375,4045.15991210938,0
2021-09-30,4103.52001953125,4106.72021484375,4064.5,4079.4599609375,0
2021-10-01,4086.98999023438,4104.77978515625,4065.39990234375,4078.59008789063,0
2021-10-04,4112.72021484375,4131.39013671875,4100.85009765625,4106.89013671875,0
2021-10-05,4223.85009765625,4225.16015625,4129.52978515625,4129.52978515625,0
2021-10-06,4171.7099609375,4267.2900390625,4163.6201171875,4263.8701171875,0
2021-10-07,4228.02001953125,4239.14013671875,4179.39013671875,4222.77978515625,0
2021-10-08,4238,4254.35986328125,4216.72021484375,4233.580078125,0
2021-10-11,4279.8701171875,4284.52978515625,4247.2001953125,4259.3798828125,0
2021-10-12,4263.7998046875,4275.60009765625,4250.02978515625,4259.02978515625,0
2021-10-13,4243.919921875,4260.43994140625,4189.91015625,4260.43994140625,0
2021-10-14,4259.1298828125,4292.68017578125,4259.1298828125,4280.759765625,0
2021-10-15,4261.81982421875,4282.14990234375,4247.7900390625,4278.509765625,0
2021-10-18,4248.330078125,4257.830078125,4225.419921875,4254.91015625,0
2021-10-19,4276.259765625,4279.2001953125,4235.81005859375,4256.240234375,0
2021-10-20,4287.52001953125,4290.990234375,4258.14013671875,4284.91015625,0
2021-10-21,4218.6298828125,4282.4599609375,4214.81982421875,4276.93994140625,0
2021-10-22,4196.9599609375,4246.22021484375,4196.9599609375,4218.5,0
2021-10-25,4254.97998046875,4254.97998046875,4184.740234375,4216.43017578125,0
2021-10-26,4235.8701171875,4259.830078125,4233.7998046875,4254.58984375,0
2021-10-27,4229.52978515625,4234.990234375,4190.68017578125,4216.759765625,0
2021-10-28,4189.66015625,4220.22998046875,4157.39013671875,4210.77978515625,0
2021-10-29,4150,4186.7001953125,4116.2900390625,4186.35009765625,0
2021-11-01,4221.490234375,4224.509765625,4155.240234375,4155.240234375,0
2021-11-02,4207.52978515625,4245.31982421875,4196.75,4235.89013671875,0
2021-11-03,4184.8701171875,4192.14013671875,4158.169921875,4192.14013671875,0
2021-11-05,4174.759765625,4181.8701171875,4159.919921875,4179.02978515625,0
2021-11-08,4218.27001953125,4220.8798828125,4188.58984375,4203.64990234375,0
2021-11-09,4187.330078125,4225.81982421875,4181.75,4207.58984375,0
2021-11-10,4172.47021484375,4196.22021484375,4151.60009765625,4192.6201171875,0
2021-11-11,4189.35009765625,4189.35009765625,4126.52001953125,4141.6201171875,0
2021-11-12,4121.66015625,4181.7001953125,4089.32006835938,4181.7001953125,0
2021-11-15,4135.14013671875,4162.02001953125,4111.0400390625,4121.5,0
2021-11-16,4120.02001953125,4158.31005859375,4094.14990234375,4147.68994140625,0
2021-11-17,4149.02001953125,4149.02001953125,4101.9599609375,4120.22998046875,0
2021-11-18,4093.85009765625,4150.56982421875,4082.169921875,4120.81005859375,0
2021-11-19,4016.46997070313,4127,4000.26000976563,4121.740234375,0
2021-11-22,3872.77001953125,4017.02001953125,3872.77001953125,4008.1298828125,0
2021-11-23,3960.330078125,3974.76000976563,3776.61010742188,3832.330078125,0
2021-11-24,3950.56005859375,4021.25,3913.38989257813,4001.88989257813,0
2021-11-25,3947.82006835938,3990.94995117188,3932.55004882813,3964.25,0
2021-11-26,3810.97998046875,3876.1298828125,3810.75,3852.98999023438,0
2021-11-29,3879.5400390625,3928.52001953125,3846.1201171875,3872.18994140625,0
2021-11-30,3890.59008789063,3902.71997070313,3827.55004882813,3828.25,0
2021-12-01,3959.2900390625,3962.21997070313,3900.15991210938,3907.169921875,0
2021-12-02,3947.5400390625,3972.85009765625,3914.42993164063,3940.09008789063,0
2021-12-03,3913.06005859375,3977.15991210938,3905.3798828125,3967.8798828125,0
2021-12-06,3810.10009765625,3937.5400390625,3800.76000976563,3919.10009765625,0
2021-12-07,3873.19995117188,3880.84008789063,3810.03002929688,3860.830078125,0
2021-12-08,3773.61010742188,3915.64990234375,3773.61010742188,3904.84008789063,0
2021-12-09,3813.2900390625,3847.76000976563,3780.30004882813,3801.669921875,0
2021-12-10,3760.22998046875,3814.06005859375,3760.22998046875,3806.96997070313,0
2021-12-13,3618.31005859375,3793.8798828125,3613.8798828125,3790.10009765625,0
2021-12-14,3619.38989257813,3638.48999023438,3532.2900390625,3533.82006835938,0
2021-12-15,3621.82006835938,3666.53002929688,3608.60009765625,3653.15991210938,0
2021-12-16,3750.36010742188,3755.07006835938,3701.35009765625,3705.57006835938,0
2021-12-17,3723.27001953125,3739.59008789063,3696.5,3725.0400390625,0
2021-12-20,3669.05004882813,3674.7099609375,3629.61010742188,3657.64990234375,0
2021-12-21,3693.02001953125,3713.67993164063,3670.15991210938,3705.330078125,0
2021-12-22,3746.75,3759.669921875,3699.06005859375,3715.19995117188,0
2021-12-23,3704.60009765625,3751.3701171875,3691.0400390625,3745.52001953125,0
2021-12-24,3702.71997070313,3703.71997070313,3653.6298828125,3700.34008789063,0
2021-12-27,3740.6298828125,3742.1201171875,3709.18994140625,3711.77001953125,0
2021-12-28,3777.56005859375,3790.43994140625,3751,3766.5,0
2021-12-29,3741.07006835938,3770.09008789063,3727.35009765625,3756.5400390625,0
2021-12-30,3787.26000976563,3789.61010742188,3740.92993164063,3753.919921875,0
2022-01-03,3852.5,3866.14990234375,3823.5,3825.30004882813,0
2022-01-04,3873.48999023438,3892.330078125,3846.81005859375,3880.19995117188,0
2022-01-05,3815.05004882813,3875.25,3805.06005859375,3857.89990234375,0
2022-01-06,3753.2900390625,3784.169921875,3720.169921875,3758.67993164063,0
2022-01-10,3738.67993164063,3806.84008789063,3726.72998046875,3798.42993164063,0
2022-01-11,3785.2900390625,3800.90991210938,3751.44995117188,3764.56005859375,0
2022-01-12,3829.94995117188,3841.71997070313,3783.919921875,3797.31005859375,0
2022-01-13,3674.72998046875,3818.96997070313,3664.47998046875,3814.97998046875,0
2022-01-14,3596.97998046875,3723.6201171875,3512.03002929688,3703.89990234375,0
2022-01-17,3560.35009765625,3651.36010742188,3501.93994140625,3633.01000976563,0
2022-01-18,3328.93994140625,3534.56005859375,3297.1201171875,3527.77001953125,0
2022-01-19,3436.82006835938,3500.27001953125,3256.60009765625,3290.31005859375,0
2022-01-20,3516.02001953125,3533.61010742188,3403.73999023438,3519.02001953125,0
2022-01-21,3439.25,3503.84008789063,3407.27001953125,3420.1201171875,0
2022-01-24,3235.28002929688,3426.46997070313,3158.4599609375,3426.18994140625,0
2022-01-25,3258.73999023438,3330.89990234375,3229.44995117188,3316.97998046875,0
2022-01-26,3357.65991210938,3412.14990234375,3276.06005859375,3341.7099609375,0
2022-01-27,3455.92993164063,3525.93994140625,3284.48999023438,3296.46997070313,0
2022-01-28,3488.60009765625,3534.39990234375,3446.01000976563,3508.57006835938,0
2022-01-31,3530.3798828125,3566.05004882813,3518.55004882813,3524.11010742188,0
2022-02-01,3548.169921875,3584.7099609375,3531.35009765625,3564.55004882813,0
2022-02-02,3543.80004882813,3580.21997070313,3516.169921875,3574.8701171875,0
2022-02-03,3471.17993164063,3519.22998046875,3446.64990234375,3498.76000976563,0
2022-02-04,3471.01000976563,3556.32006835938,3464.13989257813,3499.32006835938,0
2022-02-07,3470.78002929688,3521.26000976563,3437.92993164063,3511.38989257813,0
2022-02-08,3551.64990234375,3551.64990234375,3487.63989257813,3497.17993164063,0
2022-02-09,3638.92993164063,3638.92993164063,3580.44995117188,3593,0
2022-02-10,3655.76000976563,3655.76000976563,3592.75,3628.51000976563,0
2022-02-11,3546.6201171875,3596.73999023438,3514.1201171875,3579.68994140625,0
2022-02-14,3481.3798828125,3524.8701171875,3404.35009765625,3442.82006835938,0
2022-02-15,3600.2900390625,3614.14990234375,3514.97998046875,3532,0
2022-02-16,3646.40991210938,3683.94995117188,3608.01000976563,3682.93994140625,0
2022-02-17,3511.080078125,3595.1201171875,3498.19995117188,3588.27001953125,0
2022-02-18,3393.31005859375,3565.52001953125,3371.05004882813,3547.0400390625,0
2022-02-21,3036.8798828125,3460.419921875,2910.48999023438,3458.72998046875,0
2022-02-22,3084.73999023438,3113.39990234375,2756.4599609375,2909.39990234375,0
2022-02-24,2058.1201171875,2740.31005859375,1681.55004882813,2735.8798828125,0
2022-02-25,2470.47998046875,2552.4599609375,2256.09008789063,2261.330078125,0
2022-03-24,2578.51000976563,2761.169921875,2447.67993164063,2474.52001953125,0
2022-03-25,2484.1298828125,2664.73999023438,2470.68994140625,2620.6201171875,0
2022-03-28,2430.69995117188,2484.57006835938,2407.19995117188,2479.48999023438,0
2022-03-29,2408.48999023438,2538.19995117188,2363.6201171875,2442.42993164063,0
2022-03-30,2513.03002929688,2513.03002929688,2437.919921875,2437.919921875,0
2022-03-31,2703.51000976563,2703.51000976563,2533.38989257813,2535.32006835938,0
2022-04-01,2759.63989257813,2817.71997070313,2714.6201171875,2714.6201171875,0
2022-04-04,2787.68994140625,2835.4599609375,2682.34008789063,2775.06005859375,0
2022-04-05,2662.7900390625,2808.27001953125,2576.34008789063,2796.56005859375,0
2022-04-06,2611.42993164063,2696.96997070313,2594.94995117188,2641.7900390625,0
2022-04-07,2635.38989257813,2653.85009765625,2618.26000976563,2618.26000976563,0
2022-04-08,2592.71997070313,2656.71997070313,2554.71997070313,2649.15991210938,0
2022-04-11,2557.15991210938,2623.63989257813,2557.15991210938,2596.169921875,0
2022-04-12,2540.98999023438,2570.78002929688,2472.28002929688,2559.21997070313,0
2022-04-13,2528.419921875,2558.86010742188,2517.43994140625,2546.63989257813,0
2022-04-14,2404.72998046875,2533.77001953125,2403.86010742188,2530.89990234375,0
2022-04-15,2424.98999023438,2431.90991210938,2353.1298828125,2403.15991210938,0
2022-04-18,2342.6298828125,2447.580078125,2338.36010742188,2430.90991210938,0
2022-04-19,2317.4599609375,2344.3701171875,2216.61010742188,2342.53002929688,0
2022-04-20,2330.72998046875,2374.8701171875,2271.71997070313,2326.03002929688,0
2022-04-21,2271.05004882813,2341.2099609375,2260.67993164063,2334.96997070313,0
2022-04-22,2232.22998046875,2290.0400390625,2223.72998046875,2271.17993164063,0
2022-04-25,2186.21997070313,2237.44995117188,2168.17993164063,2236.32006835938,0
2022-04-26,2318.4599609375,2347.919921875,2190.96997070313,2190.96997070313,0
2022-04-27,2424.28002929688,2427.46997070313,2305.46997070313,2326.27001953125,0
2022-04-28,2383.65991210938,2505.93994140625,2379.1201171875,2434.86010742188,0
2022-04-29,2445.169921875,2448.52001953125,2390.830078125,2390.830078125,0
2022-05-04,2373.15991210938,2464.60009765625,2373.15991210938,2444.25,0
2022-05-05,2404.80004882813,2412.81005859375,2379.0400390625,2379.0400390625,0
2022-05-06,2393.03002929688,2406.78002929688,2372.52001953125,2405.169921875,0
2022-05-11,2387.13989257813,2414.8701171875,2367.47998046875,2391.90991210938,0
2022-05-12,2297.88989257813,2386.15991210938,2283.31005859375,2382.330078125,0
2022-05-13,2307.5,2321.90991210938,2283.10009765625,2309.97998046875,0
2022-05-16,2364.60009765625,2379.35009765625,2306.06005859375,2308.19995117188,0
2022-05-17,2424.10009765625,2425.169921875,2371.92993164063,2378.080078125,0
2022-05-18,2445.30004882813,2490.169921875,2438,2438,0
2022-05-19,2436.57006835938,2454.830078125,2414.6298828125,2454.36010742188,0
2022-05-20,2373.26000976563,2451.02001953125,2365.81005859375,2441.56005859375,0
2022-05-23,2301.85009765625,2389.419921875,2300.77001953125,2379.65991210938,0
2022-05-24,2293.6201171875,2317.919921875,2229.21997070313,2300.11010742188,0
2022-05-25,2340.17993164063,2340.17993164063,2291.1298828125,2300.14990234375,0
2022-05-26,2413.06005859375,2415.03002929688,2327.2900390625,2348.43994140625,0
2022-05-27,2407.59008789063,2439.88989257813,2399.919921875,2424.69995117188,0
2022-05-30,2400.38989257813,2433.0400390625,2376.43994140625,2418.2099609375,0
2022-05-31,2355.75,2400.75,2351.73999023438,2400.75,0
2022-06-01,2374.60009765625,2385.63989257813,2338.89990234375,2349.84008789063,0
2022-06-02,2340.169921875,2382.22998046875,2337.53002929688,2374.669921875,0
2022-06-03,2308.03002929688,2348.03002929688,2286.82006835938,2341.55004882813,0
2022-06-06,2282.15991210938,2321.75,2277.2099609375,2308.35009765625,0
2022-06-07,2291.6201171875,2294.39990234375,2239.71997070313,2281.30004882813,0
2022-06-08,2318.85009765625,2342.68994140625,2296.6201171875,2296.6201171875,0
2022-06-09,2293.98999023438,2323.38989257813,2275.21997070313,2321.57006835938,0
2022-06-10,2285.52001953125,2296.10009765625,2273.94995117188,2282.81005859375,0
2022-06-14,2289.75,2308.42993164063,2261.26000976563,2280.02001953125,0
2022-06-15,2318.9599609375,2320.39990234375,2282.7900390625,2290.76000976563,0
2022-06-16,2369.75,2374.23999023438,2317.8701171875,2321.52001953125,0
2022-06-17,2353.97998046875,2382.48999023438,2345.39990234375,2373.07006835938,0
2022-06-20,2404.39990234375,2404.39990234375,2357.330078125,2358.26000976563,0
2022-06-21,2358.81005859375,2415.59008789063,2357.27001953125,2407.6298828125,0
2022-06-22,2373.52001953125,2373.52001953125,2320.8701171875,2348.0400390625,0
2022-06-23,2404.5400390625,2404.5400390625,2350.10009765625,2375.60009765625,0
2022-06-24,2391.51000976563,2414.02001953125,2372.05004882813,2405.31005859375,0
2022-06-27,2417.06005859375,2417.06005859375,2384.32006835938,2387.55004882813,0
2022-06-28,2408.75,2419.81005859375,2392.26000976563,2419.14990234375,0
2022-06-29,2378.55004882813,2407.48999023438,2370.40991210938,2407.48999023438,0
2022-06-30,2204.85009765625,2407.19995117188,2184.7099609375,2380.03002929688,0
2022-07-01,2206.61010742188,2237.919921875,2165.1298828125,2197.89990234375,0
2022-07-04,2204.65991210938,2240.830078125,2197.38989257813,2208.69995117188,0
2022-07-05,2226.63989257813,2238.72998046875,2187.57006835938,2214.38989257813,0
2022-07-06,2221.8798828125,2273.23999023438,2214.0400390625,2227.02001953125,0
2022-07-07,2226.64990234375,2239.59008789063,2206.15991210938,2221.02001953125,0
2022-07-08,2222.51000976563,2234.55004882813,2202.52001953125,2225.02001953125,0
2022-07-11,2162.34008789063,2224.35009765625,2156.36010742188,2213.55004882813,0
2022-07-12,2133.77001953125,2160.73999023438,2105.26000976563,2160.73999023438,0
2022-07-13,2073.67993164063,2142.51000976563,2064.580078125,2138.13989257813,0
2022-07-14,2063.30004882813,2105.61010742188,2049.43994140625,2073.7900390625,0
2022-07-15,2109.52001953125,2109.52001953125,2056.82006835938,2069.02001953125,0
2022-07-18,2096.419921875,2127.9599609375,2083.01000976563,2119.02001953125,0
2022-07-19,2071.28002929688,2089.28002929688,2047.32995605469,2089.28002929688,0
2022-07-20,2075.23999023438,2098.919921875,2067.3701171875,2076.23999023438,0
2022-07-21,2053.63989257813,2075.98999023438,2022.16003417969,2075.98999023438,0
2022-07-22,2096.75,2099.67993164063,2053.19995117188,2056.15991210938,0
2022-07-25,2128.9599609375,2132.75,2090.21997070313,2099.81005859375,0
2022-07-26,2192.419921875,2192.419921875,2135.88989257813,2135.88989257813,0
2022-07-27,2196.21997070313,2220.82006835938,2184.7099609375,2198.9599609375,0
2022-07-28,2189.15991210938,2213.2099609375,2169.2099609375,2204.01000976563,0
2022-07-29,2213.81005859375,2213.81005859375,2181.07006835938,2187.669921875,0
2022-08-01,2180.09008789063,2220.72998046875,2178.97998046875,2213.75,0
2022-08-02,2137.30004882813,2178.81005859375,2137.30004882813,2176.57006835938,0
2022-08-03,2123.919921875,2156.5400390625,2123.919921875,2138.76000976563,0
2022-08-04,2116.580078125,2137.830078125,2111.8701171875,2126.38989257813,0
2022-08-05,2054.2900390625,2124.60009765625,2052.080078125,2120.1298828125,0
2022-08-08,2088.39990234375,2119.40991210938,2086.97998046875,2106.5,0
2022-08-09,2136.80004882813,2136.80004882813,2071.71997070313,2090.3701171875,0
2022-08-10,2151.5,2158.8701171875,2128.59008789063,2138.81005859375,0
2022-08-11,2133.11010742188,2174.89990234375,2128.3798828125,2157.169921875,0
2022-08-12,2147.330078125,2150.89990234375,2117.080078125,2133.92993164063,0
2022-08-15,2165.1201171875,2165.75,2139.44995117188,2147.76000976563,0
2022-08-16,2208.330078125,2208.330078125,2168.06005859375,2172.39990234375,0
2022-08-17,2188.56005859375,2225.05004882813,2186.86010742188,2213.42993164063,0
2022-08-18,2194.31005859375,2197.919921875,2176.02001953125,2188.419921875,0
2022-08-19,2195.15991210938,2199.60009765625,2179.56005859375,2199.60009765625,0
2022-08-22,2228.11010742188,2231.21997070313,2187.0400390625,2193.2900390625,0
2022-08-23,2260.080078125,2261.59008789063,2230.73999023438,2230.73999023438,0
2022-08-24,2248.21997070313,2273.64990234375,2243.080078125,2263.57006835938,0
2022-08-25,2246.34008789063,2266.17993164063,2234.8701171875,2249.38989257813,0
2022-08-26,2268.88989257813,2268.88989257813,2239.65991210938,2248.97998046875,0
2022-08-29,2296.330078125,2296.330078125,2263.98999023438,2267.42993164063,0
2022-08-30,2306.6201171875,2314.53002929688,2292.43994140625,2299.28002929688,0
2022-08-31,2400.080078125,2423.1201171875,2368.419921875,2377.02001953125,0
2022-09-01,2445.77001953125,2448.5,2380.01000976563,2401.97998046875,0
2022-09-02,2471.44995117188,2474.7099609375,2431.5400390625,2443.76000976563,0
2022-09-05,2488.43994140625,2488.43994140625,2440.8798828125,2472.10009765625,0
2022-09-06,2425.330078125,2492.14990234375,2382.23999023438,2487.76000976563,0
2022-09-07,2401.57006835938,2436.63989257813,2394.56005859375,2422.8798828125,0
2022-09-08,2390.27001953125,2407.38989257813,2378.30004882813,2397.59008789063,0
2022-09-09,2426.06005859375,2426.81005859375,2391.68994140625,2391.68994140625,0
2022-09-12,2449.64990234375,2465.21997070313,2413.55004882813,2419.77001953125,0
2022-09-13,2446.88989257813,2465.55004882813,2438.80004882813,2459.75,0
2022-09-14,2435.88989257813,2439.9599609375,2400.13989257813,2439.9599609375,0
2022-09-15,2446.59008789063,2457.02001953125,2418.30004882813,2434.7900390625,0
2022-09-16,2435.17993164063,2469.02001953125,2427.67993164063,2446.09008789063,0
2022-09-19,2430.5400390625,2453.03002929688,2427.18994140625,2436.47998046875,0
2022-09-20,2215.669921875,2436.30004882813,2171.919921875,2430.53002929688,0
2022-09-21,2130.7099609375,2186.42993164063,2002.72998046875,2052.88989257813,0
2022-09-22,2190.8701171875,2216.85009765625,2138.38989257813,2138.38989257813,0
2022-09-23,2089.8701171875,2192.67993164063,2071.3701171875,2192.11010742188,0
2022-09-26,1933.34997558594,2054.56005859375,1841.42004394531,2054.56005859375,0
2022-09-27,1953.4599609375,1975.31994628906,1904.23999023438,1930.57995605469,0
2022-09-28,1963.85998535156,2018.98999023438,1948.25,1978.89001464844,0
2022-09-29,1953.77001953125,2005.80004882813,1917.61999511719,1998.23999023438,0
2022-09-30,1957.31005859375,2005.2099609375,1872.94995117188,1977.75,0
2022-10-03,2041.9599609375,2047.5400390625,1972.43005371094,1991.88000488281,0
2022-10-04,2046.42004394531,2079.669921875,2016.58996582031,2071.18994140625,0
2022-10-05,2029.88000488281,2045.61999511719,1971.91003417969,2041.5,0
2022-10-06,2020.63000488281,2053.86010742188,2015.08996582031,2027.30004882813,0
2022-10-07,1944.75,2012.94995117188,1939.5400390625,2012.94995117188,0
2022-10-10,1916.96997070313,1917.91003417969,1775.0400390625,1783.66003417969,0
2022-10-11,1949.4599609375,1952.80004882813,1909.10998535156,1928.73999023438,0
2022-10-12,1951.65002441406,1974.58996582031,1937.93005371094,1965.39001464844,0
2022-10-13,1955.19995117188,1975.83996582031,1941.18005371094,1950.23999023438,0
2022-10-14,1950.97998046875,1965.77001953125,1933.2900390625,1963.38000488281,0
2022-10-17,2012.84997558594,2013.60998535156,1955.69995117188,1958.18005371094,0
2022-10-18,2032.40002441406,2039.67004394531,1999.38000488281,2031.56005859375,0
2022-10-19,1978.40002441406,2006.06005859375,1953.73999023438,1986.67004394531,0
2022-10-20,2025.51000976563,2032.57995605469,1991.08996582031,1998.73999023438,0
2022-10-21,2043.7099609375,2049,2000.68005371094,2026.43994140625,0
2022-10-24,2063.94995117188,2088.31005859375,2048.3701171875,2070.36010742188,0
2022-10-25,2130.64990234375,2130.64990234375,2058.09008789063,2066.28002929688,0
2022-10-26,2120.580078125,2144.56005859375,2093.1201171875,2131.17993164063,0
2022-10-27,2164.63989257813,2164.63989257813,2123.57006835938,2133.81005859375,0
2022-10-28,2167.69995117188,2171.8798828125,2130.75,2154.28002929688,0
2022-10-31,2166.61010742188,2184.3798828125,2155.75,2173,0
2022-11-01,2174.35009765625,2185.60009765625,2161.17993164063,2179.14990234375,0
2022-11-02,2173.84008789063,2184.88989257813,2160.56005859375,2178.25,0
2022-11-03,2155.919921875,2156.78002929688,2123.32006835938,2145.5400390625,0
2022-11-07,2208.78002929688,2208.78002929688,2172.34008789063,2176.330078125,0
2022-11-08,2207.19995117188,2221.1298828125,2188.21997070313,2213.38989257813,0
2022-11-09,2166.56005859375,2205.919921875,2166.419921875,2201.06005859375,0
2022-11-10,2210.02001953125,2211.2099609375,2161.57006835938,2167.9599609375,0
2022-11-11,2217.43994140625,2224.96997070313,2204.330078125,2221.67993164063,0
2022-11-14,2244.77001953125,2245.89990234375,2221.31005859375,2230.80004882813,0
2022-11-15,2223.26000976563,2254.93994140625,2211.18994140625,2249.21997070313,0
2022-11-16,2227.18994140625,2232.830078125,2191.94995117188,2199.10009765625,0
2022-11-17,2212.92993164063,2235.76000976563,2200.11010742188,2227.5400390625,0
2022-11-18,2206.32006835938,2211.69995117188,2189.92993164063,2208.38989257813,0
2022-11-21,2166.31005859375,2204.89990234375,2161.35009765625,2204.89990234375,0
2022-11-22,2196.0400390625,2200.06005859375,2169.6201171875,2179.76000976563,0
2022-11-23,2211.88989257813,2217.39990234375,2180.63989257813,2196.23999023438,0
2022-11-24,2210.94995117188,2225.919921875,2206.1201171875,2214.13989257813,0
2022-11-25,2195.169921875,2211.10009765625,2190.669921875,2209.31005859375,0
2022-11-28,2177.44995117188,2182.15991210938,2163.43994140625,2180.32006835938,0
2022-11-29,2185.32006835938,2191.43994140625,2178.34008789063,2180.64990234375,0
2022-11-30,2174.53002929688,2184.27001953125,2172.669921875,2184.27001953125,0
2022-12-01,2187.2900390625,2193.40991210938,2183.57006835938,2189.64990234375,0
2022-12-02,2180.43994140625,2189.35009765625,2173.47998046875,2189.18994140625,0
2022-12-05,2208.28002929688,2210.69995117188,2174.169921875,2179.7900390625,0
2022-12-06,2196.23999023438,2208.36010742188,2184.64990234375,2204.51000976563,0
2022-12-07,2192.8798828125,2193.7099609375,2166.77001953125,2185.01000976563,0
2022-12-08,2184.42993164063,2197.77001953125,2174.57006835938,2196.169921875,0
2022-12-09,2177.85009765625,2183.96997070313,2169.0400390625,2178.92993164063,0
2022-12-12,2173.15991210938,2185.48999023438,2163.330078125,2178.330078125,0
2022-12-13,2174.3798828125,2177.94995117188,2154.52001953125,2175.2900390625,0
2022-12-14,2159.81005859375,2171.31005859375,2154.64990234375,2171.1201171875,0
2022-12-15,2126.80004882813,2151.68994140625,2115.2099609375,2151.68994140625,0
2022-12-16,2132.75,2135.7900390625,2116.080078125,2118.42993164063,0
2022-12-19,2129.97998046875,2139.07006835938,2109.56005859375,2131.330078125,0
2022-12-20,2119.3701171875,2119.3701171875,2070.580078125,2071.10009765625,0
2022-12-21,2116.1298828125,2139.48999023438,2102.23999023438,2135.40991210938,0
2022-12-22,2122.90991210938,2134.47998046875,2114.90991210938,2124.3701171875,0
2022-12-23,2124.02001953125,2128.27001953125,2110.59008789063,2121.98999023438,0
2022-12-26,2139.2099609375,2139.78002929688,2126.39990234375,2126.39990234375,0
2022-12-27,2150.919921875,2154.35009765625,2138.11010742188,2142.080078125,0
2022-12-28,2139.77001953125,2152.46997070313,2136.67993164063,2150.1201171875,0
2022-12-29,2147.06005859375,2149.93994140625,2134.47998046875,2135.90991210938,0
2022-12-30,2154.1201171875,2154.46997070313,2139.7900390625,2149.830078125,0
2023-01-03,2172.67993164063,2174.22998046875,2157.17993164063,2157.17993164063,0
2023-01-04,2168.419921875,2179.56005859375,2162.06005859375,2171.5400390625,0
2023-01-05,2156.669921875,2171.93994140625,2154.15991210938,2170.39990234375,0
2023-01-06,2156.38989257813,2160.080078125,2153.32006835938,2157.32006835938,0
2023-01-09,2163.5,2169.7099609375,2162.01000976563,2163.42993164063,0
2023-01-10,2159.51000976563,2162.919921875,2145.13989257813,2162.69995117188,0
2023-01-11,2186.97998046875,2190.39990234375,2153.55004882813,2156.28002929688,0
2023-01-12,2185.92993164063,2194.80004882813,2177.36010742188,2193.53002929688,0
2023-01-13,2199.93994140625,2204.17993164063,2179.82006835938,2188.60009765625,0
2023-01-16,2224.89990234375,2224.89990234375,2204.4599609375,2204.63989257813,0
2023-01-17,2196.84008789063,2226.48999023438,2196.84008789063,2225.26000976563,0
2023-01-18,2196.26000976563,2206.65991210938,2177.64990234375,2188.89990234375,0
2023-01-19,2168.830078125,2193.92993164063,2162.11010742188,2190.02001953125,0
2023-01-20,2166.68994140625,2173.7099609375,2154.3701171875,2167.61010742188,0
2023-01-23,2185.31005859375,2186.85009765625,2164.88989257813,2167.919921875,0
2023-01-24,2172.75,2199.2900390625,2172.75,2191.63989257813,0
2023-01-25,2170.14990234375,2176.61010742188,2160.76000976563,2168.47998046875,0
2023-01-26,2166.919921875,2183.77001953125,2166.919921875,2181.9599609375,0
2023-01-27,2189.35009765625,2189.35009765625,2167.330078125,2174.85009765625,0
2023-01-30,2204.40991210938,2204.40991210938,2189.1201171875,2193.98999023438,0
2023-01-31,2225.60009765625,2225.60009765625,2202.76000976563,2203.57006835938,0
2023-02-01,2230.14990234375,2247.1201171875,2224.94995117188,2232.02001953125,0
2023-02-02,2243.5400390625,2249.56005859375,2228.56005859375,2243.0400390625,0
2023-02-03,2248.30004882813,2253.69995117188,2216.6298828125,2239.10009765625,0
2023-02-06,2272.3701171875,2276.5,2243.77001953125,2245.92993164063,0
2023-02-07,2267.68994140625,2290.51000976563,2262.30004882813,2281.68994140625,0
2023-02-08,2251.96997070313,2283.48999023438,2244.52001953125,2273.59008789063,0
2023-02-09,2262.44995117188,2269.9599609375,2241.02001953125,2258.96997070313,0
2023-02-10,2261.580078125,2264.38989257813,2249.6201171875,2253.51000976563,0
2023-02-13,2264.27001953125,2271,2261.3701171875,2262.64990234375,0
2023-02-14,2232.22998046875,2256.9599609375,2225.93994140625,2256.59008789063,0
2023-02-15,2166.4599609375,2216.68994140625,2164.69995117188,2216.68994140625,0
2023-02-16,2153.9599609375,2186.63989257813,2150.169921875,2169.38989257813,0
2023-02-17,2168.8798828125,2180.9599609375,2147.31005859375,2157.5,0
2023-02-20,2183.57006835938,2186.38989257813,2140.78002929688,2172.53002929688,0
2023-02-21,2212.419921875,2227.82006835938,2184.51000976563,2184.60009765625,0
2023-02-22,2212.39990234375,2215.580078125,2194.98999023438,2215.42993164063,0
2023-02-24,2208.03002929688,2223.22998046875,2202.25,2209.10009765625,0
2023-02-27,2241.10009765625,2241.10009765625,2188.94995117188,2194.38989257813,0
2023-02-28,2253.15991210938,2258.67993164063,2239.59008789063,2246.26000976563,0
2023-03-01,2279.64990234375,2287.47998046875,2255.44995117188,2258.88989257813,0
2023-03-02,2254.30004882813,2286.27001953125,2235.42993164063,2284.8701171875,0
2023-03-03,2272.19995117188,2273.52001953125,2249.81005859375,2250.1201171875,0
2023-03-06,2294.1201171875,2297.86010742188,2283.39990234375,2286.19995117188,0
2023-03-07,2295.60009765625,2298.92993164063,2281.4599609375,2294.32006835938,0
2023-03-09,2290.13989257813,2302.10009765625,2278.94995117188,2295.03002929688,0
2023-03-10,2276.25,2283.17993164063,2266.330078125,2272.61010742188,0
2023-03-13,2269.46997070313,2289.69995117188,2250.13989257813,2279.1298828125,0
2023-03-14,2290.32006835938,2290.32006835938,2261.64990234375,2266.78002929688,0
2023-03-15,2262.07006835938,2295.06005859375,2257,2287.15991210938,0
2023-03-16,2258.21997070313,2269.01000976563,2236.77001953125,2262.61010742188,0
2023-03-17,2322.78002929688,2322.78002929688,2275.47998046875,2284.78002929688,0
2023-03-20,2397.15991210938,2397.15991210938,2332.80004882813,2337.830078125,0
2023-03-21,2398.14990234375,2431.22998046875,2383.080078125,2417.42993164063,0
2023-03-22,2393.8798828125,2398.76000976563,2374.4599609375,2387.81005859375,0
2023-03-23,2388.35009765625,2396.5,2379.8798828125,2386.69995117188,0
2023-03-24,2391.53002929688,2394.03002929688,2384.2900390625,2386.53002929688,0
2023-03-27,2440.67993164063,2440.67993164063,2400.84008789063,2400.84008789063,0
2023-03-28,2442.18994140625,2458.3701171875,2421.38989257813,2453.26000976563,0
2023-03-29,2460.8701171875,2468.47998046875,2437.52001953125,2449.9599609375,0
2023-03-30,2465.92993164063,2467.96997070313,2450.4599609375,2458.06005859375,0
2023-03-31,2450.669921875,2472.53002929688,2424.44995117188,2470.1201171875,0
2023-04-03,2473.32006835938,2482.5400390625,2463,2474.3701171875,0
2023-04-04,2480.44995117188,2511.48999023438,2479.23999023438,2483.46997070313,0
2023-04-05,2500.80004882813,2500.80004882813,2465.77001953125,2489.17993164063,0
2023-04-06,2498.30004882813,2521.81005859375,2498.30004882813,2504.06005859375,0
2023-04-07,2508.38989257813,2511.94995117188,2491.3701171875,2504.0400390625,0
2023-04-10,2547.35009765625,2548.40991210938,2523.19995117188,2523.19995117188,0
2023-04-11,2533.68994140625,2577.51000976563,2515.830078125,2560.0400390625,0
2023-04-12,2538.46997070313,2554.77001953125,2520.64990234375,2538.6201171875,0
2023-04-13,2544.28002929688,2557.580078125,2528.06005859375,2546.97998046875,0
2023-04-14,2554.85009765625,2554.85009765625,2532.38989257813,2546.92993164063,0
2023-04-17,2596.11010742188,2596.44995117188,2572.5400390625,2572.5400390625,0
2023-04-18,2615.6201171875,2615.6201171875,2586.05004882813,2601.34008789063,0
2023-04-19,2606.55004882813,2629.01000976563,2584.9599609375,2617.90991210938,0
2023-04-20,2637.85009765625,2640.78002929688,2565.61010742188,2600.7099609375,0
2023-04-21,2639.94995117188,2648.2099609375,2626.93994140625,2640.98999023438,0
2023-04-24,2635.42993164063,2651.80004882813,2609.39990234375,2636.76000976563,0
2023-04-25,2626.86010742188,2642.1201171875,2619.669921875,2639.669921875,0
2023-04-26,2620.330078125,2631.1298828125,2614.97998046875,2625.6201171875,0
2023-04-27,2646.17993164063,2646.17993164063,2617.0400390625,2620.64990234375,0
2023-04-28,2634.93994140625,2657.89990234375,2608.02001953125,2653.92993164063,0
2023-05-02,2580.51000976563,2635.53002929688,2560.09008789063,2623.2900390625,0
2023-05-03,2532.419921875,2586.169921875,2532.419921875,2585.39990234375,0
2023-05-04,2524.51000976563,2547.19995117188,2524.36010742188,2524.96997070313,0
2023-05-05,2538.23999023438,2555.38989257813,2529.080078125,2544.46997070313,0
2023-05-08,2527.59008789063,2538.22998046875,2513.84008789063,2528.73999023438,0
2023-05-10,2548.6298828125,2556.669921875,2483.7900390625,2483.919921875,0
2023-05-11,2595.1201171875,2610.80004882813,2567.97998046875,2573.40991210938,0
2023-05-12,2565.169921875,2584.90991210938,2552.05004882813,2570.64990234375,0
2023-05-15,2611.07006835938,2611.7099609375,2581.63989257813,2581.63989257813,0
2023-05-16,2633.7099609375,2655.72998046875,2621.59008789063,2645.93994140625,0
2023-05-17,2634.47998046875,2646.61010742188,2623.14990234375,2637.51000976563,0
2023-05-18,2632.90991210938,2658.57006835938,2624.48999023438,2650.1201171875,0
2023-05-19,2626.15991210938,2635.80004882813,2612.46997070313,2627.59008789063,0
2023-05-22,2633.26000976563,2652.96997070313,2622.35009765625,2648.30004882813,0
2023-05-23,2641.65991210938,2648.68994140625,2607.6298828125,2641.05004882813,0
2023-05-24,2654.98999023438,2659.67993164063,2626.42993164063,2643.72998046875,0
2023-05-25,2649.97998046875,2663.51000976563,2631.03002929688,2662.85009765625,0
2023-05-26,2682.03002929688,2685.13989257813,2645.5400390625,2650.3798828125,0
2023-05-29,2732,2732,2697.4599609375,2697.4599609375,0
2023-05-30,2698.75,2748.60009765625,2687.81005859375,2712.0400390625,0
2023-05-31,2717.63989257813,2718.27001953125,2676.27001953125,2698.11010742188,0
2023-06-01,2721.72998046875,2729.96997070313,2709.330078125,2720.2099609375,0
2023-06-02,2719.47998046875,2720.46997070313,2684.59008789063,2684.59008789063,0
2023-06-05,2694.13989257813,2738.82006835938,2679.30004882813,2726.169921875,0
2023-06-06,2681.25,2687.40991210938,2628,2667.76000976563,0
2023-06-07,2694.68994140625,2711.71997070313,2674.11010742188,2690.93994140625,0
2023-06-08,2709.68994140625,2709.68994140625,2688.31005859375,2693.60009765625,0
2023-06-09,2708.0400390625,2721.84008789063,2705.23999023438,2717.19995117188,0
2023-06-13,2757.28002929688,2757.28002929688,2715.14990234375,2715.31005859375,0
2023-06-14,2765.17993164063,2786.06005859375,2758.35009765625,2777.19995117188,0
2023-06-15,2800.169921875,2809.419921875,2764.88989257813,2776.77001953125,0
2023-06-16,2800.7900390625,2813.73999023438,2783.7099609375,2809.28002929688,0
2023-06-19,2815.07006835938,2816.57006835938,2783.68994140625,2808.0400390625,0
2023-06-20,2803.68994140625,2814.71997070313,2778,2810.13989257813,0
2023-06-21,2819.30004882813,2821.8798828125,2794.67993164063,2808.8701171875,0
2023-06-22,2815.830078125,2820.42993164063,2805.919921875,2817.30004882813,0
2023-06-23,2795.06005859375,2795.06005859375,2767.82006835938,2790.0400390625,0
2023-06-26,2757.1298828125,2784.28002929688,2741.330078125,2771.52001953125,0
2023-06-27,2776.6298828125,2785.330078125,2743.07006835938,2759.61010742188,0
2023-06-28,2780.919921875,2787.52001953125,2766.92993164063,2781.10009765625,0
2023-06-29,2796.40991210938,2804.80004882813,2783.53002929688,2790.27001953125,0
2023-06-30,2797.3701171875,2800.1201171875,2779.61010742188,2796,0
2023-07-03,2793.92993164063,2804.92993164063,2790.81005859375,2795.580078125,0
2023-07-04,2808.21997070313,2808.21997070313,2776.7900390625,2798.02001953125,0
2023-07-05,2805,2813.76000976563,2795.39990234375,2795.39990234375,0
2023-07-06,2819.60009765625,2837.48999023438,2813.3798828125,2816.73999023438,0
2023-07-07,2832.51000976563,2832.82006835938,2814.3798828125,2823.88989257813,0
2023-07-10,2856.76000976563,2864.32006835938,2838.52001953125,2838.85009765625,0
2023-07-11,2860.330078125,2867.36010742188,2851.01000976563,2865.63989257813,0
2023-07-12,2896.830078125,2897.28002929688,2870.61010742188,2870.61010742188,0
2023-07-13,2885.6298828125,2912.14990234375,2873,2899.97998046875,0
2023-07-14,2902.71997070313,2902.71997070313,2874.43994140625,2882.9599609375,0
2023-07-17,2917.61010742188,2917.71997070313,2880.11010742188,2889.09008789063,0
2023-07-18,2954.52001953125,2955.81005859375,2922.73999023438,2923.68994140625,0
2023-07-19,2943.42993164063,2966.71997070313,2938.65991210938,2959.40991210938,0
2023-07-20,2917.47998046875,2947.2900390625,2905.02001953125,2947.080078125,0
2023-07-21,2923.5400390625,2925.5400390625,2889.78002929688,2890.44995117188,0
2023-07-24,2937.46997070313,2947.169921875,2925.10009765625,2929.22998046875,0
2023-07-25,2975.36010742188,2975.36010742188,2943.73999023438,2948.8701171875,0
2023-07-26,2970.419921875,2982.46997070313,2954.89990234375,2974.2099609375,0
2023-07-27,2987.85009765625,2992.46997070313,2975.52001953125,2975.52001953125,0
2023-07-28,3008.61010742188,3008.61010742188,2978.1201171875,2986.35009765625,0
2023-07-31,3073.5,3073.5,3026.92993164063,3026.92993164063,0
2023-08-01,3093.63989257813,3114.56005859375,3055.25,3085.96997070313,0
2023-08-02,3106.4599609375,3123.44995117188,3080.6298828125,3096.71997070313,0
2023-08-03,3147.80004882813,3150.28002929688,3094.27001953125,3111.69995117188,0
2023-08-04,3092.43994140625,3194.830078125,3073.68994140625,3158.53002929688,0
2023-08-07,3084.080078125,3153.60009765625,3084.080078125,3120.5400390625,0
2023-08-08,3085.31005859375,3092.5400390625,3026.71997070313,3077.6298828125,0
2023-08-09,3099.52001953125,3120.25,3083.77001953125,3106.03002929688,0
2023-08-10,3148.86010742188,3148.86010742188,3115.85009765625,3122.06005859375,0
2023-08-11,3155.51000976563,3163.46997070313,3138.0400390625,3158.59008789063,0
2023-08-14,3131,3225.78002929688,3117.31005859375,3186.46997070313,0
2023-08-15,3115.25,3163.73999023438,3068.65991210938,3083.32006835938,0
2023-08-16,3049.4599609375,3122.34008789063,3015.57006835938,3109.4599609375,0
2023-08-17,3059.02001953125,3076.31005859375,3031.72998046875,3069.81005859375,0
2023-08-18,3111.21997070313,3111.21997070313,3058.01000976563,3077.78002929688,0
2023-08-21,3139.92993164063,3150.61010742188,3122.3701171875,3139.2900390625,0
2023-08-22,3164.25,3172.30004882813,3124.18994140625,3146.419921875,0
2023-08-23,3146.19995117188,3184.169921875,3113.23999023438,3180.38989257813,0
2023-08-24,3137.3701171875,3137.3701171875,3108.169921875,3117.02001953125,0
2023-08-25,3157.330078125,3158.61010742188,3132.07006835938,3150.03002929688,0
2023-08-28,3198.71997070313,3202.23999023438,3161.36010742188,3161.36010742188,0
2023-08-29,3211.36010742188,3218.39990234375,3191.31005859375,3205.06005859375,0
2023-08-30,3212.67993164063,3220.85009765625,3193.17993164063,3214.11010742188,0
2023-08-31,3227.98999023438,3234.67993164063,3211.93994140625,3218.47998046875,0
2023-09-01,3231.35009765625,3232.919921875,3214.94995117188,3230.53002929688,0
2023-09-04,3268.96997070313,3268.96997070313,3242.39990234375,3242.48999023438,0
2023-09-05,3264.42993164063,3287.34008789063,3246.4599609375,3273.38989257813,0
2023-09-06,3245.46997070313,3270.84008789063,3236.7900390625,3270.84008789063,0
2023-09-07,3169.07006835938,3262.72998046875,3145.25,3247.89990234375,0
2023-09-08,3142.8798828125,3188.77001953125,3114.38989257813,3178.43994140625,0
2023-09-11,3122.3701171875,3153.61010742188,3106.919921875,3145.26000976563,0
2023-09-12,3165.919921875,3165.919921875,3117.69995117188,3118.13989257813,0
2023-09-13,3148.32006835938,3191.57006835938,3148.32006835938,3189.080078125,0
2023-09-14,3139.48999023438,3148.5,3072.82006835938,3144.2900390625,0
2023-09-15,3152.53002929688,3155.44995117188,3116.71997070313,3126.57006835938,0
2023-09-18,3135.17993164063,3177.22998046875,3127.3701171875,3165.06005859375,0
2023-09-19,3083.85009765625,3141.3798828125,3054.25,3134.3701171875,0
2023-09-20,3068.14990234375,3091.05004882813,3013.75,3061.17993164063,0
2023-09-21,3019.21997070313,3062.67993164063,3009.88989257813,3058.19995117188,0
2023-09-22,3049.07006835938,3051.68994140625,2988.0400390625,3009.8701171875,0
2023-09-25,3045.38989257813,3056.22998046875,3025.88989257813,3051.85009765625,0
2023-09-26,3051.90991210938,3051.90991210938,3001.919921875,3034.22998046875,0
2023-09-27,3067.61010742188,3081.40991210938,3052.59008789063,3053.3701171875,0
2023-09-28,3108.07006835938,3108.07006835938,3076.63989257813,3080.81005859375,0
2023-09-29,3133.26000976563,3141.1201171875,3106.96997070313,3121.07006835938,0
2023-10-02,3132.330078125,3162.53002929688,3125.580078125,3141.68994140625,0
2023-10-03,3143.8798828125,3146.330078125,3103.6298828125,3134.44995117188,0
2023-10-04,3134.25,3154.96997070313,3130.03002929688,3138.6201171875,0
2023-10-05,3131.76000976563,3138.5,3112.9599609375,3126.7099609375,0
2023-10-06,3144.88989257813,3145.01000976563,3121,3138.8701171875,0
2023-10-09,3174.02001953125,3185.86010742188,3164.6298828125,3166.2099609375,0
2023-10-10,3177.03002929688,3182.080078125,3162.61010742188,3175.080078125,0
2023-10-11,3194.1201171875,3196.43994140625,3168.2900390625,3174.98999023438,0
2023-10-12,3174.65991210938,3178.5,3122.580078125,3130.0400390625,0
2023-10-13,3192.330078125,3195.22998046875,3176.169921875,3182.46997070313,0
2023-10-16,3234.78002929688,3235.65991210938,3202.93994140625,3204.81005859375,0
2023-10-17,3247.14990234375,3252.55004882813,3228.11010742188,3239.3701171875,0
2023-10-18,3249.2099609375,3262.5400390625,3225.43994140625,3252.31005859375,0
2023-10-19,3255.15991210938,3260.44995117188,3232.15991210938,3245.26000976563,0
2023-10-20,3269.27001953125,3269.7099609375,3236.31005859375,3257.85009765625,0
2023-10-23,3263.67993164063,3283.80004882813,3248.38989257813,3271.76000976563,0
2023-10-24,3265.01000976563,3266.59008789063,3237.080078125,3256.2900390625,0
2023-10-25,3265.28002929688,3269.76000976563,3243.25,3265.17993164063,0
2023-10-26,3223.88989257813,3283.48999023438,3221.7900390625,3272.7099609375,0
2023-10-27,3224.17993164063,3241.55004882813,3185.84008789063,3219.48999023438,0
2023-10-30,3227.07006835938,3246,3219.69995117188,3232.82006835938,0
2023-10-31,3200.96997070313,3226.8798828125,3176.53002929688,3221.080078125,0
2023-11-01,3206.52001953125,3214.830078125,3191.34008789063,3192.9599609375,0
2023-11-02,3197.21997070313,3228.4599609375,3197.21997070313,3216.919921875,0
2023-11-03,3208.6298828125,3212.81005859375,3182.169921875,3207.0400390625,0
2023-11-06,3235.11010742188,3237.09008789063,3207.10009765625,3207.46997070313,0
2023-11-07,3246.34008789063,3246.64990234375,3228.4599609375,3239.97998046875,0
2023-11-08,3245.42993164063,3257.32006835938,3233.11010742188,3238.81005859375,0
2023-11-09,3239.919921875,3245.11010742188,3222.34008789063,3241.5,0
2023-11-10,3242.06005859375,3246.31005859375,3229.10009765625,3236.03002929688,0
2023-11-13,3248.27001953125,3251.73999023438,3235.06005859375,3241.31005859375,0
2023-11-14,3212.38989257813,3236.47998046875,3192.32006835938,3236.47998046875,0
2023-11-15,3215.11010742188,3221.21997070313,3182.78002929688,3195.42993164063,0
2023-11-16,3189.080078125,3215.92993164063,3184.96997070313,3209.330078125,0
2023-11-17,3206.34008789063,3208.169921875,3151.94995117188,3172.78002929688,0
2023-11-20,3207.36010742188,3216.72998046875,3194.39990234375,3205.72998046875,0
2023-11-21,3218.47998046875,3219.11010742188,3193.4599609375,3198.72998046875,0
2023-11-22,3230.64990234375,3239.169921875,3220.3701171875,3221.89990234375,0
2023-11-23,3221.05004882813,3238.81005859375,3218.71997070313,3233.09008789063,0
2023-11-24,3217.76000976563,3231.77001953125,3203.6201171875,3223.75,0
2023-11-27,3191.05004882813,3224.61010742188,3178.19995117188,3220.25,0
2023-11-28,3196.36010742188,3197.61010742188,3157.55004882813,3189.15991210938,0
2023-11-29,3173.52001953125,3200.330078125,3173.3701171875,3196.75,0
2023-11-30,3165.7900390625,3176.53002929688,3146.53002929688,3176.5,0
2023-12-01,3142.2900390625,3162.96997070313,3136.56005859375,3155.8701171875,0
2023-12-04,3114.40991210938,3126.55004882813,3096.28002929688,3123.17993164063,0
2023-12-05,3129.330078125,3134.57006835938,3090.31005859375,3102.30004882813,0
2023-12-06,3079.5,3146.52001953125,3077.93994140625,3139.88989257813,0
2023-12-07,3073.6298828125,3084.5,3041.11010742188,3065.92993164063,0
2023-12-08,3079.98999023438,3100.21997070313,3067.4599609375,3079.8798828125,0
2023-12-11,3026.169921875,3082.30004882813,3025.73999023438,3081.8798828125,0
2023-12-12,3019.88989257813,3046.81005859375,2992.5,3020.61010742188,0
2023-12-13,3032.21997070313,3043.419921875,3002.3798828125,3011.98999023438,0
2023-12-14,3008.84008789063,3057.080078125,3005.93994140625,3046.42993164063,0
2023-12-15,3033.88989257813,3037.2900390625,2959.2900390625,2959.2900390625,0
2023-12-18,3076.26000976563,3090.0400390625,3048.82006835938,3052.13989257813,0
2023-12-19,3083.63989257813,3091.26000976563,3066.34008789063,3084.1201171875,0
2023-12-20,3104.65991210938,3113.919921875,3088.73999023438,3091.35009765625,0
2023-12-21,3073.57006835938,3095.01000976563,3050,3093.4599609375,0
2023-12-22,3092.580078125,3102.75,3075.56005859375,3076.31005859375,0
2023-12-26,3094.71997070313,3098.68994140625,3080.919921875,3090.38989257813,0
2023-12-27,3097.48999023438,3112.18994140625,3097.31005859375,3100.98999023438,0
2023-12-28,3101.98999023438,3101.98999023438,3081.97998046875,3099.56005859375,0
2023-12-29,3099.11010742188,3102.080078125,3086.26000976563,3092.65991210938,0
2024-01-03,3130.22998046875,3132.76000976563,3099.10009765625,3099.78002929688,0
2024-01-04,3136.07006835938,3144.25,3133.92993164063,3140.65991210938,0
2024-01-05,3136.3701171875,3142.80004882813,3128.15991210938,3138.27001953125,0
2024-01-08,3158.580078125,3158.82006835938,3139.3701171875,3140.1201171875,0
2024-01-09,3155.55004882813,3158.71997070313,3143.03002929688,3156.169921875,0
2024-01-10,3164.69995117188,3174.28002929688,3156.43994140625,3158.35009765625,0
2024-01-11,3181.25,3181.25,3148.5,3158.30004882813,0
2024-01-12,3185.21997070313,3196.97998046875,3176.09008789063,3182.5,0
2024-01-15,3184.8798828125,3200.78002929688,3176.72998046875,3190.6201171875,0
2024-01-16,3179.44995117188,3187.13989257813,3162.97998046875,3186.77001953125,0
2024-01-17,3185.22998046875,3189.26000976563,3169.98999023438,3174.8701171875,0
2024-01-18,3178.85009765625,3193.5400390625,3176.71997070313,3188.7099609375,0
2024-01-19,3166.3701171875,3179.2099609375,3154.4599609375,3176.1298828125,0
2024-01-22,3172.14990234375,3179.11010742188,3157.3701171875,3161.43994140625,0
2024-01-23,3175.73999023438,3179.75,3166.65991210938,3176.18994140625,0
2024-01-24,3162.40991210938,3183.69995117188,3152.9599609375,3176.59008789063,0
2024-01-25,3157.73999023438,3166.94995117188,3143.88989257813,3163.36010742188,0
2024-01-26,3163.2099609375,3171.94995117188,3157.76000976563,3164.55004882813,0
2024-01-29,3176.61010742188,3184.14990234375,3169.57006835938,3169.57006835938,0
2024-01-30,3196.080078125,3196.14990234375,3178.82006835938,3181.75,0
2024-01-31,3214.18994140625,3219.40991210938,3198.830078125,3201.47998046875,0
2024-02-01,3229.88989257813,3233.2099609375,3220.3798828125,3220.42993164063,0
2024-02-02,3226.35009765625,3232.35009765625,3215,3229.47998046875,0
2024-02-05,3226.7900390625,3232.3798828125,3218.90991210938,3218.90991210938,0
2024-02-06,3238.39990234375,3238.39990234375,3228.78002929688,3234.43994140625,0
2024-02-07,3256.580078125,3259.23999023438,3240.15991210938,3240.57006835938,0
2024-02-08,3241.81005859375,3266.44995117188,3236.7900390625,3261.17993164063,0
2024-02-09,3242.3798828125,3242.3798828125,3219.56005859375,3231.30004882813,0
2024-02-12,3248.5,3248.5,3227.69995117188,3241.57006835938,0
2024-02-13,3254.60009765625,3259.68994140625,3245.02001953125,3250.30004882813,0
2024-02-14,3258.13989257813,3267.8798828125,3251.76000976563,3261.52001953125,0
2024-02-15,3265.6298828125,3265.830078125,3238.830078125,3249.78002929688,0
2024-02-16,3242.47998046875,3275.22998046875,3236.419921875,3269.84008789063,0
2024-02-19,3244.56005859375,3253.02001953125,3234.10009765625,3247.4599609375,0
2024-02-20,3207.48999023438,3237.34008789063,3206.07006835938,3236.85009765625,0
2024-02-21,3139.5,3185.80004882813,3135.80004882813,3173.01000976563,0
2024-02-22,3142.30004882813,3166.86010742188,3141.8798828125,3152.75,0
2024-02-26,3213.169921875,3213.169921875,3186.06005859375,3186.06005859375,0
2024-02-27,3208.98999023438,3224.52001953125,3203.580078125,3220.26000976563,0
2024-02-28,3227.05004882813,3240.2900390625,3213.36010742188,3215.53002929688,0
2024-02-29,3256.80004882813,3258.13989257813,3224.09008789063,3233.03002929688,0
2024-03-01,3266.65991210938,3269.28002929688,3249.68994140625,3259,0
2024-03-04,3296.75,3298.6298828125,3277.85009765625,3278.01000976563,0
2024-03-05,3300.88989257813,3312.40991210938,3283.59008789063,3305.7900390625,0
2024-03-06,3310.580078125,3318.13989257813,3289.25,3298.86010742188,0
2024-03-07,3315.67993164063,3317.72998046875,3303.92993164063,3309.31005859375,0
2024-03-11,3320.31005859375,3340.3701171875,3318.89990234375,3329.71997070313,0
2024-03-12,3332.60009765625,3335.40991210938,3304.48999023438,3320.17993164063,0
2024-03-13,3320.67993164063,3343.56005859375,3317.18994140625,3337.56005859375,0
2024-03-14,3297,3318.48999023438,3287.86010742188,3314.65991210938,0
2024-03-15,3300.07006835938,3313.419921875,3292.1298828125,3295.14990234375,0
2024-03-18,3296.30004882813,3313.05004882813,3292,3305.669921875,0
2024-03-19,3264.96997070313,3303.52001953125,3254.30004882813,3293.92993164063,0
2024-03-20,3267.10009765625,3286.71997070313,3257.71997070313,3268.8701171875,0
2024-03-21,3286.68994140625,3297.4599609375,3259.03002929688,3286.75,0
2024-03-22,3273.48999023438,3299.18994140625,3260.38989257813,3289.28002929688,0
2024-03-25,3281.6298828125,3281.6298828125,3234.94995117188,3251.23999023438,0
2024-03-26,3285.5400390625,3291,3275.80004882813,3286.19995117188,0
2024-03-27,3304.09008789063,3304.09008789063,3280.03002929688,3291.69995117188,0
2024-03-28,3312.77001953125,3313.59008789063,3301.52001953125,3308.26000976563,0
2024-03-29,3332.53002929688,3332.53002929688,3305.21997070313,3313.169921875,0
2024-04-01,3363.2900390625,3367.34008789063,3343.65991210938,3343.65991210938,0
2024-04-02,3371.2900390625,3375.68994140625,3357.55004882813,3369.32006835938,0
2024-04-03,3395.59008789063,3397.330078125,3376.6298828125,3381.94995117188,0
2024-04-04,3407.57006835938,3409.6201171875,3392.06005859375,3399.81005859375,0
2024-04-05,3395.3701171875,3401.15991210938,3385.419921875,3393.19995117188,0
2024-04-08,3417.3798828125,3423.35009765625,3400.82006835938,3400.82006835938,0
2024-04-09,3414.26000976563,3441.17993164063,3408.98999023438,3423.40991210938,0
2024-04-10,3439.11010742188,3440.03002929688,3405.4599609375,3424.75,0
2024-04-11,3439.53002929688,3455.61010742188,3431.17993164063,3442.84008789063,0
2024-04-12,3456.23999023438,3464,3446.7900390625,3448.60009765625,0
2024-04-15,3472.18994140625,3476.97998046875,3454.06005859375,3456.3798828125,0
2024-04-16,3462.93994140625,3479.0400390625,3459.44995117188,3478.02001953125,0
2024-04-17,3454.07006835938,3476.71997070313,3443.07006835938,3469.57006835938,0
2024-04-18,3455.82006835938,3457.4599609375,3436.94995117188,3451.3701171875,0
2024-04-19,3470.8798828125,3475.1298828125,3451.47998046875,3458.86010742188,0
2024-04-22,3479.169921875,3480.2099609375,3460.580078125,3468.09008789063,0
2024-04-23,3439.419921875,3487.55004882813,3436.830078125,3483.26000976563,0
2024-04-24,3428.92993164063,3445.669921875,3423.169921875,3438.44995117188,0
2024-04-25,3439.76000976563,3443.73999023438,3427.02001953125,3429.6201171875,0
2024-04-26,3449.77001953125,3459.1201171875,3438.06005859375,3446.38989257813,0
2024-04-29,3478.080078125,3480.46997070313,3467.25,3468.919921875,0
2024-04-30,3469.830078125,3486.30004882813,3464.86010742188,3481.2900390625,0
2024-05-02,3442.830078125,3477.419921875,3439.580078125,3470.8701171875,0
2024-05-03,3441.77001953125,3450.42993164063,3424.6298828125,3443.48999023438,0
2024-05-06,3436.05004882813,3444.11010742188,3418.46997070313,3441.69995117188,0
2024-05-07,3427.61010742188,3428.3701171875,3405.82006835938,3405.82006835938,0
2024-05-08,3432.5400390625,3438.75,3430.10009765625,3431.84008789063,0
2024-05-10,3449.78002929688,3452.330078125,3438.5,3438.5,0
2024-05-13,3457.11010742188,3465.6201171875,3448.5,3459.05004882813,0
2024-05-14,3463.92993164063,3468.28002929688,3457.31005859375,3465.830078125,0
2024-05-15,3470.71997070313,3476.48999023438,3462.86010742188,3466.35009765625,0
2024-05-16,3486.26000976563,3490.77001953125,3477.85009765625,3480.47998046875,0
2024-05-17,3501.88989257813,3506.90991210938,3490.169921875,3495.25,0
2024-05-20,3468.09008789063,3521.71997070313,3468.09008789063,3516.39990234375,0
2024-05-21,3428.3798828125,3460.18994140625,3409.919921875,3447.25,0
2024-05-22,3444.63989257813,3449.42993164063,3433.36010742188,3433.36010742188,0
2024-05-23,3442.7900390625,3444.7900390625,3407.40991210938,3436.81005859375,0
2024-05-24,3396.5,3442.36010742188,3377.63989257813,3438.64990234375,0
2024-05-27,3299.21997070313,3392.98999023438,3298.2099609375,3384.73999023438,0
2024-05-28,3302.90991210938,3347.85009765625,3277.47998046875,3305.11010742188,0
2024-05-29,3318.03002929688,3323.080078125,3284.13989257813,3307.76000976563,0
2024-05-30,3282.17993164063,3342.59008789063,3275.5400390625,3332.77001953125,0
2024-05-31,3217.18994140625,3270.01000976563,3211.18994140625,3258.52001953125,0
2024-06-03,3141.419921875,3217.36010742188,3087.98999023438,3192.30004882813,0
2024-06-04,3186.92993164063,3201.53002929688,3138.25,3160.01000976563,0
2024-06-05,3212.23999023438,3237.53002929688,3194.72998046875,3217.6298828125,0
2024-06-06,3192.3798828125,3215.98999023438,3178.2099609375,3206.73999023438,0
2024-06-07,3233.21997070313,3268.88989257813,3193.57006835938,3199.75,0
2024-06-10,3180.93994140625,3255.48999023438,3180.2099609375,3245.39990234375,0
2024-06-11,3171.10009765625,3191.27001953125,3148.21997070313,3178.7099609375,0
2024-06-13,3171.68994140625,3178.01000976563,3032.05004882813,3050.03002929688,0
2024-06-14,3215.90991210938,3219.64990234375,3160.169921875,3171.78002929688,0
