Date,Close,High,Low,Open,Volume
2012-02-08,34226.73046875,34282.94140625,33974.44921875,33974.44921875,0
2012-02-09,34268.140625,34307.44921875,34041.671875,34226.73046875,0
2012-02-10,33892.578125,34268.140625,33829.7109375,34268.140625,0
2012-02-13,34207.4296875,34230.2109375,33892.578125,33892.578125,0
2012-02-14,34112.44140625,34245.91015625,34044.421875,34207.4296875,0
2012-02-15,34089.87109375,34300.5390625,34089.87109375,34112.44140625,0
2012-02-16,33801.640625,34089.87109375,33721.4296875,34089.87109375,0
2012-02-17,34082.78125,34117.41015625,33801.640625,33801.640625,0
2012-02-20,34106,34239.8984375,34082.78125,34082.78125,0
2012-02-21,34142.37109375,34192.46875,34078.87109375,34106,0
2012-02-22,34006.51953125,34249.2109375,33974.890625,34142.37109375,0
2012-02-23,34108.19921875,34230.0390625,34006.51953125,34006.51953125,0
2012-02-24,34260.76171875,34282.01953125,34104.08984375,34108.19921875,0
2012-02-27,33871.3203125,34260.76171875,33814.8203125,34260.76171875,0
2012-02-28,34214.53125,34214.53125,33871.3203125,33871.3203125,0
2012-02-29,34296,34372.53125,34207.421875,34214.53125,0
2012-03-01,34298.48046875,34298.48046875,33948.12109375,34296,0
2012-03-02,34186.80859375,34298.48046875,34023.12109375,34298.48046875,0
2012-03-05,34031.76953125,34186.80859375,33910.7109375,34186.80859375,0
2012-03-06,33387.0390625,34031.76953125,33330.33984375,34031.76953125,0
2012-03-07,33592.3203125,33685.921875,33387.0390625,33387.0390625,0
2012-03-08,33758.62109375,33841.3203125,33563.0703125,33592.3203125,0
2012-03-09,33926.19921875,33926.19921875,33758.62109375,33758.62109375,0
2012-03-12,33901.71875,34077.078125,33821.12109375,33926.19921875,0
2012-03-13,34175.390625,34239.4609375,33901.71875,33901.71875,0
2012-03-14,34426.73828125,34541.12890625,34175.390625,34175.390625,0
2012-03-15,34215.30078125,34601.26953125,34156.7109375,34426.73828125,0
2012-03-16,34221.62109375,34438.6015625,34215.30078125,34215.30078125,0
2012-03-19,34214.0703125,34312.609375,34035.16015625,34221.62109375,0
2012-03-20,33878.55859375,34214.0703125,33840.08984375,34214.0703125,0
2012-03-21,33878.55859375,33878.55859375,33878.55859375,33878.55859375,0
2012-03-22,33550.890625,33975.33984375,33493.6484375,33878.55859375,0
2012-03-23,33572.0703125,33672.421875,33323.26171875,33550.890625,0
2012-03-26,33664.4609375,33726.421875,33461.2109375,33572.0703125,0
2012-03-27,33858.21875,34010.87890625,33664.4609375,33664.4609375,0
2012-03-28,33621.9296875,33858.21875,33612.109375,33858.21875,0
2012-03-29,33483.26171875,33629.421875,33331.69140625,33621.9296875,0
2012-03-30,33554.2109375,33733.16015625,33483.26171875,33483.26171875,0
2012-04-02,33974.62890625,33974.62890625,33554.2109375,33554.2109375,0
2012-04-03,34192.19140625,34210.76171875,33948.46875,33974.62890625,0
2012-04-04,33404.3203125,34192.19140625,33404.3203125,34192.19140625,0
2012-04-05,33732.19921875,33732.19921875,33203.640625,33404.3203125,0
2012-04-10,33617.73828125,33787.12890625,33553.94140625,33732.19921875,0
2012-04-11,33632.76171875,33712.41015625,33458.51171875,33617.73828125,0
2012-04-12,33816.9609375,33816.9609375,33486.19140625,33632.76171875,0
2012-04-13,33705.03125,33882.609375,33579.05859375,33816.9609375,0
2012-04-16,33661.2109375,33766.26953125,33576.6015625,33705.03125,0
2012-04-17,33777.96875,33777.96875,33569.01171875,33661.2109375,0
2012-04-18,34050.23828125,34071.21875,33777.96875,33777.96875,0
2012-04-19,34106.921875,34224.62109375,34021.921875,34050.23828125,0
2012-04-20,34216.55078125,34257.12890625,33943.2890625,34106.921875,0
2012-04-23,33703.2109375,34216.55078125,33692.75,34216.55078125,0
2012-04-24,33820.87109375,33901.23828125,33703.2109375,33703.2109375,0
2012-04-25,34028.80859375,34065.5703125,33820.87109375,33820.87109375,0
2012-04-26,34251.4296875,34251.4296875,34028.80859375,34028.80859375,0
2012-04-27,34251.4296875,34251.4296875,34251.4296875,34251.4296875,0
2012-04-30,34399.0390625,34456.3515625,34251.4296875,34251.4296875,0
2012-05-01,34399.0390625,34399.0390625,34399.0390625,34399.0390625,0
2012-05-02,34482.4296875,34647.73046875,34369.328125,34399.0390625,0
2012-05-03,34375.51171875,34583.359375,34340.5390625,34482.4296875,0
2012-05-04,34127.28125,34375.51171875,34126.2109375,34375.51171875,0
2012-05-07,33956.078125,34127.28125,33711.78125,34127.28125,0
2012-05-08,33547.76953125,33956.078125,33547.76953125,33956.078125,0
2012-05-09,33434.0390625,33637.53125,33307.96875,33547.76953125,0
2012-05-10,33869.7109375,33894.8984375,33434.0390625,33434.0390625,0
2012-05-11,34038.4609375,34038.4609375,33709.23046875,33869.7109375,0
2012-05-14,33533.55859375,34038.4609375,33467.0703125,34038.4609375,0
2012-05-15,33486.078125,33833.05078125,33360.30859375,33533.55859375,0
2012-05-16,33794.71875,33859.05859375,33006.171875,33486.078125,0
2012-05-17,33538.921875,33794.71875,33289.828125,33794.71875,0
2012-05-18,33148.390625,33538.921875,33063.078125,33538.921875,0
2012-05-21,33086,33188.26171875,32996.80078125,33148.390625,0
2012-05-22,33488.140625,33513.80859375,33086,33086,0
2012-05-23,32887.44921875,33488.140625,32887.44921875,33488.140625,0
2012-05-24,33046.12890625,33160.37109375,32884.921875,32887.44921875,0
2012-05-25,32992.25,33200.1484375,32730.919921875,33046.12890625,0
2012-05-28,33104.05859375,33328.51953125,32992.25,32992.25,0
2012-05-29,33440.19921875,33440.19921875,33104.05859375,33104.05859375,0
2012-05-30,32968.80859375,33440.19921875,32956.46875,33440.19921875,0
2012-05-31,33142.609375,33298.12890625,32968.80859375,32968.80859375,0
2012-06-01,33107.4609375,33215.62109375,32908.359375,33142.609375,0
2012-06-06,33603.3515625,33603.3515625,33117.8515625,33117.8515625,0
2012-06-07,33904.859375,34047.33984375,33559.51953125,33603.3515625,0
2012-06-08,33665.7109375,33904.859375,33549.05078125,33904.859375,0
2012-06-11,33616.5703125,34053.12890625,33616.5703125,33665.7109375,0
2012-06-12,33855.4609375,33855.4609375,33491.359375,33616.5703125,0
2012-06-13,34037.828125,34037.828125,33802.98828125,33855.4609375,0
2012-06-14,33826.01171875,34037.828125,33678.55078125,34037.828125,0
2012-06-15,33959.87109375,34003.53125,33794.58984375,33826.01171875,0
2012-06-18,34438.76171875,34502.3984375,33959.87109375,33959.87109375,0
2012-06-19,34714.05859375,34714.05859375,34371.7890625,34438.76171875,0
2012-06-20,34788.37109375,34808.921875,34569.98828125,34714.05859375,0
2012-06-21,34534.05078125,34788.37109375,34464.25,34788.37109375,0
2012-06-22,34118.87109375,34534.05078125,34048.01953125,34534.05078125,0
2012-06-25,33821.98046875,34194.26953125,33821.98046875,34118.87109375,0
2012-06-26,33851.37109375,33955.48046875,33755.19921875,33821.98046875,0
2012-06-27,33748.12890625,33990.33984375,33578.87109375,33851.37109375,0
2012-06-28,33252.55078125,33848.75,33215.7890625,33748.12890625,0
2012-06-29,33708.30859375,33829.80078125,33252.55078125,33252.55078125,0
2012-07-02,33652.69140625,33778.9296875,33547.171875,33708.30859375,0
2012-07-03,33985.7109375,33985.7109375,33652.69140625,33652.69140625,0
2012-07-04,34041.12109375,34163.73046875,33954.51171875,33985.7109375,0
2012-07-05,34222.578125,34330.1796875,34041.12109375,34041.12109375,0
2012-07-06,34226.2109375,34411.7109375,34166.48828125,34222.578125,0
2012-07-09,33931.1015625,34226.2109375,33875.83984375,34226.2109375,0
2012-07-10,33998.6015625,34143.26953125,33837.3515625,33931.1015625,0
2012-07-11,33724.69140625,33998.6015625,33688.01171875,33998.6015625,0
2012-07-12,33390.51953125,33724.69140625,33382.5703125,33724.69140625,0
2012-07-13,33792.75,33792.75,33390.51953125,33390.51953125,0
2012-07-16,33728.140625,33803.96875,33657.44140625,33792.75,0
2012-07-17,33706.5703125,33867.83984375,33662.62109375,33728.140625,0
2012-07-18,34035.05859375,34035.05859375,33668.921875,33706.5703125,0
2012-07-19,34291.83984375,34334.44140625,34026.26953125,34035.05859375,0
2012-07-20,34225.421875,34397.8515625,34174.51953125,34291.83984375,0
2012-07-23,33814.828125,34225.421875,33716.0703125,34225.421875,0
2012-07-24,33998.44921875,34112.23046875,33809.1484375,33814.828125,0
2012-07-25,34069.58984375,34224.73046875,33964.08984375,33998.44921875,0
2012-07-26,34288.98046875,34360.53125,33860.05078125,34069.58984375,0
2012-07-27,34671,34692.578125,34288.98046875,34288.98046875,0
2012-07-30,34958.58984375,34958.58984375,34638.33984375,34671,0
2012-07-31,34596.8984375,35035.76171875,34525.640625,34958.58984375,0
2012-08-01,35070.66015625,35070.66015625,34596.8984375,34596.8984375,0
2012-08-02,35033.08984375,35240,34886.19140625,35070.66015625,0
2012-08-03,35244.21875,35344.1796875,34875.69921875,35033.08984375,0
2012-08-06,35469.1796875,35469.1796875,35156.98046875,35244.21875,0
2012-08-07,35487.26171875,35621.109375,35380.83984375,35469.1796875,0
2012-08-08,35494.640625,35757.109375,35414.44140625,35487.26171875,0
2012-08-09,35494.640625,35494.640625,35494.640625,35494.640625,0
2012-08-10,35574.51171875,35574.51171875,35336.96875,35494.640625,0
2012-08-13,35417.94140625,35574.51171875,35403.05859375,35574.51171875,0
2012-08-14,35564.33984375,35646.9609375,35417.94140625,35417.94140625,0
2012-08-15,35543.9296875,35564.33984375,35375.828125,35564.33984375,0
2012-08-16,35743.23046875,35743.23046875,35510.51171875,35543.9296875,0
2012-08-17,35547.328125,35865.109375,35544.4296875,35743.23046875,0
2012-08-20,35471.0703125,35729.96875,35463.4609375,35547.328125,0
2012-08-21,35832.83984375,35889.5703125,35471.0703125,35471.0703125,0
2012-08-22,35616.7109375,35832.83984375,35616.7109375,35832.83984375,0
2012-08-23,35843.921875,35865.109375,35616.7109375,35616.7109375,0
2012-08-24,35794.12109375,35867.3984375,35655.9296875,35843.921875,0
2012-08-28,35767.69921875,35936.08984375,35767.69921875,35897.69140625,0
2012-08-29,35737.1796875,35836.28125,35532,35767.69921875,0
2012-08-30,35307.3515625,35737.1796875,35294.37109375,35737.1796875,0
2012-08-31,35389.44921875,35507.73828125,35176.171875,35307.3515625,0
2012-09-03,35485.1015625,35560.44921875,35228.921875,35389.44921875,0
2012-09-04,35161.01171875,35529.6015625,35117.05859375,35485.1015625,0
2012-09-05,35045.55078125,35261,34985.87109375,35161.01171875,0
2012-09-06,35674.73046875,35674.73046875,35045.55078125,35045.55078125,0
2012-09-07,35744.25,35789.26171875,35587.1796875,35674.73046875,0
2012-09-10,35524.8984375,35788.51953125,35524.8984375,35744.25,0
2012-09-11,35446.66015625,35524.8984375,35214.1484375,35524.8984375,0
2012-09-12,35736.41015625,35828.08984375,35446.66015625,35446.66015625,0
2012-09-13,35885.23046875,35885.23046875,35630.3203125,35736.41015625,0
2012-09-14,36550.078125,36585.12109375,35885.23046875,35885.23046875,0
2012-09-17,36362.578125,36552.1015625,36264.69140625,36550.078125,0
2012-09-18,36445.75,36490.421875,36266.37890625,36362.578125,0
2012-09-19,36463.140625,36647.98046875,36445.75,36445.75,0
2012-09-20,36359.98046875,36463.140625,36310.94921875,36463.140625,0
2012-09-21,36206.328125,36484.98046875,36085.48828125,36359.98046875,0
2012-09-24,36206.328125,36206.328125,36206.328125,36206.328125,0
2012-09-25,36041.48046875,36206.328125,35987.171875,36206.328125,0
2012-09-26,35415.0703125,36041.48046875,35407.80859375,36041.48046875,0
2012-09-27,35616.6015625,35725.1484375,35415.0703125,35415.0703125,0
2012-09-28,35757.98046875,35880.98046875,35601.8203125,35616.6015625,0
2012-10-01,36269.26953125,36285.30859375,35741.1796875,35757.98046875,0
2012-10-02,36247.91015625,36419.69921875,36021.48828125,36269.26953125,0
2012-10-03,36120.44921875,36280.23046875,36117.4609375,36247.91015625,0
2012-10-04,36268.9609375,36362.4609375,36120.44921875,36120.44921875,0
2012-10-05,36588.671875,36693.75,36268.9609375,36268.9609375,0
2012-10-08,36337.390625,36588.671875,36276.87890625,36588.671875,0
2012-10-09,36070.73828125,36365.828125,36070.73828125,36337.390625,0
2012-10-10,36147.62109375,36147.62109375,35909.828125,36070.73828125,0
2012-10-11,36498.44140625,36543.7890625,36032.1484375,36147.62109375,0
2012-10-12,36440.05078125,36498.44140625,36291.1015625,36498.44140625,0
2012-10-15,36620.28125,36664.6015625,36384.87109375,36440.05078125,0
2012-10-16,36974.23828125,36974.23828125,36620.28125,36620.28125,0
2012-10-17,37274.6796875,37339.828125,36935.578125,36974.23828125,0
2012-10-18,37051.94921875,37274.6796875,37019.640625,37274.6796875,0
2012-10-19,36783.12109375,37051.94921875,36691.1796875,37051.94921875,0
2012-10-22,36968.5,37046.37109375,36723.109375,36783.12109375,0
2012-10-23,36678.03125,37080.828125,36645.25,36968.5,0
2012-10-24,36951.53125,36966.16015625,36610.83984375,36678.03125,0
2012-10-25,36995.6484375,37153.26953125,36951.53125,36951.53125,0
2012-10-26,36871.7109375,36995.6484375,36747.25,36995.6484375,0
2012-10-29,36993.05859375,36993.05859375,36663.37890625,36871.7109375,0
2012-10-30,37147.01953125,37147.01953125,36744.8203125,36993.05859375,0
2012-10-31,37156.28125,37279.48828125,37075.4609375,37147.01953125,0
2012-11-01,37377.3203125,37377.3203125,36964.33984375,37156.28125,0
2012-11-02,37664.80859375,37664.80859375,37325.37890625,37377.3203125,0
2012-11-05,37579.37890625,37664.80859375,37481.75,37664.80859375,0
2012-11-06,37597.6796875,37749.8984375,37502.5390625,37579.37890625,0
2012-11-07,37471.69140625,37693.48828125,37444.5703125,37597.6796875,0
2012-11-08,37592.859375,37608.87890625,37337.359375,37471.69140625,0
2012-11-09,37344.3984375,37592.859375,37211.08984375,37592.859375,0
2012-11-12,37463.19921875,37553.98828125,37301.1015625,37344.3984375,0
2012-11-13,37394.80078125,37463.19921875,37187.078125,37463.19921875,0
2012-11-14,37241.7890625,37504.390625,37241.7890625,37394.80078125,0
2012-11-15,37026.71875,37241.7890625,36966.51171875,37241.7890625,0
2012-11-16,36818.76171875,37050.98828125,36756.1015625,37026.71875,0
2012-11-19,37229.640625,37229.640625,36818.76171875,36818.76171875,0
2012-11-20,37306.6015625,37363.328125,37229.640625,37229.640625,0
2012-11-21,37498.01953125,37498.01953125,37302.19921875,37306.6015625,0
2012-11-22,37844.55078125,37975.5390625,37498.01953125,37498.01953125,0
2012-11-23,37865.58984375,37877.69921875,37637.53125,37844.55078125,0
2012-11-26,37766.23828125,37902.96875,37707.26171875,37865.58984375,0
2012-11-27,37805.80078125,37974.53125,37736.51953125,37766.23828125,0
2012-11-28,37438.41015625,37805.80078125,37414.48828125,37805.80078125,0
2012-11-29,37909.30859375,37947.9296875,37438.41015625,37438.41015625,0
2012-11-30,38104.609375,38104.609375,37801.30859375,37909.30859375,0
2012-12-03,38049.73828125,38104.609375,37912.73828125,38104.609375,0
2012-12-04,37991.30859375,38087.53125,37937.6484375,38049.73828125,0
2012-12-05,38189.8203125,38300.55859375,37991.30859375,37991.30859375,0
2012-12-06,38287.5390625,38387.46875,38125.8515625,38189.8203125,0
2012-12-07,38195.890625,38317.921875,38066.140625,38287.5390625,0
2012-12-10,38357.0703125,38357.0703125,38008.48046875,38195.890625,0
2012-12-11,38535.96875,38535.96875,38325.3515625,38357.0703125,0
2012-12-12,38763.640625,38789.4296875,38494.19140625,38535.96875,0
2012-12-13,38676.69921875,38797.21875,38616.37890625,38763.640625,0
2012-12-14,38674.48046875,38822.6796875,38573.44140625,38676.69921875,0
2012-12-17,38674.48046875,38674.48046875,38674.48046875,38674.48046875,0
2012-12-18,38879.69921875,38910.8203125,38674.48046875,38674.48046875,0
2012-12-19,39164.83984375,39207.109375,38879.69921875,38879.69921875,0
2012-12-20,39220.9609375,39317.7109375,38947.41015625,39164.83984375,0
2012-12-21,39124.578125,39220.9609375,39053.0703125,39220.9609375,0
2012-12-24,39187.37890625,39241.609375,39050.30078125,39124.578125,0
2012-12-27,39427.12890625,39435.44921875,39154.73046875,39187.37890625,0
2012-12-28,39385.0390625,39489.62109375,39271.94921875,39427.12890625,0
2012-12-31,39250.23828125,39385.0390625,39095.73828125,39385.0390625,0
2013-01-02,40061.75,40069.23046875,39250.23828125,39250.23828125,0
2013-01-03,40245.01171875,40245.01171875,39936.828125,40061.75,0
2013-01-04,40274.7890625,40290.94921875,40048.26171875,40245.01171875,0
2013-01-07,40162.55859375,40341.3984375,40132.4296875,40274.7890625,0
2013-01-08,40155.62109375,40256.23828125,40055.83984375,40162.55859375,0
2013-01-09,40330.44140625,40330.44140625,40155.62109375,40155.62109375,0
2013-01-10,40299.58984375,40408.421875,40160.578125,40330.44140625,0
2013-01-11,40281.140625,40348.6796875,40172.80078125,40299.58984375,0
2013-01-14,40144.0703125,40428.9296875,40108.30078125,40281.140625,0
2013-01-15,39913.078125,40282.05859375,39762.1015625,40144.0703125,0
2013-01-16,39879.76171875,40090.2109375,39786.140625,39913.078125,0
2013-01-17,39964.55859375,40054.28125,39815.01171875,39879.76171875,0
2013-01-18,40166.53125,40222.4296875,39964.55859375,39964.55859375,0
2013-01-21,39989.5703125,40166.53125,39832.609375,40166.53125,0
2013-01-22,39912.44921875,39989.5703125,39646.2109375,39989.5703125,0
2013-01-23,40185.19140625,40218.16015625,39912.44921875,39912.44921875,0
2013-01-24,40604.58984375,40604.58984375,40185.19140625,40185.19140625,0
2013-01-25,40538.9609375,40604.58984375,40395.25,40604.58984375,0
2013-01-28,40618.3203125,40622.890625,40326.78125,40538.9609375,0
2013-01-29,40652.9609375,40707.26953125,40535.98046875,40618.3203125,0
2013-01-30,40461.1796875,40784.76171875,40461.1796875,40652.9609375,0
2013-01-31,40482.921875,40484.73828125,40278.2109375,40461.1796875,0
2013-02-01,40601.08984375,40763.05078125,40482.921875,40482.921875,0
2013-02-04,40571.8203125,40822.078125,40489.7109375,40601.08984375,0
2013-02-05,40663.33984375,40668.9296875,40416.0703125,40571.8203125,0
2013-02-06,40559.671875,40779.828125,40443.05078125,40663.33984375,0
2013-02-07,40694.76953125,40792.8515625,40559.671875,40559.671875,0
2013-02-08,40892.6484375,40983.01171875,40694.76953125,40694.76953125,0
2013-02-11,40832.671875,40959.28125,40817.25,40892.6484375,0
2013-02-12,40700.44921875,40867.5703125,40649.5390625,40832.671875,0
2013-02-13,40808.73046875,40837.3515625,40633.25,40700.44921875,0
2013-02-14,40732.859375,40808.73046875,40474.76171875,40808.73046875,0
2013-02-15,40681.33984375,40777.0390625,40641.859375,40732.859375,0
2013-02-18,40512.76171875,40689.578125,40383.75,40681.33984375,0
2013-02-19,40732.51953125,40755.19140625,40512.76171875,40512.76171875,0
2013-02-20,40428.28125,40732.51953125,40288.08984375,40732.51953125,0
2013-02-21,39670.08984375,40428.28125,39581.37890625,40428.28125,0
2013-02-22,39657.8203125,39883.6015625,39561.33984375,39670.08984375,0
2013-02-25,39787.9609375,40019.48828125,39657.8203125,39657.8203125,0
2013-02-26,39568.28125,39787.9609375,39403.5,39787.9609375,0
2013-02-27,39275.37109375,39630.3515625,39007.26953125,39568.28125,0
2013-02-28,39709.55859375,39746.98046875,39275.37109375,39275.37109375,0
2013-03-01,40134.96875,40179.30078125,39709.55859375,39709.55859375,0
2013-03-04,39844.23828125,40134.96875,39800.76171875,40134.96875,0
2013-03-05,40546.23828125,40558.51953125,39844.23828125,39844.23828125,0
2013-03-06,40437.25,40668.3515625,40420.16015625,40546.23828125,0
2013-03-07,40719.6796875,40740.890625,40375.8515625,40437.25,0
2013-03-08,40732.80859375,40915.8984375,40675.2109375,40719.6796875,0
2013-03-11,40984.21875,41019.890625,40714.69140625,40732.80859375,0
2013-03-12,40952.4609375,41026.23828125,40795.83984375,40984.21875,0
2013-03-13,40876.1015625,41040.109375,40829.80078125,40952.4609375,0
2013-03-14,40908.578125,41047.71875,40789.25,40876.1015625,0
2013-03-15,40757.94140625,41023.76171875,40757.94140625,40908.578125,0
2013-03-18,40470.6484375,40757.94140625,40293.3984375,40757.94140625,0
2013-03-19,40346.171875,40539.609375,40242.30859375,40470.6484375,0
2013-03-20,40318.7890625,40502.30078125,40309.3515625,40346.171875,0
2013-03-21,40318.7890625,40318.7890625,40318.7890625,40318.7890625,0
2013-03-22,40063.37890625,40318.7890625,39960.9296875,40318.7890625,0
2013-03-25,40008.69921875,40180.23046875,39932.98828125,40063.37890625,0
2013-03-26,40253.25,40314.9296875,40008.69921875,40008.69921875,0
2013-03-27,39882.44140625,40465.12109375,39743.421875,40253.25,0
2013-03-28,39860.83984375,39943.75,39778.859375,39882.44140625,0
2013-04-02,40041.3203125,40117.44921875,39860.83984375,39860.83984375,0
2013-04-03,39414.33984375,40041.3203125,39408.578125,40041.3203125,0
2013-04-04,39064.87890625,39498.44921875,39014.8984375,39414.33984375,0
2013-04-05,38500.2109375,39165.80859375,38385.44921875,39064.87890625,0
2013-04-08,38582.94921875,38809.19140625,38500.2109375,38500.2109375,0
2013-04-09,38540.80859375,38799.05078125,38379.9296875,38582.94921875,0
2013-04-10,39070.5703125,39076.91015625,38540.80859375,38540.80859375,0
2013-04-11,39109.98046875,39146.1015625,38878.3984375,39070.5703125,0
2013-04-12,38630.5390625,39109.98046875,38468.73828125,39109.98046875,0
2013-04-15,38003.69921875,38630.5390625,37736.859375,38630.5390625,0
2013-04-16,38429.66015625,38506.1484375,38003.69921875,38003.69921875,0
2013-04-17,37801.671875,38568.421875,37801.671875,38429.66015625,0
2013-04-18,37852.62109375,38006.51171875,37717.78125,37801.671875,0
2013-04-19,38422.2109375,38422.2109375,37852.62109375,37852.62109375,0
2013-04-22,38169.12890625,38632.12109375,38023.7890625,38422.2109375,0
2013-04-23,38742.4296875,38826.6484375,38169.12890625,38169.12890625,0
2013-04-24,38783.0703125,38901.0703125,38554.01953125,38742.4296875,0
2013-04-25,39128.87109375,39295.26953125,38783.0703125,38783.0703125,0
2013-04-26,39082.421875,39274.921875,38997,39128.87109375,0
2013-04-29,39025.640625,39243.1484375,38859.5,39082.421875,0
2013-04-30,38735,39153.12890625,38614.58984375,39025.640625,0
2013-05-01,38735,38735,38735,38735,0
2013-05-02,39082.8515625,39082.8515625,38735,38735,0
2013-05-03,39592.28125,39636.16015625,38896.94921875,39082.8515625,0
2013-05-07,39821.48046875,40084.171875,39758.91015625,39828.9609375,0
2013-05-08,40456.62109375,40456.62109375,39821.48046875,39821.48046875,0
2013-05-09,40337.80859375,40664.8203125,40291.890625,40456.62109375,0
2013-05-10,40232.05078125,40564.23828125,40083.6015625,40337.80859375,0
2013-05-13,40407.26953125,40444.53125,40138.9609375,40232.05078125,0
2013-05-14,40711.3203125,40711.3203125,40291.91015625,40407.26953125,0
2013-05-15,41014.98046875,41014.98046875,40655.01171875,40711.3203125,0
2013-05-16,41427.76171875,41469.1015625,41014.98046875,41014.98046875,0
2013-05-17,41413.44140625,41633.7109375,41335.87109375,41427.76171875,0
2013-05-20,41079.55078125,41614.73828125,40770.1796875,41413.44140625,0
2013-05-21,41815.359375,41815.359375,41079.55078125,41079.55078125,0
2013-05-22,41836.01953125,42016.6484375,41416.48828125,41815.359375,0
2013-05-23,40855.890625,41836.01953125,40725.9296875,41836.01953125,0
2013-05-24,40998.578125,41134.8984375,40730.1796875,40855.890625,0
2013-05-28,41971.171875,41983.66015625,41327.98046875,41432.4609375,0
2013-05-29,41233.0703125,41971.171875,41233.0703125,41971.171875,0
2013-05-30,41941.87890625,41941.87890625,41233.0703125,41233.0703125,0
2013-05-31,42016.44921875,42207.8515625,41670.26953125,41941.87890625,0
2013-06-03,40957.609375,42016.44921875,40815.6484375,42016.44921875,0
2013-06-04,40897.6796875,41257.078125,40805.08984375,40957.609375,0
2013-06-05,40793.80859375,40970.26171875,40577.37109375,40897.6796875,0
2013-06-06,40341.23828125,40793.80859375,40247.890625,40793.80859375,0
2013-06-07,40813.328125,40813.328125,40103.2890625,40341.23828125,0
2013-06-10,40933.87890625,41159.640625,40811.69921875,40813.328125,0
2013-06-11,39621,40933.87890625,39613.53125,40933.87890625,0
2013-06-12,39766.53125,39959.8984375,39524.46875,39621,0
2013-06-13,39811.78125,39851.078125,39018.33984375,39766.53125,0
2013-06-14,40323.62109375,40323.62109375,39790.55078125,39811.78125,0
2013-06-17,40323.62109375,40323.62109375,40323.62109375,40323.62109375,0
2013-06-18,41003.25,41022.6484375,40323.62109375,40323.62109375,0
2013-06-19,40784.30859375,41097.8203125,40527.28125,41003.25,0
2013-06-20,39536.078125,40784.30859375,39522.421875,40784.30859375,0
2013-06-21,39016.62109375,39778.83984375,38959.12890625,39536.078125,0
2013-06-24,38075.21875,39016.62109375,37931.80078125,39016.62109375,0
2013-06-25,38484.19140625,38528.23828125,37840.23046875,38075.21875,0
2013-06-26,38946.0703125,38984.359375,38231.62109375,38484.19140625,0
2013-06-27,39083.30859375,39132.12890625,38589.51171875,38946.0703125,0
2013-06-28,39578.1015625,39666.6015625,39068.46875,39083.30859375,0
2013-07-01,39932.828125,40204.5703125,39195.37890625,39578.1015625,0
2013-07-02,39844.69921875,40029.6796875,39702.8984375,39932.828125,0
2013-07-03,39343.30859375,39844.69921875,39186.87109375,39844.69921875,0
2013-07-04,40030.19140625,40108.3515625,39343.30859375,39343.30859375,0
2013-07-05,39169.828125,40062.6484375,39169.828125,40030.19140625,0
2013-07-08,39795.171875,39914.9609375,39169.828125,39169.828125,0
2013-07-09,39769.078125,40180.41015625,39717.21875,39795.171875,0
2013-07-10,39638.5390625,39992.16015625,39384.01953125,39769.078125,0
2013-07-11,40543,40555.58984375,39638.5390625,39638.5390625,0
2013-07-12,40734.890625,40886.23828125,40543,40543,0
2013-07-15,40740.140625,41097.609375,40644.23046875,40734.890625,0
2013-07-16,40385.33984375,40902.4609375,40268.53125,40740.140625,0
2013-07-17,40946.0390625,40994.58984375,40385.33984375,40385.33984375,0
2013-07-18,41147.6015625,41147.6015625,40653.21875,40946.0390625,0
2013-07-19,40549.3984375,41147.6015625,40549.3984375,41147.6015625,0
2013-07-22,40894.05078125,40941.41015625,40549.3984375,40549.3984375,0
2013-07-23,41176.5703125,41232.578125,40894.05078125,40894.05078125,0
2013-07-24,40886.609375,41225.140625,40728.19140625,41176.5703125,0
2013-07-25,40739.94921875,40944.0390625,40398.21875,40886.609375,0
2013-07-26,40497.80859375,40912.671875,40405.94921875,40739.94921875,0
2013-07-29,40819.98046875,40892.671875,40497.80859375,40497.80859375,0
2013-07-30,40991.30078125,41105.73828125,40764.75,40819.98046875,0
2013-07-31,41292.83984375,41293.578125,40791.78125,40991.30078125,0
2013-08-01,41909.390625,41909.390625,41292.83984375,41292.83984375,0
2013-08-02,41700.19140625,42066.671875,41700.19140625,41909.390625,0
2013-08-05,41803.9296875,41998.76953125,41565.76171875,41700.19140625,0
2013-08-06,41573.7109375,41891.30859375,41543.671875,41803.9296875,0
2013-08-07,41600.03125,41600.03125,41282.33984375,41573.7109375,0
2013-08-08,41747.16015625,41898.859375,41595.05859375,41600.03125,0
2013-08-09,41747.16015625,41747.16015625,41747.16015625,41747.16015625,0
2013-08-12,42497.30078125,42497.30078125,41747.16015625,41747.16015625,0
2013-08-13,42685.3515625,42685.3515625,42469.16015625,42497.30078125,0
2013-08-14,43019.2109375,43019.2109375,42680,42685.3515625,0
2013-08-15,42509.69921875,43097.390625,42458.640625,43019.2109375,0
2013-08-16,43042.109375,43042.109375,42509.69921875,42509.69921875,0
2013-08-19,42920.21875,43098.28125,42811.69140625,43042.109375,0
2013-08-20,42765.21875,42920.21875,42482.5703125,42920.21875,0
2013-08-21,42762.37109375,42839.62890625,42604.75,42765.21875,0
2013-08-22,43014.44140625,43014.44140625,42678.80859375,42762.37109375,0
2013-08-23,42994.921875,43036.03125,42760.76953125,43014.44140625,0
2013-08-26,43290.55078125,43323.01171875,42994.921875,42994.921875,0
2013-08-27,43082.828125,43349.1484375,42866.26171875,43290.55078125,0
2013-08-28,42311,43082.828125,42301.8515625,43082.828125,0
2013-08-29,42429.359375,42704.69921875,42293.859375,42311,0
2013-08-30,42228.33984375,42596.53125,42001.671875,42429.359375,0
2013-09-02,42725.69921875,42735.98046875,42228.33984375,42228.33984375,0
2013-09-03,42892.25,43056.33984375,42700.359375,42725.69921875,0
2013-09-04,42522.80078125,42892.25,42328.51171875,42892.25,0
2013-09-05,42797.2109375,42925.1484375,42522.80078125,42522.80078125,0
2013-09-06,42837.7109375,42971.5,42514.33984375,42797.2109375,0
2013-09-09,42769.62109375,42916.98046875,42655.23046875,42837.7109375,0
2013-09-10,43545.828125,43545.828125,42769.62109375,42769.62109375,0
2013-09-11,43419.3203125,43545.828125,43301.828125,43545.828125,0
2013-09-12,43752.30078125,43776.7109375,43359.44140625,43419.3203125,0
2013-09-13,43602.640625,43752.30078125,43467.3203125,43752.30078125,0
2013-09-16,43594.921875,43865.5390625,43501.3515625,43602.640625,0
2013-09-17,43762.87109375,43805.23828125,43503.30859375,43594.921875,0
2013-09-18,43371.44140625,43762.87109375,43333.55078125,43762.87109375,0
2013-09-19,44302.94140625,44382.71875,43371.44140625,43371.44140625,0
2013-09-20,44094.30859375,44302.94140625,44022.37109375,44302.94140625,0
2013-09-23,44017.73046875,44133.37109375,43944.91015625,44094.30859375,0
2013-09-24,44017.73046875,44017.73046875,44017.73046875,44017.73046875,0
2013-09-25,44453.87890625,44453.87890625,43965.30859375,44017.73046875,0
2013-09-26,44350.30859375,44601.69140625,44279.05078125,44453.87890625,0
2013-09-27,44358.73828125,44571.75,44230.12890625,44350.30859375,0
2013-09-30,44031.828125,44358.73828125,43871.58984375,44358.73828125,0
2013-10-01,43946.53125,44058.8515625,43788.0703125,44031.828125,0
2013-10-02,43967.83984375,44059.6796875,43766.96875,43946.53125,0
2013-10-03,44006.859375,44199.21875,43907.87109375,43967.83984375,0
2013-10-04,43925.6796875,44012.23828125,43632.91015625,44006.859375,0
2013-10-07,43725.69921875,43925.6796875,43529.80078125,43925.6796875,0
2013-10-08,43253.609375,43725.69921875,43193.2890625,43725.69921875,0
2013-10-09,42779.87109375,43253.609375,42741.16015625,43253.609375,0
2013-10-10,43321.359375,43321.359375,42779.87109375,42779.87109375,0
2013-10-11,43620.5703125,43657.1015625,43321.359375,43321.359375,0
2013-10-14,43723.16015625,43774.5703125,43346.859375,43620.5703125,0
2013-10-15,44297.171875,44320.69140625,43723.16015625,43723.16015625,0
2013-10-16,44418.01171875,44519.9609375,44142.76171875,44297.171875,0
2013-10-17,44514.12109375,44623.46875,44375.640625,44418.01171875,0
2013-10-18,44689.2890625,44753.2109375,44514.12109375,44514.12109375,0
2013-10-21,44926.7109375,44993.12890625,44689.2890625,44689.2890625,0
2013-10-22,45357.80859375,45486.01171875,44926.7109375,44926.7109375,0
2013-10-23,45035.78125,45357.80859375,44980.26171875,45357.80859375,0
2013-10-24,45063.48828125,45189.2890625,44919.421875,45035.78125,0
2013-10-25,45124.0390625,45177.46875,44967.96875,45063.48828125,0
2013-10-28,45401.671875,45485.01953125,45124.0390625,45124.0390625,0
2013-10-29,45443.87890625,45572.76171875,45222.26953125,45401.671875,0
2013-10-30,45611.91015625,45676.01171875,45443.87890625,45443.87890625,0
2013-10-31,45517.55859375,45659.25,45392.87109375,45611.91015625,0
2013-11-01,45561.078125,45674.75,45469.890625,45517.55859375,0
2013-11-04,45671.44140625,45720.1484375,45495.6796875,45561.078125,0
2013-11-05,45750.23046875,45991.48828125,45671.44140625,45671.44140625,0
2013-11-06,46192.91015625,46192.91015625,45750.23046875,45750.23046875,0
2013-11-07,46068.46875,46286.1796875,45980.94140625,46192.91015625,0
2013-11-08,45481.19140625,46068.46875,45365.12109375,46068.46875,0
2013-11-11,45488.1796875,45732.94921875,45426.1484375,45481.19140625,0
2013-11-12,45448.28125,45669.46875,45297.421875,45488.1796875,0
2013-11-13,44625,45448.28125,44548.8515625,45448.28125,0
2013-11-14,44903.8515625,45309.5703125,44625,44625,0
2013-11-15,45174.1796875,45333.359375,44903.8515625,44903.8515625,0
2013-11-18,45428.8515625,45428.8515625,45149.48828125,45174.1796875,0
2013-11-19,45138.12890625,45428.8515625,44948.26171875,45428.8515625,0
2013-11-20,45201.078125,45243.6796875,44964.48046875,45138.12890625,0
2013-11-21,44741.55078125,45201.078125,44613.80078125,45201.078125,0
2013-11-22,44435.609375,44909,44172.30078125,44741.55078125,0
2013-11-25,44552.51171875,44788,44435.609375,44435.609375,0
2013-11-26,43988.140625,44595.5390625,43963.48828125,44552.51171875,0
2013-11-27,44564.01171875,44564.01171875,43988.140625,43988.140625,0
2013-11-28,45058.21875,45058.21875,44553.3203125,44564.01171875,0
2013-11-29,44975.671875,45058.21875,44786.30859375,45058.21875,0
2013-12-02,44659.37109375,44975.671875,44649.9296875,44975.671875,0
2013-12-03,43962.828125,44659.37109375,43886.46875,44659.37109375,0
2013-12-04,43986.37109375,44363.8984375,43913.21875,43962.828125,0
2013-12-05,44297.66015625,44563.6796875,43986.37109375,43986.37109375,0
2013-12-06,44616.2109375,44751.0390625,44265.98046875,44297.66015625,0
2013-12-09,44732.421875,44768.3515625,44377.8984375,44616.2109375,0
2013-12-10,44640.98046875,44888.37890625,44450.16015625,44732.421875,0
2013-12-11,44436.859375,44649.140625,44281.30078125,44640.98046875,0
2013-12-12,43252.171875,44436.859375,43252.171875,44436.859375,0
2013-12-13,43185.73046875,43640.44921875,42921.44921875,43252.171875,0
2013-12-17,43848.94921875,43918.0703125,43185.73046875,43185.73046875,0
2013-12-18,43925.37890625,44007.69140625,43669.140625,43848.94921875,0
2013-12-19,44327.83984375,44483.62890625,43925.37890625,43925.37890625,0
2013-12-20,44574.25,44609.0703125,44261.8203125,44327.83984375,0
2013-12-23,44753.19140625,44843.2109375,44574.25,44574.25,0
2013-12-24,44912.80078125,44976.62890625,44753.19140625,44753.19140625,0
2013-12-27,45735.26171875,45773.921875,44912.80078125,44912.80078125,0
2013-12-30,46131.2890625,46131.2890625,45735.26171875,45735.26171875,0
2013-12-31,46256.23046875,46290.19921875,45873.171875,46131.2890625,0
2014-01-02,46589.69921875,46836.01953125,46256.23046875,46256.23046875,0
2014-01-03,46206.08984375,46589.69921875,46093.5390625,46589.69921875,0
2014-01-06,45897.44140625,46351.26953125,45842.859375,46206.08984375,0
2014-01-07,45867.51953125,46111.83984375,45851.48828125,45897.44140625,0
2014-01-08,45696.96875,46108.41015625,45662.58984375,45867.51953125,0
2014-01-09,45444.58984375,45795.1484375,45444.58984375,45696.96875,0
2014-01-10,45548.1484375,45701.19140625,45334.78125,45444.58984375,0
2014-01-13,46030.25,46030.25,45548.1484375,45548.1484375,0
2014-01-14,45982.0703125,46033.69921875,45638.390625,46030.25,0
2014-01-15,46442.44921875,46545.890625,45982.0703125,45982.0703125,0
2014-01-16,46728.4609375,46798.01953125,46110.9609375,46442.44921875,0
2014-01-17,46675.87890625,46966.359375,46646.37109375,46728.4609375,0
2014-01-20,46934.58984375,46974.140625,46481.19140625,46675.87890625,0
2014-01-21,46889.640625,46946.91015625,46723.6796875,46934.58984375,0
2014-01-22,47000.94921875,47000.94921875,46766.78125,46889.640625,0
2014-01-23,47045.44140625,47348.48046875,46885.6015625,47000.94921875,0
2014-01-24,46462.140625,47052.4609375,46395.0703125,47045.44140625,0
2014-01-27,45750.69921875,46462.140625,45670.44140625,46462.140625,0
2014-01-28,45724.69921875,45805.76953125,45580.55859375,45750.69921875,0
2014-01-29,45564.62109375,46394.87109375,45392.96875,45724.69921875,0
2014-01-30,45178.25,45654.26171875,45147.73046875,45564.62109375,0
2014-01-31,45132.1015625,45370.421875,44945.8984375,45178.25,0
2014-02-03,44956.91015625,45417.12109375,44826.171875,45132.1015625,0
2014-02-04,44451.5703125,44956.91015625,44145.421875,44956.91015625,0
2014-02-05,44477.1796875,44571.859375,44220.98828125,44451.5703125,0
2014-02-06,44985.33984375,44985.33984375,44326.80859375,44477.1796875,0
2014-02-07,45340.76171875,45385.171875,44985.33984375,44985.33984375,0
2014-02-10,45920.87109375,45942.640625,45340.76171875,45340.76171875,0
2014-02-11,45866.01953125,46233.30078125,45750.2109375,45920.87109375,0
2014-02-12,46425.109375,46430.30078125,45866.01953125,45866.01953125,0
2014-02-13,46251.76953125,46539.0703125,46146.83984375,46425.109375,0
2014-02-14,46628.73828125,46689.21875,46251.76953125,46251.76953125,0
2014-02-17,47027.5390625,47175.98046875,46628.73828125,46628.73828125,0
2014-02-18,47112.4296875,47265.19140625,46880.12890625,47027.5390625,0
2014-02-19,47438.30859375,47438.30859375,47112.4296875,47112.4296875,0
2014-02-20,47149.3515625,47438.30859375,47041.41015625,47438.30859375,0
2014-02-21,47452.23828125,47616.8515625,47149.3515625,47149.3515625,0
2014-02-24,47394,47614.46875,47194.4296875,47452.23828125,0
2014-02-25,46956.75,47494.19140625,46956.75,47394,0
2014-02-26,47017.19140625,47160.75,46900.94140625,46956.75,0
2014-02-27,47049.7890625,47321.19140625,46905.9609375,47017.19140625,0
2014-02-28,47328.921875,47328.921875,46991.5703125,47049.7890625,0
2014-03-03,47138.3203125,47328.921875,46824.12109375,47328.921875,0
2014-03-04,47602.69140625,47643.28125,47138.3203125,47138.3203125,0
2014-03-05,47514.80078125,47691.2890625,47412.30859375,47602.69140625,0
2014-03-06,47819.53125,47884.7890625,47492.71875,47514.80078125,0
2014-03-07,47786.76953125,48002.23046875,47766.94921875,47819.53125,0
2014-03-10,47322.4609375,47786.76953125,47168.98046875,47786.76953125,0
2014-03-11,47612.80859375,47612.80859375,47220.41015625,47322.4609375,0
2014-03-12,47188.83984375,47612.80859375,47088.98046875,47612.80859375,0
2014-03-13,46825.51953125,47364.671875,46825.51953125,47188.83984375,0
2014-03-14,46412.3984375,46825.51953125,46070.98046875,46825.51953125,0
2014-03-17,46816.6484375,46847.12109375,46204.53125,46412.3984375,0
2014-03-18,47059.19140625,47198.12890625,46610.828125,46816.6484375,0
2014-03-19,46666.5390625,47121.44140625,46595.3203125,47059.19140625,0
2014-03-20,46508.26953125,46685.1484375,46300.98828125,46666.5390625,0
2014-03-21,46666.5390625,46666.5390625,46666.5390625,46666.5390625,0
2014-03-24,46875.37109375,47011.3984375,46508.26953125,46508.26953125,0
2014-03-25,47387.55859375,47477,46816.62890625,46875.37109375,0
2014-03-26,47652.890625,47766.640625,47387.55859375,47387.55859375,0
2014-03-27,47380.98046875,47652.890625,47191.390625,47652.890625,0
2014-03-28,47930.03125,47930.03125,47380.98046875,47380.98046875,0
2014-03-31,47770.921875,48137.671875,47770.921875,47930.03125,0
2014-04-01,48104.98046875,48262.94921875,47770.921875,47770.921875,0
2014-04-02,48405.8984375,48473.98828125,48104.98046875,48104.98046875,0
2014-04-03,48231.390625,48611.69140625,48132.55078125,48405.8984375,0
2014-04-04,48347.75,48409.109375,48188.8203125,48231.390625,0
2014-04-07,47857.94921875,48347.75,47798.21875,48347.75,0
2014-04-08,48069.53125,48069.53125,47814.9609375,47857.94921875,0
2014-04-09,48291.87890625,48515.62890625,48069.53125,48069.53125,0
2014-04-10,48529.87890625,48683.37109375,48233.2109375,48291.87890625,0
2014-04-11,48032.41015625,48529.87890625,47876.62109375,48529.87890625,0
2014-04-14,48213.26171875,48248.828125,47922.6796875,48032.41015625,0
2014-04-15,47789.76171875,48238.109375,47746.109375,48213.26171875,0
2014-04-16,48139.69140625,48193.28125,47789.76171875,47789.76171875,0
2014-04-17,48362.21875,48362.21875,48006.66015625,48139.69140625,0
2014-04-22,48643.30859375,48645.66015625,48313.51171875,48362.21875,0
2014-04-23,48647.62109375,48909.8203125,48643.30859375,48643.30859375,0
2014-04-24,48934.51171875,49069.62890625,48647.62109375,48647.62109375,0
2014-04-25,48910.8984375,49052.48828125,48824.80859375,48934.51171875,0
2014-04-28,48934.51171875,48934.51171875,48934.51171875,48934.51171875,0
2014-04-29,48935.359375,48935.359375,48611.6015625,48910.8984375,0
2014-04-30,48870.1015625,48935.359375,48743.26171875,48935.359375,0
2014-05-01,48935.359375,48935.359375,48935.359375,48935.359375,0
2014-05-02,49091.16015625,49187.19140625,48857.21875,48870.1015625,0
2014-05-06,48942.01953125,49061.03125,48736.28125,48880.80859375,0
2014-05-07,48880.80859375,48880.80859375,48880.80859375,48880.80859375,0
2014-05-08,49026.94921875,49169.390625,48942.01953125,48942.01953125,0
2014-05-09,48852.44921875,49026.94921875,48755.640625,49026.94921875,0
2014-05-12,49239.2890625,49327.9609375,48852.44921875,48852.44921875,0
2014-05-13,49199.69921875,49407.94921875,49071.8984375,49239.2890625,0
2014-05-14,49632.23046875,49668.4609375,49199.69921875,49199.69921875,0
2014-05-15,49454.58984375,49885.83984375,49380.12890625,49632.23046875,0
2014-05-16,49159.76953125,49562.7890625,49072.12890625,49454.58984375,0
2014-05-19,49507.48046875,49615.328125,49120.859375,49159.76953125,0
2014-05-20,49617,49787.41015625,49507.48046875,49507.48046875,0
2014-05-21,49648.12109375,49648.12109375,49427.19140625,49617,0
2014-05-22,49891.359375,50037.05078125,49648.12109375,49648.12109375,0
2014-05-23,49952.69140625,50065.890625,49834.21875,49891.359375,0
2014-05-27,49824.44921875,50055.62109375,49824.44921875,50021.71875,0
2014-05-28,49690.578125,49976.7890625,49567.44921875,49824.44921875,0
2014-05-29,49726.640625,49778.078125,49519.6796875,49690.578125,0
2014-05-30,49632.69921875,49803.51953125,49599.8515625,49726.640625,0
2014-06-02,49817.890625,49854.6484375,49630.62109375,49632.69921875,0
2014-06-03,49936.5390625,49936.5390625,49685.5390625,49817.890625,0
2014-06-04,49960.2109375,50054.53125,49808.53125,49936.5390625,0
2014-06-05,50000.4296875,50018.609375,49729.7109375,49960.2109375,0
2014-06-06,49933.98828125,50120.69140625,49873.01171875,50000.4296875,0
2014-06-09,50134.53125,50188.69921875,49933.98828125,49933.98828125,0
2014-06-10,50736.421875,50736.421875,50134.53125,50134.53125,0
2014-06-11,50659.44140625,50993.3515625,50659.44140625,50736.421875,0
2014-06-12,50596.171875,50719.6484375,50488.51171875,50659.44140625,0
2014-06-13,50763.7109375,50811.69921875,50518.19140625,50596.171875,0
2014-06-16,50596.171875,50596.171875,50596.171875,50596.171875,0
2014-06-17,50911.05078125,50917.078125,50733.9609375,50763.7109375,0
2014-06-18,50693.94921875,51040.48828125,50654.01171875,50911.05078125,0
2014-06-19,51263.5,51324.140625,50693.94921875,50693.94921875,0
2014-06-20,51322.671875,51397.109375,51234.421875,51263.5,0
2014-06-23,51058.26953125,51322.671875,50842.6484375,51322.671875,0
2014-06-24,50890.921875,51113.671875,50733.671875,51058.26953125,0
2014-06-25,50350.609375,50890.921875,50190.3984375,50890.921875,0
2014-06-26,50761.8203125,50822.640625,50350.609375,50350.609375,0
2014-06-27,50625.37109375,50768.51953125,50527.5,50761.8203125,0
2014-06-30,50945.26171875,50945.26171875,50578.05859375,50625.37109375,0
2014-07-01,51480.19140625,51480.19140625,50945.26171875,50945.26171875,0
2014-07-02,51883.7109375,51978.37890625,51480.19140625,51480.19140625,0
2014-07-03,51918.44140625,52101.33984375,51678.9296875,51883.7109375,0
2014-07-04,52060.03125,52060.03125,51864.078125,51918.44140625,0
2014-07-07,51877.109375,52125.98828125,51749.21875,52060.03125,0
2014-07-08,51608.328125,51877.109375,51490.01953125,51877.109375,0
2014-07-09,51401.4609375,51608.328125,51205.73046875,51608.328125,0
2014-07-10,50994.4609375,51522.76171875,50699.05859375,51401.4609375,0
2014-07-11,51161.328125,51196.8515625,50887.03125,50994.4609375,0
2014-07-14,51540.87890625,51655.94140625,51161.328125,51161.328125,0
2014-07-15,51735.2890625,51803.9296875,51402.6015625,51540.87890625,0
2014-07-16,52076.8984375,52183.37109375,51677.2109375,51735.2890625,0
2014-07-17,51789.73828125,52076.8984375,51605.12109375,52076.8984375,0
2014-07-18,51695.05078125,51789.73828125,51339.76171875,51789.73828125,0
2014-07-21,51420.80859375,51721.62890625,51354.96875,51695.05078125,0
2014-07-22,51931.328125,52019.390625,51420.80859375,51420.80859375,0
2014-07-23,51910.921875,52052.26953125,51766.6015625,51931.328125,0
2014-07-24,51621.51953125,52010.609375,51613.51171875,51910.921875,0
2014-07-25,51550.171875,51752.859375,51523.51953125,51621.51953125,0
2014-07-28,51927.5703125,51999.8984375,51550.171875,51550.171875,0
2014-07-29,52242.12109375,52323.609375,51927.5703125,51927.5703125,0
2014-07-30,51770.58984375,52242.12109375,51738.33984375,52242.12109375,0
2014-07-31,51396.0703125,51770.58984375,51396.0703125,51770.58984375,0
2014-08-01,50917.78125,51396.0703125,50628.51171875,51396.0703125,0
2014-08-04,51239.55859375,51318.890625,50897.0703125,50917.78125,0
2014-08-05,51349.109375,51624.8203125,51239.55859375,51239.55859375,0
2014-08-06,51091.80078125,51349.109375,50772.69921875,51349.109375,0
2014-08-07,50674.609375,51123.671875,50669.03125,51091.80078125,0
2014-08-08,50669.94921875,50759.12109375,50233.109375,50674.609375,0
2014-08-11,51523.26953125,51591.2890625,50669.94921875,50669.94921875,0
2014-08-12,51449.01171875,51711.2890625,51431.3203125,51523.26953125,0
2014-08-13,51266.51171875,51736.12890625,51183.21875,51449.01171875,0
2014-08-14,51073.8984375,51296.2890625,51066.171875,51266.51171875,0
2014-08-15,51257.71875,51482.2109375,51073.8984375,51073.8984375,0
2014-08-18,51572.19140625,51600.05078125,51257.71875,51257.71875,0
2014-08-19,51363.37109375,51805.859375,51253.19921875,51572.19140625,0
2014-08-20,51436.58984375,51477.5,50995.8984375,51363.37109375,0
2014-08-21,51443.4296875,51582.37109375,51187.48046875,51436.58984375,0
2014-08-22,51197.16015625,51537.98046875,51096.9296875,51443.4296875,0
2014-08-25,51437.578125,51437.578125,51098.171875,51197.16015625,0
2014-08-26,51729.6796875,51729.6796875,51362.44140625,51437.578125,0
2014-08-27,51610.421875,51862.76953125,51536.640625,51729.6796875,0
2014-08-28,51133.12890625,51610.421875,51099.23828125,51610.421875,0
2014-08-29,50959.01953125,51133.12890625,50804.609375,51133.12890625,0
2014-09-01,51113.87109375,51210.01171875,50950.44921875,50959.01953125,0
2014-09-02,51462.5703125,51534.390625,51113.87109375,51113.87109375,0
2014-09-03,51793.6484375,51887.33984375,51441.51171875,51462.5703125,0
2014-09-04,52081.21875,52081.21875,51702.62109375,51793.6484375,0
2014-09-05,51789.3984375,52081.21875,51575.44921875,52081.21875,0
2014-09-08,51610.12890625,51866.6484375,51574.69140625,51789.3984375,0
2014-09-09,51707.25,51848.16015625,51598.48046875,51610.12890625,0
2014-09-10,51263.48046875,51707.25,51230.55078125,51707.25,0
2014-09-11,51230.890625,51516.30859375,51189.23046875,51263.48046875,0
2014-09-12,51247.7109375,51521.78125,51128.66015625,51230.890625,0
2014-09-15,51376.5703125,51531.4609375,51247.7109375,51247.7109375,0
2014-09-16,51178.0703125,51376.5703125,50918.328125,51376.5703125,0
2014-09-17,51173.03125,51411.25,51096.01171875,51178.0703125,0
2014-09-18,51547.01953125,51578.03125,51136.4296875,51173.03125,0
2014-09-19,51462.421875,51902.921875,51462.421875,51547.01953125,0
2014-09-22,50485.53125,51462.421875,50485.53125,51462.421875,0
2014-09-23,50053.91015625,50627.7890625,49809.3203125,50485.53125,0
2014-09-24,50485.53125,50485.53125,50485.53125,50485.53125,0
2014-09-25,49503.55078125,50418.23046875,49466.9609375,50053.91015625,0
2014-09-26,49663.640625,49692.1015625,49198.578125,49503.55078125,0
2014-09-29,49371.12109375,49672.6796875,49218.390625,49663.640625,0
2014-09-30,49336.30859375,49420.578125,49131.87890625,49371.12109375,0
2014-10-01,48875.03125,49543.3203125,48859,49336.30859375,0
2014-10-02,48189.05859375,48877.80078125,48189.05859375,48875.03125,0
2014-10-03,48613.19140625,48754.1015625,48189.05859375,48189.05859375,0
2014-10-06,49166.19921875,49374.1796875,48609.69921875,48613.19140625,0
2014-10-07,48712.44921875,49310.578125,48712.44921875,49166.19921875,0
2014-10-08,48033.62109375,48712.44921875,48033.62109375,48712.44921875,0
2014-10-09,48133.51953125,48869.80078125,48033.62109375,48033.62109375,0
2014-10-10,47092.23828125,48133.51953125,47092.23828125,48133.51953125,0
2014-10-13,47368.33984375,47650.05078125,46811.1015625,47092.23828125,0
2014-10-14,47686.8515625,47839.1796875,47004.73046875,47368.33984375,0
2014-10-15,46673.37890625,47761.94140625,46358.62109375,47686.8515625,0
2014-10-16,46881.12109375,47195.1015625,46068.078125,46673.37890625,0
2014-10-17,47836.69140625,47884.48828125,46881.12109375,46881.12109375,0
2014-10-20,47599.25,48046.109375,47573.1484375,47836.69140625,0
2014-10-21,48530.46875,48606.69921875,47340.73828125,47599.25,0
2014-10-22,48202.91015625,48704.55078125,48048.0390625,48530.46875,0
2014-10-23,48104.66015625,48202.91015625,47443.55859375,48202.91015625,0
2014-10-24,47879.44921875,48104.66015625,47743.05078125,48104.66015625,0
2014-10-27,48051.05078125,48408.7109375,47674.87109375,47879.44921875,0
2014-10-28,48460.9296875,48661.12109375,48051.05078125,48051.05078125,0
2014-10-29,49116.76171875,49162.1015625,48460.9296875,48460.9296875,0
2014-10-30,48660.44140625,49149.0390625,48505.609375,49116.76171875,0
2014-10-31,49722.87890625,49722.87890625,48660.44140625,48660.44140625,0
2014-11-03,50022.640625,50050.51953125,49588.62109375,49722.87890625,0
2014-11-04,49788.3203125,50077.44140625,49661.37890625,50022.640625,0
2014-11-05,49717.0703125,49876.3203125,49605.96875,49788.3203125,0
2014-11-06,49587.23828125,49717.0703125,49409.1484375,49717.0703125,0
2014-11-07,50079.44140625,50281.859375,49587.23828125,49587.23828125,0
2014-11-10,50484.08984375,50494.87890625,50079.44140625,50079.44140625,0
2014-11-11,50355.37890625,50508.9296875,50308.66015625,50484.08984375,0
2014-11-12,50374.8515625,50696.48828125,50338.58984375,50355.37890625,0
2014-11-13,50588.3984375,50748.76171875,50374.8515625,50374.8515625,0
2014-11-14,50598.01953125,50778.87890625,50360.69921875,50588.3984375,0
2014-11-17,50511.51953125,50675.46875,50354.30078125,50598.01953125,0
2014-11-18,50372.05078125,50606.25,50188.19140625,50511.51953125,0
2014-11-19,50150.48046875,50378.640625,50006.671875,50372.05078125,0
2014-11-20,49272.05078125,50199.03125,49216.66015625,50150.48046875,0
2014-11-21,50855.08984375,50855.08984375,49272.05078125,49272.05078125,0
2014-11-24,50727.21875,50972.2109375,50511.55859375,50855.08984375,0
2014-11-25,50507.58984375,50831.859375,50278.109375,50727.21875,0
2014-11-26,50355.78125,50580.55859375,50217.3515625,50507.58984375,0
2014-11-27,50557.828125,50669.5390625,50231.4296875,50355.78125,0
2014-11-28,49911.37109375,50557.828125,49903.26171875,50557.828125,0
2014-12-01,48858.76171875,49911.37109375,48068.12890625,49911.37109375,0
2014-12-02,49591.4296875,49593.62109375,48858.76171875,48858.76171875,0
2014-12-03,49857.1796875,49880.30859375,49272.4609375,49591.4296875,0
2014-12-04,49392.58984375,50122.30859375,49283.0703125,49857.1796875,0
2014-12-05,49506.58984375,49632.94140625,49357,49392.58984375,0
2014-12-08,49590.19921875,49592.4609375,49046.21875,49506.58984375,0
2014-12-09,48556.55078125,49590.19921875,48507.3515625,49590.19921875,0
2014-12-10,48745.4296875,48925.4296875,48556.55078125,48556.55078125,0
2014-12-11,48110.51953125,48745.4296875,48110.51953125,48745.4296875,0
2014-12-12,48043.19140625,48115.5,47732.53125,48110.51953125,0
2014-12-15,47397.44140625,48043.19140625,47266.80859375,48043.19140625,0
2014-12-16,48043.19140625,48043.19140625,48043.19140625,48043.19140625,0
2014-12-17,47282.48046875,47456.828125,46898.6015625,47397.44140625,0
2014-12-18,49290.55859375,49290.55859375,47282.48046875,47282.48046875,0
2014-12-19,49386.7109375,49797.21875,49210.19921875,49290.55859375,0
2014-12-22,49339.3203125,49834.109375,49238.8515625,49386.7109375,0
2014-12-23,49568,49650.19140625,49080.6796875,49339.3203125,0
2014-12-24,49478.5703125,49621.21875,49459.640625,49568,0
2014-12-29,50254.078125,50254.078125,49478.5703125,49478.5703125,0
2014-12-30,49755.609375,50254.078125,49735.3984375,50254.078125,0
2014-12-31,49770.6015625,49876.2890625,49755.609375,49755.609375,0
2015-01-02,49518.48046875,50140.8203125,49513.26953125,49770.6015625,0
2015-01-05,47831.0390625,49681.8203125,47831.0390625,49518.48046875,0
2015-01-06,48598.19140625,48598.19140625,47831.0390625,47831.0390625,0
2015-01-07,48961.05859375,49032.25,48260.9609375,48598.19140625,0
2015-01-08,49595.44140625,49595.44140625,48918.98046875,48961.05859375,0
2015-01-09,48950.5,49695.890625,48950.5,49595.44140625,0
2015-01-12,48468.390625,49281.671875,48468.390625,48950.5,0
2015-01-13,49433,49522.71875,48468.390625,48468.390625,0
2015-01-14,48057.4609375,49433,47855.71875,49433,0
2015-01-15,48524.25,48879.12109375,47960.30859375,48057.4609375,0
2015-01-16,48458.25,48530.28125,48155.140625,48524.25,0
2015-01-19,48996.94140625,49025.44140625,48458.25,48458.25,0
2015-01-20,49124.76953125,49299.30859375,48996.94140625,48996.94140625,0
2015-01-21,49588.7890625,49662.48046875,49124.76953125,49124.76953125,0
2015-01-22,49872.69140625,50343.08984375,49588.7890625,49588.7890625,0
2015-01-23,49816.5703125,50302.171875,49727.2890625,49872.69140625,0
2015-01-26,50337.98046875,50366.30078125,49649.76171875,49816.5703125,0
2015-01-27,50711.08984375,50979.73046875,50337.98046875,50337.98046875,0
2015-01-28,51200.5703125,51339.859375,50711.08984375,50711.08984375,0
2015-01-29,50945.55859375,51287.640625,50900.4296875,51200.5703125,0
2015-01-30,51266.80859375,51353.37109375,50945.55859375,50945.55859375,0
2015-02-02,51394.55078125,51497.76953125,51086.23046875,51266.80859375,0
2015-02-03,51949.328125,52139.1015625,51394.55078125,51394.55078125,0
2015-02-04,51630.8203125,52154.75,51565.41015625,51949.328125,0
2015-02-05,51688.69921875,51702.140625,51323.921875,51630.8203125,0
2015-02-06,51998.3203125,52035.83984375,51621.30859375,51688.69921875,0
2015-02-09,52105.37890625,52105.37890625,51707.0390625,51998.3203125,0
2015-02-10,52109.5390625,52342.30078125,51928.1796875,52105.37890625,0
2015-02-11,52069.30078125,52274.26171875,52027.6015625,52109.5390625,0
2015-02-12,52507.9296875,52507.9296875,51990.671875,52069.30078125,0
2015-02-13,52967.62890625,52984.62890625,52507.9296875,52507.9296875,0
2015-02-16,52995.890625,53097.23046875,52803.8984375,52967.62890625,0
2015-02-17,52833.48046875,53156.171875,52686.25,52995.890625,0
2015-02-18,52536.23828125,53188.44140625,52430.30078125,52833.48046875,0
2015-02-19,52835.55078125,52870.76171875,52315.76953125,52536.23828125,0
2015-02-20,53035.26171875,53077.73046875,52734.30859375,52835.55078125,0
2015-02-23,53336.4609375,53385.69921875,53035.26171875,53035.26171875,0
2015-02-24,53374.87890625,53536.44921875,53314.2109375,53336.4609375,0
2015-02-25,53217.75,53615.421875,53145.3984375,53374.87890625,0
2015-02-26,53331.16015625,53373.109375,53002.66015625,53217.75,0
2015-02-27,53344.19921875,53381.2109375,53092.30078125,53331.16015625,0
2015-03-02,52952.91015625,53575.23046875,52834.8203125,53344.19921875,0
2015-03-03,53130.33984375,53198.76953125,52871.30078125,52952.91015625,0
2015-03-04,52891.30078125,53218.78125,52833.5,53130.33984375,0
2015-03-05,53285.6015625,53374.078125,52818.109375,52891.30078125,0
2015-03-06,53346.98828125,53432.76171875,53042.3515625,53285.6015625,0
2015-03-09,52614.078125,53346.98828125,52610.8984375,53346.98828125,0
2015-03-10,52088.5390625,52626.609375,51919.421875,52614.078125,0
2015-03-11,51753.0703125,52214.859375,51649.26953125,52088.5390625,0
2015-03-12,52240.05859375,52356.0390625,51753.0703125,51753.0703125,0
2015-03-13,51798.73828125,52404.12109375,51706.73046875,52240.05859375,0
2015-03-16,52139.1484375,52156.41015625,51721.578125,51798.73828125,0
2015-03-17,52300.23828125,52561.51953125,52101.7890625,52139.1484375,0
2015-03-18,52187.48046875,52482.87109375,52087.8515625,52300.23828125,0
2015-03-19,52741.01953125,53301.8984375,52187.48046875,52187.48046875,0
2015-03-20,52631.78125,52803.171875,52465.80859375,52741.01953125,0
2015-03-23,52559.3515625,52886.9609375,52481.359375,52631.78125,0
2015-03-24,52858.12109375,53005.78125,52398.69921875,52559.3515625,0
2015-03-25,52313.01953125,52858.12109375,52145.078125,52858.12109375,0
2015-03-26,51603.9296875,52313.01953125,51422.19921875,52313.01953125,0
2015-03-27,51810.16015625,51821.12109375,51456.23828125,51603.9296875,0
2015-03-30,52455.359375,52534.08984375,51810.16015625,51810.16015625,0
2015-03-31,52181.94921875,52619.16015625,52103.01953125,52455.359375,0
2015-04-01,52281.140625,52281.140625,51921.30078125,52181.94921875,0
2015-04-02,52229.3203125,52446.12109375,52148.890625,52281.140625,0
2015-04-03,52281.140625,52281.140625,52281.140625,52281.140625,0
2015-04-07,52595.69140625,52727.109375,52229.3203125,52229.3203125,0
2015-04-08,52806,52953.80078125,52595.30078125,52595.69140625,0
2015-04-09,52984.55078125,53078.6796875,52765.66015625,52806,0
2015-04-10,53420.78125,53420.78125,52984.55078125,52984.55078125,0
2015-04-13,53589.30859375,53750.37109375,53420.78125,53420.78125,0
2015-04-14,53311.4609375,53656.23046875,53168.98046875,53589.30859375,0
2015-04-15,53720.5703125,53720.5703125,53311.4609375,53311.4609375,0
2015-04-16,54262.26953125,54262.26953125,53720.5703125,53720.5703125,0
2015-04-17,53734.0390625,54262.26953125,53510.41015625,54262.26953125,0
2015-04-20,53839.7109375,53980.01953125,53611.3203125,53734.0390625,0
2015-04-21,54140.9296875,54243.19140625,53839.7109375,53839.7109375,0
2015-04-22,54281.55859375,54362.44140625,53914.94921875,54140.9296875,0
2015-04-23,54686.5390625,54686.5390625,54281.55859375,54281.55859375,0
2015-04-24,55188.33984375,55355.12109375,54686.5390625,54686.5390625,0
2015-04-27,54686.5390625,54686.5390625,54686.5390625,54686.5390625,0
2015-04-28,55039.2890625,55252.01171875,54855.3515625,55188.33984375,0
2015-04-29,54541.73828125,55156.4609375,54425.921875,55039.2890625,0
2015-04-30,54440.4296875,54816.671875,54314.51953125,54541.73828125,0
2015-05-01,54541.73828125,54541.73828125,54541.73828125,54541.73828125,0
2015-05-04,54639.859375,55113.76171875,54440.4296875,54440.4296875,0
2015-05-05,54574.98828125,54789.53125,54499.7890625,54639.859375,0
2015-05-06,53848.73828125,54574.98828125,53740.6015625,54574.98828125,0
2015-05-07,53238.171875,53848.73828125,53001.44140625,53848.73828125,0
2015-05-08,53790.5703125,53935.76953125,53238.171875,53238.171875,0
2015-05-11,54161.05078125,54235.23046875,53790.5703125,53790.5703125,0
2015-05-12,53934.41015625,54231.4296875,53795.6484375,54161.05078125,0
2015-05-13,54053.921875,54271.078125,53934.41015625,53934.41015625,0
2015-05-14,53874.58984375,54109.30859375,53874.58984375,54053.921875,0
2015-05-15,54028.171875,54383.2109375,53874.58984375,53874.58984375,0
2015-05-18,54409.4296875,54409.4296875,54028.171875,54028.171875,0
2015-05-19,54327.12890625,54549.87109375,54169.140625,54409.4296875,0
2015-05-20,54192.0703125,54334.37890625,53970.05859375,54327.12890625,0
2015-05-21,54123.890625,54260.98046875,53918.66015625,54192.0703125,0
2015-05-22,54055.37890625,54294.48046875,54031.5390625,54123.890625,0
2015-05-25,53985.66015625,54216.6796875,53896.3203125,54055.37890625,0
2015-05-26,52963.390625,54172.7890625,52963.390625,53985.66015625,0
2015-05-27,52933.33984375,52963.390625,52413.6484375,52963.390625,0
2015-05-28,52810.359375,53127.37890625,52484.58984375,52933.33984375,0
2015-05-29,52270.859375,52836.83984375,52270.859375,52810.359375,0
2015-06-01,52073.87890625,52547.30078125,51990.1796875,52270.859375,0
2015-06-02,52185.609375,52185.609375,51334.390625,52073.87890625,0
2015-06-03,51850.671875,52185.609375,51558.51171875,52185.609375,0
2015-06-04,51323.6796875,51850.671875,51323.6796875,51850.671875,0
2015-06-05,51694.25,51756.55859375,51126.28125,51323.6796875,0
2015-06-08,51623.30078125,51747.37890625,51365.171875,51694.25,0
2015-06-09,51080.26171875,51623.30078125,51018.55859375,51623.30078125,0
2015-06-10,51958.26953125,51958.26953125,51080.26171875,51080.26171875,0
2015-06-11,51881.44921875,52281.7109375,51881.44921875,51958.26953125,0
2015-06-12,51828.76171875,52238.69921875,51828.76171875,51881.44921875,0
2015-06-15,51297.87890625,51892.1796875,51270.9296875,51828.76171875,0
2015-06-16,51828.76171875,51828.76171875,51828.76171875,51828.76171875,0
2015-06-17,51595.66015625,51845.328125,51297.87890625,51297.87890625,0
2015-06-18,51900.53125,51906.9609375,51292.46875,51595.66015625,0
2015-06-19,51806.7109375,52170.6015625,51737.421875,51900.53125,0
2015-06-22,52189.3203125,52281.16015625,51806.7109375,51806.7109375,0
2015-06-23,52592,52638.08984375,52189.3203125,52189.3203125,0
2015-06-24,52783.8515625,52966.76953125,52592,52592,0
2015-06-25,52856.390625,53083.66015625,52476.76953125,52783.8515625,0
2015-06-26,52669.75,52856.390625,52418.578125,52856.390625,0
2015-06-29,51999.921875,52669.75,51543.1015625,52669.75,0
2015-06-30,51806.94921875,52043.23046875,51566.03125,51999.921875,0
2015-07-01,51888.0390625,52142.1015625,51703.01953125,51806.94921875,0
2015-07-02,52215.46875,52343.7890625,51844.51953125,51888.0390625,0
2015-07-03,51967.078125,52222.98046875,51854.671875,52215.46875,0
2015-07-06,51381.21875,51967.078125,51031,51967.078125,0
2015-07-07,49997.7890625,51381.21875,49978.109375,51381.21875,0
2015-07-08,50235.76171875,50235.76171875,49592.3984375,49997.7890625,0
2015-07-09,51452.359375,51452.359375,50235.76171875,50235.76171875,0
2015-07-10,51800.69921875,52002.328125,51452.359375,51452.359375,0
2015-07-13,52474.8203125,52484.0390625,51800.69921875,51800.69921875,0
2015-07-14,52109.51953125,52579.8984375,52041.03125,52474.8203125,0
2015-07-15,52531.12890625,52595.78125,52109.51953125,52109.51953125,0
2015-07-16,52849.12109375,52859.80859375,52476.8984375,52531.12890625,0
2015-07-17,52723.71875,53068.53125,52723.71875,52849.12109375,0
2015-07-20,52988.3203125,53060.859375,52708.48046875,52723.71875,0
2015-07-21,52901.421875,53231.01953125,52802.75,52988.3203125,0
2015-07-22,51977.55859375,52901.421875,51770.421875,52901.421875,0
2015-07-23,52237.01953125,52485.9609375,51977.55859375,51977.55859375,0
2015-07-24,51356.078125,52237.01953125,51356.078125,52237.01953125,0
2015-07-27,51301.55078125,51595.9296875,51046.25,51356.078125,0
2015-07-28,50758.421875,51491.8515625,50657.37890625,51301.55078125,0
2015-07-29,51598.5390625,51624.73046875,50758.421875,50758.421875,0
2015-07-30,51774.41015625,51987.6796875,51598.5390625,51598.5390625,0
2015-07-31,52053.26953125,52110.69921875,51644.96875,51774.41015625,0
2015-08-03,51629.671875,52053.26953125,51506.01953125,52053.26953125,0
2015-08-04,52437.83984375,52470.5390625,51516.609375,51629.671875,0
2015-08-05,52774.2109375,52930.55859375,52437.83984375,52437.83984375,0
2015-08-06,52464.58984375,52774.2109375,52243.25,52774.2109375,0
2015-08-07,52014.9609375,52603.01171875,52014.9609375,52464.58984375,0
2015-08-10,52464.58984375,52464.58984375,52464.58984375,52464.58984375,0
2015-08-11,52221.171875,52785.37890625,52014.9609375,52014.9609375,0
2015-08-12,50570.6015625,52221.171875,50570.6015625,52221.171875,0
2015-08-13,51375.44140625,51557.9296875,50570.6015625,50570.6015625,0
2015-08-14,50821.1796875,51531.1484375,50746.30078125,51375.44140625,0
2015-08-17,50751.1015625,51159.91015625,50569.6796875,50821.1796875,0
2015-08-18,50977.03125,50977.03125,50405.21875,50751.1015625,0
2015-08-19,50140.8984375,50977.03125,50056.25,50977.03125,0
2015-08-20,49761.671875,50140.8984375,49376.69921875,50140.8984375,0
2015-08-21,49028.359375,49761.671875,49000.140625,49761.671875,0
2015-08-24,47631.19140625,49028.359375,46530.87109375,49028.359375,0
2015-08-25,48980.83984375,49233.12109375,47631.19140625,47631.19140625,0
2015-08-26,48359.23828125,48980.83984375,48240.76171875,48980.83984375,0
2015-08-27,49125.078125,49125.078125,48359.23828125,48359.23828125,0
2015-08-28,49966.80078125,49966.80078125,49125.078125,49125.078125,0
2015-08-31,49972.328125,50018.83984375,49559.05078125,49966.80078125,0
2015-09-01,48515.12890625,49972.328125,48493.0390625,49972.328125,0
2015-09-02,49228.76953125,49577.828125,48515.12890625,48515.12890625,0
2015-09-03,50411.08984375,50411.08984375,49228.76953125,49228.76953125,0
2015-09-04,49102.5,50411.08984375,49090.01953125,50411.08984375,0
2015-09-07,48847.05078125,49668.05078125,48743.8984375,49102.5,0
2015-09-08,49573.48828125,49685.98046875,48847.05078125,48847.05078125,0
2015-09-09,49723.55078125,50348.37890625,49573.48828125,49573.48828125,0
2015-09-10,49528.12890625,49723.55078125,49112.01953125,49723.55078125,0
2015-09-11,48930.640625,49528.12890625,48864.41015625,49528.12890625,0
2015-09-14,49366.6015625,49513.359375,48930.640625,48930.640625,0
2015-09-15,49491.6796875,49491.6796875,48849.55078125,49366.6015625,0
2015-09-16,51029.23828125,51145.23828125,49491.6796875,49491.6796875,0
2015-09-17,51573.5703125,52019.109375,51029.23828125,51029.23828125,0
2015-09-18,51044.578125,51573.5703125,50582.1015625,51573.5703125,0
2015-09-21,50737.140625,51044.578125,50584.41015625,51044.578125,0
2015-09-22,49853.08984375,50737.140625,49758.5390625,50737.140625,0
2015-09-23,50381.62890625,50458.76953125,49714.08984375,49853.08984375,0
2015-09-24,49853.08984375,49853.08984375,49853.08984375,49853.08984375,0
2015-09-25,50331.12109375,50638.23046875,50263.46875,50381.62890625,0
2015-09-28,49490.80859375,50536.23828125,49402.7890625,50331.12109375,0
2015-09-29,49383.9296875,49682.73046875,49066.78125,49490.80859375,0
2015-09-30,50088.859375,50155.08984375,49383.9296875,49383.9296875,0
2015-10-01,50516.578125,50841.69921875,50088.859375,50088.859375,0
2015-10-02,50955.890625,51217.03125,50516.578125,50516.578125,0
2015-10-05,52071.30859375,52071.30859375,50955.890625,50955.890625,0
2015-10-06,52070.1484375,52324.80078125,51814.23828125,52071.30859375,0
2015-10-07,52565.421875,52733.4296875,52070.1484375,52070.1484375,0
2015-10-08,52726.6015625,52726.6015625,52416.03125,52565.421875,0
2015-10-09,53295.640625,53626.62109375,52726.6015625,52726.6015625,0
2015-10-12,52757.6015625,53561.5390625,52667.80078125,53295.640625,0
2015-10-13,53063.05859375,53293.37109375,52662.96875,52757.6015625,0
2015-10-14,53059.05859375,53356.05859375,52731.69140625,53063.05859375,0
2015-10-15,52966.421875,53312.28125,52901.26953125,53059.05859375,0
2015-10-16,52945.109375,53247.48828125,52945.109375,52966.421875,0
2015-10-19,53184.0703125,53184.0703125,52700.9609375,52945.109375,0
2015-10-20,52880.16015625,53184.0703125,52525.9296875,53184.0703125,0
2015-10-21,52997.96875,53413.53125,52735,52880.16015625,0
2015-10-22,53293.96875,53534.48828125,52907.21875,52997.96875,0
2015-10-23,54298.41015625,54315.8515625,53293.96875,53293.96875,0
2015-10-26,54150.69921875,54635.55859375,54010.44140625,54298.41015625,0
2015-10-27,53770.2890625,54150.69921875,53624.76953125,54150.69921875,0
2015-10-28,53755.73046875,53775.078125,53463.859375,53770.2890625,0
2015-10-29,53406.3203125,53755.73046875,53137.62109375,53755.73046875,0
2015-10-30,53793.73828125,53863.28125,53396.23046875,53406.3203125,0
2015-11-02,53860.26171875,53860.26171875,53451.109375,53793.73828125,0
2015-11-03,54076.0703125,54095.4296875,53724.19140625,53860.26171875,0
2015-11-04,54609.01171875,54760.91015625,54076.0703125,54076.0703125,0
2015-11-05,54073.01171875,54609.01171875,53872.4296875,54609.01171875,0
2015-11-06,52964.0703125,54073.01171875,52755.53125,54073.01171875,0
2015-11-09,53371.23046875,53371.23046875,52964.0703125,52964.0703125,0
2015-11-10,52565.5,53371.23046875,52392.8203125,53371.23046875,0
2015-11-11,52594.1015625,52810.48046875,52382.19921875,52565.5,0
2015-11-12,52056.671875,52772.98046875,51967.69921875,52594.1015625,0
2015-11-13,51199.33984375,52056.671875,51185.6015625,52056.671875,0
2015-11-16,51547.37890625,51723.5,50989.1484375,51199.33984375,0
2015-11-17,51981.6484375,52259.828125,51547.37890625,51547.37890625,0
2015-11-18,51654.5390625,51981.6484375,51415.94140625,51981.6484375,0
2015-11-19,52116.26171875,52335.80859375,51654.5390625,51654.5390625,0
2015-11-20,52240.578125,52515.23828125,51989.28125,52116.26171875,0
2015-11-23,52195.98046875,52240.578125,51635.5390625,52240.578125,0
2015-11-24,51817.83984375,52195.98046875,51594.87890625,52195.98046875,0
2015-11-25,51914.55078125,52060.5703125,51629.53125,51817.83984375,0
2015-11-26,52229.921875,52386.109375,51867.890625,51914.55078125,0
2015-11-27,51637.28125,52229.921875,51628.44921875,52229.921875,0
2015-11-30,51607.828125,51878.19140625,51523.109375,51637.28125,0
2015-12-01,51535.8203125,51973.73828125,51487.76953125,51607.828125,0
2015-12-02,51159.109375,51712.78125,51070.890625,51535.8203125,0
2015-12-03,50424.890625,51159.109375,50424.890625,51159.109375,0
2015-12-04,49284.48828125,50424.890625,49112.53125,50424.890625,0
2015-12-07,49860.73828125,50239.828125,49284.48828125,49284.48828125,0
2015-12-08,49083.80078125,49860.73828125,49010.46875,49860.73828125,0
2015-12-09,49523.55859375,49545.73046875,49018.640625,49083.80078125,0
2015-12-10,48984.53125,49804.03125,48959.98046875,49523.55859375,0
2015-12-11,48067.53125,49196.26953125,47802.55078125,48984.53125,0
2015-12-14,48081.7109375,49099.0703125,47493.12890625,48067.53125,0
2015-12-15,48428.76953125,48559.6796875,47912.5703125,48081.7109375,0
2015-12-16,48081.7109375,48081.7109375,48081.7109375,48081.7109375,0
2015-12-17,49706.2890625,49807.76953125,48428.76953125,48428.76953125,0
2015-12-18,48717.28125,49706.2890625,48703.71875,49706.2890625,0
2015-12-21,49189.98828125,49311.05859375,48646.80859375,48717.28125,0
2015-12-22,49780.328125,49804.48046875,49140.76953125,49189.98828125,0
2015-12-23,50839.80859375,51004.44921875,49780.328125,49780.328125,0
2015-12-24,51324.01171875,51407.421875,50589.75,50839.80859375,0
2015-12-28,51188.71875,51618.609375,50655.41015625,51324.01171875,0
2015-12-29,50964.44140625,51312.73046875,50789.46875,51188.71875,0
2015-12-30,50805.12890625,51149.8203125,50777.2890625,50964.44140625,0
2015-12-31,50693.76171875,51006.37890625,50603.23046875,50805.12890625,0
2016-01-04,49316.609375,50693.76171875,49265.41015625,50693.76171875,0
2016-01-05,49599.71875,49793.19140625,49027.6015625,49316.609375,0
2016-01-06,49082.2890625,49599.71875,48909.23046875,49599.71875,0
2016-01-07,48052.78125,49082.2890625,47637.5,49082.2890625,0
2016-01-08,48104.6796875,48509.6796875,47923.76171875,48052.78125,0
2016-01-11,48322.6796875,48596.30078125,47499.5703125,48104.6796875,0
2016-01-12,48396.1796875,48764.5703125,47883.859375,48322.6796875,0
2016-01-13,48412.80078125,48787.87109375,48215.390625,48396.1796875,0
2016-01-14,47697.53125,48412.80078125,47697.53125,48412.80078125,0
2016-01-15,46960.37109375,47872.828125,46901.921875,47697.53125,0
2016-01-18,46876.62109375,47567.859375,46855.3515625,46960.37109375,0
2016-01-19,47627.76171875,47959.55078125,46876.62109375,46876.62109375,0
2016-01-20,46329.78125,47627.76171875,46093.26953125,47627.76171875,0
2016-01-21,46282.01953125,46430.87890625,45975.78125,46329.78125,0
2016-01-22,47661.87109375,47674.078125,46282.01953125,46282.01953125,0
2016-01-25,47210.421875,47960.8984375,47156.671875,47661.87109375,0
2016-01-26,47532.3984375,47654.359375,46582.05078125,47210.421875,0
2016-01-27,47923.921875,48029.8203125,47532.3984375,47532.3984375,0
2016-01-28,48702.609375,49028.78125,47894.46875,47923.921875,0
2016-01-29,49141.94140625,49320.30859375,48645.62890625,48702.609375,0
2016-02-01,49055.5390625,49508.16015625,48643.609375,49141.94140625,0
2016-02-02,48029.23828125,49055.5390625,47998.96875,49055.5390625,0
2016-02-03,48535.48046875,48789.4609375,47725.76171875,48029.23828125,0
2016-02-04,49627.53125,49744.80859375,48535.48046875,48535.48046875,0
2016-02-05,49753.2890625,49880.140625,49231.25,49627.53125,0
2016-02-08,49429.58984375,49882.26953125,49170.12109375,49753.2890625,0
2016-02-09,48344.75,49429.58984375,48231.8203125,49429.58984375,0
2016-02-10,48273.23828125,48796.7109375,48063.3515625,48344.75,0
2016-02-11,47411.5703125,48273.23828125,47275.30078125,48273.23828125,0
2016-02-12,48589.69140625,48838.01953125,47411.5703125,47411.5703125,0
2016-02-15,49851.94921875,49851.94921875,48589.69140625,48589.69140625,0
2016-02-16,49387.1015625,50226.37109375,49377.23828125,49851.94921875,0
2016-02-17,50039.30859375,50166.12890625,49306.6484375,49387.1015625,0
2016-02-18,49857.69921875,50434.359375,49786.828125,50039.30859375,0
2016-02-19,48940.4296875,49898.4609375,48659.80078125,49857.69921875,0
2016-02-22,49112.80078125,49371.6484375,48940.4296875,48940.4296875,0
2016-02-23,48421.98828125,49168.578125,48298.7890625,49112.80078125,0
2016-02-24,47995.8203125,48421.98828125,47388.1484375,48421.98828125,0
2016-02-25,48373.171875,48575.26171875,47995.8203125,47995.8203125,0
2016-02-26,49429.3984375,49463.6484375,48373.171875,48373.171875,0
2016-02-29,49415.30859375,49648.859375,48947.44140625,49429.3984375,0
2016-03-01,50315.08984375,50408.578125,49415.30859375,49415.30859375,0
2016-03-02,50966.9296875,50966.9296875,50315.08984375,50315.08984375,0
2016-03-03,51787.01171875,51839.890625,50966.9296875,50966.9296875,0
2016-03-04,52200.7109375,52225.23046875,51751.6484375,51787.01171875,0
2016-03-07,52673.7890625,52679.0703125,51927.7109375,52200.7109375,0
2016-03-08,52247.83984375,52776.19921875,52220.26171875,52673.7890625,0
2016-03-09,51484.4609375,52319.08984375,51445.94140625,52247.83984375,0
2016-03-10,51533.78125,51684.25,51251.3515625,51484.4609375,0
2016-03-11,51739.828125,51909.05078125,51304.5703125,51533.78125,0
2016-03-14,52471.71875,52498,51739.828125,51739.828125,0
2016-03-15,52253.7890625,52471.71875,51780.48828125,52471.71875,0
2016-03-16,52685.69921875,52708.171875,52210.2109375,52253.7890625,0
2016-03-17,53190.55859375,53606.921875,52685.69921875,52685.69921875,0
2016-03-18,53824.28125,53826.578125,53082.96875,53190.55859375,0
2016-03-21,53190.55859375,53190.55859375,53190.55859375,53190.55859375,0
2016-03-22,53392.859375,53824.28125,52953.62890625,53824.28125,0
2016-03-23,52569.55078125,53392.859375,52446.859375,53392.859375,0
2016-03-24,52323.78125,52569.55078125,51718.4296875,52569.55078125,0
2016-03-29,51787.19921875,52562.8203125,51724.609375,52323.78125,0
2016-03-30,52495.4609375,52659.640625,51787.19921875,51787.19921875,0
2016-03-31,52250.28125,52495.4609375,51800.5703125,52495.4609375,0
2016-04-01,51584.12890625,52250.28125,51290.5,52250.28125,0
2016-04-04,51895.140625,51963.76171875,51334.3203125,51584.12890625,0
2016-04-05,51226.08984375,51895.140625,50996.328125,51895.140625,0
2016-04-06,51184.3203125,51566.671875,51098.73828125,51226.08984375,0
2016-04-07,51146.8203125,51540.2890625,51029.359375,51184.3203125,0
2016-04-08,51424.48046875,51551.5703125,51031,51146.8203125,0
2016-04-11,51428.078125,51639.25,51091.44140625,51424.48046875,0
2016-04-12,52059.76171875,52059.76171875,51341.23046875,51428.078125,0
2016-04-13,52938.23828125,53528.01953125,52059.76171875,52059.76171875,0
2016-04-14,52848,53064.98828125,52667.73828125,52938.23828125,0
2016-04-15,53038.91015625,53042.16015625,52537.23046875,52848,0
2016-04-18,53166.58984375,53166.58984375,52516,53038.91015625,0
2016-04-19,53380.94140625,53434.01953125,53107.69921875,53166.58984375,0
2016-04-20,53789.75,53789.75,52975.55859375,53380.94140625,0
2016-04-21,53323.578125,54039.171875,53191.37890625,53789.75,0
2016-04-22,52925.75,53323.578125,52820.66015625,53323.578125,0
2016-04-25,52985.30859375,53031.91015625,52401.05859375,52925.75,0
2016-04-26,53062.94921875,53168.23828125,52768.890625,52985.30859375,0
2016-04-27,52985.30859375,52985.30859375,52985.30859375,52985.30859375,0
2016-04-28,53223.98046875,53591.30859375,53062.94921875,53062.94921875,0
2016-04-29,52957.3203125,53223.98046875,52795.41015625,53223.98046875,0
2016-05-02,53223.98046875,53223.98046875,53223.98046875,53223.98046875,0
2016-05-03,51912.109375,53203.53125,51892.12890625,52957.3203125,0
2016-05-04,51873.5,52098.078125,51478.23046875,51912.109375,0
2016-05-05,51933.80078125,52258.53125,51417.890625,51873.5,0
2016-05-06,51417.37890625,51933.80078125,51306.9609375,51933.80078125,0
2016-05-09,51348.71875,52048.83984375,51348.71875,51417.37890625,0
2016-05-10,51875.26171875,51891.21875,51348.71875,51348.71875,0
2016-05-11,52130.33984375,52425.91015625,51875.26171875,51875.26171875,0
2016-05-12,51458.48046875,52130.33984375,51458.48046875,52130.33984375,0
2016-05-13,51602.55078125,51602.55078125,50923.421875,51458.48046875,0
2016-05-16,52412.6796875,52496.140625,51602.55078125,51602.55078125,0
2016-05-17,52528.83984375,53001.80859375,52223.8515625,52412.6796875,0
2016-05-18,52797.23046875,52899.140625,52267.87109375,52528.83984375,0
2016-05-19,52370.1015625,52797.23046875,52094.91015625,52797.23046875,0
2016-05-20,52638.25,53057.01171875,52370.1015625,52370.1015625,0
2016-05-23,52628.62109375,52638.25,52219.55078125,52638.25,0
2016-05-24,53050.76171875,53169.71875,52431.859375,52628.62109375,0
2016-05-25,53721.87890625,53828.62109375,53050.76171875,53050.76171875,0
2016-05-26,53921,54393.12890625,53721.87890625,53721.87890625,0
2016-05-27,54105.37109375,54266.171875,53919.41015625,53921,0
2016-05-30,54474.08984375,54501.3203125,54030.30078125,54105.37109375,0
2016-05-31,53905.2109375,54704.21875,53905.2109375,54474.08984375,0
2016-06-01,53518.359375,53905.2109375,53478.98046875,53905.2109375,0
2016-06-02,53716.91015625,54023.80859375,53518.359375,53518.359375,0
2016-06-03,54259.359375,54259.359375,53716.91015625,53716.91015625,0
2016-06-06,53990.76171875,54259.359375,53654.30859375,54259.359375,0
2016-06-07,54305.73046875,54422.23828125,53963.48046875,53990.76171875,0
2016-06-08,53960.1796875,54305.73046875,53854.91015625,54305.73046875,0
2016-06-09,53353.87109375,53960.1796875,53297.078125,53960.1796875,0
2016-06-10,53175.1484375,53390.19140625,53004.390625,53353.87109375,0
2016-06-13,52511.51953125,53175.1484375,52510.33984375,53175.1484375,0
2016-06-14,51394.30859375,52511.51953125,51394.30859375,52511.51953125,0
2016-06-15,52026.7109375,52026.7109375,51394.30859375,51394.30859375,0
2016-06-17,52140.609375,52150.05078125,51667.25,52026.7109375,0
2016-06-20,53032.140625,53036.96875,52140.609375,52140.609375,0
2016-06-21,52955.1796875,53032.140625,52588.9296875,53032.140625,0
2016-06-22,53557.19921875,53690.94921875,52955.1796875,52955.1796875,0
2016-06-23,53585.53125,53927.30078125,53201.30859375,53557.19921875,0
2016-06-24,51679.66015625,53585.53125,50747.55859375,53585.53125,0
2016-06-27,50086.6796875,51679.66015625,50017.98046875,51679.66015625,0
2016-06-28,51141.140625,51490.7890625,50086.6796875,50086.6796875,0
2016-06-29,51890.421875,52018.9609375,51141.140625,51141.140625,0
2016-06-30,52217.71875,52684.98828125,51890.421875,51890.421875,0
2016-07-01,52357.5,52708.6484375,51820.55078125,52217.71875,0
2016-07-04,52454.23828125,52817.69140625,52355.109375,52357.5,0
2016-07-05,51670.16015625,52454.23828125,51670.16015625,52454.23828125,0
2016-07-06,50811.66015625,51670.16015625,50786.73828125,51670.16015625,0
2016-07-07,51097.48046875,51526.2109375,50811.66015625,50811.66015625,0
2016-07-08,51276.3984375,51397.1015625,50806.51171875,51097.48046875,0
2016-07-11,52170.37109375,52170.37109375,51276.3984375,51276.3984375,0
2016-07-12,52547.51953125,52623.2109375,52069.890625,52170.37109375,0
2016-07-13,52814.87890625,52914.3984375,52547.51953125,52547.51953125,0
2016-07-14,52837.03125,53001.109375,52564.48046875,52814.87890625,0
2016-07-15,53088.4609375,53147.859375,52604.30859375,52837.03125,0
2016-07-18,53046.30859375,53088.4609375,52701.55078125,53088.4609375,0
2016-07-19,52892.921875,53046.30859375,52444.8203125,53046.30859375,0
2016-07-20,52837.859375,52939.7109375,52467.19921875,52892.921875,0
2016-07-21,52974.03125,53070.8203125,52752.23046875,52837.859375,0
2016-07-22,53005.21875,53006.3984375,52610.41015625,52974.03125,0
2016-07-25,53292.51953125,53666.96875,53005.21875,53005.21875,0
2016-07-26,53638.0390625,53745.2890625,53271.55859375,53292.51953125,0
2016-07-27,53764.26171875,53884.73828125,53483.6796875,53638.0390625,0
2016-07-28,53282.16015625,53939.328125,53256,53764.26171875,0
2016-07-29,52797.578125,53343.94921875,52795.8203125,53282.16015625,0
2016-08-01,53126.80078125,53371.98828125,52797.578125,52797.578125,0
2016-08-02,52532.76171875,53126.80078125,52460.58984375,53126.80078125,0
2016-08-04,52543.37109375,52842.421875,52404.48828125,52532.76171875,0
2016-08-05,52348.359375,52776.58984375,52310.28125,52543.37109375,0
2016-08-08,52486.6484375,52602.01171875,52299.37890625,52348.359375,0
2016-08-10,52218.609375,52503.05859375,52140.1015625,52486.6484375,0
2016-08-11,52321.78125,52324.1484375,51875.171875,52218.609375,0
2016-08-12,52806.5,53071.87890625,52321.78125,52321.78125,0
2016-08-15,52397.96875,52979.671875,52397.96875,52806.5,0
2016-08-16,52396.3984375,52908.5,52287.46875,52397.96875,0
2016-08-17,52309.69921875,52742.1015625,52088.69921875,52396.3984375,0
2016-08-18,52989.66015625,53010.69921875,52309.69921875,52309.69921875,0
2016-08-19,52771.94921875,53330.3515625,52706.55859375,52989.66015625,0
2016-08-22,52828.9296875,52993.62109375,52667.48046875,52771.94921875,0
2016-08-23,52957.80078125,53024.78125,52688.51171875,52828.9296875,0
2016-08-24,53562.80078125,53688.8515625,52957.80078125,52957.80078125,0
2016-08-25,53482.87890625,53617.6484375,53194.46875,53562.80078125,0
2016-08-26,53506.62109375,53610.609375,53200.58984375,53482.87890625,0
2016-08-29,53563.9296875,53619.71875,53238.890625,53506.62109375,0
2016-08-30,53448.69140625,53838.01171875,53435.3984375,53563.9296875,0
2016-08-31,52733.12109375,53448.69140625,52682.6484375,53448.69140625,0
2016-09-01,52631.328125,52913.01171875,52570.3203125,52733.12109375,0
2016-09-02,53500.0703125,53500.0703125,52631.328125,52631.328125,0
2016-09-05,53622,53986.890625,53463.48828125,53500.0703125,0
2016-09-06,53680.4296875,53731.12109375,53464.5,53622,0
2016-09-07,53456.4296875,53680.4296875,53311.8984375,53680.4296875,0
2016-09-08,53250.25,53456.4296875,53052.75,53456.4296875,0
2016-09-09,53347.30078125,53581.62890625,53250.25,53250.25,0
2016-09-12,52802,53347.30078125,52241.55078125,53347.30078125,0
2016-09-13,52805.9609375,53053,52679.3515625,52802,0
2016-09-14,52501.96875,52805.9609375,52330.76171875,52805.9609375,0
2016-09-15,52174.26171875,52651.46875,52026.46875,52501.96875,0
2016-09-16,51832.55078125,52317.80859375,51832.55078125,52174.26171875,0
2016-09-19,51975.890625,52083.6015625,51776.05078125,51832.55078125,0
2016-09-20,51335.75,51975.890625,51324.66015625,51975.890625,0
2016-09-21,50757.8203125,51365.171875,50757.8203125,51335.75,0
2016-09-22,51895.1796875,51895.1796875,50757.8203125,50757.8203125,0
2016-09-23,51999.44921875,52036.140625,51609.96875,51895.1796875,0
2016-09-26,51479.80078125,51999.44921875,51108.96875,51999.44921875,0
2016-09-27,50899.66015625,51594.1015625,50899.66015625,51479.80078125,0
2016-09-28,51773.5,51920.46875,50899.66015625,50899.66015625,0
2016-09-29,52698.578125,52808.91015625,51773.5,51773.5,0
2016-09-30,51949.828125,52698.578125,51949.828125,52698.578125,0
2016-10-03,51658.98828125,52127.44921875,51658.98828125,51949.828125,0
2016-10-04,52040.8515625,52224.23046875,51658.98828125,51658.98828125,0
2016-10-05,51868.53125,52040.8515625,51647.55859375,52040.8515625,0
2016-10-06,51610.78125,52142.6015625,51610.78125,51868.53125,0
2016-10-07,51662.0703125,51951.6484375,51359.1484375,51610.78125,0
2016-10-10,51675.51171875,51812.7890625,51432.171875,51662.0703125,0
2016-10-11,51898.8203125,52160.26171875,51675.51171875,51675.51171875,0
2016-10-12,51548.12890625,52084.859375,51445.890625,51898.8203125,0
2016-10-13,50494.51171875,51548.12890625,50460.75,51548.12890625,0
2016-10-14,51146.78125,51326.3203125,50494.51171875,50494.51171875,0
2016-10-17,50769.01171875,51217.98828125,50732.33984375,51146.78125,0
2016-10-18,51126.7890625,51363.08984375,50769.01171875,50769.01171875,0
2016-10-19,51504.87109375,51540.5,51109.28125,51126.7890625,0
2016-10-20,51420.66015625,51755.5,51335.1015625,51504.87109375,0
2016-10-21,51629.23046875,51881.62109375,51420.66015625,51420.66015625,0
2016-10-24,51683.390625,52095.05078125,51629.23046875,51629.23046875,0
2016-10-25,51749.859375,51955.41015625,51577.62109375,51683.390625,0
2016-10-26,51552.3203125,51749.859375,51245.12109375,51749.859375,0
2016-10-27,51139.66015625,51552.3203125,51065.171875,51552.3203125,0
2016-10-28,50797.69921875,51139.66015625,50586.578125,51139.66015625,0
2016-10-31,50590.078125,50845.46875,50532.6015625,50797.69921875,0
2016-11-01,51002.69140625,51037.83984375,50590.078125,50590.078125,0
2016-11-02,50384.87109375,51002.69140625,50211.69140625,51002.69140625,0
2016-11-03,50239.26953125,50384.87109375,50003.69140625,50384.87109375,0
2016-11-04,49686.1015625,50239.26953125,49610.8984375,50239.26953125,0
2016-11-07,50303.76953125,50339.421875,49686.1015625,49686.1015625,0
2016-11-08,50700.69921875,50923.609375,50303.76953125,50303.76953125,0
2016-11-09,50977.8515625,51017.76953125,49451.19140625,50700.69921875,0
2016-11-10,51493,51858.9296875,50977.8515625,50977.8515625,0
2016-11-11,50294.71875,51493,50294.71875,51493,0
2016-11-14,49731.890625,50900.1796875,49731.890625,50294.71875,0
2016-11-15,49430.2109375,49943.05859375,49402.140625,49731.890625,0
2016-11-16,50004.8203125,50220.44921875,49430.2109375,49430.2109375,0
2016-11-17,50617.5703125,50617.5703125,49903.53125,50004.8203125,0
2016-11-18,50626.05859375,50888.9609375,50533.30078125,50617.5703125,0
2016-11-21,50596.51953125,50886.4296875,50412.73828125,50626.05859375,0
2016-11-22,51117.73828125,51242.640625,50596.51953125,50596.51953125,0
2016-11-23,50616.4296875,51374.21875,50517.73046875,51117.73828125,0
2016-11-24,50561.4296875,50865.80859375,50417.33984375,50616.4296875,0
2016-11-25,50696.1015625,50696.1015625,50297.421875,50561.4296875,0
2016-11-28,50193.640625,50982.26171875,50193.640625,50696.1015625,0
2016-11-29,50157.28125,50642.0703125,50154.9296875,50193.640625,0
2016-11-30,50209.4296875,50532.421875,50052.109375,50157.28125,0
2016-12-01,49927,50471.51171875,49650.28125,50209.4296875,0
2016-12-02,49256.1015625,49927,49054.41015625,49927,0
2016-12-05,49713.55859375,49876.44921875,49000.55078125,49256.1015625,0
2016-12-06,48935.8984375,49842.859375,48935.8984375,49713.55859375,0
2016-12-07,49476.05859375,49548.19140625,48935.8984375,48935.8984375,0
2016-12-08,50543.44140625,50543.44140625,49476.05859375,49476.05859375,0
2016-12-09,50899.921875,50900.390625,50269.6015625,50543.44140625,0
2016-12-12,50527.859375,51211.03125,50432.01171875,50899.921875,0
2016-12-13,50839.25,50849.8203125,50385.01171875,50527.859375,0
2016-12-14,50716.25,51072.3984375,50583.87890625,50839.25,0
2016-12-15,49691.30859375,50716.25,49691.30859375,50716.25,0
2016-12-19,49880.98828125,50266.1015625,49691.30859375,49691.30859375,0
2016-12-20,50343.23828125,50410.75,49877.390625,49880.98828125,0
2016-12-21,50163.921875,50359.21875,50136.1484375,50343.23828125,0
2016-12-22,49833.76953125,50203.0703125,49761.96875,50163.921875,0
2016-12-23,49400.55859375,49833.76953125,49340.37890625,49833.76953125,0
2016-12-28,50322.71875,50465.62890625,49400.55859375,49400.55859375,0
2016-12-29,50682.078125,50754.05859375,50322.6015625,50322.71875,0
2016-12-30,50653.5390625,50812.51953125,50456.58984375,50682.078125,0
2017-01-03,51020.66015625,51119.05859375,50653.5390625,50653.5390625,0
2017-01-04,50760.23828125,51021.921875,50367.96875,51020.66015625,0
2017-01-05,50474.94921875,51038.87109375,50338.30078125,50760.23828125,0
2017-01-06,51216,51280.83984375,50419.4609375,50474.94921875,0
2017-01-09,51049.7109375,51571.44921875,50990.91015625,51216,0
2017-01-10,51740.171875,51787.55078125,51049.7109375,51049.7109375,0
2017-01-11,52437.91015625,52443.96875,51662.4609375,51740.171875,0
2017-01-12,52444.359375,52837.16015625,52322.87890625,52437.91015625,0
2017-01-13,52794.80859375,52838.19140625,52430.30078125,52444.359375,0
2017-01-16,53158.5390625,53188.76953125,52570.37109375,52794.80859375,0
2017-01-17,52817.73046875,53158.5390625,52732.55859375,53158.5390625,0
2017-01-18,52933.28125,53149.05078125,52762.03125,52817.73046875,0
2017-01-19,52900.76953125,53072.6484375,52778.3515625,52933.28125,0
2017-01-20,52532.26171875,52900.76953125,52399.328125,52900.76953125,0
2017-01-23,53040.48046875,53040.48046875,52470.5390625,52532.26171875,0
2017-01-24,53342.0390625,53342.0390625,53040.48046875,53040.48046875,0
2017-01-25,53250.7890625,53738.2890625,53243.71875,53342.0390625,0
2017-01-26,53405.73828125,53569.73828125,53160.0390625,53250.7890625,0
2017-01-27,52973.828125,53480.69140625,52843.2890625,53405.73828125,0
2017-01-30,52660.94140625,53017.91015625,52570.578125,52973.828125,0
2017-01-31,52788.12109375,52960.48828125,52373.03125,52660.94140625,0
2017-02-01,53104.12109375,53287.26171875,52788.12109375,52788.12109375,0
2017-02-02,52719.578125,53104.12109375,52646.26953125,53104.12109375,0
2017-02-03,52265.16015625,52719.578125,52186.9609375,52719.578125,0
2017-02-06,52151.16015625,52516.75,52113.7890625,52265.16015625,0
2017-02-07,52181.91015625,52181.91015625,51876.6015625,52151.16015625,0
2017-02-08,51803.48046875,52182.8515625,51706.01953125,52181.91015625,0
2017-02-09,51904.33984375,52225.80859375,51803.48046875,51803.48046875,0
2017-02-10,52687.2890625,52687.2890625,51904.33984375,51904.33984375,0
2017-02-13,52956.7109375,53119.41015625,52687.2890625,52687.2890625,0
2017-02-14,52465.640625,52956.7109375,52332.66015625,52956.7109375,0
2017-02-15,52485.16015625,52686.87890625,52323.55078125,52465.640625,0
2017-02-16,52586.37109375,52642.1015625,52264.66015625,52485.16015625,0
2017-02-17,52223.5390625,52586.37109375,52212.69140625,52586.37109375,0
2017-02-20,52558.609375,52691.66015625,52223.5390625,52223.5390625,0
2017-02-21,52586.609375,52700.01171875,52286.23828125,52558.609375,0
2017-02-22,52088.55859375,52744.94140625,51939.19921875,52586.609375,0
2017-02-23,52183.1015625,52354.359375,51640.16015625,52088.55859375,0
2017-02-24,51609.859375,52183.1015625,51531.55859375,52183.1015625,0
2017-02-27,51497.16015625,51806.12890625,51354.5390625,51609.859375,0
2017-02-28,51146.05078125,51563.16015625,51146.05078125,51497.16015625,0
2017-03-01,51682.19140625,51690.12890625,51015.41015625,51146.05078125,0
2017-03-02,51893.19140625,52009.140625,51682.19140625,51682.19140625,0
2017-03-03,51708.609375,51893.19140625,51326.3203125,51893.19140625,0
2017-03-06,51498.140625,51805.75,51426.58984375,51708.609375,0
2017-03-07,51377.78125,51615.8515625,51318.96875,51498.140625,0
2017-03-08,51299.98828125,51474.328125,51162.51953125,51377.78125,0
2017-03-09,50910.7109375,51299.98828125,50737.28125,51299.98828125,0
2017-03-10,51269.5390625,51384.171875,50910.7109375,50910.7109375,0
2017-03-13,51855.37890625,51855.37890625,51269.5390625,51269.5390625,0
2017-03-14,51699.4609375,52057.66015625,51601.33984375,51855.37890625,0
2017-03-15,51701.6015625,51863.87109375,51576.51171875,51699.4609375,0
2017-03-16,52748.96875,52762.26171875,51701.6015625,51701.6015625,0
2017-03-17,52550.98828125,52748.96875,52442.0390625,52748.96875,0
2017-03-20,52753.55859375,52866.33984375,52487.05078125,52550.98828125,0
2017-03-22,52096.7109375,52753.55859375,51776.16015625,52753.55859375,0
2017-03-23,52027.98046875,52195.328125,51865.8203125,52096.7109375,0
2017-03-24,51816.30859375,52117.421875,51759.69140625,52027.98046875,0
2017-03-27,51724.921875,51816.30859375,51278.28125,51816.30859375,0
2017-03-28,52309.23046875,52309.23046875,51724.921875,51724.921875,0
2017-03-29,52444.78125,52551.69921875,52062.53125,52309.23046875,0
2017-03-30,52261.1796875,52480.80078125,52038.421875,52444.78125,0
2017-03-31,52056.05859375,52625.828125,52000.890625,52261.1796875,0
2017-04-03,52457.76171875,52565.69921875,52056.05859375,52056.05859375,0
2017-04-04,52660.73828125,53050.2109375,52457.76171875,52457.76171875,0
2017-04-05,52990.078125,53062.48046875,52660.73828125,52660.73828125,0
2017-04-06,52918.421875,52990.078125,52530.01171875,52990.078125,0
2017-04-07,52853.359375,52918.421875,52416.96875,52918.421875,0
2017-04-10,53139.9609375,53227.76171875,52853.359375,52853.359375,0
2017-04-11,53535.16015625,53631.78125,53125.5703125,53139.9609375,0
2017-04-12,53551.30859375,54002.94921875,53432.44921875,53535.16015625,0
2017-04-13,53510.21875,53551.30859375,53331.19921875,53551.30859375,0
2017-04-18,52672.75,53510.21875,52635.6796875,53510.21875,0
2017-04-19,52545.12109375,52944.609375,52539.21875,52672.75,0
2017-04-20,52496.62109375,52560.48046875,52196.33984375,52545.12109375,0
2017-04-21,52194.58984375,52644.80078125,52162.69140625,52496.62109375,0
2017-04-24,52921.41015625,52921.41015625,52194.58984375,52194.58984375,0
2017-04-25,53257.44140625,53302.78125,52851.73828125,52921.41015625,0
2017-04-26,53680.69140625,53680.69140625,53232.0703125,53257.44140625,0
2017-04-28,53817.30859375,53985.98828125,53587.109375,53680.69140625,0
2017-05-02,53915.640625,54103.390625,53817.30859375,53817.30859375,0
2017-05-03,53586.62890625,54157.53125,53481.44921875,53915.640625,0
2017-05-04,53406.30859375,53673.578125,53286.609375,53586.62890625,0
2017-05-05,53579.01171875,53760.28125,53293.4609375,53406.30859375,0
2017-05-08,53696.37109375,53728.62890625,53442.03125,53579.01171875,0
2017-05-09,54172.76171875,54286.87890625,53696.37109375,53696.37109375,0
2017-05-10,54254.3515625,54391.0390625,54117.0390625,54172.76171875,0
2017-05-11,54114,54444.62890625,53913.3203125,54254.3515625,0
2017-05-12,54063.33984375,54114,53896.609375,54114,0
2017-05-15,54052.1796875,54254.37109375,53767.12890625,54063.33984375,0
2017-05-16,54023.12109375,54200.41015625,53791.78125,54052.1796875,0
2017-05-17,54001.94140625,54296.05078125,53817.640625,54023.12109375,0
2017-05-18,54197.12109375,54329.140625,53955.69140625,54001.94140625,0
2017-05-19,54427.30078125,54486.91015625,54156.078125,54197.12109375,0
2017-05-22,54517.05859375,54666.171875,54347.53125,54427.30078125,0
2017-05-23,54548.91015625,54716.53125,54437.71875,54517.05859375,0
2017-05-24,54308.671875,54548.91015625,54080.1796875,54548.91015625,0
2017-05-25,54028.390625,54432.6015625,54017.03125,54308.671875,0
2017-05-26,53996.140625,54081.55078125,53751.3984375,54028.390625,0
2017-05-29,53944.21875,53996.140625,53806.46875,53996.140625,0
2017-05-30,54158.0390625,54190.94921875,53828.23828125,53944.21875,0
2017-05-31,53562.5703125,54158.0390625,53394.3515625,54158.0390625,0
2017-06-01,52840.6796875,53562.5703125,52837.8984375,53562.5703125,0
2017-06-02,52889.69921875,53169.75,52639.421875,52840.6796875,0
2017-06-05,52870.12109375,53052.25,52585.83984375,52889.69921875,0
2017-06-06,52251.87109375,52870.12109375,52251.87109375,52870.12109375,0
2017-06-07,52117.8203125,52450.05078125,52117.8203125,52251.87109375,0
2017-06-08,51958.51953125,52221.53125,51787.890625,52117.8203125,0
2017-06-09,52216.9296875,52302.9296875,51947.9609375,51958.51953125,0
2017-06-12,51564,52216.9296875,51523.87890625,52216.9296875,0
2017-06-13,51625.0703125,51959.5703125,51564,51564,0
2017-06-14,51489.16015625,51971.171875,51489.16015625,51625.0703125,0
2017-06-15,50831.890625,51489.16015625,50749.6796875,51489.16015625,0
2017-06-19,51615.8984375,51615.8984375,50831.890625,50831.890625,0
2017-06-20,51160.5703125,51642.609375,51150.76171875,51615.8984375,0
2017-06-21,51402.69140625,51402.69140625,50803.87109375,51160.5703125,0
2017-06-22,51072.859375,51402.69140625,50795,51402.69140625,0
2017-06-23,51503.51953125,51572.75,50982.6796875,51072.859375,0
2017-06-26,51288.7109375,51697.1015625,51288.7109375,51503.51953125,0
2017-06-27,51432.23828125,51628.4609375,51267.01171875,51288.7109375,0
2017-06-28,51596.83984375,51628.48046875,51296.21875,51432.23828125,0
2017-06-29,51355.96875,51963.66015625,51066.12890625,51596.83984375,0
2017-06-30,51611.01171875,51721.48828125,51146.01171875,51355.96875,0
2017-07-03,52163.80078125,52163.80078125,51491.80078125,51611.01171875,0
2017-07-04,52049.25,52174.98828125,51734.5703125,52163.80078125,0
2017-07-05,52483.8984375,52508.76953125,51936.26953125,52049.25,0
2017-07-06,52285.078125,52719.609375,52189.1484375,52483.8984375,0
2017-07-07,51900.26171875,52285.078125,51725.48046875,52285.078125,0
2017-07-10,52187.921875,52187.921875,51782.91015625,51900.26171875,0
2017-07-11,52376.37890625,52748.1484375,52187.921875,52187.921875,0
2017-07-12,52905.98046875,52976.4296875,52376.37890625,52376.37890625,0
2017-07-13,53300.9609375,53300.9609375,52905.98046875,52905.98046875,0
2017-07-14,53597.9609375,53597.9609375,53191.078125,53300.9609375,0
2017-07-17,53827.41015625,53827.41015625,53521.640625,53597.9609375,0
2017-07-18,53261.640625,53827.41015625,53237.26953125,53827.41015625,0
2017-07-19,54091.109375,54123.01953125,53261.640625,53261.640625,0
2017-07-20,54287.3203125,54499.19921875,54087.94921875,54091.109375,0
2017-07-21,54162.7109375,54679.87109375,54112.140625,54287.3203125,0
2017-07-24,54368.62109375,54579.55078125,54162.7109375,54162.7109375,0
2017-07-25,54499.109375,54802.03125,54368.62109375,54368.62109375,0
2017-07-26,54836.19140625,54914.01953125,54424.4609375,54499.109375,0
2017-07-27,54888.890625,55222.80859375,54794.03125,54836.19140625,0
2017-07-28,54883.2109375,54933.87890625,54520.6015625,54888.890625,0
2017-07-31,55207.41015625,55366.73828125,54883.2109375,54883.2109375,0
2017-08-01,55390.0703125,55392.19140625,55082.91015625,55207.41015625,0
2017-08-02,55200.48828125,55554.23046875,55151.4609375,55390.0703125,0
2017-08-03,55685.01171875,55687.8203125,55200.48828125,55200.48828125,0
2017-08-04,55944.828125,56032.91015625,55685.01171875,55685.01171875,0
2017-08-07,56163.6015625,56396.23828125,55944.828125,55944.828125,0
2017-08-08,55980.05078125,56342.26953125,55899.4609375,56163.6015625,0
2017-08-10,55700.640625,56175.94921875,55563.7109375,55980.05078125,0
2017-08-11,55155.12890625,55700.640625,55022.98046875,55700.640625,0
2017-08-14,55465.6484375,55663.28125,55155.12890625,55155.12890625,0
2017-08-15,54983.3203125,55497.640625,54983.3203125,55465.6484375,0
2017-08-16,55534.6015625,55631.96875,54983.3203125,54983.3203125,0
2017-08-17,55415.26953125,55807.2890625,55315,55534.6015625,0
2017-08-18,55304.23046875,55477.7890625,55193.08984375,55415.26953125,0
2017-08-21,55450.53125,55640.0703125,55304.23046875,55304.23046875,0
2017-08-22,56033.9609375,56071.8984375,55450.53125,55450.53125,0
2017-08-23,56162.30078125,56326.03125,55918.078125,56033.9609375,0
2017-08-24,56588.98828125,56713.96875,56162.30078125,56162.30078125,0
2017-08-25,56655.87890625,56896.890625,56474.078125,56588.98828125,0
2017-08-28,56555.62109375,56695.91015625,56436.8984375,56655.87890625,0
2017-08-29,56409.62109375,56555.62109375,56066.78125,56555.62109375,0
2017-08-30,56168,56711.26953125,56144.3203125,56409.62109375,0
2017-08-31,56522.109375,56538.30078125,56168,56168,0
2017-09-01,56513.4609375,56655.08984375,56433.359375,56522.109375,0
2017-09-04,56312.8515625,56520.80078125,56159.390625,56513.4609375,0
2017-09-05,56144.80078125,56377.6015625,56144.80078125,56312.8515625,0
2017-09-06,55480.19921875,56144.80078125,55426.7890625,56144.80078125,0
2017-09-07,55878.19140625,55927.91015625,55149.41015625,55480.19921875,0
2017-09-08,55724.671875,55911.44921875,55626.66015625,55878.19140625,0
2017-09-11,56008.76953125,56107.76953125,55724.671875,55724.671875,0
2017-09-12,56366.16015625,56484.73046875,56008.76953125,56008.76953125,0
2017-09-13,56152.5390625,56426.26953125,56152.5390625,56366.16015625,0
2017-09-14,55850.3203125,56152.5390625,55658.37109375,56152.5390625,0
2017-09-15,55645.1484375,55856.109375,55526.140625,55850.3203125,0
2017-09-18,56050.1015625,56209.5703125,55645.1484375,55645.1484375,0
2017-09-19,56011.16015625,56144.12890625,55714.7109375,56050.1015625,0
2017-09-20,55867.4609375,56026.8515625,55705.7109375,56011.16015625,0
2017-09-21,55867.33984375,56072.19921875,55703.421875,55867.4609375,0
2017-09-22,55839.73046875,55903.1796875,55544.75,55867.33984375,0
2017-09-26,55070.37890625,55839.73046875,54894.109375,55839.73046875,0
2017-09-27,55214.0703125,55333.4609375,55070.37890625,55070.37890625,0
2017-09-28,54994.3515625,55258.23046875,54941.640625,55214.0703125,0
2017-09-29,55579.921875,55677.51953125,54993.94140625,54994.3515625,0
2017-10-02,55778.26953125,56063.26953125,55579.921875,55579.921875,0
2017-10-03,56358.26171875,56455.1796875,55778.26953125,55778.26953125,0
2017-10-04,56750.03125,56750.03125,56358.26171875,56358.26171875,0
2017-10-05,56999.7890625,57061.26171875,56710.7890625,56750.03125,0
2017-10-06,57231.87109375,57353.4296875,56999.7890625,56999.7890625,0
2017-10-09,57530.109375,57750.96875,57231.87109375,57231.87109375,0
2017-10-10,57629.9296875,57629.9296875,57472.359375,57530.109375,0
2017-10-11,57770.73046875,57827.73828125,57601.2109375,57629.9296875,0
2017-10-12,57747.33984375,57845.51171875,57614.98046875,57770.73046875,0
2017-10-13,57876.6015625,57920.51953125,57569.62890625,57747.33984375,0
2017-10-16,58163.55859375,58372.1484375,57876.6015625,57876.6015625,0
2017-10-17,57882.671875,58204.66015625,57796.7109375,58163.55859375,0
2017-10-18,58152.41015625,58197.6484375,57668.12109375,57882.671875,0
2017-10-19,57896.828125,58152.41015625,57681.26171875,58152.41015625,0
2017-10-20,57948.66015625,58262.01953125,57896.828125,57896.828125,0
2017-10-23,57999.6015625,58204.16015625,57914.73828125,57948.66015625,0
2017-10-24,57904.71875,58048.4609375,57761.8515625,57999.6015625,0
2017-10-25,58123.12890625,58302.33984375,57870.19140625,57904.71875,0
2017-10-26,58576.2890625,58866.94921875,58123.12890625,58123.12890625,0
2017-10-27,58714.0390625,58825.62890625,58466.98046875,58576.2890625,0
2017-10-30,58879.140625,58974.80859375,58649.859375,58714.0390625,0
2017-10-31,58980.109375,59038.37109375,58801.71875,58879.140625,0
2017-11-01,59514.109375,59787.12109375,58980.109375,58980.109375,0
2017-11-02,59331.19921875,59517.01171875,59296.7890625,59514.109375,0
2017-11-03,59638.2109375,59760.44921875,59331.19921875,59331.19921875,0
2017-11-06,59975.671875,60140.328125,59638.2109375,59638.2109375,0
2017-11-07,60182.6015625,60589.76953125,59975.671875,59975.671875,0
2017-11-08,60078.03125,60203.4296875,59935.359375,60182.6015625,0
2017-11-09,59862.109375,60270.94921875,59790.94921875,60078.03125,0
2017-11-10,59776.12109375,60142.3515625,59776.12109375,59862.109375,0
2017-11-13,59821.48828125,60150.0390625,59762.3515625,59776.12109375,0
2017-11-14,59518.8984375,59952.87890625,59501.80859375,59821.48828125,0
2017-11-15,59185.2109375,59671.390625,59185.2109375,59518.8984375,0
2017-11-16,59549.21875,59688.73046875,59185.2109375,59185.2109375,0
2017-11-17,60128.41015625,60183.48828125,59549.21875,59549.21875,0
2017-11-20,60500.609375,60528.9296875,60128.41015625,60128.41015625,0
2017-11-21,61211.51953125,61298.6015625,60500.609375,60500.609375,0
2017-11-22,60751.1796875,61211.51953125,60699.48828125,61211.51953125,0
2017-11-23,60298.16015625,60848.08984375,60254.8515625,60751.1796875,0
2017-11-24,60323.94921875,60554.9296875,60264.140625,60298.16015625,0
2017-11-27,60157.55859375,60497.171875,60079.921875,60323.94921875,0
2017-11-28,60082.7890625,60340.578125,59891.94140625,60157.55859375,0
2017-11-29,60418.390625,60528.4296875,59954.3515625,60082.7890625,0
2017-11-30,59772.828125,60418.390625,59772.828125,60418.390625,0
2017-12-01,59449.37890625,59782.2109375,59337.578125,59772.828125,0
2017-12-04,59607.33984375,59998.05078125,59395.828125,59449.37890625,0
2017-12-05,58977.23046875,59607.33984375,58747.12109375,59607.33984375,0
2017-12-06,58010.1796875,58977.23046875,57860.87890625,58977.23046875,0
2017-12-07,58013.1796875,58098.66015625,57751.8515625,58010.1796875,0
2017-12-08,58012.30859375,58441.1484375,57825.8515625,58013.1796875,0
2017-12-11,57997.328125,58209.4296875,57791.25,58012.30859375,0
2017-12-12,57523.62109375,57997.328125,57315.01953125,57997.328125,0
2017-12-13,57344.41015625,57695.5390625,57152.26953125,57523.62109375,0
2017-12-14,57845.5703125,57845.5703125,57257.609375,57344.41015625,0
2017-12-15,57412.76171875,57845.5703125,57236.96875,57845.5703125,0
2017-12-18,57707.421875,57998.01953125,57225.8984375,57412.76171875,0
2017-12-19,58170.44140625,58675.5390625,57620,57707.421875,0
2017-12-20,58032.08984375,58473.921875,58032.08984375,58170.44140625,0
2017-12-21,58771.7890625,59028.83984375,58032.08984375,58032.08984375,0
2017-12-22,58800.23046875,58981.9609375,58476.0390625,58771.7890625,0
2017-12-27,58844.01171875,58844.01171875,58398.94140625,58800.23046875,0
2017-12-28,58952.890625,59020.9296875,58505.98046875,58844.01171875,0
2017-12-29,59504.671875,59504.671875,58817.109375,58952.890625,0
2018-01-02,59731.16015625,59790.28125,59308.359375,59504.671875,0
2018-01-03,59629.640625,60150.69140625,59008.78125,59731.16015625,0
2018-01-04,59476.76953125,59820.58984375,59027.01171875,59629.640625,0
2018-01-05,59717.19921875,59835.12109375,59263.9296875,59476.76953125,0
2018-01-08,60038.390625,60082.44140625,59604.1015625,59717.19921875,0
2018-01-09,60113.6484375,60206.58984375,59888.3984375,60038.390625,0
2018-01-10,59979.62890625,60182.69921875,59689.2109375,60113.6484375,0
2018-01-11,59606.01953125,59979.62890625,59356.890625,59979.62890625,0
2018-01-12,60083.12890625,60083.12890625,59606.01953125,59606.01953125,0
2018-01-15,60240.9609375,60320.5390625,60032.7109375,60083.12890625,0
2018-01-16,60649.6015625,60706.96875,60240.9609375,60240.9609375,0
2018-01-17,60924.4609375,61309.1796875,60434.58984375,60649.6015625,0
2018-01-18,60922.55078125,60922.55078125,60922.55078125,60922.55078125,0
2018-01-19,60912.87890625,61023.2109375,60613.96875,60922.55078125,0
2018-01-22,61060.28125,61190.94140625,60856.578125,60912.87890625,0
2018-01-23,61475.44140625,61620.98046875,61060.28125,61060.28125,0
2018-01-24,61623.12890625,61704.25,61377.1796875,61475.44140625,0
2018-01-25,61684.76953125,61696.75,61210.87109375,61623.12890625,0
2018-01-26,61595.859375,61776.6796875,61422.9609375,61684.76953125,0
2018-01-29,60806.8984375,61619.23828125,60697.12109375,61595.859375,0
2018-01-30,59546.23046875,60806.8984375,59328.0703125,60806.8984375,0
2018-01-31,59506.12109375,59856.16015625,59384.94140625,59546.23046875,0
2018-02-01,59258.37109375,59865.28125,59046.19140625,59506.12109375,0
2018-02-02,58656.8203125,59444.828125,58423.69140625,59258.37109375,0
2018-02-05,57113.73828125,58656.8203125,57047.30859375,58656.8203125,0
2018-02-06,56377.2109375,57113.73828125,55090.23046875,57113.73828125,0
2018-02-07,56886.44921875,56922.83984375,55883.578125,56377.2109375,0
2018-02-08,56635.69140625,56899.8515625,56463.1484375,56886.44921875,0
2018-02-09,55902.62109375,56635.69140625,55603.578125,56635.69140625,0
2018-02-12,56206.76171875,56381.1015625,55789.05078125,55902.62109375,0
2018-02-13,57208.96875,57276.6796875,56206.76171875,56206.76171875,0
2018-02-14,57399.55078125,57527.7109375,56746.6015625,57208.96875,0
2018-02-15,59533.1015625,60038.3515625,57399.55078125,57399.55078125,0
2018-02-16,59122.33984375,59827.80078125,59122.33984375,59533.1015625,0
2018-02-19,58701.37109375,59294.109375,58636.58984375,59122.33984375,0
2018-02-20,57928.78125,58701.37109375,57689.328125,58701.37109375,0
2018-02-21,58605.96875,58813.3515625,57696.69921875,57928.78125,0
2018-02-22,58155.08984375,58605.96875,57631.390625,58605.96875,0
2018-02-23,58715.4609375,58848.921875,58155.08984375,58155.08984375,0
2018-02-26,58868.9296875,59233.30078125,58715.4609375,58715.4609375,0
2018-02-27,59027.21875,59382.26953125,58868.9296875,58868.9296875,0
2018-02-28,58325.08984375,59027.21875,58181.16015625,59027.21875,0
2018-03-01,57923.16015625,58452.390625,57918.609375,58325.08984375,0
2018-03-02,57744.69921875,57923.16015625,57197,57923.16015625,0
2018-03-05,57912.3984375,58300.33984375,57475.62890625,57744.69921875,0
2018-03-06,59242.859375,59434.12109375,57912.3984375,57912.3984375,0
2018-03-07,58962.6484375,59242.859375,58289.5,59242.859375,0
2018-03-08,58926.01171875,59335.37890625,58926.01171875,58962.6484375,0
2018-03-09,59169.23046875,59169.23046875,58659.3984375,58926.01171875,0
2018-03-12,59194.44921875,59705.16015625,59169.23046875,59169.23046875,0
2018-03-13,59084.51171875,59303.66015625,58802.328125,59194.44921875,0
2018-03-14,58423.171875,59084.51171875,58338.46875,59084.51171875,0
2018-03-15,58203.76953125,58792.2109375,58046.80078125,58423.171875,0
2018-03-16,58101.01953125,58554.578125,58033.25,58203.76953125,0
2018-03-19,58088.421875,58418.87109375,57774.7890625,58101.01953125,0
2018-03-20,58288.87109375,58423.859375,57996.8515625,58088.421875,0
2018-03-22,57224.6015625,58843.6484375,57036.21875,58288.87109375,0
2018-03-23,56405.640625,57224.6015625,56042.859375,57224.6015625,0
2018-03-26,56176.4296875,56450.3984375,55821.390625,56405.640625,0
2018-03-27,56050.7890625,56888.37109375,55954.19921875,56176.4296875,0
2018-03-28,54763.96875,56050.7890625,54572.3515625,56050.7890625,0
2018-03-29,55474.51953125,55568.5703125,54763.96875,54763.96875,0
2018-04-03,54864.7890625,55599.171875,54864.7890625,55474.51953125,0
2018-04-04,54602.6796875,54864.7890625,53027.37890625,54864.7890625,0
2018-04-05,55761.1484375,55871.30078125,54602.6796875,54602.6796875,0
2018-04-06,55878.80859375,56183.421875,55468.1015625,55761.1484375,0
2018-04-09,56091.55859375,56200.08984375,55647.828125,55878.80859375,0
2018-04-10,56747.23828125,56926.890625,56091.55859375,56091.55859375,0
2018-04-11,56170.0703125,56790.48828125,56129.87890625,56747.23828125,0
2018-04-12,56480.98046875,56651,55954.33984375,56170.0703125,0
2018-04-13,56563.171875,56882.2890625,56305.16015625,56480.98046875,0
2018-04-16,56733.46875,56836.23046875,56379.30078125,56563.171875,0
2018-04-17,56826.73828125,56855.87109375,56353.78125,56733.46875,0
2018-04-18,57713.2890625,57713.2890625,56799.12109375,56826.73828125,0
2018-04-19,57526.7890625,58172.37109375,57525.05859375,57713.2890625,0
2018-04-20,57581.73046875,57648.55859375,57277.66015625,57526.7890625,0
2018-04-23,57679.51171875,57723.1796875,57449.7890625,57581.73046875,0
2018-04-24,57675.2109375,58040.80078125,57675.2109375,57679.51171875,0
2018-04-25,56987.19140625,57675.2109375,56830.671875,57675.2109375,0
2018-04-26,57453.0390625,57515.26171875,56749.1796875,56987.19140625,0
2018-04-30,58252.12109375,58252.12109375,57453.0390625,57453.0390625,0
2018-05-02,58450.44140625,58530.44140625,58158.6484375,58252.12109375,0
2018-05-03,57273.87890625,58450.44140625,57236.83984375,58450.44140625,0
2018-05-04,57648.87109375,57996.01171875,57273.87890625,57273.87890625,0
2018-05-07,57880.71875,58035.62109375,57614.98046875,57648.87109375,0
2018-05-08,57665.23828125,58179.51171875,57465.671875,57880.71875,0
2018-05-09,57915.12890625,58253.62890625,57665.23828125,57665.23828125,0
2018-05-10,58005.62109375,58362.859375,57915.12890625,57915.12890625,0
2018-05-11,58422.859375,58550.55078125,57756.73046875,58005.62109375,0
2018-05-14,58614.44921875,58646.4609375,58249.51953125,58422.859375,0
2018-05-15,57891.76953125,58614.44921875,57873.8984375,58614.44921875,0
2018-05-16,58621.76953125,58723.51171875,57451.9609375,57891.76953125,0
2018-05-17,58184.25,58621.76953125,58091.2109375,58621.76953125,0
2018-05-18,57804.328125,58293.37109375,57800.1015625,58184.25,0
2018-05-21,57821.19921875,58529.01953125,57701.08984375,57804.328125,0
2018-05-22,58121.83984375,58205.69921875,57417.96875,57821.19921875,0
2018-05-23,57043.421875,58121.83984375,56999.37109375,58121.83984375,0
2018-05-24,56699.19921875,57332.62890625,56603.98828125,57043.421875,0
2018-05-25,56916.96875,56942.3203125,56535.37890625,56699.19921875,0
2018-05-28,56857.23828125,57177.4296875,56638.94921875,56916.96875,0
2018-05-29,55935.75,56857.23828125,55873.359375,56857.23828125,0
2018-05-30,55601.62890625,55978.609375,55274,55935.75,0
2018-05-31,56157.890625,56381.48828125,55601.62890625,55601.62890625,0
2018-06-01,57282.140625,57332.30078125,56157.890625,56157.890625,0
2018-06-04,57870.890625,58166.828125,57282.140625,57282.140625,0
2018-06-05,57779.109375,57953.05078125,57479.75,57870.890625,0
2018-06-06,58081.87109375,58382.37109375,57779.109375,57779.109375,0
2018-06-07,58391.640625,58740.21875,58081.87109375,58081.87109375,0
2018-06-08,58223.71875,58391.640625,57768.25,58391.640625,0
2018-06-11,58146.1015625,58433.19140625,58115.7109375,58223.71875,0
2018-06-12,58207.8203125,58466.46875,57983.98828125,58146.1015625,0
2018-06-13,58437.23046875,58793.98828125,58157.109375,58207.8203125,0
2018-06-14,58495.671875,58659.01953125,57953.73046875,58437.23046875,0
2018-06-15,57660.5,58703.69140625,57639.69921875,58495.671875,0
2018-06-18,57236.83984375,57660.5,56860.05859375,57660.5,0
2018-06-19,56253.30859375,57236.83984375,56141.1484375,57236.83984375,0
2018-06-20,56651.66015625,57174.55859375,56253.30859375,56253.30859375,0
2018-06-21,56234.4296875,57122.48828125,56226.37109375,56651.66015625,0
2018-06-22,56856.66015625,57174.078125,56234.4296875,56234.4296875,0
2018-06-25,55889.26171875,56856.66015625,55807.421875,56856.66015625,0
2018-06-26,55254.671875,56138.921875,55254.671875,55889.26171875,0
2018-06-27,55369.26171875,55555.140625,54286.26953125,55254.671875,0
2018-06-28,55795.19921875,55832.87109375,54752.19140625,55369.26171875,0
2018-06-29,57610.98046875,57610.98046875,55795.19921875,55795.19921875,0
2018-07-02,57159.58984375,57610.98046875,56589.8203125,57610.98046875,0
2018-07-03,57488.76171875,57549.4609375,56587.05859375,57159.58984375,0
2018-07-04,57600.01953125,57623.73046875,57065.640625,57488.76171875,0
2018-07-05,57414,57975.55859375,57399.5390625,57600.01953125,0
2018-07-06,57313.87890625,57650.01171875,56893.01953125,57414,0
2018-07-09,58219.91015625,58249.16015625,57313.87890625,57313.87890625,0
2018-07-10,58027.109375,58334.48828125,57776.1796875,58219.91015625,0
2018-07-11,57231.01171875,58027.109375,57010.01953125,58027.109375,0
2018-07-12,56849.359375,57380.671875,56622.48828125,57231.01171875,0
2018-07-13,56364.140625,56924.25,56237.8203125,56849.359375,0
2018-07-16,55442.0390625,56364.140625,55442.0390625,56364.140625,0
2018-07-17,56113.05859375,56113.05859375,55090.5,55442.0390625,0
2018-07-18,56237.19921875,56354.578125,55875.73046875,56113.05859375,0
2018-07-19,56276.71875,56314.16015625,55850.5,56237.19921875,0
2018-07-20,56990.19921875,57018.828125,56276.71875,56276.71875,0
2018-07-23,56556.80859375,56990.19921875,56249.05859375,56990.19921875,0
2018-07-24,57054.83984375,57346.05078125,56556.80859375,56556.80859375,0
2018-07-25,56387.87109375,57120.75,56253.96875,57054.83984375,0
2018-07-26,56743.25,57092.5390625,56387.87109375,56387.87109375,0
2018-07-27,57162.37890625,57355.3984375,56743.25,56743.25,0
2018-07-30,57313.140625,57520.890625,56668.6484375,57162.37890625,0
2018-07-31,57432.4609375,57594.37890625,57079.87890625,57313.140625,0
2018-08-01,57399.53125,57681.2109375,57196.5703125,57432.4609375,0
2018-08-02,56470.71875,57399.53125,56367.7890625,57399.53125,0
2018-08-03,57118.03125,57214.5703125,56415.1796875,56470.71875,0
2018-08-06,56861.2109375,57311.75,56661.83984375,57118.03125,0
2018-08-07,57705.640625,57730.37109375,56861.2109375,56861.2109375,0
2018-08-08,57786.30859375,58117.98828125,57485.578125,57705.640625,0
2018-08-10,57703.01953125,57968.71875,57500.921875,57786.30859375,0
2018-08-13,57885.26171875,58142.421875,57703.01953125,57703.01953125,0
2018-08-14,57608.94140625,57885.26171875,57375.75,57885.26171875,0
2018-08-15,55646.1484375,57608.94140625,55646.1484375,57608.94140625,0
2018-08-16,56562.33984375,56562.33984375,55646.1484375,55646.1484375,0
2018-08-17,56647.51953125,57241.26171875,56469.421875,56562.33984375,0
2018-08-20,57145.62109375,57465.1484375,56647.51953125,56647.51953125,0
2018-08-21,57186.66015625,57413.890625,56933.359375,57145.62109375,0
2018-08-22,58125.94921875,58125.94921875,57186.66015625,57186.66015625,0
2018-08-23,58204.71875,58328.73828125,58029.33984375,58125.94921875,0
2018-08-24,58797.6796875,58867.87109375,57916.62890625,58204.71875,0
2018-08-27,59655.55859375,59806.71875,58797.6796875,58797.6796875,0
2018-08-28,60039.26953125,60298.83984375,59655.55859375,59655.55859375,0
2018-08-29,60165.51171875,60225.33984375,59666.91015625,60039.26953125,0
2018-08-30,58802.69140625,60165.51171875,58802.69140625,60165.51171875,0
2018-08-31,58668.48046875,58890.390625,58407.30859375,58802.69140625,0
2018-09-03,58711.1484375,58986.62109375,58376.01171875,58668.48046875,0
2018-09-04,57891.8203125,59165.4609375,57891.8203125,58711.1484375,0
2018-09-05,57102.12890625,57891.8203125,57075.9609375,57891.8203125,0
2018-09-06,57130.48046875,57493.75,56820.3203125,57102.12890625,0
2018-09-07,57068.44921875,57242.76171875,56758.859375,57130.48046875,0
2018-09-10,56715.26171875,57196.2890625,56683.41015625,57068.44921875,0
2018-09-11,56174.01171875,56715.26171875,55689.140625,56715.26171875,0
2018-09-12,55952.05078125,56401.69921875,55766.5390625,56174.01171875,0
2018-09-13,56166.859375,56635.76171875,55406.98046875,55952.05078125,0
2018-09-14,56581.87890625,56875.421875,56166.859375,56166.859375,0
2018-09-17,56298.6484375,56581.87890625,55849.87890625,56581.87890625,0
2018-09-18,56381.30078125,56381.30078125,55889.73046875,56298.6484375,0
2018-09-19,56445.5703125,56527.3984375,55928.12890625,56381.30078125,0
2018-09-20,56546.80078125,56728.140625,56218.609375,56445.5703125,0
2018-09-21,57164.25,57491.78125,56546.80078125,56546.80078125,0
2018-09-25,56882.75,57164.25,56159.8984375,57164.25,0
2018-09-26,56570.1484375,56977.62890625,56570.1484375,56882.75,0
2018-09-27,55988.5703125,56570.1484375,55919.6796875,56570.1484375,0
2018-09-28,55708.46875,56142.890625,55030.26171875,55988.5703125,0
2018-10-01,55789.75,56017.80078125,55517.109375,55708.46875,0
2018-10-02,55472.5703125,55789.75,54783.4609375,55789.75,0
2018-10-03,55171.5,55683.1796875,55103.37109375,55472.5703125,0
2018-10-04,55030.6015625,55229.78125,54448.8203125,55171.5,0
2018-10-05,54409.46875,55030.6015625,54238.5,55030.6015625,0
2018-10-08,54219.19921875,54409.46875,53912.37109375,54409.46875,0
2018-10-09,54187.8203125,54348.921875,53766.46875,54219.19921875,0
2018-10-10,52813.37109375,54187.8203125,52684.421875,54187.8203125,0
2018-10-11,52229.328125,52813.37109375,51353.01953125,52813.37109375,0
2018-10-12,53473.109375,53684.5390625,52229.328125,52229.328125,0
2018-10-15,52466.98046875,53473.109375,52251.5703125,53473.109375,0
2018-10-16,53241.3515625,53241.3515625,52052.828125,52466.98046875,0
2018-10-17,52391.01953125,53440.0390625,52218.55859375,53241.3515625,0
2018-10-18,52132.6015625,52391.01953125,51651.6484375,52391.01953125,0
2018-10-19,52092.98046875,52328,51747.078125,52132.6015625,0
2018-10-22,52204.16015625,52675.91015625,51966.05859375,52092.98046875,0
2018-10-23,51168.5,52204.16015625,50955.76953125,52204.16015625,0
2018-10-24,50877.33984375,51454.01953125,50571.578125,51168.5,0
2018-10-25,51624.859375,51624.859375,50032.73828125,50877.33984375,0
2018-10-26,50837.5703125,51624.859375,50672.26953125,51624.859375,0
2018-10-29,51320.51953125,51700.87109375,50798.640625,50837.5703125,0
2018-10-30,50756.58984375,51434.48828125,50700.859375,51320.51953125,0
2018-10-31,52388.87109375,52584.73046875,50756.58984375,50756.58984375,0
2018-11-01,53578.76171875,53578.76171875,52388.87109375,52388.87109375,0
2018-11-02,54271.19140625,55252.69921875,53578.76171875,53578.76171875,0
2018-11-05,54915.66015625,54915.66015625,53839.91015625,54271.19140625,0
2018-11-06,54450.55078125,54927.01171875,53848.7109375,54915.66015625,0
2018-11-07,54700.640625,55077.9296875,54294.8203125,54450.55078125,0
2018-11-08,54064.8203125,54923.390625,54064.8203125,54700.640625,0
2018-11-09,53295.3515625,54064.8203125,52635.55078125,54064.8203125,0
2018-11-12,52259.46875,53295.3515625,52118.19921875,53295.3515625,0
2018-11-13,52109.80078125,52552.8984375,51967.3515625,52259.46875,0
2018-11-14,51999.44921875,52109.80078125,51062.78125,52109.80078125,0
2018-11-15,52146.0390625,52434.08984375,51625.28125,51999.44921875,0
2018-11-16,52096.0390625,52725.328125,51751.140625,52146.0390625,0
2018-11-19,52423.53125,52658.46875,51874.44140625,52096.0390625,0
2018-11-20,51067.78125,52423.53125,51000.7890625,52423.53125,0
2018-11-21,51318.6484375,51607.8984375,50992.55859375,51067.78125,0
2018-11-22,51187.3515625,51637.51953125,51187.3515625,51318.6484375,0
2018-11-23,50697.69921875,51187.3515625,50344.62109375,51187.3515625,0
2018-11-26,51690.12109375,51843.62890625,50697.69921875,50697.69921875,0
2018-11-27,51353.98046875,52053.8515625,51230.9296875,51690.12109375,0
2018-11-28,51895.12109375,52349.76171875,51353.98046875,51353.98046875,0
2018-11-29,51737.55859375,52276.98828125,51459.73046875,51895.12109375,0
2018-11-30,50663.94140625,51883.9296875,50663.94140625,51737.55859375,0
2018-12-03,52079.21875,52801.37109375,50663.94140625,50663.94140625,0
2018-12-04,52234.55078125,52332.12109375,51895.71875,52079.21875,0
2018-12-05,51709.16015625,52234.55078125,51469.05078125,52234.55078125,0
2018-12-06,50806.05859375,51709.16015625,50078.55859375,51709.16015625,0
2018-12-07,51037.69140625,51457.19921875,50806.05859375,50806.05859375,0
2018-12-10,50434.390625,51037.69140625,50189.1796875,51037.69140625,0
2018-12-11,51187.98828125,51372.05859375,50434.390625,50434.390625,0
2018-12-12,51598.1015625,51912.48828125,51187.98828125,51187.98828125,0
2018-12-13,51744.16015625,52332.16015625,51598.1015625,51598.1015625,0
2018-12-14,51560.46875,51744.16015625,51062.578125,51744.16015625,0
2018-12-18,51237.078125,51560.46875,50566,51560.46875,0
2018-12-19,51569.76953125,51597.421875,51013.1796875,51237.078125,0
2018-12-20,51347.5703125,51569.76953125,50698.05859375,51569.76953125,0
2018-12-21,51430.359375,52031.7890625,51347.5703125,51347.5703125,0
2018-12-24,52081.109375,52200.828125,51430.359375,51430.359375,0
2018-12-27,51551.7109375,52661.5390625,51178.51171875,52081.109375,0
2018-12-28,52444.890625,52546,51548.6484375,51551.7109375,0
2018-12-31,52736.859375,52791.80078125,52444.890625,52444.890625,0
2019-01-02,51264.05859375,52736.859375,50907.44921875,52736.859375,0
2019-01-03,51669.94140625,51870.8984375,51135.19921875,51264.05859375,0
2019-01-04,52202.94921875,52202.94921875,51654.19140625,51669.94140625,0
2019-01-07,51959.30078125,53199.03125,51813.73828125,52202.94921875,0
2019-01-08,52165.46875,52341.51953125,51959.30078125,51959.30078125,0
2019-01-09,53222.890625,53222.890625,52165.46875,52165.46875,0
2019-01-10,53271.01953125,53296.80078125,52798.75,53222.890625,0
2019-01-11,53653.37890625,53932.12890625,53271.01953125,53271.01953125,0
2019-01-14,53485.58984375,53653.37890625,53010.62109375,53653.37890625,0
2019-01-15,53533.5390625,53811.28125,53225.859375,53485.58984375,0
2019-01-16,53786.73828125,53786.73828125,53400.5390625,53533.5390625,0
2019-01-17,53436.2109375,53814.19140625,53115.96875,53786.73828125,0
2019-01-18,53731.5,53992.6484375,53436.2109375,53436.2109375,0
2019-01-21,54139.05078125,54238.078125,53731.5,53731.5,0
2019-01-22,54078.37109375,54139.05078125,53662.671875,54139.05078125,0
2019-01-23,53915.1484375,54078.37109375,53719.94140625,54078.37109375,0
2019-01-24,53639.08984375,53915.1484375,53435.33984375,53915.1484375,0
2019-01-25,54050.23046875,54221.69140625,53639.08984375,53639.08984375,0
2019-01-28,53767.46875,54173.37890625,53767.46875,54050.23046875,0
2019-01-29,54387.69921875,54504.5703125,53767.46875,53767.46875,0
2019-01-30,54131.671875,54426.94921875,53999.9609375,54387.69921875,0
2019-01-31,54156.75,54492.73046875,54100.55078125,54131.671875,0
2019-02-01,53930.140625,54242.421875,53733.58984375,54156.75,0
2019-02-04,53391.828125,54237.03125,53391.828125,53930.140625,0
2019-02-05,54209.41015625,54209.41015625,53391.828125,53391.828125,0
2019-02-06,54574.28125,54732.44921875,54209.41015625,54209.41015625,0
2019-02-07,53888.8515625,54574.28125,53631.80859375,54574.28125,0
2019-02-08,53244.1796875,54011.4609375,53244.1796875,53888.8515625,0
2019-02-11,53409.140625,53783.03125,53244.1796875,53244.1796875,0
2019-02-12,53960.51171875,54050.76171875,53409.140625,53409.140625,0
2019-02-13,54543.21875,54639.05859375,53781.37890625,53960.51171875,0
2019-02-14,54527.109375,54964.87890625,54372.01171875,54543.21875,0
2019-02-15,54628.41015625,54660.03125,53974.828125,54527.109375,0
2019-02-18,55259.98046875,55307.69921875,54628.41015625,54628.41015625,0
2019-02-19,55194.62109375,55489.58984375,54900.28125,55259.98046875,0
2019-02-20,55691.578125,56039.23046875,55188.9296875,55194.62109375,0
2019-02-21,55483.7890625,55839.19140625,55483.7890625,55691.578125,0
2019-02-22,55992.96875,56170.03125,55483.7890625,55483.7890625,0
2019-02-25,55878.19921875,56327.87890625,55878.19921875,55992.96875,0
2019-02-26,56242.80078125,56242.80078125,55657.859375,55878.19921875,0
2019-02-27,56297.94921875,56688.62890625,56109.73046875,56242.80078125,0
2019-02-28,56002.078125,56297.94921875,55828.7890625,56297.94921875,0
2019-03-01,56203.109375,56526.83984375,56002.078125,56002.078125,0
2019-03-04,56217.12890625,56847.12109375,56198.8515625,56203.109375,0
2019-03-05,55815.4296875,56541.5,55761.640625,56217.12890625,0
2019-03-06,56073.859375,56376.58984375,55815.4296875,55815.4296875,0
2019-03-07,55857.890625,56073.859375,55712.83984375,56073.859375,0
2019-03-08,55488.7890625,55857.890625,55401.51171875,55857.890625,0
2019-03-11,55580.6484375,55932.828125,55398.05859375,55488.7890625,0
2019-03-12,55699.80078125,55987.30859375,55245.87890625,55580.6484375,0
2019-03-13,55829.1015625,55932.6796875,55539.5390625,55699.80078125,0
2019-03-14,55789.44921875,56092.7890625,55595.80078125,55829.1015625,0
2019-03-15,56040.2109375,56380.5703125,55789.44921875,55789.44921875,0
2019-03-18,56769.859375,56869.140625,56040.2109375,56040.2109375,0
2019-03-19,56849.671875,57138.359375,56643.609375,56769.859375,0
2019-03-20,56145.671875,56849.671875,56145.671875,56849.671875,0
2019-03-22,56107.48046875,56433.37109375,55846.66015625,56145.671875,0
2019-03-25,55367.109375,56107.48046875,55144.23046875,56107.48046875,0
2019-03-26,55638.4296875,55707.51953125,55187.05078125,55367.109375,0
2019-03-27,56149.30078125,56576.26171875,55638.4296875,55638.4296875,0
2019-03-28,56059.5,56343.46875,56051.98046875,56149.30078125,0
2019-03-29,56462.55078125,56578.890625,56059.5,56059.5,0
2019-04-01,57109.640625,57317.76171875,56462.55078125,56462.55078125,0
2019-04-02,57158,57238.26953125,56856.80078125,57109.640625,0
2019-04-03,57926.01171875,58056.55078125,57158,57158,0
2019-04-04,57711.01953125,57926.01171875,57659.01171875,57926.01171875,0
2019-04-05,57776.359375,57978.69921875,57711.01953125,57711.01953125,0
2019-04-08,57985.78125,58101.73046875,57765.01953125,57776.359375,0
2019-04-09,57838.37109375,58164.01171875,57838.37109375,57985.78125,0
2019-04-10,58411.6484375,58411.6484375,57838.37109375,57838.37109375,0
2019-04-11,58186.19140625,58453.9296875,57887.96875,58411.6484375,0
2019-04-12,58405.30078125,58520.26171875,58069.2890625,58186.19140625,0
2019-04-15,58249.3515625,58405.30078125,58068.19921875,58405.30078125,0
2019-04-16,58902.640625,58943.96875,58249.3515625,58249.3515625,0
2019-04-17,58908.30859375,58951.9296875,58532.58984375,58902.640625,0
2019-04-18,59222.46875,59222.46875,58643.44921875,58908.30859375,0
2019-04-23,59544.80078125,59544.80078125,59039.3203125,59222.46875,0
2019-04-24,59102.6796875,59544.80078125,58785.1796875,59544.80078125,0
2019-04-25,58807.0703125,59102.6796875,58651.55859375,59102.6796875,0
2019-04-26,58894.19140625,58894.19140625,58505.48828125,58807.0703125,0
2019-04-29,58662.6796875,59012.078125,58561.578125,58894.19140625,0
2019-04-30,58528.3984375,58873.96875,58476.51171875,58662.6796875,0
2019-05-02,58743.55859375,58804.26953125,58527.12109375,58528.3984375,0
2019-05-03,59335.8984375,59365.0390625,58743.55859375,58743.55859375,0
2019-05-06,58712.828125,59335.8984375,58110.94921875,59335.8984375,0
2019-05-07,58043.6015625,58973.578125,58043.6015625,58712.828125,0
2019-05-09,56496.078125,58043.6015625,56496.078125,58043.6015625,0
2019-05-10,56780.75,57458.078125,56496.078125,56496.078125,0
2019-05-13,56373.6796875,57120.98828125,56202.55078125,56780.75,0
2019-05-14,56234.28125,56740.87109375,56234.28125,56373.6796875,0
2019-05-15,56043.2109375,56669.1796875,55373.7890625,56234.28125,0
2019-05-16,56537.71875,56636.62890625,55957.4609375,56043.2109375,0
2019-05-17,56183.2109375,56537.71875,55965.03125,56537.71875,0
2019-05-20,55616.96875,56183.2109375,55454.7890625,56183.2109375,0
2019-05-21,55523.94921875,55945.1015625,55439.55859375,55616.96875,0
2019-05-22,55231.05078125,55600.48046875,55223.05078125,55523.94921875,0
2019-05-23,54271.23828125,55231.05078125,54107.1796875,55231.05078125,0
2019-05-24,54423.55859375,54772.30078125,54271.23828125,54271.23828125,0
2019-05-27,54488.1484375,54748.75,54347.46875,54423.55859375,0
2019-05-28,54431.62890625,54791.44140625,54313.71875,54488.1484375,0
2019-05-29,54997.33984375,55075.8203125,54263.51953125,54431.62890625,0
2019-05-30,55700.58984375,55774.51953125,54997.33984375,54997.33984375,0
2019-05-31,55650.41015625,55700.58984375,55169.7890625,55700.58984375,0
2019-06-03,56286.30859375,56286.30859375,55650.41015625,55650.41015625,0
2019-06-04,56500.37890625,56562.73046875,55723.76171875,56286.30859375,0
2019-06-05,57073.37890625,57305.53125,56500.37890625,56500.37890625,0
2019-06-06,57090.53125,57360.9609375,56953.26953125,57073.37890625,0
2019-06-07,58099.83984375,58234.76953125,57090.53125,57090.53125,0
2019-06-10,58481.05078125,58626,58099.83984375,58099.83984375,0
2019-06-11,58767.62890625,58925.05078125,58481.05078125,58481.05078125,0
2019-06-12,58710.55078125,58793.12109375,58360.890625,58767.62890625,0
2019-06-13,58697.62890625,59001.9296875,58516.1796875,58710.55078125,0
2019-06-14,58193.78125,58809.76171875,57969.76953125,58697.62890625,0
2019-06-18,58629.08984375,58748.1484375,58193.78125,58193.78125,0
2019-06-19,58564.71875,59117.9296875,58526.37109375,58629.08984375,0
2019-06-20,58973.62109375,59128.46875,58564.71875,58564.71875,0
2019-06-21,58941.46875,59181.23046875,58698.359375,58973.62109375,0
2019-06-24,58756.01171875,59273.23046875,58523.55859375,58941.46875,0
2019-06-25,58343.23046875,58758.01953125,58246.5390625,58756.01171875,0
2019-06-26,58421.71875,58579.078125,58261.8203125,58343.23046875,0
2019-06-27,58066.6484375,58746.80859375,58066.6484375,58421.71875,0
2019-06-28,58203.83984375,58264.28125,57999.5,58066.6484375,0
2019-07-01,58472.51953125,58987.51953125,58203.83984375,58203.83984375,0
2019-07-02,58092.48046875,58668.83984375,57994.921875,58472.51953125,0
2019-07-03,58012.1796875,58216.1484375,57917.5,58092.48046875,0
2019-07-04,57829.46875,58092.55859375,57607.91015625,58012.1796875,0
2019-07-05,57589.8203125,57829.46875,57500.91015625,57829.46875,0
2019-07-08,57731.3984375,57794.26171875,57402.140625,57589.8203125,0
2019-07-09,56963.80078125,57731.3984375,56923.8515625,57731.3984375,0
2019-07-10,57597.87109375,57852.609375,56963.80078125,56963.80078125,0
2019-07-11,57273.140625,58033.390625,57132.05859375,57597.87109375,0
2019-07-12,57277.3515625,57548.25,57162.23046875,57273.140625,0
2019-07-15,57537.23046875,57537.23046875,57038.01953125,57277.3515625,0
2019-07-16,58052.71875,58052.71875,57394.1015625,57537.23046875,0
2019-07-17,57636.01171875,58067.9609375,57560.609375,58052.71875,0
2019-07-18,57872.53125,58019.05859375,57292.19921875,57636.01171875,0
2019-07-19,58248.73046875,58554.01171875,57872.53125,57872.53125,0
2019-07-22,58015.08984375,58253.421875,57805.421875,58248.73046875,0
2019-07-23,58309.58984375,58528.12109375,58015.08984375,58015.08984375,0
2019-07-24,57718.1015625,58344.2109375,57625.421875,58309.58984375,0
2019-07-25,57662.890625,58287.30859375,57413.01953125,57718.1015625,0
2019-07-26,57570.5390625,57736.51171875,57415.7109375,57662.890625,0
2019-07-29,58034.76953125,58062,57570.5390625,57570.5390625,0
2019-07-30,57241.55078125,58159.0703125,57081.109375,58034.76953125,0
2019-07-31,56784.609375,57241.55078125,56784.609375,57241.55078125,0
2019-08-01,57223.609375,57223.609375,56218.69921875,56784.609375,0
2019-08-02,56273.921875,57223.609375,55893.37109375,57223.609375,0
2019-08-05,54975.37890625,56273.921875,54855.4609375,56273.921875,0
2019-08-06,55062.01171875,55516.46875,54954.9296875,54975.37890625,0
2019-08-07,55225.3203125,55451.6484375,55002.94921875,55062.01171875,0
2019-08-08,55535.23828125,55870.62109375,55225.3203125,55225.3203125,0
2019-08-12,55371.53125,56091.76171875,55273.76171875,55535.23828125,0
2019-08-13,55191.96875,55371.53125,54840.94921875,55371.53125,0
2019-08-14,54029.4296875,55191.96875,53924.140625,55191.96875,0
2019-08-15,53840.9296875,54256.6015625,53260.46875,54029.4296875,0
2019-08-16,53874.51953125,53885.33984375,53477.30078125,53840.9296875,0
2019-08-19,54386.30859375,54628.6796875,53874.51953125,53874.51953125,0
2019-08-20,54280.80078125,54623.75,54114.609375,54386.30859375,0
2019-08-21,54638.03125,54674.6796875,54079.12109375,54280.80078125,0
2019-08-22,54187.9296875,54711.87109375,54049.25,54638.03125,0
2019-08-23,53995.8203125,54387.01171875,53756.3984375,54187.9296875,0
2019-08-26,53811.890625,54084.55078125,53448.3984375,53995.8203125,0
2019-08-27,53895.75,53947.921875,53529.16015625,53811.890625,0
2019-08-28,54255.62109375,54255.62109375,53566.33984375,53895.75,0
2019-08-29,54411.46875,54867.0703125,54212.87109375,54255.62109375,0
2019-08-30,55259.5703125,55305.44140625,54282.609375,54411.46875,0
2019-09-02,54785.1796875,55353.44140625,54785.1796875,55259.5703125,0
2019-09-03,54742.0703125,54804.73828125,54357.12890625,54785.1796875,0
2019-09-04,54907.171875,55102.8203125,54644.33984375,54742.0703125,0
2019-09-05,55476.359375,55738.48046875,54907.171875,54907.171875,0
2019-09-06,55591.08984375,55934.12890625,55335.73046875,55476.359375,0
2019-09-09,55523.0703125,55771.078125,55289.1015625,55591.08984375,0
2019-09-10,55335.80859375,55523.0703125,55003.80078125,55523.0703125,0
2019-09-11,56243.78125,56243.78125,54344.75,55335.80859375,0
2019-09-12,56781.94140625,57044.87890625,56243.78125,56243.78125,0
2019-09-13,57123.78125,57387.71875,56726.8515625,56781.94140625,0
2019-09-16,57853.8984375,57853.8984375,57123.78125,57123.78125,0
2019-09-17,56895.23046875,57853.8984375,56895.23046875,57853.8984375,0
2019-09-18,56220.41015625,56895.23046875,56029.80078125,56895.23046875,0
2019-09-19,56123.828125,56226.9609375,55731.62109375,56220.41015625,0
2019-09-20,56406.890625,56604.078125,56123.828125,56123.828125,0
2019-09-23,55622.80078125,56434.73828125,55357.87890625,56406.890625,0
2019-09-25,54876.828125,55622.80078125,54623.078125,55622.80078125,0
2019-09-26,55271.37890625,55628.69921875,54876.828125,54876.828125,0
2019-09-27,55209.03125,55470.62890625,55057.73828125,55271.37890625,0
2019-09-30,54824.96875,55270.1796875,54624.53125,55209.03125,0
2019-10-01,54945.890625,55106.578125,54691.5,54824.96875,0
2019-10-02,54003.8203125,54945.890625,53919.98046875,54945.890625,0
2019-10-03,53727.2890625,54024.21875,53537.69140625,54003.8203125,0
2019-10-04,53993.87109375,54121.8203125,53727.2890625,53727.2890625,0
2019-10-07,54714.75,54770.33984375,53960.03125,53993.87109375,0
2019-10-08,54532.6796875,54797.37890625,54450.328125,54714.75,0
2019-10-09,54339.46875,54535.44921875,54205.1796875,54532.6796875,0
2019-10-10,55071.76953125,55122.55859375,54339.46875,54339.46875,0
2019-10-11,55537.01953125,55753.98046875,55071.76953125,55071.76953125,0
2019-10-14,55219.2109375,55672.7109375,54947.9609375,55537.01953125,0
2019-10-15,55573.7890625,55624.5390625,55219.2109375,55219.2109375,0
2019-10-16,56090.51171875,56125.37109375,55350.8515625,55573.7890625,0
2019-10-17,55993.421875,56576.80078125,55933.75,56090.51171875,0
2019-10-18,55722.7890625,56076.71875,55722.7890625,55993.421875,0
2019-10-21,56110.78125,56261.9609375,55630.26171875,55722.7890625,0
2019-10-22,55936.828125,56254.390625,55860.53125,56110.78125,0
2019-10-23,55571.44921875,55936.828125,55361.7890625,55936.828125,0
2019-10-24,55478.44921875,56069.48828125,55426.87890625,55571.44921875,0
2019-10-25,55141.98046875,55680.23828125,54983.53125,55478.44921875,0
2019-10-28,55761.98046875,55933.03125,55141.98046875,55141.98046875,0
2019-10-29,55716.69140625,55944.4609375,55399.3515625,55761.98046875,0
2019-10-30,55872.6015625,55925.48828125,54770.1015625,55716.69140625,0
2019-10-31,56425.109375,56775.23828125,55872.6015625,55872.6015625,0
2019-11-01,56650.01171875,56744.1484375,56353.23046875,56425.109375,0
2019-11-04,56928.87109375,56984.37109375,56650.01171875,56650.01171875,0
2019-11-05,57246.91015625,57420.33984375,56928.87109375,56928.87109375,0
2019-11-06,57652.578125,57869.44921875,57126.078125,57246.91015625,0
2019-11-07,57483,58018.12109375,57414.44921875,57652.578125,0
2019-11-08,56617.01953125,57483,56498.9609375,57483,0
2019-11-11,56174.9296875,56617.01953125,55930.5,56617.01953125,0
2019-11-12,56399.1015625,56624.26953125,56174.9296875,56174.9296875,0
2019-11-13,56338.328125,56417.9609375,55924.19921875,56399.1015625,0
2019-11-14,56235.94140625,56511.41015625,56161.5390625,56338.328125,0
2019-11-15,56054.76953125,56466.05078125,56034.94140625,56235.94140625,0
2019-11-18,56467.03125,56798.91015625,56054.76953125,56054.76953125,0
2019-11-19,57372.55078125,57382.7890625,56467.03125,56467.03125,0
2019-11-20,57313.44140625,57372.55078125,56904.1796875,57372.55078125,0
2019-11-21,56540.25,57313.44140625,56449.91015625,57313.44140625,0
2019-11-22,56759.62109375,56887.71875,56311.71875,56540.25,0
2019-11-25,56747.87890625,57068.01953125,56603.9296875,56759.62109375,0
2019-11-26,56053.37890625,56904.859375,56053.37890625,56747.87890625,0
2019-11-27,56173.859375,56606.55859375,56053.37890625,56053.37890625,0
2019-11-28,55702.44921875,56173.859375,55702.44921875,56173.859375,0
2019-11-29,55349.01171875,55702.44921875,55057.26953125,55702.44921875,0
2019-12-02,54814.0703125,55504.921875,54740.609375,55349.01171875,0
2019-12-03,54485.41015625,54814.0703125,54413.83984375,54814.0703125,0
2019-12-04,55022.87109375,55155.58984375,54429.96875,54485.41015625,0
2019-12-05,54779.76171875,55180.87109375,54695.5703125,55022.87109375,0
2019-12-06,55307.30859375,55416.21875,54779.76171875,54779.76171875,0
2019-12-09,55269.19921875,55515.19140625,55052.98828125,55307.30859375,0
2019-12-10,55417.9296875,55430.23828125,54632.05078125,55269.19921875,0
2019-12-11,55766.44921875,55766.44921875,55413.01171875,55417.9296875,0
2019-12-12,55824.078125,56200.96875,55730.3984375,55766.44921875,0
2019-12-13,56749.12109375,57128.30859375,55824.078125,55824.078125,0
2019-12-17,57326.1796875,57808.46875,56749.12109375,56749.12109375,0
2019-12-18,57767.80859375,58022.3515625,57326.1796875,57326.1796875,0
2019-12-19,57558.921875,58046.46875,57439.359375,57767.80859375,0
2019-12-20,57411.2109375,57756.75,57259.4609375,57558.921875,0
2019-12-23,57092.8515625,57411.2109375,56802.91015625,57411.2109375,0
2019-12-24,57244.87109375,57250.46875,56964.33984375,57092.8515625,0
2019-12-27,57430.69921875,57923.1484375,57244.87109375,57244.87109375,0
2019-12-30,57703.55859375,57717.8515625,57281.421875,57430.69921875,0
2019-12-31,57084.1015625,57703.55859375,57084.1015625,57703.55859375,0
2020-01-02,57718,57932.1796875,57084.1015625,57084.1015625,0
2020-01-03,57810,57924.19921875,57419.75,57718,0
2020-01-06,57195.3515625,57810,57001.91015625,57810,0
2020-01-07,57384.41015625,57514.578125,56939.80859375,57195.3515625,0
2020-01-08,57322.328125,57411.76953125,57083.30078125,57384.41015625,0
2020-01-09,57128.6796875,57737.9296875,57026.2109375,57322.328125,0
2020-01-10,57484.83984375,57514.578125,57128.6796875,57128.6796875,0
2020-01-13,57572.71875,57808.69921875,57367.05859375,57484.83984375,0
2020-01-14,57967.12890625,57967.12890625,57572.71875,57572.71875,0
2020-01-15,58063.58984375,58243.2890625,57724.328125,57967.12890625,0
2020-01-16,58217.4296875,58328.8984375,57897.94140625,58063.58984375,0
2020-01-17,59001.87109375,59098.55859375,58217.4296875,58217.4296875,0
2020-01-20,58850.41015625,59104.609375,58809.05859375,59001.87109375,0
2020-01-21,57976.390625,58850.41015625,57633.44140625,58850.41015625,0
2020-01-22,57918.890625,58399.671875,57897.75,57976.390625,0
2020-01-23,56894.671875,57918.890625,56867.91015625,57918.890625,0
2020-01-24,57261.0390625,57350.51171875,56894.671875,56894.671875,0
2020-01-27,55902.94140625,57261.0390625,55772.87109375,57261.0390625,0
2020-01-28,55748.23828125,56076.078125,55529.328125,55902.94140625,0
2020-01-29,56370.71875,56637.55078125,55748.23828125,55748.23828125,0
2020-01-30,56590.9296875,56618.28125,55656.5703125,56370.71875,0
2020-01-31,56079.5390625,56590.9296875,55932.890625,56590.9296875,0
2020-02-03,55828.48828125,56195.6484375,55772.41015625,56079.5390625,0
2020-02-04,56817.03125,56893.23046875,55828.48828125,55828.48828125,0
2020-02-05,57426.19921875,57532.53125,56799.08984375,56817.03125,0
2020-02-06,57531.48828125,57848.73828125,57426.19921875,57426.19921875,0
2020-02-07,57276.48828125,57661.9609375,57065.26171875,57531.48828125,0
2020-02-10,56847.73828125,57276.48828125,56793.69140625,57276.48828125,0
2020-02-11,56981.19921875,57323.73046875,56753.76953125,56847.73828125,0
2020-02-12,57744.12890625,57964.55859375,56885.578125,56981.19921875,0
2020-02-13,57835.69140625,58195.12109375,57583.80859375,57744.12890625,0
2020-02-14,57861.76171875,57992.30078125,57590.01171875,57835.69140625,0
2020-02-17,58187.9609375,58270.71875,57861.76171875,57861.76171875,0
2020-02-18,57714.66015625,58187.9609375,57483.609375,58187.9609375,0
2020-02-19,57940.96875,58017.5,57714.66015625,57714.66015625,0
2020-02-20,57793.03125,58270.48828125,57739.19921875,57940.96875,0
2020-02-21,57336.2109375,57793.03125,56878.16015625,57793.03125,0
2020-02-24,54881.55859375,57336.2109375,54725.19140625,57336.2109375,0
2020-02-25,54809.51171875,55496.51171875,54697.9609375,54881.55859375,0
2020-02-26,55047.19921875,55254.921875,53643.2109375,54809.51171875,0
2020-02-27,53444.828125,55047.19921875,53420.578125,55047.19921875,0
2020-02-28,51038.1796875,53444.828125,50875.078125,53444.828125,0
2020-03-02,51840.08984375,52989.69140625,51038.1796875,51038.1796875,0
2020-03-03,52957.8515625,53379.421875,51840.08984375,51840.08984375,0
2020-03-04,52926.75,53380.80859375,52726.05078125,52957.8515625,0
2020-03-05,52936.26953125,53733.7890625,52677.140625,52926.75,0
2020-03-06,52064.71875,52936.26953125,51506.05078125,52936.26953125,0
2020-03-09,48819.55078125,52064.71875,48588.671875,52064.71875,0
2020-03-10,49466.01171875,50533.828125,48819.55078125,48819.55078125,0
2020-03-11,49074.08984375,50079.01171875,48936.28125,49466.01171875,0
2020-03-12,44303.46875,49074.08984375,44078.6015625,49074.08984375,0
2020-03-13,44177.62890625,45864.16015625,44069.1015625,44303.46875,0
2020-03-16,40500.23046875,44177.62890625,38784.33984375,44177.62890625,0
2020-03-17,41579.578125,41932.23828125,40390.37890625,40500.23046875,0
2020-03-18,38604.87890625,41579.578125,38145.51171875,41579.578125,0
2020-03-19,37963.01171875,39145.1796875,37177.921875,38604.87890625,0
2020-03-20,40272,41195.51953125,37963.01171875,37963.01171875,0
2020-03-23,38267.2109375,40272,37461.6796875,40272,0
2020-03-24,41149.3515625,41168.390625,38267.2109375,38267.2109375,0
2020-03-25,43278.25,44206.328125,41149.3515625,41149.3515625,0
2020-03-26,45046.3515625,45391.37890625,43044.94921875,43278.25,0
2020-03-27,42946.828125,45046.3515625,42644.66015625,45046.3515625,0
2020-03-30,43413.62890625,43989.921875,42714.19921875,42946.828125,0
2020-03-31,44490.30859375,44572.2890625,43413.62890625,43413.62890625,0
2020-04-01,43732.44140625,44490.30859375,42947.12109375,44490.30859375,0
2020-04-02,45060.69140625,45370.921875,43732.44140625,43732.44140625,0
2020-04-03,44598.69921875,45060.69140625,44142.390625,45060.69140625,0
2020-04-06,46240.3515625,46562.33984375,44598.69921875,44598.69921875,0
2020-04-07,47496.71875,48318.9609375,46240.3515625,46240.3515625,0
2020-04-08,46689.8984375,47496.71875,46376.328125,47496.71875,0
2020-04-09,48011.55859375,48016.30078125,46583.140625,46689.8984375,0
2020-04-14,49874.51171875,49941.19140625,48011.55859375,48011.55859375,0
2020-04-15,48301.28125,49874.51171875,47977.9609375,49874.51171875,0
2020-04-16,48245.109375,48991.078125,48215.078125,48301.28125,0
2020-04-17,49134.6484375,49804.66015625,48245.109375,48245.109375,0
2020-04-20,48849.51953125,49343.421875,48255.05078125,49134.6484375,0
2020-04-21,47628.87109375,48849.51953125,47264.12109375,48849.51953125,0
2020-04-22,48108.48828125,48216.671875,47596.33984375,47628.87109375,0
2020-04-23,49601.8203125,49682.5703125,48108.48828125,48108.48828125,0
2020-04-24,49527.23046875,49653.05078125,48900,49601.8203125,0
2020-04-28,50029.21875,50349.109375,49494.30078125,49527.23046875,0
2020-04-29,50857.25,50857.25,49976.51953125,50029.21875,0
2020-04-30,50336.71875,51227.87890625,50068.16015625,50857.25,0
2020-05-04,49186.58984375,50336.71875,48366.48828125,50336.71875,0
2020-05-05,49184.16015625,49775.41015625,48969.73046875,49186.58984375,0
2020-05-06,49831.98828125,49892.30078125,48914.44921875,49184.16015625,0
2020-05-07,50019.69921875,50261.0703125,49596.41015625,49831.98828125,0
2020-05-08,51003.578125,51126.48828125,50019.69921875,50019.69921875,0
2020-05-11,50202.8515625,51292.51953125,50142.2109375,51003.578125,0
2020-05-12,50319.41015625,50795.4609375,50202.8515625,50202.8515625,0
2020-05-13,50152.05078125,50690,49326.66015625,50319.41015625,0
2020-05-14,49113.05859375,50152.05078125,48804.94921875,50152.05078125,0
2020-05-15,49628.71875,50050.62890625,49113.05859375,49113.05859375,0
2020-05-18,51382.05859375,51382.05859375,49628.71875,49628.71875,0
2020-05-19,51950.140625,52056.30859375,51382.05859375,51382.05859375,0
2020-05-20,52142.75,52231.5703125,51770.19921875,51950.140625,0
2020-05-21,51022.76171875,52142.75,51022.76171875,52142.75,0
2020-05-22,50147.2109375,51022.76171875,49530.828125,51022.76171875,0
2020-05-25,50074.2109375,50356.6015625,49814.1015625,50147.2109375,0
2020-05-26,50602.5,50819.37890625,50074.2109375,50074.2109375,0
2020-05-27,50495.94921875,50935.828125,50307.171875,50602.5,0
2020-05-28,51389.12109375,51389.12109375,50447.41015625,50495.94921875,0
2020-05-29,50483,51389.12109375,50399.23046875,51389.12109375,0
2020-06-01,50929.58984375,51766.80859375,50483,50483,0
2020-06-02,52496.859375,52715.78125,50929.58984375,50929.58984375,0
2020-06-03,53645.28125,53645.28125,52496.859375,52496.859375,0
2020-06-04,53204.7890625,53673.140625,53040.96875,53645.28125,0
2020-06-05,54722.37890625,54909.73046875,53204.7890625,53204.7890625,0
2020-06-08,54684.3203125,54912.51953125,54293.62109375,54722.37890625,0
2020-06-09,54483.48046875,54898.19921875,54078.01171875,54684.3203125,0
2020-06-10,53672.62890625,54823.37890625,53508.94921875,54483.48046875,0
2020-06-11,53295.30078125,53672.62890625,52398.37109375,53672.62890625,0
2020-06-12,53639.640625,53734,52190.3515625,53295.30078125,0
2020-06-15,52270.19921875,53639.640625,51965.94921875,53639.640625,0
2020-06-17,54027.421875,54040.12109375,52270.19921875,52270.19921875,0
2020-06-18,53941.21875,54315.7109375,53495.12109375,54027.421875,0
2020-06-19,54224.3984375,54651.87109375,53941.21875,53941.21875,0
2020-06-22,54230.171875,54678.69921875,54063.30078125,54224.3984375,0
2020-06-23,55474.9296875,55627.05859375,54230.171875,54230.171875,0
2020-06-24,54447.73046875,55635.94921875,54275.33984375,55474.9296875,0
2020-06-25,53914.05078125,54447.73046875,53650.30859375,54447.73046875,0
2020-06-26,53648.05078125,54375.140625,53632.33984375,53914.05078125,0
2020-06-29,54141.5,54240.75,53335.3515625,53648.05078125,0
2020-06-30,54362.359375,54561.41015625,54048.109375,54141.5,0
2020-07-01,53787.71875,54568.05859375,53572.96875,54362.359375,0
2020-07-02,54617.19140625,54963.53125,53787.71875,53787.71875,0
2020-07-03,54521.8984375,54925.3515625,54403.66015625,54617.19140625,0
2020-07-06,54846.28125,55291.1796875,54521.8984375,54521.8984375,0
2020-07-07,55243.80078125,55292.33984375,54606.83984375,54846.28125,0
2020-07-08,55870.69140625,55920.5390625,55243.80078125,55243.80078125,0
2020-07-09,55787.8984375,56515.8203125,55787.8984375,55870.69140625,0
2020-07-10,55417.890625,55925.94921875,54999.48046875,55787.8984375,0
2020-07-13,56199.4609375,56283.921875,55417.890625,55417.890625,0
2020-07-14,55531.05078125,56199.4609375,55053.578125,56199.4609375,0
2020-07-15,55947.05078125,56421.6796875,55531.05078125,55531.05078125,0
2020-07-16,55729.44921875,55947.05078125,54962.76953125,55947.05078125,0
2020-07-17,55911.80078125,55951.12890625,55637.859375,55729.44921875,0
2020-07-20,56265.359375,56455.44140625,55731.921875,55911.80078125,0
2020-07-21,56422.140625,57415.26171875,56265.359375,56265.359375,0
2020-07-22,55834.23828125,56488.5,55547.7890625,56422.140625,0
2020-07-23,56070.69921875,56446.87109375,55834.23828125,55834.23828125,0
2020-07-24,55645.6484375,56070.69921875,55300.109375,56070.69921875,0
2020-07-27,56326.19921875,56425.87890625,55645.6484375,55645.6484375,0
2020-07-28,56488.109375,56495.33984375,55973.390625,56326.19921875,0
2020-07-29,56707.73828125,56829.51171875,56312.66015625,56488.109375,0
2020-07-30,55844.8984375,57068.4296875,55720.78125,56707.73828125,0
2020-07-31,55721.80078125,56655.8984375,55662.96875,55844.8984375,0
2020-08-03,55829.3984375,56314.23828125,55420.12109375,55721.80078125,0
2020-08-04,56248.9296875,56368.28125,55829.3984375,55829.3984375,0
2020-08-05,57629.359375,57797.7890625,56248.9296875,56248.9296875,0
2020-08-06,57656.69140625,58092.12109375,57586,57629.359375,0
2020-08-07,56757.73046875,57654.37890625,56539.46875,57654.37890625,0
2020-08-11,57168.23828125,57676.48828125,56757.73046875,56757.73046875,0
2020-08-12,57417.28125,57610.2109375,56862.28125,57168.23828125,0
2020-08-13,57419.4609375,57459.5,56814.96875,57417.28125,0
2020-08-14,57077.48046875,57419.4609375,56923.80078125,57419.4609375,0
2020-08-17,57435.078125,57674.140625,57008.5390625,57077.48046875,0
2020-08-18,57025.16015625,57664.23828125,56891.71875,57435.078125,0
2020-08-19,56433.28125,57025.16015625,56387.23046875,57025.16015625,0
2020-08-20,55629.98046875,56433.28125,55267.3984375,56433.28125,0
2020-08-21,55949.921875,56416.51953125,55432.078125,55629.98046875,0
2020-08-24,56625.421875,57046.19921875,55949.921875,55949.921875,0
2020-08-25,56114.23046875,56853.19921875,56052.671875,56625.421875,0
2020-08-26,56572.23828125,56628.1796875,55853.359375,56114.23046875,0
2020-08-27,56869.671875,57368.37890625,56572.23828125,56572.23828125,0
2020-08-28,56057.1015625,56926.12890625,55820.9609375,56869.671875,0
2020-08-31,55476.109375,56515.390625,55308.8515625,56057.1015625,0
2020-09-01,55927.69140625,56478.48828125,55476.109375,55476.109375,0
2020-09-02,55861.87890625,56441.671875,55712.2890625,55927.69140625,0
2020-09-03,54522.3515625,55861.87890625,54491.44140625,55861.87890625,0
2020-09-04,53878.94921875,54596.109375,53684.890625,54522.3515625,0
2020-09-07,54400.28125,54512.62109375,53878.94921875,53878.94921875,0
2020-09-08,54438.8203125,54692.19921875,54111.55859375,54400.28125,0
2020-09-09,55211.33984375,55211.33984375,54438.8203125,54438.8203125,0
2020-09-10,55953.9609375,56327.3984375,55051.16015625,55211.33984375,0
2020-09-11,56087.83984375,56276.94921875,55780.4609375,55953.9609375,0
2020-09-14,56327.05078125,56658.9609375,56034.46875,56087.83984375,0
2020-09-15,56130.78125,56722.80078125,56014.0703125,56327.05078125,0
2020-09-16,55960.73828125,56245.4296875,55833.03125,56130.78125,0
2020-09-17,55035.6015625,55960.73828125,54785.08984375,55960.73828125,0
2020-09-18,54673.6484375,55266.62890625,54598.80078125,55035.6015625,0
2020-09-21,53319.078125,54673.6484375,53053.609375,54673.6484375,0
2020-09-22,53265.328125,53578.83984375,53059.140625,53319.078125,0
2020-09-23,54247.80859375,54641.5390625,53213.12109375,53265.328125,0
2020-09-25,53587.109375,54247.80859375,52963.6015625,54247.80859375,0
2020-09-28,54718.80078125,54916.3515625,53587.109375,53587.109375,0
2020-09-29,54506.87890625,54734.9296875,54352.328125,54718.80078125,0
2020-09-30,54264.9609375,54683.03125,54140.33984375,54506.87890625,0
2020-10-01,54446.78125,54815.94921875,54171.94921875,54264.9609375,0
2020-10-02,54219.23828125,54446.78125,53782.1796875,54446.78125,0
2020-10-05,54524.05078125,54698.859375,54219.23828125,54219.23828125,0
2020-10-06,54203.828125,54882.421875,54183.921875,54524.05078125,0
2020-10-07,54749.76953125,54749.76953125,54032.1015625,54203.828125,0
2020-10-08,54554.8515625,54870.69140625,54447.23828125,54749.76953125,0
2020-10-09,55182.98828125,55182.98828125,54554.8515625,54554.8515625,0
2020-10-12,55552.3515625,55767.1796875,55182.98828125,55182.98828125,0
2020-10-13,55054.53125,55599.3203125,54992.078125,55552.3515625,0
2020-10-14,55394.23046875,55470.73046875,55054.53125,55054.53125,0
2020-10-15,54843.9609375,55394.23046875,54359.640625,55394.23046875,0
2020-10-16,55047.26171875,55206.71875,54843.9609375,54843.9609375,0
2020-10-19,55161.03125,55404.80078125,55013.01953125,55047.26171875,0
2020-10-20,55271.75,55328.03125,54838.828125,55161.03125,0
2020-10-21,55345.48828125,55481.9609375,54936.328125,55271.75,0
2020-10-22,54796.421875,55345.48828125,54731.140625,55345.48828125,0
2020-10-23,55339.578125,55523.73046875,54796.421875,54796.421875,0
2020-10-26,54890.87890625,55339.578125,54819.7109375,55339.578125,0
2020-10-27,54079.4296875,55059.94921875,53986.37109375,54890.87890625,0
2020-10-28,52308.140625,54333.3984375,52273.2109375,54079.4296875,0
2020-10-29,51896.96875,52853.71875,51420.94921875,52308.140625,0
2020-10-30,51684.69921875,52028.7890625,51225.53125,51896.96875,0
2020-11-02,52618.0390625,52695.05859375,51684.69921875,51684.69921875,0
2020-11-03,53187.80859375,53597.19921875,52618.0390625,52618.0390625,0
2020-11-04,53656.2109375,53975.53125,52811.671875,53187.80859375,0
2020-11-05,55225.23828125,55239.01171875,53656.2109375,53656.2109375,0
2020-11-06,56387.0390625,56564.21875,54933.359375,55225.23828125,0
2020-11-09,57307.48828125,57952.01171875,56387.0390625,56387.0390625,0
2020-11-10,57672.12109375,57741.73046875,56671.01953125,57307.48828125,0
2020-11-11,57607.30078125,57843.76171875,57374.69140625,57672.12109375,0
2020-11-12,57031.19140625,57956.0390625,56934.8984375,57607.30078125,0
2020-11-13,57182.6015625,57209.6484375,56745.578125,57031.19140625,0
2020-11-16,57267,57585.76953125,57159.578125,57182.6015625,0
2020-11-17,57053.01171875,57505.44921875,56994.48046875,57267,0
2020-11-18,57323.671875,57522.37890625,56686.69921875,57053.01171875,0
2020-11-19,56753.48828125,57323.671875,56591.19921875,57323.671875,0
2020-11-20,56615.28125,56949.73046875,56459.1015625,56753.48828125,0
2020-11-23,57147.30859375,57435.8515625,56615.28125,56615.28125,0
2020-11-24,57761.921875,57885.4609375,57147.30859375,57147.30859375,0
2020-11-25,57742.19140625,57862.69921875,57522.83984375,57761.921875,0
2020-11-26,57923.69140625,58097.44140625,57741.41015625,57742.19140625,0
2020-11-27,57822.5,58128.80859375,57662.30859375,57923.69140625,0
2020-11-30,57091.890625,57822.5,56809.3515625,57822.5,0
2020-12-01,57509.71875,57712.359375,57091.890625,57091.890625,0
2020-12-02,58281.98046875,58281.98046875,57509.71875,57509.71875,0
2020-12-03,58947.48046875,59147.23046875,58281.98046875,58281.98046875,0
2020-12-04,59419.37109375,59468.12109375,58947.48046875,58947.48046875,0
2020-12-07,59527.69921875,59527.69921875,58999,59419.37109375,0
2020-12-08,59159.359375,59607.8515625,58976.12109375,59527.69921875,0
2020-12-09,59291.75,59669.66015625,59045.578125,59159.359375,0
2020-12-10,59282.76953125,59303.94140625,58875.48828125,59291.75,0
2020-12-11,59412.609375,59424.0703125,58908.640625,59282.76953125,0
2020-12-14,59508.80078125,59648.890625,59191.109375,59412.609375,0
2020-12-15,59478.26171875,59577.78125,59059.25,59508.80078125,0
2020-12-17,60544.30078125,60591.921875,59478.26171875,59478.26171875,0
2020-12-18,59788.12109375,60544.30078125,59788.12109375,60544.30078125,0
2020-12-21,58714.87109375,59788.12109375,58142.4296875,59788.12109375,0
2020-12-22,58619.75,58763.3984375,58349.71875,58714.87109375,0
2020-12-23,58986.71875,59047.41015625,58466.80078125,58619.75,0
2020-12-24,59175.80078125,59175.80078125,58764.16015625,58986.71875,0
2020-12-28,59006.0703125,59243.609375,58535.2109375,59175.80078125,0
2020-12-29,59246.3984375,59681.53125,58745.51171875,59006.0703125,0
2020-12-30,59634.9296875,60055.12890625,59246.3984375,59246.3984375,0
2020-12-31,59408.6796875,59634.9296875,58994.51171875,59634.9296875,0
2021-01-04,60479.421875,60479.421875,59408.6796875,59408.6796875,0
2021-01-05,60921.37109375,61169.5,60436.9296875,60479.421875,0
2021-01-06,61857.421875,61977.96875,60921.37109375,60921.37109375,0
2021-01-07,63042.87890625,63042.87890625,61857.421875,61857.421875,0
2021-01-08,63519.1796875,63829.19140625,63042.87890625,63042.87890625,0
2021-01-11,63759.9296875,64021.921875,63382.12109375,63519.1796875,0
2021-01-12,63535.1015625,63978.71875,63384.4609375,63759.9296875,0
2021-01-13,63474.53125,63874.75,63474.53125,63535.1015625,0
2021-01-14,63884.76953125,64056.328125,63474.53125,63474.53125,0
2021-01-15,63549.75,64079.16015625,63549.75,63884.76953125,0
2021-01-18,63713.87109375,63819.62890625,63469.19140625,63549.75,0
2021-01-19,63603.26171875,64007.05078125,63603.26171875,63713.87109375,0
2021-01-20,64108.51171875,64388.3515625,63603.26171875,63603.26171875,0
2021-01-21,64174.87890625,64511.62890625,64100.03125,64108.51171875,0
2021-01-22,63987.921875,64384.1484375,63779.1015625,64174.87890625,0
2021-01-25,64559.8515625,65346.859375,63987.921875,63987.921875,0
2021-01-26,63923.62890625,64559.8515625,63828.390625,64559.8515625,0
2021-01-27,62784.51953125,63923.62890625,62677.80859375,63923.62890625,0
2021-01-28,63206.71875,63311.7109375,62345.25,62784.51953125,0
2021-01-29,62472.1015625,63302.28125,62258.76953125,63206.71875,0
2021-02-01,62796.6484375,63357.01953125,62472.1015625,62472.1015625,0
2021-02-02,62733.6484375,63384.5,62611.30859375,62796.6484375,0
2021-02-03,63010.609375,63266.48828125,62733.6484375,62733.6484375,0
2021-02-04,63786.2109375,63887.48828125,63010.609375,63010.609375,0
2021-02-05,64289.48046875,64574.55078125,63786.2109375,63786.2109375,0
2021-02-08,65059.16015625,65275.171875,64289.48046875,64289.48046875,0
2021-02-09,65162.69140625,65342.53125,64897.05078125,65059.16015625,0
2021-02-10,66150.8203125,66150.8203125,65162.69140625,65162.69140625,0
2021-02-11,65882.71875,66222.203125,65635.5,66150.8203125,0
2021-02-12,66132.2421875,66197.59375,65437.83984375,65882.71875,0
2021-02-15,67124.828125,67124.828125,66132.2421875,66132.2421875,0
2021-02-16,67227.0625,67736.9609375,66989.3203125,67124.828125,0
2021-02-17,67110.0703125,67599.2734375,67018.40625,67227.0625,0
2021-02-18,66575.453125,67110.0703125,66524.078125,67110.0703125,0
2021-02-19,67464.859375,67471.953125,66232.203125,66575.453125,0
2021-02-22,67362.8203125,67624.140625,67127.2890625,67464.859375,0
2021-02-23,65921.6015625,67696.8984375,65775.59375,67362.8203125,0
2021-02-24,66200.7578125,66955.1875,65720.71875,65921.6015625,0
2021-02-25,67483.7578125,67570.9765625,66200.7578125,66200.7578125,0
2021-02-26,66138.046875,67483.7578125,65808.8671875,67483.7578125,0
2021-03-01,67536.9609375,67859.90625,66138.046875,66138.046875,0
2021-03-02,68510.75,68543.8984375,67277.7421875,67536.9609375,0
2021-03-03,68326.7890625,69403.75,68226.703125,68510.75,0
2021-03-04,67743.5390625,68358.390625,67588.2109375,68326.7890625,0
2021-03-05,68271.1875,68462.3828125,67501.453125,67743.5390625,0
2021-03-08,68426.171875,68493.7265625,67922.859375,68271.1875,0
2021-03-09,68655.9609375,69021.59375,68051.921875,68426.171875,0
2021-03-10,68516.9921875,68655.9609375,67941.453125,68655.9609375,0
2021-03-11,68775.0625,68924.9921875,68516.9921875,68516.9921875,0
2021-03-12,68209.859375,68775.0625,67675.59375,68775.0625,0
2021-03-15,67566.421875,68209.859375,67566.421875,68209.859375,0
2021-03-16,67289.3671875,67842.296875,67044.5234375,67566.421875,0
2021-03-17,66494.4921875,67445.4296875,66246.6015625,67289.3671875,0
2021-03-18,66739.7421875,67516.34375,66494.4921875,66494.4921875,0
2021-03-19,65911.2734375,66739.7421875,65609.578125,66739.7421875,0
2021-03-23,65318.51953125,65911.2734375,65171.3515625,65911.2734375,0
2021-03-24,65257.08984375,65460.16015625,64248.359375,65318.51953125,0
2021-03-25,64783.62109375,65400.328125,64503.03125,65257.08984375,0
2021-03-26,66833.9921875,66861.6875,64783.62109375,64783.62109375,0
2021-03-29,67089.3671875,67430.1171875,66576.328125,66833.9921875,0
2021-03-30,67291.65625,67340.0625,66773.328125,67089.3671875,0
2021-03-31,66485.2890625,67323.921875,66384.1875,67291.65625,0
2021-04-01,67236.3125,67523.3203125,66485.2890625,66485.2890625,0
2021-04-06,68063.890625,68092.8671875,67236.3125,67236.3125,0
2021-04-07,67160.421875,68132.1796875,67050.7265625,68063.890625,0
2021-04-08,67053.96875,67976.7734375,66953.078125,67160.421875,0
2021-04-09,67191.2734375,67241.7109375,66886.890625,67053.96875,0
2021-04-12,66390.0234375,67191.2734375,66257.2421875,67191.2734375,0
2021-04-13,67072.4921875,67150.3515625,66291.78125,66390.0234375,0
2021-04-14,67812.1484375,67839.5625,67072.4921875,67072.4921875,0
2021-04-15,67823.09375,68104.7421875,67682.7265625,67812.1484375,0
2021-04-16,68698.78125,68741.828125,67823.09375,67823.09375,0
2021-04-19,68094.28125,68802.6875,68094.28125,68698.78125,0
2021-04-20,66835.5234375,68106.71875,66786.4765625,68094.28125,0
2021-04-21,67145.75,67227.171875,66427.453125,66835.5234375,0
2021-04-22,66971.59375,67395.21875,66803.6875,67145.75,0
2021-04-23,67295.7421875,67295.7421875,66789.4609375,66971.59375,0
2021-04-26,67572.578125,67594.421875,67266.609375,67295.7421875,0
2021-04-28,67740.109375,67983.7265625,67444.40625,67572.578125,0
2021-04-29,67392.7265625,68188.1875,67361.078125,67740.109375,0
2021-04-30,66937,67420.1875,66667.03125,67392.7265625,0
2021-05-03,66586.2421875,67101.640625,66320.9609375,66937,0
2021-05-04,66173.96875,67183.5234375,65969.09375,66586.2421875,0
2021-05-05,67346.1875,67400.46875,66173.96875,66173.96875,0
2021-05-06,67608.890625,67687.9609375,67050.703125,67346.1875,0
2021-05-07,68519.53125,68664.359375,67608.890625,67608.890625,0
2021-05-10,68377.2265625,69043.1015625,68373.640625,68519.53125,0
2021-05-11,67241.203125,68377.2265625,66993.578125,68377.2265625,0
2021-05-12,67424.2734375,68402.9765625,67241.203125,67241.203125,0
2021-05-13,66168.6484375,67424.2734375,65362.26171875,67424.2734375,0
2021-05-14,66598.1328125,66635.7109375,66090.9375,66168.6484375,0
2021-05-17,67217.109375,67373.6171875,66590.34375,66598.1328125,0
2021-05-18,67254.921875,67989.7734375,67057.8828125,67217.109375,0
2021-05-19,65855.8125,67254.921875,65722.6875,67254.921875,0
2021-05-20,66124.4375,66423.203125,65757.171875,65855.8125,0
2021-05-21,66238.9296875,66771.34375,66124.4375,66124.4375,0
2021-05-24,66054.921875,66493.1328125,65940.2578125,66238.9296875,0
2021-05-25,66076.6796875,66812.453125,66022.9765625,66054.921875,0
2021-05-26,66108.2265625,66446.3671875,66030.3515625,66076.6796875,0
2021-05-27,66940.25,66940.25,66102.546875,66108.2265625,0
2021-05-28,67554.859375,67726.5625,66794.609375,66940.25,0
2021-05-31,67964.0390625,68140.8515625,67554.859375,67554.859375,0
2021-06-01,68922.859375,69141.109375,67964.0390625,67964.0390625,0
2021-06-02,69049.0390625,69278.046875,68905.53125,68922.859375,0
2021-06-03,67791.3828125,69049.0390625,67614.1015625,69049.0390625,0
2021-06-04,67825.0234375,68247.34375,67636.2265625,67791.3828125,0
2021-06-07,67575.421875,67825.0234375,67179.0703125,67825.0234375,0
2021-06-08,67644.84375,67927.1171875,67435.90625,67575.421875,0
2021-06-09,67681.46875,67726.3984375,67356.2265625,67644.84375,0
2021-06-10,67542.84375,68062.28125,67460.671875,67681.46875,0
2021-06-11,67723.90625,67861.8203125,67438.609375,67542.84375,0
2021-06-14,67941.4765625,68228.53125,67644.75,67723.90625,0
2021-06-15,67310.5703125,68010.6171875,67110.390625,67941.4765625,0
2021-06-17,66585.4765625,67310.5703125,66504.2265625,67310.5703125,0
2021-06-18,65635.2265625,66593.9296875,65635.2265625,66585.4765625,0
2021-06-21,65563.4765625,65725.578125,65078.44140625,65635.2265625,0
2021-06-22,65551.7265625,65873.3984375,65362.48828125,65563.4765625,0
2021-06-23,65819.6328125,66124.8125,65546.6875,65551.7265625,0
2021-06-24,66263.4921875,66358.46875,65574.8203125,65819.6328125,0
2021-06-25,66215.46875,66595.40625,66088.1328125,66263.4921875,0
2021-06-28,65809.3515625,66240.0390625,65737.7265625,66215.46875,0
2021-06-29,66548.7109375,66829.9375,65763.8828125,65809.3515625,0
2021-06-30,66248.7421875,66660.453125,66108.8984375,66548.7109375,0
2021-07-01,66555.78125,66807.359375,66069.3671875,66248.7421875,0
2021-07-02,66323.7578125,66945.9765625,66259.46875,66555.78125,0
2021-07-05,66166.859375,66323.7578125,65638.953125,66323.7578125,0
2021-07-06,65849.75,66471.328125,65831.2734375,66166.859375,0
2021-07-07,66806.359375,66967.1171875,65849.75,65849.75,0
2021-07-08,65243.5,66806.359375,65136.1796875,66806.359375,0
2021-07-09,66385.5703125,66399.71875,65243.5,65243.5,0
2021-07-12,67293.328125,67293.328125,65881.6328125,66385.5703125,0
2021-07-13,67088.2734375,67605.796875,66828.5,67293.328125,0
2021-07-14,67897.6015625,68314.0703125,66984.03125,67088.2734375,0
2021-07-15,67538.609375,67991.703125,67313.671875,67897.6015625,0
2021-07-16,66529.53125,67702.6484375,66293.328125,67538.609375,0
2021-07-19,64804.73828125,66529.53125,64556.671875,66529.53125,0
2021-07-20,65724.6796875,65724.6796875,64804.73828125,64804.73828125,0
2021-07-21,66558.4609375,66694.2734375,65693.171875,65724.6796875,0
2021-07-22,67404.2734375,67479.7578125,66558.4609375,66558.4609375,0
2021-07-23,68063.703125,68266.1484375,67404.2734375,67404.2734375,0
2021-07-26,68051.046875,68312.9921875,67530.59375,68063.703125,0
2021-07-27,67340.71875,68051.046875,66902.8984375,68051.046875,0
2021-07-28,68525.5390625,68525.5390625,66946.6484375,67340.71875,0
2021-07-29,69565.2265625,69761.3828125,68525.5390625,68525.5390625,0
2021-07-30,68970.78125,69565.2265625,68534.109375,69565.2265625,0
2021-08-02,68822.75,69584.6015625,68822.75,68970.78125,0
2021-08-03,68705.7265625,68841.2734375,68337.703125,68822.75,0
2021-08-04,68898.0390625,69281.84375,68639.640625,68705.7265625,0
2021-08-05,68371.2265625,68898.0390625,68371.2265625,68898.0390625,0
2021-08-06,68673.953125,68819.953125,68371.2265625,68371.2265625,0
2021-08-10,69602.0390625,69724.3828125,68673.953125,68673.953125,0
2021-08-11,69617.15625,69813.78125,69361.078125,69602.0390625,0
2021-08-12,69401.953125,69617.15625,69025.796875,69617.15625,0
2021-08-13,69384.7578125,69557.3203125,69215.2890625,69401.953125,0
2021-08-16,68824.703125,69384.7578125,68634.609375,69384.7578125,0
2021-08-17,68939.84375,69490.390625,68673.6328125,68824.703125,0
2021-08-18,67905.6796875,69136.1484375,67720.859375,68939.84375,0
2021-08-19,66113.4765625,67905.6796875,65883.3515625,67905.6796875,0
2021-08-20,66011.0625,66660.359375,65677.5078125,66113.4765625,0
2021-08-23,66829.2109375,67002.2578125,66011.0625,66011.0625,0
2021-08-24,67451.5390625,67622.859375,66829.2109375,66829.2109375,0
2021-08-25,67452.859375,67496.4375,67169.3125,67451.5390625,0
2021-08-26,67068.7421875,67452.859375,66977.046875,67452.859375,0
2021-08-27,67646.078125,67659.390625,67065.9609375,67068.7421875,0
2021-08-30,67064.6875,67764.921875,67042.3671875,67646.078125,0
2021-08-31,67427.9296875,67645.3984375,67064.6875,67064.6875,0
2021-09-01,66976.046875,67893.7109375,66859.578125,67427.9296875,0
2021-09-02,66654.2421875,66976.046875,66357.1484375,66976.046875,0
2021-09-03,66371.8515625,66972.8125,66188.140625,66654.2421875,0
2021-09-06,66253.796875,66752.7578125,66020.2109375,66371.8515625,0
2021-09-07,66514.90625,66698.7734375,66253.796875,66253.796875,0
2021-09-08,65525.3515625,66514.90625,65445.6796875,66514.90625,0
2021-09-09,64176.53125,65525.3515625,63993.80078125,65525.3515625,0
2021-09-10,64296.05859375,64682.48046875,64176.53125,64176.53125,0
2021-09-13,64652.3203125,64841.390625,64055.7109375,64296.05859375,0
2021-09-14,64300.4609375,64652.3203125,63929.69140625,64652.3203125,0
2021-09-15,64385.12890625,64470.48828125,63840.8984375,64300.4609375,0
2021-09-16,63313.75,64385.12890625,63148.921875,64385.12890625,0
2021-09-17,62863.640625,63628.828125,62863.640625,63313.75,0
2021-09-20,61453.421875,62863.640625,60894.30078125,62863.640625,0
2021-09-21,62362.1796875,62660.4609375,61453.421875,61453.421875,0
2021-09-22,63353.05078125,63559.6015625,62362.1796875,62362.1796875,0
2021-09-23,64049.05078125,64086.96875,63353.05078125,63353.05078125,0
2021-09-27,64197.359375,64664.8515625,64049.05078125,64049.05078125,0
2021-09-28,63784.41015625,64330.98828125,63551.6484375,64197.359375,0
2021-09-29,64363.66015625,64363.66015625,63730.2890625,63784.41015625,0
2021-09-30,64281.76953125,64726.30078125,64278.05078125,64363.66015625,0
2021-10-01,63661.01953125,64281.76953125,63617.390625,64281.76953125,0
2021-10-04,64129,64303.4296875,63463.8203125,63661.01953125,0
2021-10-05,64542.87109375,64574.28125,63956.8515625,64129,0
2021-10-06,63987.01953125,64542.87109375,63442.83984375,64542.87109375,0
2021-10-07,65157.75,65250.80078125,63987.01953125,63987.01953125,0
2021-10-08,65242.609375,65610.390625,65113.359375,65157.75,0
2021-10-11,66101.0390625,66375.0703125,65242.609375,65242.609375,0
2021-10-12,65988.1171875,66180.3828125,65498.03125,66101.0390625,0
2021-10-13,66012.78125,66012.78125,65534.1015625,65988.1171875,0
2021-10-14,66846.171875,66928.390625,66012.78125,66012.78125,0
2021-10-15,67028.859375,67226.25,66837.890625,66846.171875,0
2021-10-18,66792.1015625,67176.8515625,66703.828125,67028.859375,0
2021-10-19,66776.1484375,67249.15625,66675.7265625,66792.1015625,0
2021-10-20,66894.7890625,66949.6171875,66347.9765625,66776.1484375,0
2021-10-21,66057.578125,66894.7890625,65942.7109375,66894.7890625,0
2021-10-22,67050.5234375,67201.84375,66057.578125,66057.578125,0
2021-10-25,66980.453125,67323.890625,66937.078125,67050.5234375,0
2021-10-26,67615.3125,67774.2265625,66879.9375,66980.453125,0
2021-10-27,67475.09375,67615.4375,67159.859375,67615.3125,0
2021-10-28,67759.7578125,68015.4609375,67475.09375,67475.09375,0
2021-10-29,67464.6875,67975.640625,67338.6015625,67759.7578125,0
2021-11-02,67782.203125,68079.8515625,67464.6875,67464.6875,0
2021-11-03,68587.2734375,68587.2734375,67782.203125,67782.203125,0
2021-11-04,68156.2109375,69105.6015625,68156.2109375,68587.2734375,0
2021-11-05,67825.34375,68712.9609375,67738.7578125,68156.2109375,0
2021-11-08,68049.34375,68264.1484375,67656.6328125,67825.34375,0
2021-11-09,67983.203125,68292.7265625,67710.84375,68049.34375,0
2021-11-10,68279.3984375,68478.703125,67648.7421875,67983.203125,0
2021-11-11,69131.5625,69322.3828125,68279.3984375,68279.3984375,0
2021-11-12,69921.3671875,69995.3984375,69131.5625,69131.5625,0
2021-11-15,70090.5390625,70327.046875,69638.921875,69921.3671875,0
2021-11-16,70938.40625,71049.0703125,70090.5390625,70090.5390625,0
2021-11-17,70942.34375,71447.7109375,70886.2578125,70938.40625,0
2021-11-18,70866.5703125,71084.15625,70638.53125,70942.34375,0
2021-11-19,70376.421875,71292.25,70104.1484375,70866.5703125,0
2021-11-22,70865.8515625,70990.7265625,70376.421875,70376.421875,0
2021-11-23,71015.3984375,71079.4921875,70422.359375,70865.8515625,0
2021-11-24,70558.890625,71235.2109375,70264.71875,71015.3984375,0
2021-11-25,70554.6796875,70929.6328125,70389.5,70558.890625,0
2021-11-26,68614.9765625,70554.6796875,68523.6875,70554.6796875,0
2021-11-29,70008.5390625,70287.546875,68614.9765625,68614.9765625,0
2021-11-30,70475.0234375,70639.328125,69537.828125,70008.5390625,0
2021-12-01,71198.078125,71251.421875,70475.0234375,70475.0234375,0
2021-12-02,71020.7578125,71512.546875,70651.3125,71198.078125,0
2021-12-03,70807.6015625,71579.0625,70807.6015625,71020.7578125,0
2021-12-06,71016.6328125,71242.4375,70763.90625,70807.6015625,0
2021-12-07,72939.25,72954.8671875,71016.6328125,71016.6328125,0
2021-12-08,72403.8828125,73048.0625,72203.5078125,72939.25,0
2021-12-09,72207.640625,72577.34375,71935.796875,72403.8828125,0
2021-12-10,71686.328125,72345.3984375,71664.7109375,72207.640625,0
2021-12-13,71429.8828125,72429.546875,71401.5,71686.328125,0
2021-12-14,71544.8203125,71765.296875,71264.2109375,71429.8828125,0
2021-12-15,71467.171875,72082.078125,71354.3203125,71544.8203125,0
2021-12-17,71203.1328125,72357.2265625,71203.1328125,71467.171875,0
2021-12-20,70087.6328125,71203.1328125,69473.671875,71203.1328125,0
2021-12-21,71119.359375,71341.203125,70087.6328125,70087.6328125,0
2021-12-22,71359.0390625,71642.2734375,71092.140625,71119.359375,0
2021-12-23,71684.1015625,72052.609375,71359.0390625,71359.0390625,0
2021-12-24,71570.640625,71859.5390625,71570.640625,71684.1015625,0
2021-12-28,72444.5234375,72599.4765625,71568.4296875,71570.640625,0
2021-12-29,73238.0078125,73285.03125,72311.65625,72444.5234375,0
2021-12-30,73786.453125,73822.9296875,73238.0078125,73238.0078125,0
2021-12-31,73709.390625,73881.5625,73419.8203125,73786.453125,0
2022-01-03,73722.6015625,74290.9296875,73638.71875,73709.390625,0
2022-01-04,75052.0625,75052.0625,73722.6015625,73722.6015625,0
2022-01-05,75060.921875,75084.140625,74508.9765625,75052.0625,0
2022-01-06,74165.25,75060.921875,74025.5,75060.921875,0
2022-01-07,73939.7109375,74348.6796875,73757.28125,74165.25,0
2022-01-10,73830.46875,74405.1484375,73830.46875,73939.7109375,0
2022-01-11,73971.4296875,74522.0625,73830.46875,73830.46875,0
2022-01-12,75884.75,75897.4921875,73971.4296875,73971.4296875,0
2022-01-13,75925.546875,75925.546875,75330.6015625,75884.75,0
2022-01-14,75160.2109375,75925.546875,74950.5078125,75925.546875,0
2022-01-17,75593.46875,75609.703125,75111.6875,75160.2109375,0
2022-01-18,74955.65625,75593.46875,74606.0234375,75593.46875,0
2022-01-19,76176.1484375,76176.1484375,74955.65625,74955.65625,0
2022-01-20,76233.2578125,76771.078125,75759.1171875,76176.1484375,0
2022-01-21,74834.5234375,76233.2578125,74651.3203125,76233.2578125,0
2022-01-24,72164.0234375,74834.5234375,72164.0234375,74834.5234375,0
2022-01-25,72314.8125,73137.21875,72164.0234375,72164.0234375,0
2022-01-26,73797.328125,73863.171875,72314.8125,72314.8125,0
2022-01-27,73504.0390625,73797.328125,72244.078125,73797.328125,0
2022-01-28,73454.9609375,74015.15625,72856.6171875,73504.0390625,0
2022-01-31,74304.5625,74905.7109375,73454.9609375,73454.9609375,0
2022-02-01,74889.171875,75258.453125,74304.5625,74304.5625,0
2022-02-02,75190.7421875,75672.046875,74889.171875,74889.171875,0
2022-02-03,75021.671875,75777.8125,75006.65625,75190.7421875,0
2022-02-04,75206,75528.46875,74766.3828125,75021.671875,0
2022-02-07,75679.5625,75851.171875,75101.328125,75206,0
2022-02-08,76090.5234375,76583.1328125,75679.5625,75679.5625,0
2022-02-09,76690.921875,77050.78125,76090.5234375,76090.5234375,0
2022-02-10,76585.1875,77206.46875,76159.28125,76690.921875,0
2022-02-11,76382.953125,76585.1875,75659.6015625,76585.1875,0
2022-02-14,75765.15625,76529.2109375,75495.9609375,76382.953125,0
2022-02-15,75853.15625,76397.359375,75708.078125,75765.15625,0
2022-02-16,76502.59375,76752.1015625,75853.15625,75853.15625,0
2022-02-17,76154.6875,76919.0078125,75974.1171875,76502.59375,0
2022-02-18,76368.34375,76461.7578125,75922.3671875,76154.6875,0
2022-02-21,75528.4609375,76708.8828125,75464.8203125,76368.34375,0
2022-02-22,75653.84375,75653.84375,74235.390625,75528.4609375,0
2022-02-23,74987.046875,75653.84375,74769.0625,75653.84375,0
2022-02-24,73697.109375,74987.046875,73350.3125,74987.046875,0
2022-02-25,74205.6875,74251.796875,73389.90625,73697.109375,0
2022-02-28,76090.5078125,76090.5078125,74205.6875,74205.6875,0
2022-03-01,77110.6875,77306.890625,76090.5078125,76090.5078125,0
2022-03-02,77536.1171875,77728.296875,76852.109375,77110.6875,0
2022-03-03,77390.8515625,78297.3828125,77339.203125,77536.1171875,0
2022-03-04,74734.3671875,77390.8515625,74015.3671875,77390.8515625,0
2022-03-07,73295.8828125,74793.34375,73295.8828125,74734.3671875,0
2022-03-08,72398.6171875,73295.8828125,72060.671875,73295.8828125,0
2022-03-09,72684.8203125,73382.8125,72398.6171875,72398.6171875,0
2022-03-10,73889.40625,73889.40625,72684.8203125,72684.8203125,0
2022-03-11,73685.890625,74680.78125,73667.609375,73889.40625,0
2022-03-14,71903.71875,73685.890625,71470.671875,73685.890625,0
2022-03-15,70628.203125,71903.71875,69556.9921875,71903.71875,0
2022-03-16,73484.296875,73484.296875,70628.203125,70628.203125,0
2022-03-17,74124.2734375,74437.53125,73484.296875,73484.296875,0
2022-03-18,74847.6328125,74921.53125,74124.2734375,74124.2734375,0
2022-03-22,75751.40625,75998.96875,74847.6328125,74847.6328125,0
2022-03-23,74838.09375,76084.609375,74781.7421875,75751.40625,0
2022-03-24,74349.9375,75408.2421875,74304.8203125,74838.09375,0
2022-03-25,74324.671875,74642.21875,74111.0390625,74349.9375,0
2022-03-28,74194.3515625,74608.078125,73949.296875,74324.671875,0
2022-03-29,74776.390625,75001.4375,74194.3515625,74194.3515625,0
2022-03-30,75425.3125,75425.3125,74606.3984375,74776.390625,0
2022-03-31,75497.1484375,75518.9609375,74766.140625,75425.3125,0
2022-04-01,75907.8984375,75959.9609375,74758.7734375,75497.1484375,0
2022-04-04,75835.0703125,76361.421875,75822.9609375,75907.8984375,0
2022-04-05,75286.609375,75835.21875,75097.171875,75835.21875,0
2022-04-06,74359.03125,75290.640625,74028.75,75286.609375,0
2022-04-07,74008.0703125,74403.5390625,73792.5625,74359.03125,0
2022-04-08,74776.109375,74911.40625,74008.0703125,74008.0703125,0
2022-04-11,74426.3984375,74776.109375,74157.078125,74776.109375,0
2022-04-12,73801.8828125,74468.046875,73405.09375,74426.3984375,0
2022-04-13,73128.6484375,74003.796875,72924.7109375,73801.8828125,0
2022-04-14,73382.828125,73753.3828125,73128.6484375,73128.6484375,0
2022-04-19,73830.2734375,74108.9375,73382.828125,73382.828125,0
2022-04-20,73783.4296875,74205.4765625,73480.828125,73830.2734375,0
2022-04-21,73350.9375,73899.859375,73181.640625,73783.4296875,0
2022-04-22,72264.8984375,73350.9375,72238.9921875,73350.9375,0
2022-04-25,69750.671875,72264.8984375,69692.6015625,72264.8984375,0
2022-04-26,70264.109375,70995.171875,69750.671875,69750.671875,0
2022-04-28,71534.5703125,71613.578125,70264.109375,70264.109375,0
2022-04-29,72438.25,73130.40625,71534.5703125,71534.5703125,0
2022-05-03,71338.9921875,72438.25,71296.640625,72438.25,0
2022-05-04,70357.578125,71338.9921875,70110.2890625,71338.9921875,0
2022-05-05,69682.6484375,71082.5078125,69682.6484375,70357.578125,0
2022-05-06,67978.140625,69682.6484375,67256.71875,69682.6484375,0
2022-05-09,66769.1171875,67978.140625,66481.3828125,67978.140625,0
2022-05-10,66966.7265625,67741.5703125,66769.1171875,66769.1171875,0
2022-05-11,68416.40625,68489.5078125,66820.5625,66966.7265625,0
2022-05-12,67251.890625,68416.40625,65954.359375,68416.40625,0
2022-05-13,68650.65625,68650.65625,67250.1328125,67251.890625,0
2022-05-16,69211.7578125,69269.3828125,68407.4375,68650.65625,0
2022-05-17,69696.390625,70384.40625,69211.7578125,69211.7578125,0
2022-05-18,69083.4375,70017.421875,68977.6484375,69696.390625,0
2022-05-19,68245.84375,69083.4375,67512.3515625,69083.4375,0
2022-05-20,67575.28125,69217.6484375,67575.28125,68245.84375,0
2022-05-23,68367.3671875,68798.0703125,67575.28125,67575.28125,0
2022-05-24,67690.71875,68367.3671875,67491.28125,68367.3671875,0
2022-05-25,67585.25,68227.7421875,66820.0390625,67690.71875,0
2022-05-26,69483.7578125,69573.3125,67585.25,67585.25,0
2022-05-27,70485.4609375,70607.7109375,69423.3671875,69483.7578125,0
2022-05-30,71958.1484375,72063.859375,70485.4609375,70485.4609375,0
2022-05-31,72094.8671875,72289.8828125,71620.2734375,71958.1484375,0
2022-06-01,70849.3828125,72094.8671875,70567.0390625,72094.8671875,0
2022-06-02,71035,71334.6328125,70849.3828125,70849.3828125,0
2022-06-03,70920.453125,71752.671875,70920.453125,71035,0
2022-06-06,71120.09375,71460.8203125,70830.6171875,70920.453125,0
2022-06-07,70318.2265625,71120.09375,69780.65625,71120.09375,0
2022-06-08,69950.2109375,70706.46875,69879.578125,70318.2265625,0
2022-06-09,68910.796875,70460.7421875,68910.796875,69950.2109375,0
2022-06-10,67803.5078125,68910.796875,67703.1328125,68910.796875,0
2022-06-13,66381.03125,67803.5078125,65961.65625,67803.5078125,0
2022-06-14,65683.5234375,66909.859375,65559.3671875,66381.03125,0
2022-06-15,67502.09375,67544.5078125,65225.94921875,65683.5234375,0
2022-06-17,65390.87890625,67502.09375,65390.87890625,67502.09375,0
2022-06-20,66350.3125,66692.7265625,65390.87890625,65390.87890625,0
2022-06-21,66747.2265625,67508.53125,66350.3125,66350.3125,0
2022-06-22,65712.6796875,66747.2265625,65191.1015625,66747.2265625,0
2022-06-23,65295.421875,65784.96875,64744.53125,65712.6796875,0
2022-06-24,66348.75,66373.2265625,65207,65295.421875,0
2022-06-27,67826.78125,68360.40625,66348.75,66348.75,0
2022-06-28,68058.1171875,68686.6484375,67826.78125,67826.78125,0
2022-06-29,67747.40625,68058.1171875,67139.9609375,68058.1171875,0
2022-06-30,66223.3125,67747.40625,66223.3125,67747.40625,0
2022-07-01,65661.7265625,66635.3203125,65452.83984375,66223.3125,0
2022-07-04,67024.8203125,67417.8203125,65661.7265625,65661.7265625,0
2022-07-05,65005.80859375,67092.5,64719.98828125,67024.8203125,0
2022-07-06,65756.359375,66278.8828125,65005.80859375,65005.80859375,0
2022-07-07,67909.2890625,67971.7109375,65756.359375,65756.359375,0
2022-07-08,68327.3984375,68491.3671875,67089.2578125,67909.2890625,0
2022-07-11,67226.75,68327.3984375,66615.5390625,68327.3984375,0
2022-07-12,67163.7109375,67226.75,66619.8671875,67226.75,0
2022-07-13,66142.6875,67163.7109375,65345.53125,67163.7109375,0
2022-07-14,64712.87890625,66381.171875,64348.2890625,66142.6875,0
2022-07-15,65088.8984375,65306.6015625,64118.05078125,64712.87890625,0
2022-07-18,67016.140625,67177.28125,65088.8984375,65088.8984375,0
2022-07-19,67785.0390625,67797.4765625,66418.328125,67016.140625,0
2022-07-20,67652.4609375,68528.65625,67093.0078125,67785.0390625,0
2022-07-21,67907.2421875,68099.3828125,67053.6484375,67652.4609375,0
2022-07-22,68069.578125,68437.8515625,67907.2421875,67907.2421875,0
2022-07-25,67749.7890625,68252.6171875,67322.3671875,68069.578125,0
2022-07-26,68421.796875,68458.25,67749.7890625,67749.7890625,0
2022-07-27,68424.96875,68693.25,68217.7734375,68421.796875,0
2022-07-28,68610.75,69464.7265625,68424.96875,68424.96875,0
2022-07-29,68934.0078125,69176.4375,68478.140625,68610.75,0
2022-08-01,68642.59375,69424.796875,68263.3515625,69016.4609375,0
2022-08-02,68002.2265625,68642.59375,67501.7265625,68642.59375,0
2022-08-03,68610.5703125,69107.9921875,68002.2265625,68002.2265625,0
2022-08-04,68717.0234375,69461.1015625,68610.5703125,68610.5703125,0
2022-08-05,69519.2734375,69645.7734375,68717.0234375,68717.0234375,0
2022-08-08,70266.1328125,70480.3984375,69308.140625,69519.2734375,0
2022-08-10,69744.8984375,70266.1328125,69279.1875,70266.1328125,0
2022-08-11,71264.7734375,71399.609375,69744.8984375,69744.8984375,0
2022-08-12,70731.3203125,71305.0390625,70731.3203125,71264.7734375,0
2022-08-15,70740.6328125,71159.2421875,70629.78125,70731.3203125,0
2022-08-16,71504.6875,71563.0078125,70740.6328125,70740.6328125,0
2022-08-17,70967.3515625,71504.6875,70742.3515625,71504.6875,0
2022-08-18,71011.3828125,71238.6171875,70817.6171875,70967.3515625,0
2022-08-19,69719.4296875,71081.59375,69594.84375,71011.3828125,0
2022-08-22,69195.6015625,69719.4296875,68705.84375,69719.4296875,0
2022-08-23,69772.2734375,70032.640625,69123.1484375,69195.6015625,0
2022-08-24,69808.7109375,70106.3125,69520.4921875,69772.2734375,0
2022-08-25,70340.703125,70592.796875,69808.7109375,69808.7109375,0
2022-08-26,70173.09375,71054.8671875,70062.671875,70340.703125,0
2022-08-29,69207.0234375,70173.09375,68627.9609375,70173.09375,0
2022-08-30,67900.4765625,69548.6171875,67689.4296875,69207.0234375,0
2022-08-31,67257.140625,68636.4609375,67257.140625,67900.4765625,0
2022-09-01,66021.7109375,67257.140625,65830.5,67257.140625,0
2022-09-02,67378.3125,67409.3125,66021.7109375,66021.7109375,0
2022-09-05,67399.390625,67723.328125,66846.0703125,67378.3125,0
2022-09-06,67538.7734375,67954.0703125,67143.53125,67399.390625,0
2022-09-07,66715.828125,67538.7734375,66313.2890625,67538.7734375,0
2022-09-08,67260.2265625,67524.7421875,66596.8671875,66715.828125,0
2022-09-09,68708.4765625,69221.421875,67260.2265625,67260.2265625,0
2022-09-12,69772.40625,70064.6875,68708.4765625,68708.4765625,0
2022-09-13,68273.7109375,69866.5,68128.640625,69772.40625,0
2022-09-14,67964.0234375,68273.7109375,67435.5390625,68273.7109375,0
2022-09-15,67568.2578125,68478.3125,67555.828125,67964.0234375,0
2022-09-16,66584.34375,67568.2578125,66334.3203125,67568.2578125,0
2022-09-19,66474.859375,66584.34375,65540.15625,66584.34375,0
2022-09-20,66602.84375,67439.109375,66425.9375,66474.859375,0
2022-09-21,66208.7109375,66602.84375,65893.15625,66602.84375,0
2022-09-22,65276.96875,66208.7109375,65190.98828125,66208.7109375,0
2022-09-23,63416.66015625,65276.96875,63267.05078125,65276.96875,0
2022-09-26,63625.66015625,63786.98046875,62646.37109375,63416.66015625,0
2022-09-27,64025.94921875,64218.359375,63371.26953125,63625.66015625,0
2022-09-28,63808.3203125,64025.94921875,62193.9296875,64025.94921875,0
2022-09-29,63263.94140625,63945.4296875,62598.87109375,63808.3203125,0
2022-09-30,63726.37109375,63970.80859375,63261.05859375,63263.94140625,0
2022-10-03,64227.23046875,64312.55859375,63280.33984375,63726.37109375,0
2022-10-04,66312.828125,66312.828125,64227.23046875,64227.23046875,0
2022-10-05,65612.7578125,66456.390625,65387.75,66312.828125,0
2022-10-06,65832.671875,66562.1015625,65612.7578125,65612.7578125,0
2022-10-07,65675.4765625,65924.4609375,65217,65832.671875,0
2022-10-10,64769.19921875,65675.4765625,64552.01953125,65675.4765625,0
2022-10-11,64588.08984375,65146.5,64121.2890625,64769.19921875,0
2022-10-12,64528.23046875,65023.37890625,64319.94140625,64588.08984375,0
2022-10-13,64392.4296875,64808.0390625,63662.87890625,64528.23046875,0
2022-10-14,64271.359375,65774.421875,64082.3984375,64392.4296875,0
2022-10-17,66190.75,66262.75,64149.01171875,64271.359375,0
2022-10-18,66350.9765625,66902.2734375,66187.8125,66190.75,0
2022-10-19,65652.5,66350.9765625,65175.87890625,66350.9765625,0
2022-10-20,65794.28125,65869.4375,64854.3203125,65652.5,0
2022-10-21,65539.2421875,66015.75,64705.8203125,65794.28125,0
2022-10-24,64975.94921875,65823.8515625,64662.9609375,65539.2421875,0
2022-10-25,65850.84375,66023.6875,64975.94921875,64975.94921875,0
2022-10-26,67103.09375,67103.09375,65850.84375,65850.84375,0
2022-10-27,67123.40625,67371.78125,66641.578125,67103.09375,0
2022-10-28,66385.578125,67123.40625,65799.5234375,67123.40625,0
2022-10-31,66671.6484375,66843.109375,66385.578125,66385.578125,0
2022-11-01,67414.2734375,68210.9609375,66671.6484375,66671.6484375,0
2022-11-02,67123.1015625,67913.6015625,66990.640625,67414.2734375,0
2022-11-03,66046.6484375,67123.1015625,65609.546875,67123.1015625,0
2022-11-04,69305.1875,69437.1328125,66046.6484375,66046.6484375,0
2022-11-07,69439.3203125,69658.96875,68562.828125,69305.1875,0
2022-11-08,69011.453125,69439.3203125,68690.8984375,69439.3203125,0
2022-11-09,69640.2265625,69700.9765625,68957.53125,69011.453125,0
2022-11-10,70710.2734375,70720.0625,68654.3515625,69640.2265625,0
2022-11-11,72982.796875,73435.53125,70710.2734375,70710.2734375,0
2022-11-14,72822.46875,73258.078125,72766.65625,72982.796875,0
2022-11-15,72998.6875,73489.0078125,72702.9765625,72822.46875,0
2022-11-16,72607.4609375,73487.9609375,72607.4609375,72998.6875,0
2022-11-17,72155.2890625,72774.46875,71834.640625,72607.4609375,0
2022-11-18,72576.859375,72929.328125,72155.2890625,72155.2890625,0
2022-11-21,71938.0078125,72576.859375,71686.03125,72576.859375,0
2022-11-22,72242.328125,72436.9765625,71359.5078125,71938.0078125,0
2022-11-23,72891.453125,73028.7890625,72242.328125,72242.328125,0
2022-11-24,73127.34375,73426.4765625,72741.3203125,72891.453125,0
2022-11-25,73151.3828125,73446.34375,72484.328125,73127.34375,0
2022-11-28,73368.25,73524.46875,72539.96875,73151.3828125,0
2022-11-29,73127.921875,74207.78125,72811.671875,73368.25,0
2022-11-30,74828,75093.640625,73070.8125,73127.921875,0
2022-12-01,75020.0078125,76338.1484375,74828,74828,0
2022-12-02,74322.90625,75020.0078125,73356.9296875,75020.0078125,0
2022-12-05,74693.421875,75511.3984375,74322.90625,74322.90625,0
2022-12-06,74557.3125,74961.03125,74215.4375,74693.421875,0
2022-12-07,74011.1171875,74557.3125,73619.90625,74557.3125,0
2022-12-08,74467.2578125,74628.1328125,73947.2265625,74011.1171875,0
2022-12-09,74548.140625,75035.65625,74448.8515625,74467.2578125,0
2022-12-12,74422.1796875,74773.296875,73554.2421875,74548.140625,0
2022-12-13,75835.453125,76172.90625,74315.5625,74422.1796875,0
2022-12-14,74294.671875,75835.453125,74049.25,75835.453125,0
2022-12-15,72989.34375,74294.671875,72785.8515625,74294.671875,0
2022-12-19,73359.6015625,73588.609375,72572,72989.34375,0
2022-12-20,73040.5078125,73359.6015625,71826.46875,73359.6015625,0
2022-12-21,73836.90625,73836.90625,72938.7734375,73040.5078125,0
2022-12-22,73225.1328125,74100.1015625,73048.890625,73836.90625,0
2022-12-23,73493.46875,73577.0625,72877.34375,73225.1328125,0
2022-12-28,74277.5625,74548.890625,73493.46875,73493.46875,0
2022-12-29,73597.140625,74277.5625,72841.34375,74277.5625,0
2022-12-30,73048.5703125,73597.140625,72888.2109375,73597.140625,0
2023-01-03,74436.4765625,74612.671875,73048.5703125,73048.5703125,0
2023-01-04,74567.609375,74987.2734375,74249.0390625,74436.4765625,0
2023-01-05,75439.296875,76041.390625,74567.609375,74567.609375,0
2023-01-06,76858.9375,77069.21875,75439.296875,75439.296875,0
2023-01-09,78342.703125,78624.203125,76858.9375,76858.9375,0
2023-01-10,78000.3125,78342.703125,77597.3515625,78342.703125,0
2023-01-11,78522.1015625,78927.9609375,78000.3125,78000.3125,0
2023-01-12,78627.546875,79313.5703125,78044.25,78522.1015625,0
2023-01-13,79333.71875,79527.328125,78627.546875,78627.546875,0
2023-01-16,79167.796875,79760.3203125,79040.1796875,79333.71875,0
2023-01-17,79385.109375,79483.6328125,78886.59375,79167.796875,0
2023-01-18,79865.4765625,79981.75,78952.9765625,79385.109375,0
2023-01-19,79505.0625,79866.90625,78947.5234375,79865.4765625,0
2023-01-20,79269.7734375,80226.2578125,79002.859375,79505.0625,0
2023-01-23,80128.6328125,80358.84375,79269.7734375,79269.7734375,0
2023-01-24,80037.0078125,80647.7734375,79882.953125,80128.6328125,0
2023-01-25,79725.4609375,80471.828125,79447.46875,80037.0078125,0
2023-01-26,80508.96875,80904.7890625,79725.4609375,79725.4609375,0
2023-01-27,80791.359375,81337.953125,80508.96875,80508.96875,0
2023-01-30,80324.859375,80791.359375,79702.96875,80791.359375,0
2023-01-31,79476.6015625,80324.859375,79252.140625,80324.859375,0
2023-02-01,79816.8671875,80474.0390625,79476.6015625,79476.6015625,0
2023-02-02,79802.09375,80273.3125,79501.8984375,79816.8671875,0
2023-02-03,80240.921875,80303.4296875,79389.25,79802.09375,0
2023-02-06,79582.828125,80240.921875,79267.609375,80240.921875,0
2023-02-07,79534.21875,79713.7890625,79178.84375,79582.828125,0
2023-02-08,79975.59375,80038.5234375,79534.21875,79534.21875,0
2023-02-09,80021.09375,80400.03125,79975.59375,79975.59375,0
2023-02-10,78985.3515625,80021.09375,78730.1796875,80021.09375,0
2023-02-13,79770.2109375,79770.2109375,78859.859375,78985.3515625,0
2023-02-14,79858.0234375,80205.90625,79494.0703125,79770.2109375,0
2023-02-15,79471.7578125,80265.109375,79275.5078125,79858.0234375,0
2023-02-16,80227.1875,80530.609375,79471.7578125,79471.7578125,0
2023-02-17,79271.78125,80227.1875,79175.1171875,80227.1875,0
2023-02-20,79829.390625,79938.421875,79271.78125,79271.78125,0
2023-02-21,78811.046875,79829.390625,78613.09375,79829.390625,0
2023-02-22,78170.140625,79028.1015625,78014.9609375,78811.046875,0
2023-02-23,79010.828125,79217.7421875,78141.2890625,78170.140625,0
2023-02-24,76937.7734375,79010.828125,76831.40625,79010.828125,0
2023-02-27,77513.78125,77702.9375,76725.5078125,76937.7734375,0
2023-02-28,77733.8671875,78056.2109375,77028.6015625,77513.78125,0
2023-03-01,78631.453125,78994.1796875,77733.8671875,77733.8671875,0
2023-03-02,77547.0078125,78879.453125,77158.1484375,78631.453125,0
2023-03-03,78293.0078125,78509.8125,77547.0078125,77547.0078125,0
2023-03-06,78697.828125,78747.828125,78269.546875,78293.0078125,0
2023-03-07,78556.5390625,78936.8984375,78436.1328125,78697.828125,0
2023-03-08,77741.828125,78556.5390625,77310.859375,78556.5390625,0
2023-03-09,77664.046875,77785.5078125,76914.546875,77741.828125,0
2023-03-10,76454.359375,77664.046875,75763.6171875,77664.046875,0
2023-03-13,75502.28125,77299.3203125,74631.1015625,76454.359375,0
2023-03-14,75008.6796875,75502.28125,74250.0390625,75502.28125,0
2023-03-15,72895.5390625,75268.7421875,72534.7734375,75008.6796875,0
2023-03-16,72905.5,73670.03125,72269.1796875,72895.5390625,0
2023-03-17,72527.921875,74069.140625,72519.1875,72905.5,0
2023-03-20,74271.0625,74298.3671875,71905.796875,72527.921875,0
2023-03-22,75243.4375,75243.4375,74271.0625,74271.0625,0
2023-03-23,75585.2265625,75658.4921875,75001.9921875,75243.4375,0
2023-03-24,74695.0390625,75585.2265625,74047.1484375,75585.2265625,0
2023-03-27,75283.6796875,75542.5234375,74695.0390625,74695.0390625,0
2023-03-28,76047.34375,76437.03125,75283.6796875,75283.6796875,0
2023-03-29,76480.109375,76676.28125,75879.0390625,76047.34375,0
2023-03-30,76704.6328125,77313.078125,76424.59375,76480.109375,0
2023-03-31,76100.171875,77072.828125,76057.4921875,76704.6328125,0
2023-04-03,76614.9609375,76843.9765625,76100.171875,76100.171875,0
2023-04-04,77458.578125,77458.578125,76439.2421875,76614.9609375,0
2023-04-05,76656.421875,77458.578125,76608.140625,77458.578125,0
2023-04-06,77113.703125,77337.671875,76656.421875,76656.421875,0
2023-04-11,77990.5390625,78434.6328125,77113.703125,77113.703125,0
2023-04-12,77740.6875,78377.2265625,77646.46875,77990.5390625,0
2023-04-13,78462.7734375,78566.7890625,77740.6875,77740.6875,0
2023-04-14,78870.359375,79203.5078125,78462.7734375,78462.7734375,0
2023-04-17,78723.703125,79155.2109375,78596.4296875,78870.359375,0
2023-04-18,79294.7578125,79455.7109375,78723.703125,78723.703125,0
2023-04-19,78796.859375,79294.7578125,78257.828125,79294.7578125,0
2023-04-20,78883.2578125,79037.6484375,78440.3203125,78796.859375,0
2023-04-21,77910.9609375,78883.2578125,77869.8203125,78883.2578125,0
2023-04-24,78121.3671875,78447.8203125,77683.6796875,77910.9609375,0
2023-04-25,77891.1328125,78123.453125,77650.703125,78121.3671875,0
2023-04-26,78122.1171875,78262.03125,77283.8515625,77891.1328125,0
2023-04-28,78218.3671875,78327.09375,77273.6328125,78122.1171875,0
2023-05-02,77532.8984375,78353.9375,77393.2890625,78218.3671875,0
2023-05-03,78218.6015625,78218.6015625,77532.8984375,77532.8984375,0
2023-05-04,77271.1328125,78236.671875,77042.90625,78218.6015625,0
2023-05-05,78132.7734375,78132.7734375,77271.1328125,77271.1328125,0
2023-05-08,78572.328125,78868.7734375,78132.7734375,78132.7734375,0
2023-05-09,77776.8671875,78572.328125,77546.40625,78572.328125,0
2023-05-10,77775.0234375,78511.0625,77534.3125,77776.8671875,0
2023-05-11,76997.15625,77979.6328125,76755.1484375,77775.0234375,0
2023-05-12,78330.203125,78815.15625,76997.15625,76997.15625,0
2023-05-15,78261.6484375,78731.96875,78132.21875,78330.203125,0
2023-05-16,77973.0234375,78684.4921875,77973.0234375,78261.6484375,0
2023-05-17,78390.7421875,78390.7421875,77526.75,77973.0234375,0
2023-05-18,77667.9609375,78675.71875,77067.140625,78390.7421875,0
2023-05-19,78175.8203125,78298.078125,77667.9609375,77667.9609375,0
2023-05-22,77962.7265625,78206.140625,77900.2109375,78175.8203125,0
2023-05-23,76748.2734375,77962.7265625,76741.359375,77962.7265625,0
2023-05-24,75621.8984375,76748.2734375,75509.75,76748.2734375,0
2023-05-25,76174.609375,76531.2734375,75373.8984375,75621.8984375,0
2023-05-26,76589.5390625,76672.4921875,75584.90625,76174.609375,0
2023-05-29,76613.3515625,76843.3984375,76448.078125,76589.5390625,0
2023-05-30,75939.4609375,77179.59375,75938.40625,76613.3515625,0
2023-05-31,75067.46875,76110.6875,74826.1875,75939.4609375,0
2023-06-01,75783.25,76061.390625,75067.46875,75067.46875,0
2023-06-02,77126.0625,77417.109375,75783.25,75783.25,0
2023-06-05,76602.84375,77126.0625,76372.46875,77126.0625,0
2023-06-06,76840.109375,76840.109375,76056.296875,76602.84375,0
2023-06-07,77125.8515625,77474.8203125,76640.859375,76840.109375,0
2023-06-08,77015.2109375,77355.1171875,76671.640625,77125.8515625,0
2023-06-09,76936.109375,77282.8515625,76715.078125,77015.2109375,0
2023-06-12,76282.1328125,77136.0703125,76185.796875,76936.109375,0
2023-06-13,77827.7265625,77869.6875,76282.1328125,76282.1328125,0
2023-06-14,78060.21875,78200.8984375,77706.640625,77827.7265625,0
2023-06-15,78531.8125,78595.25,77416.2890625,78060.21875,0
2023-06-19,78014.3515625,78531.8125,77613.578125,78531.8125,0
2023-06-20,76769.21875,78014.3515625,76744.8203125,78014.3515625,0
2023-06-21,75629.8828125,76769.21875,75504.109375,76769.21875,0
2023-06-22,75105.7890625,75629.8828125,74807.828125,75629.8828125,0
2023-06-23,74402.8984375,75125.546875,73805.296875,75105.7890625,0
2023-06-26,74265.0390625,74680.7421875,74006.6328125,74402.8984375,0
2023-06-27,74543.4765625,75182.2265625,74159.9375,74265.0390625,0
2023-06-28,74831.109375,75168.8515625,74542.8203125,74543.4765625,0
2023-06-29,74892.5078125,75006.1171875,74548.2109375,74831.109375,0
2023-06-30,76027.828125,76223.09375,74875.6328125,74892.5078125,0
2023-07-03,76233.9296875,76458.1484375,75960.890625,76027.828125,0
2023-07-04,76223.703125,76393.953125,76055.703125,76233.9296875,0
2023-07-05,75909.4921875,76223.703125,75554.140625,76223.703125,0
2023-07-06,74113.21875,75909.4921875,73993.546875,75909.4921875,0
2023-07-07,74823.0234375,74878.921875,74113.21875,74113.21875,0
2023-07-10,74345.9765625,74823.0234375,73915.390625,74823.0234375,0
2023-07-11,74876.59375,75123.3984375,74345.9765625,74345.9765625,0
2023-07-12,76544.7890625,76544.7890625,74813.40625,74876.59375,0
2023-07-13,77317.2578125,77570.0625,76530.5390625,76544.7890625,0
2023-07-14,77750.5078125,77901.09375,77125.3984375,77317.2578125,0
2023-07-17,77253.5078125,77750.5078125,76791.71875,77750.5078125,0
2023-07-18,77098.546875,77253.5078125,76670.4921875,77253.5078125,0
2023-07-19,77080.96875,77215.171875,76794.0390625,77098.546875,0
2023-07-20,77016.828125,77319.2734375,76831.9609375,77080.96875,0
2023-07-21,76826.6328125,77065.4765625,76729.9609375,77016.828125,0
2023-07-24,76766.0703125,77168,76542.59375,76826.6328125,0
2023-07-25,77525.6171875,77627.390625,76766.0703125,76766.0703125,0
2023-07-26,77546.3828125,77637.109375,77219.640625,77525.6171875,0
2023-07-27,78267.25,78414.3203125,77525.6328125,77546.3828125,0
2023-07-28,78506.8984375,78612.34375,78130.8984375,78267.25,0
2023-07-31,78977.890625,78981.890625,78176.0234375,78506.8984375,0
2023-08-01,78641.90625,79212.40625,78560.546875,78977.890625,0
2023-08-02,76477.21875,78641.90625,76477.21875,78641.90625,0
2023-08-03,76747.203125,76747.203125,75634,76477.21875,0
2023-08-04,76960.609375,77118.4765625,76368.421875,76747.203125,0
2023-08-07,77013.7421875,77280.03125,76702.2109375,76960.609375,0
2023-08-08,76837.4375,77036.171875,76542.2109375,77013.7421875,0
2023-08-10,77749.6796875,78140.6484375,76837.4375,76837.4375,0
2023-08-11,76974.2578125,77749.6796875,76923.328125,77749.6796875,0
2023-08-14,76160.8671875,77012.5078125,75813.59375,76974.2578125,0
2023-08-15,75590.7734375,76311.53125,75347.0078125,76160.8671875,0
2023-08-16,74914.5234375,75590.7734375,74453.1015625,75590.7734375,0
2023-08-17,74375.21875,75344.5703125,74159.1484375,74914.5234375,0
2023-08-18,73080.8671875,74375.21875,72890.8203125,74375.21875,0
2023-08-21,73760.2109375,73990.6484375,73080.8671875,73080.8671875,0
2023-08-22,73277.8828125,74300.8125,73112.6328125,73760.2109375,0
2023-08-23,74022.578125,74050.1328125,73277.8828125,73277.8828125,0
2023-08-24,74301.5625,74937.609375,74022.578125,74022.578125,0
2023-08-25,73836.0078125,74738.5703125,73836.0078125,74301.5625,0
2023-08-28,75079.609375,75103.6171875,73836.0078125,73836.0078125,0
2023-08-29,74776.1796875,75079.609375,74485.578125,75079.609375,0
2023-08-30,75256.1875,75296.171875,74776.1796875,74776.1796875,0
2023-08-31,74953.7265625,75332.078125,74883.4375,75256.1875,0
2023-09-01,74786.7890625,75406.609375,74591.0625,74953.7265625,0
2023-09-04,75375.21875,75667.7734375,74786.7890625,74786.7890625,0
2023-09-05,75016,75375.21875,74471.5703125,75375.21875,0
2023-09-06,74411.0234375,75016,74138.3828125,75016,0
2023-09-07,73185.1171875,74411.0234375,73150.7265625,74411.0234375,0
2023-09-08,73652.671875,73654.171875,72964.6796875,73185.1171875,0
2023-09-11,74106.1796875,74606.3125,73652.671875,73652.671875,0
2023-09-12,74086.6171875,74194.96875,73606.4296875,74106.1796875,0
2023-09-13,73302.5625,74086.6171875,72826.0625,74086.6171875,0
2023-09-14,74354.3671875,74354.3671875,73296.203125,73302.5625,0
2023-09-15,74589.8125,75016.0234375,74354.3671875,74354.3671875,0
2023-09-18,73908.03125,74760.90625,73736.8984375,74589.8125,0
2023-09-19,73806.421875,74169.078125,73665.8671875,73908.03125,0
2023-09-20,74824.09375,74824.09375,73704.1484375,73806.421875,0
2023-09-21,73238.109375,74824.09375,72937.2109375,74824.09375,0
2023-09-22,73398.78125,73731.28125,73238.109375,73238.109375,0
2023-09-26,72652.1015625,73398.78125,71661.7109375,73398.78125,0
2023-09-27,72174.140625,72952.7109375,72162.5078125,72652.1015625,0
2023-09-28,72505.9921875,72505.9921875,71935.7265625,72174.140625,0
2023-09-29,72382.890625,73190.6328125,72300.03125,72505.9921875,0
2023-10-02,71238.0625,72567.71875,71238.0625,72382.890625,0
2023-10-03,70773.2109375,71650.21875,70461.2421875,71238.0625,0
2023-10-04,70564.6875,71208.8203125,70271.4765625,70773.2109375,0
2023-10-05,71249.59375,71387.0234375,70511.15625,70564.6875,0
2023-10-06,71657.25,71657.25,70848.140625,71249.59375,0
2023-10-09,71648.390625,72262.7578125,71285.4375,71657.25,0
2023-10-10,73840.5,73840.5,71648.390625,71648.390625,0
2023-10-11,73849.53125,73936.828125,73368.3203125,73840.5,0
2023-10-12,73390.8125,74382.25,73155.671875,73849.53125,0
2023-10-13,72919.71875,73390.8125,72804.7421875,73390.8125,0
2023-10-16,73146.75,73156.953125,72372.96875,72919.71875,0
2023-10-17,72831.796875,73146.75,72230.8671875,73146.75,0
2023-10-18,71968.671875,72924.25,71762.171875,72831.796875,0
2023-10-19,70961.328125,71968.671875,70961.328125,71968.671875,0
2023-10-20,70198.0078125,70961.328125,70067.9921875,70961.328125,0
2023-10-23,70100.28125,70306.3984375,69631.15625,70198.0078125,0
2023-10-24,70578.25,70578.25,70051.96875,70100.28125,0
2023-10-25,70274.34375,70578.25,69931.453125,70578.25,0
2023-10-26,69930.5234375,70274.34375,69496.5625,70274.34375,0
2023-10-27,69451.96875,70279.609375,69440.4296875,69930.5234375,0
2023-10-30,69871.15625,70090.1015625,69451.96875,69451.96875,0
2023-10-31,69653.4375,70387.6875,69439.3828125,69871.15625,0
2023-11-01,69740.296875,69893.609375,69128.4921875,69653.4375,0
2023-11-02,71383.921875,71383.921875,69740.296875,69740.296875,0
2023-11-03,72856.1796875,73097.7109375,71383.921875,71383.921875,0
2023-11-06,73293.6875,73501.0390625,72856.1796875,72856.1796875,0
2023-11-07,71572.9921875,73293.6875,71408.5078125,73293.6875,0
2023-11-08,72465.6328125,72465.6328125,71436.7734375,71572.9921875,0
2023-11-09,72226.671875,72465.6328125,71619.9921875,72465.6328125,0
2023-11-10,71393.296875,72226.671875,71002.0078125,72226.671875,0
2023-11-13,71633.171875,71936.9765625,71393.296875,71393.296875,0
2023-11-14,73443.5,73672.2109375,71633.171875,71633.171875,0
2023-11-15,74800.2890625,75388.640625,73443.5,73443.5,0
2023-11-16,73736.609375,74800.2890625,73282.0703125,74800.2890625,0
2023-11-17,73920.75,74135.4609375,73423.40625,73736.609375,0
2023-11-20,74321.4765625,74325.8203125,73920.75,73920.75,0
2023-11-21,74270.7421875,74677.390625,73922.578125,74321.4765625,0
2023-11-22,74763.9609375,74985.2421875,74184.6875,74270.7421875,0
2023-11-23,75438.7109375,75681,74763.9609375,74763.9609375,0
2023-11-24,75712.3984375,75712.3984375,74955.796875,75438.7109375,0
2023-11-27,75369.8828125,75712.3984375,75309.75,75712.3984375,0
2023-11-28,75589.1796875,75610.859375,74992.1796875,75369.8828125,0
2023-11-29,75241.40625,75646.6875,75192.75,75589.1796875,0
2023-11-30,75534.359375,75921.2734375,75241.40625,75241.40625,0
2023-12-01,75705.8515625,76188.3125,75318.5078125,75534.359375,0
2023-12-04,75941.0625,76089.5234375,75511.4296875,75705.8515625,0
2023-12-05,75215.4921875,75941.0625,75062.2421875,75941.0625,0
2023-12-06,75400.6171875,75855.140625,75215.4921875,75215.4921875,0
2023-12-07,74787.0390625,75400.6171875,74662.4765625,75400.6171875,0
2023-12-08,73790.8515625,74907.9765625,73710.4296875,74787.0390625,0
2023-12-11,73892.296875,73892.296875,73192.578125,73790.8515625,0
2023-12-12,72621.84375,74640.96875,72621.84375,73892.296875,0
2023-12-13,72640.5078125,73016.9296875,72337.0703125,72621.84375,0
2023-12-14,75289.859375,75572.0390625,72640.5078125,72640.5078125,0
2023-12-18,74301.59375,75289.859375,74301.59375,75289.859375,0
2023-12-19,74842.59375,74842.59375,73999.0390625,74301.59375,0
2023-12-20,74893.5,75484.9375,74751.71875,74842.59375,0
2023-12-21,75412.9296875,75441.0703125,74344.8671875,74893.5,0
2023-12-22,74379.5703125,75412.9296875,74038.4375,75412.9296875,0
2023-12-27,76657.9375,76817.8515625,74379.5703125,74379.5703125,0
2023-12-28,76485.7265625,77092.8828125,76485.7265625,76657.9375,0
2023-12-29,76893.1484375,76893.1484375,76225.7890625,76485.7265625,0
2024-01-02,75709.140625,76893.1484375,75592.078125,76893.1484375,0
2024-01-03,74510.71875,75709.140625,74510.71875,75709.140625,0
2024-01-04,74522.4921875,75117.578125,74348.046875,74510.71875,0
2024-01-05,74488.203125,74522.4921875,73818.3828125,74522.4921875,0
2024-01-08,74103.2265625,74488.203125,73576.09375,74488.203125,0
2024-01-09,73826.1484375,74460.15625,73826.1484375,74103.2265625,0
2024-01-10,73586.9765625,73894.9609375,73383.8828125,73826.1484375,0
2024-01-11,73834.28125,74258.328125,73586.9765625,73586.9765625,0
2024-01-12,74240.7578125,74287.28125,73608.5390625,73834.28125,0
2024-01-15,73675.7421875,74310.2734375,73377.7734375,74240.7578125,0
2024-01-16,73007.6171875,73675.7421875,72870.1328125,73675.7421875,0
2024-01-17,71693.09375,73007.6171875,71635.2578125,73007.6171875,0
2024-01-18,72344.3984375,72545.1875,71693.09375,71693.09375,0
2024-01-19,72660.90625,72949.15625,72344.3984375,72344.3984375,0
2024-01-22,72351.5,72660.90625,72064.4765625,72660.90625,0
2024-01-23,73337.1875,73429.21875,72351.5,72351.5,0
2024-01-24,74320.109375,74455.8671875,73231.140625,73337.1875,0
2024-01-25,74040.5390625,74440.296875,73937.28125,74320.109375,0
2024-01-26,75084.3828125,75084.3828125,73447.1328125,74040.5390625,0
2024-01-29,74370.53125,75084.3828125,74323.140625,75084.3828125,0
2024-01-30,74611.453125,74853.1875,74322.8828125,74370.53125,0
2024-01-31,74555.8671875,74611.453125,73873.34375,74611.453125,0
2024-02-01,74469.953125,74555.8671875,73453.03125,74555.8671875,0
2024-02-02,74381.9609375,75440.703125,74143.7578125,74469.953125,0
2024-02-05,74033.921875,74476.1328125,73824.5625,74381.9609375,0
2024-02-06,74558.5234375,74783.71875,74033.921875,74033.921875,0
2024-02-07,74313.4375,74598.65625,74154.296875,74558.5234375,0
2024-02-08,73725.3828125,74313.4375,73541.40625,74313.4375,0
2024-02-09,73423.296875,73855.6796875,73336.3984375,73725.3828125,0
2024-02-12,73722.1015625,73755.2734375,73091.75,73423.296875,0
2024-02-13,73062.59375,73893.46875,73027.7890625,73722.1015625,0
2024-02-14,73009.7421875,73062.59375,72626.171875,73062.59375,0
2024-02-15,73218.4375,73347.2265625,72690.578125,73009.7421875,0
2024-02-16,73616.0625,73945.953125,73218.4375,73218.4375,0
2024-02-19,73580.8828125,73799.3828125,73157.6796875,73616.0625,0
2024-02-20,72946.0078125,73580.8828125,72700.21875,73580.8828125,0
2024-02-21,73029.609375,73162.2890625,72547.3984375,72946.0078125,0
2024-02-22,74112.7421875,74211.078125,73029.609375,73029.609375,0
2024-02-23,74213.390625,74431.96875,73799.203125,74112.7421875,0
2024-02-26,73621.2421875,74213.390625,73333.078125,74213.390625,0
2024-02-27,73142.109375,73621.2421875,73029.7421875,73621.2421875,0
2024-02-28,72204.53125,73142.109375,72197.5625,73142.109375,0
2024-02-29,72729.7265625,72879.6328125,72204.53125,72204.53125,0
2024-03-01,72775.4921875,72931.71875,72343.6328125,72729.7265625,0
2024-03-04,72633.1484375,73707.6171875,72597.421875,72775.4921875,0
2024-03-05,72241.71875,72633.1484375,72104.4765625,72633.1484375,0
2024-03-06,73578.1796875,73578.1796875,72241.71875,72241.71875,0
2024-03-07,73604.109375,73604.109375,72999.4375,73578.1796875,0
2024-03-08,73717.78125,73895.59375,73353.9609375,73604.109375,0
2024-03-11,73481.7421875,73717.78125,73135.1015625,73717.78125,0
2024-03-12,73484.5625,74437.3984375,73409.3671875,73481.7421875,0
2024-03-13,74258.6328125,74258.6328125,73222.1875,73484.5625,0
2024-03-14,73340.703125,74301.5078125,73268.28125,74258.6328125,0
2024-03-15,72990.703125,73353.78125,72933.640625,73340.703125,0
2024-03-18,72430.4609375,73509.75,72328.8828125,72990.703125,0
2024-03-19,71868.0703125,72445.6875,71663.25,72430.4609375,0
2024-03-20,72419.703125,72495.359375,71868.0703125,71868.0703125,0
2024-03-22,73254.1875,73330.6796875,72419.703125,72419.703125,0
2024-03-25,73282.8984375,73493.34375,72874.390625,73254.1875,0
2024-03-26,73608.0703125,73692.96875,73062.7109375,73282.8984375,0
2024-03-27,73909.46875,74053.6015625,73472.6484375,73608.0703125,0
2024-03-28,74535.9921875,74535.9921875,73909.46875,73909.46875,0
2024-04-02,74429.4765625,74962.15625,74226.46875,74535.9921875,0
2024-04-03,74097.9296875,74429.4765625,73765.5,74429.4765625,0
2024-04-04,75372.9765625,75412.671875,74097.9296875,74097.9296875,0
2024-04-05,74774.71875,75372.9765625,74322.421875,75372.9765625,0
2024-04-08,75334.921875,75395.7734375,74718.828125,74774.71875,0
2024-04-09,75486.921875,75905.7265625,75258.109375,75334.921875,0
2024-04-10,75520.3671875,76146.4921875,74837.703125,75486.921875,0
2024-04-11,75303.25,75744.75,74894,75520.3671875,0
2024-04-12,75311.7578125,75925.96875,75081.9609375,75303.25,0
2024-04-15,74518.6328125,75311.7578125,74460.546875,75311.7578125,0
2024-04-16,72999.6015625,74518.6328125,72855.078125,74518.6328125,0
2024-04-17,72995.1796875,73526.3984375,72745.0625,72999.6015625,0
2024-04-18,73271.4296875,73487.359375,72797.4296875,72995.1796875,0
2024-04-19,73363.5625,73375.5234375,72534.671875,73271.4296875,0
2024-04-22,73551.1171875,73870.6796875,73363.5625,73363.5625,0
2024-04-23,74010.828125,74177.640625,73539.828125,73551.1171875,0
2024-04-24,74513.9296875,74730.34375,74010.828125,74010.828125,0
2024-04-25,74329.3671875,74787.65625,73790.5234375,74513.9296875,0
2024-04-26,75370.9921875,75576.828125,74329.3671875,74329.3671875,0
2024-04-29,76456.1484375,76472.21875,75370.9921875,75370.9921875,0
2024-04-30,76076.171875,76671.7421875,76076.171875,76456.1484375,0
2024-05-02,76046.8515625,76842.078125,75978.3125,76076.171875,0
2024-05-03,76428.328125,76978.046875,76046.8515625,76046.8515625,0
2024-05-06,76776.453125,77333.8203125,76428.328125,76428.328125,0
2024-05-07,76929.4765625,77159.0234375,76776.453125,76776.453125,0
2024-05-08,77177.4296875,77230.3515625,76673.109375,76929.4765625,0
2024-05-09,77539.1484375,77573.0234375,76864.0078125,77177.4296875,0
2024-05-10,78464.21875,78777.7265625,77539.1484375,77539.1484375,0
2024-05-13,78686.890625,78860.8671875,78365.0390625,78464.21875,0
2024-05-14,78632.578125,79023.03125,78383.7421875,78686.890625,0
2024-05-15,79361.5703125,79574.1875,78632.578125,78632.578125,0
2024-05-16,79508.9765625,79755.0078125,79361.5703125,79361.5703125,0
2024-05-17,79530.6328125,79737.0625,78970.421875,79508.9765625,0
2024-05-20,80072.9921875,80213.65625,79530.6328125,79530.6328125,0
2024-05-21,79808.0703125,80072.9921875,79379.8671875,80072.9921875,0
2024-05-22,79492.5703125,80094.4609375,79486.7265625,79808.0703125,0
2024-05-23,78956.0703125,80025.1484375,78956.0703125,79492.5703125,0
2024-05-24,79150.84375,79399.359375,78426.15625,78956.0703125,0
2024-05-27,78920.8828125,79358.0234375,78920.8828125,79150.84375,0
2024-05-28,78576.140625,79253.3203125,78540.2421875,78920.8828125,0
2024-05-30,77161.7109375,78576.140625,76795.8515625,78576.140625,0
2024-05-31,76704.2578125,77323.53125,76653.3984375,77161.7109375,0
2024-06-03,77746.2265625,77809.6484375,76704.2578125,76704.2578125,0
2024-06-04,76832.7421875,77854.5234375,76832.7421875,77746.2265625,0
2024-06-05,76829.1328125,77207.6484375,76533.1015625,76832.7421875,0
2024-06-06,77123.640625,77409.7578125,76790.0234375,76829.1328125,0
2024-06-07,76851.78125,77387.078125,76630.65625,77123.640625,0
2024-06-10,76188.15625,76851.78125,76036.5703125,76851.78125,0
2024-06-11,76077.296875,76387.5078125,75753.4375,76188.15625,0
2024-06-12,77050.796875,77271.1875,76077.296875,76077.296875,0
2024-06-13,76382.0234375,77050.796875,76347.6796875,77050.796875,0
2024-06-14,77053.78125,77635.6171875,76349.2734375,76382.0234375,0
2024-06-18,79748.828125,80013.703125,77053.78125,77053.78125,0
2024-06-19,80713.71875,81364.390625,79748.828125,79748.828125,0
2024-06-20,80073.046875,81067.609375,80007.53125,80713.71875,0
2024-06-21,79767.5625,80548.65625,79664.203125,80073.046875,0
2024-06-24,80263.140625,80671.2421875,79767.5625,79767.5625,0
2024-06-25,79577.5703125,80263.140625,79385.7578125,80263.140625,0
2024-06-26,79252.390625,80148.703125,79237.2578125,79577.5703125,0
2024-06-27,78969.328125,79254.7109375,78684.40625,79252.390625,0
2024-06-28,79707.109375,80131.5,78966.0078125,78969.328125,0
2024-07-01,79853.828125,80581.9609375,79707.109375,79707.109375,0
2024-07-02,79435.1171875,79990.640625,79043.6484375,79853.828125,0
2024-07-03,80772.78125,81032.546875,79435.1171875,79435.1171875,0
2024-07-04,81155.28125,81456.390625,80772.78125,80772.78125,0
2024-07-05,80797.3828125,81289.5234375,80665.6875,81155.28125,0
2024-07-08,80783.5078125,80954.4921875,80438.71875,80797.3828125,0
2024-07-09,80620.0234375,80900.3515625,80306.3515625,80783.5078125,0
2024-07-10,80445.3125,80660.2265625,80280.03125,80620.0234375,0
2024-07-11,81093.9921875,81105.4609375,80445.3125,80445.3125,0
2024-07-12,81686.4921875,81792.546875,81093.9921875,81093.9921875,0
2024-07-15,82154.0703125,82154.0703125,81058.3515625,81686.4921875,0
2024-07-16,81124.078125,82154.0703125,80973.3203125,82154.0703125,0
2024-07-17,80452.578125,81124.078125,80452.578125,81124.078125,0
2024-07-18,80334.2578125,81007.5625,80301.671875,80452.578125,0
2024-07-19,79922.671875,79922.671875,79488.3984375,79831.15625,0
2024-07-22,80492.09375,80679.53125,79922.671875,79922.671875,0
2024-07-23,80706.4375,80869.40625,79879.8671875,80492.09375,0
2024-07-24,80595.140625,80816.3203125,80366.7734375,80706.4375,0
2024-07-25,80678.203125,80678.203125,79516.2890625,80595.140625,0
2024-07-26,81120.5078125,81253.0625,80640.0078125,80678.203125,0
2024-07-29,81011.6484375,81542.0703125,80957.8203125,81120.5078125,0
2024-07-30,81198.640625,81374.828125,80697.1015625,81011.6484375,0
2024-07-31,82765.1171875,82765.1171875,81198.640625,81198.640625,0
2024-08-01,81868.8203125,82881.4375,81799.9921875,82765.1171875,0
2024-08-02,80538.5703125,81868.8203125,80495.1171875,81868.8203125,0
2024-08-05,79577.609375,80538.5703125,78306.84375,80538.5703125,0
2024-08-06,79430.046875,79736.453125,78675.953125,79577.609375,0
2024-08-07,80364.859375,80405.4921875,79430.046875,79430.046875,0
2024-08-08,80739.3125,80853.421875,79503.9609375,80364.859375,0
2024-08-12,80560.78125,81034.59375,80398.390625,80739.3125,0
2024-08-13,80956.21875,80956.21875,80259.1875,80560.78125,0
2024-08-14,81402.3203125,81827.9921875,80740.1875,80956.21875,0
2024-08-15,82226.4296875,82868.6328125,81380.140625,81402.3203125,0
2024-08-16,82824.4375,83169.6796875,82226.4296875,82226.4296875,0
2024-08-19,83799.296875,83955.7578125,82824.4375,82824.4375,0
2024-08-20,83783.296875,84215.4296875,83651.8125,83799.296875,0
2024-08-21,84026.1796875,84197.2421875,83783.296875,83783.296875,0
2024-08-22,83620.8125,84800.5,83596.96875,84026.1796875,0
2024-08-23,84351.5703125,84663.6171875,83620.8125,83620.8125,0
2024-08-26,84193.953125,84520.65625,84073.90625,84351.5703125,0
2024-08-27,84553.5390625,84670.6875,84181.2265625,84193.953125,0
2024-08-28,84018.6484375,84639.2421875,83932.828125,84553.5390625,0
2024-08-29,84239.421875,84431.796875,83906.2265625,84018.6484375,0
2024-08-30,83749.859375,84462.5078125,83433.5703125,84239.421875,0
2024-09-02,83483.359375,83749.859375,83138.75,83749.859375,0
2024-09-03,82156.7578125,83603.1328125,82082.578125,83483.359375,0
2024-09-04,81915.3828125,82156.7578125,81616.828125,82156.7578125,0
2024-09-05,82146.828125,82244.53125,81398.34375,81915.3828125,0
2024-09-06,81364.890625,82146.828125,81364.890625,82146.828125,0
2024-09-09,81441.6328125,81975.2890625,81339.390625,81364.890625,0
2024-09-10,81641.8984375,81730.2421875,81150,81441.6328125,0
2024-09-11,80827.7890625,81641.8984375,80538.9375,81641.8984375,0
2024-09-12,81668.390625,82037.5,80827.7890625,80827.7890625,0
2024-09-13,81978.59375,82160.6796875,81668.390625,81668.390625,0
2024-09-16,82007.34375,82315.7734375,81715.2421875,81978.59375,0
2024-09-17,83032.7109375,83247.9609375,82007.34375,82007.34375,0
2024-09-18,82718.578125,83032.7109375,82151.3828125,83032.7109375,0
2024-09-19,83760.078125,84218.1796875,82718.578125,82718.578125,0
2024-09-20,83829.9921875,84395.9296875,83696.7578125,83760.078125,0
2024-09-23,84777.53125,84826.9921875,83719.4296875,83829.9921875,0
2024-09-25,85960.3203125,86197.109375,84777.53125,84777.53125,0
2024-09-26,87327.2109375,87802.5234375,85960.3203125,85960.3203125,0
2024-09-27,87579.7109375,87789.796875,86886.25,87327.2109375,0
2024-09-30,86548.421875,87782.3203125,86548.421875,87579.7109375,0
2024-10-01,86619.390625,87441.140625,86326.8671875,86548.421875,0
2024-10-02,87115.21875,87587.7265625,86619.390625,86619.390625,0
2024-10-03,86461.046875,87328.6171875,86092.6484375,87115.21875,0
2024-10-04,86332.421875,86970.578125,86243.6796875,86461.046875,0
2024-10-07,86308.921875,86655.7421875,86166.8515625,86332.421875,0
2024-10-08,85491.21875,86308.921875,84863.1328125,86308.921875,0
2024-10-09,85336.8515625,85491.21875,84677.53125,85491.21875,0
2024-10-10,85392.8203125,85627.25,85221.7109375,85336.8515625,0
2024-10-11,86149.453125,86279.28125,85321.078125,85392.8203125,0
2024-10-14,86398.65625,86587.828125,85849.34375,86149.453125,0
2024-10-15,85949.7734375,86398.65625,85528.2734375,86398.65625,0
2024-10-16,86393.0078125,86430.21875,85837.3125,85949.7734375,0
2024-10-17,86582.3515625,87037.2734375,86192.109375,86393.0078125,0
2024-10-18,87201.4921875,87467.859375,86582.3515625,86582.3515625,0
2024-10-21,87076.546875,87451.359375,86920.7890625,87201.4921875,0
2024-10-22,86752.8828125,87076.546875,86046.6875,87076.546875,0
2024-10-23,86464.1875,87023.2890625,86238.84375,86752.8828125,0
2024-10-24,86937.2421875,87353.53125,86464.1875,86464.1875,0
2024-10-25,87015.8125,87196.78125,86651.921875,86937.2421875,0
2024-10-28,87643.6484375,87753.4375,86761.3828125,87015.8125,0
2024-10-29,87300.96875,87883.8984375,86999.0625,87643.6484375,0
2024-10-30,86759.0390625,87300.96875,86394.5078125,87300.96875,0
2024-10-31,85384.8203125,86759.0390625,85254.9375,86759.0390625,0
2024-11-01,86198.5703125,86329.390625,85384.8203125,85384.8203125,0
2024-11-04,86223.6015625,86403.359375,86009.9765625,86198.5703125,0
2024-11-05,86642.859375,86642.859375,86168.71875,86223.6015625,0
2024-11-06,85329.75,86642.859375,85111.2890625,86642.859375,0
2024-11-07,85998.21875,86208.6796875,85329.75,85329.75,0
2024-11-08,85124.5234375,85998.21875,84918.203125,85998.21875,0
2024-11-11,84771.53125,85357.4609375,84771.53125,85124.5234375,0
2024-11-12,84201.75,84771.53125,83861.0390625,84771.53125,0
2024-11-13,83803.109375,84201.75,83784.171875,84201.75,0
2024-11-14,83834.3125,84145.671875,83432.4296875,83803.109375,0
2024-11-15,83872.7421875,84261.6484375,83605.9375,83834.3125,0
2024-11-18,84425,84606.9765625,83872.7421875,83872.7421875,0
2024-11-19,84526.75,85164.359375,84382.421875,84425,0
2024-11-20,85274.828125,85478.90625,84526.75,84526.75,0
2024-11-21,85522.5703125,85821.1171875,85257.6796875,85274.828125,0
2024-11-22,85608.46875,86100.5625,85418.5,85522.5703125,0
2024-11-25,84875.2421875,85851.7109375,84875.2421875,85608.46875,0
2024-11-26,85397.5,85414.1171875,84467.9921875,84875.2421875,0
2024-11-27,85102.34375,85696.03125,85024.7734375,85397.5,0
2024-11-28,84787.40625,85144.3515625,84720.7109375,85102.34375,0
2024-11-29,84510.4375,84937.2265625,84510.4375,84787.40625,0
2024-12-02,85731.5078125,85963.4609375,84510.4375,84510.4375,0
2024-12-03,85818.796875,86567.6328125,85658.25,85731.5078125,0
2024-12-04,86314.5078125,86598.296875,85818.796875,85818.796875,0
2024-12-05,86846.421875,87136.109375,86057.140625,86314.5078125,0
2024-12-06,86938.4375,87298.8515625,86753.9296875,86846.421875,0
2024-12-09,87642.7578125,87694.171875,86627.703125,86938.4375,0
2024-12-10,87271.046875,87642.7578125,86936.0078125,87642.7578125,0
2024-12-11,87115.953125,87271.046875,86616.6328125,87271.046875,0
2024-12-12,86965.3515625,87658.1484375,86881.8203125,87115.953125,0
2024-12-13,87129.6484375,87764.359375,86482.5078125,86965.3515625,0
2024-12-17,85746.0390625,87129.6484375,85746.0390625,87129.6484375,0
2024-12-18,85599.84375,86327.9765625,85338.609375,85746.0390625,0
2024-12-19,84465.3515625,85599.84375,84350.53125,85599.84375,0
2024-12-20,84603.2890625,84864.9765625,83776.7421875,84465.3515625,0
2024-12-23,84712.3203125,84932.5390625,84128.890625,84603.2890625,0
2024-12-24,84935.2734375,85211.28125,84712.3203125,84712.3203125,0
2024-12-27,84736.1796875,85243.8125,84413.8203125,84935.2734375,0
2024-12-30,83945.546875,84736.1796875,83776.15625,84736.1796875,0
2024-12-31,84095.140625,84486.0390625,83718.6796875,83945.546875,0
2025-01-02,84460.59375,84905.2578125,84040.71875,84095.140625,0
2025-01-03,84711.796875,84894.9296875,83958.4375,84460.59375,0
2025-01-06,84745.5234375,85419.859375,84537.421875,84711.796875,0
2025-01-07,84141.5390625,84745.5234375,83988.046875,84745.5234375,0
2025-01-08,83152.5625,84286.7734375,83076.53125,84141.5390625,0
2025-01-09,83698.3203125,83950.4375,83152.5625,83152.5625,0
2025-01-10,83466.578125,84174.2109375,83397.1875,83698.3203125,0
2025-01-13,82045.796875,83466.578125,81784.953125,83466.578125,0
2025-01-14,82123.890625,82829.4296875,82045.796875,82045.796875,0
2025-01-15,83515.2890625,83623.046875,82123.890625,82123.890625,0
2025-01-16,83658.71875,84302.3828125,83380.078125,83515.2890625,0
2025-01-17,84700.4375,84700.4375,83576.2578125,83658.71875,0
2025-01-20,84733.171875,85232.453125,84532.8203125,84700.4375,0
2025-01-21,84845.84375,85092.7578125,84486.6875,84733.171875,0
2025-01-22,84654.640625,85303.3984375,84650.328125,84845.84375,0
2025-01-23,83944.0703125,84654.640625,83861.6328125,84654.640625,0
2025-01-24,84290.9921875,84964.859375,83944.0703125,83944.0703125,0
2025-01-27,84187.65625,84290.9921875,83480.796875,84290.9921875,0
2025-01-28,84447.75,84651.703125,83886.15625,84187.65625,0
2025-01-29,85314.7265625,85472.71875,84447.75,84447.75,0
2025-01-30,85685.4921875,85741.578125,85241.078125,85314.7265625,0
2025-01-31,85956.6484375,86126.7734375,85685.4921875,85685.4921875,0
2025-02-03,85490.140625,85956.6484375,84743.296875,85956.6484375,0
2025-02-04,86452.6328125,86531.84375,85490.140625,85490.140625,0
2025-02-05,86610.703125,86965.9921875,86452.6328125,86452.6328125,0
2025-02-06,87191.21875,87555.0234375,86585.5625,86610.703125,0
2025-02-07,87474.4921875,87872.046875,87191.21875,87191.21875,0
2025-02-10,87765.359375,87956.328125,87448.25,87474.4921875,0
2025-02-11,87562.7421875,87866.359375,87347.8203125,87765.359375,0
2025-02-12,87942.1796875,88525.03125,87562.7421875,87562.7421875,0
2025-02-13,87841.4609375,88643.75,87742.03125,87942.1796875,0
2025-02-14,88717.1328125,89008.2109375,87841.4609375,87841.4609375,0
2025-02-17,88399.5703125,89031.4296875,88033,88717.1328125,0
2025-02-18,89061.671875,89198.8203125,88399.5703125,88399.5703125,0
2025-02-19,88341.890625,89253.7265625,88341.890625,89061.671875,0
2025-02-20,88873.328125,88953.9375,88261.9609375,88341.890625,0
2025-02-21,88913.8125,89185.8125,88751.6796875,88873.328125,0
2025-02-24,87423.2734375,88913.8125,87423.2734375,88913.8125,0
2025-02-25,87753.7890625,88058.6015625,87067.0625,87423.2734375,0
2025-02-26,88321.7578125,88466.09375,87753.7890625,87753.7890625,0
2025-02-27,87325.3515625,88378.0390625,87325.3515625,88321.7578125,0
2025-02-28,85942.7109375,87325.3515625,85942.7109375,87325.3515625,0
2025-03-03,87564.8203125,87848.5234375,85942.7109375,85942.7109375,0
2025-03-04,86730.8203125,87564.8203125,86634.3203125,87564.8203125,0
2025-03-05,87717.578125,88113.96875,86730.8203125,86730.8203125,0
2025-03-06,88260.078125,88930.3125,87717.578125,87717.578125,0
2025-03-07,88570.15625,88603,87713.90625,88260.078125,0
2025-03-10,87291.390625,88570.15625,87291.390625,88570.15625,0
2025-03-11,87091.0390625,87752.5625,86951.078125,87291.390625,0
2025-03-12,86853.8125,87472.921875,86821.328125,87091.0390625,0
2025-03-13,87067.75,87300.4375,86703.328125,86853.8125,0
2025-03-14,87916.4609375,88178.28125,87067.75,87067.75,0
2025-03-17,88525.1015625,88547.9296875,87692.8203125,87916.4609375,0
2025-03-18,88893.109375,89639.09375,88525.1015625,88525.1015625,0
2025-03-19,90149.6875,90464.390625,88876,88893.109375,0
2025-03-20,89518.75,90264.1328125,89395.7578125,90149.6875,0
2025-03-24,88985.609375,89781.453125,88958.9609375,89518.75,0
2025-03-25,89713.0390625,89773.328125,88822.90625,88985.609375,0
2025-03-26,89926.53125,90310.7109375,89622.15625,89713.0390625,0
2025-03-27,89897.640625,89994.03125,89261.2890625,89926.53125,0
2025-03-28,89572.578125,90154.1875,89360.7734375,89897.640625,0
2025-03-31,88637.453125,89572.578125,88595.9921875,89572.578125,0
