Date,Open,High,Low,Close,Volume
1980-01-01,106.5,106.5,106.5,106.5,0.0
1980-02-01,106.5,108.43,105.29,105.76,0.0
1980-03-01,105.76,106.08,103.26,105.22,0.0
1980-04-01,106.23,107.08,105.09,106.52,0.0
1980-05-01,106.52,106.52,106.52,106.52,0.0
1980-06-01,106.52,106.52,106.52,106.52,0.0
1980-07-01,106.8,107.8,105.8,106.81,0.0
1980-08-01,108.17,109.29,106.29,108.95,0.0
1980-09-01,109.51,111.09,108.41,109.05,0.0
1980-10-01,109.74,110.86,108.47,109.89,0.0
1980-11-01,109.99,111.16,108.89,109.92,0.0
1980-12-01,109.92,109.92,109.92,109.92,0.0
,109.92,109.92,109.92,109.92,0.0
,110.38,111.44,109.34,110.38,0.0
,110.84,111.93,109.45,111.14,0.0
,111.44,112.9,110.38,111.05,0.0
,110.84,112.01,109.81,110.7,0.0
,110.89,111.74,109.88,111.07,0.0
,111.07,111.07,111.07,111.07,0.0
,111.07,111.07,111.07,111.07,0.0
,111.88,112.9,110.66,112.1,0.0
,111.84,113.1,110.92,111.51,0.0
,112.76,113.93,110.93,113.44,0.0
,113.97,115.27,112.95,113.7,0.0
,113.47,114.45,112.36,113.61,0.0
,113.61,113.61,113.61,113.61,0.0
,113.61,113.61,113.61,113.61,0.0
,114.47,115.65,112.93,114.85,0.0
,114.29,115.77,113.03,114.07,0.0
,114.8,115.85,113.37,115.2,0.0
,114.7,115.85,113.13,115.12,0.0
1980-01-02,114.59,115.54,113.13,115.12,0.0
1980-02-02,115.12,115.12,115.12,115.12,0.0
1980-03-02,115.12,115.12,115.12,115.12,0.0
1980-04-02,114.73,116.01,113.83,114.37,0.0
1980-05-02,114.02,115.25,112.15,114.66,0.0
1980-06-02,115.31,116.57,113.65,115.72,0.0
1980-07-02,116.38,117.67,115.22,116.26,0.0
1980-08-02,117.44,118.66,115.72,117.95,0.0
1980-09-02,117.95,117.95,117.95,117.95,0.0
1980-10-02,117.95,117.95,117.95,117.95,0.0
1980-11-02,117.49,119.05,116.31,117.12,0.0
1980-12-02,117.35,118.41,115.75,117.9,0.0
,118.74,120.22,117.57,118.44,0.0
,117.35,119.3,116.04,116.72,0.0
,115.41,116.7,114.12,115.41,0.0
,115.41,115.41,115.41,115.41,0.0
,115.41,115.41,115.41,115.41,0.0
,115.41,115.41,115.41,115.41,0.0
,114.54,115.67,113.35,114.6,0.0
,115.9,117.18,114.06,116.47,0.0
,115.87,117.9,114.44,115.28,0.0
,115.28,116.46,113.43,115.04,0.0
,115.04,115.04,115.04,115.04,0.0
,115.04,115.04,115.04,115.04,0.0
,113.62,114.93,112.62,113.33,0.0
,113.68,114.76,112.3,113.98,0.0
,113.13,115.12,111.91,112.38,0.0
,112.46,113.7,111.33,112.35,0.0
,113.18,114.12,111.77,113.66,0.0
1980-01-03,113.66,113.66,113.66,113.66,0.0
1980-02-03,113.66,113.66,113.66,113.66,0.0
1980-03-03,112.95,114.34,112.01,112.5,0.0
1980-04-03,112.33,113.41,110.83,112.76,0.0
1980-05-03,111.88,113.94,110.58,111.13,0.0
1980-06-03,109.26,111.29,107.85,108.65,0.0
1980-07-03,107.28,108.96,105.99,106.9,0.0
1980-08-03,106.9,106.9,106.9,106.9,0.0
1980-09-03,106.9,106.9,106.9,106.9,0.0
1980-10-03,106.43,107.86,104.92,106.51,0.0
1980-11-03,106.53,107.78,106.18,107.78,0.0
1980-12-03,106.89,108.4,105.42,106.87,0.0
,106.09,107.55,105.1,105.62,0.0
,105.31,106.49,104.01,105.43,0.0
,105.43,105.43,105.43,105.43,0.0
,105.43,105.43,105.43,105.43,0.0
,103.1,105.23,101.82,102.26,0.0
,103.31,104.71,101.14,104.1,0.0
,104.1,105.72,103.35,104.31,0.0
,103.6,105.17,102.52,103.12,0.0
,102.53,103.73,101.55,102.31,0.0
,102.31,102.31,102.31,102.31,0.0
,102.31,102.31,102.31,102.31,0.0
,100.11,102.18,98.88,99.28,0.0
,99.22,100.58,97.89,99.19,0.0
,99.33,101.22,98.1,98.68,0.0
,97.34,99.58,94.23,98.22,0.0
,99.94,101.43,97.72,100.68,0.0
,100.68,100.68,100.68,100.68,0.0
,100.68,100.68,100.68,100.68,0.0
,101.58,102.65,100.02,102.09,0.0
1980-01-04,102.1,103.28,100.85,102.18,0.0
1980-02-04,102.66,103.87,101.45,102.68,0.0
1980-03-04,102.15,103.34,101.31,102.15,0.0
1980-04-04,102.15,102.15,102.15,102.15,0.0
1980-05-04,102.15,102.15,102.15,102.15,0.0
1980-06-04,102.15,102.15,102.15,102.15,0.0
1980-07-04,100.73,102.27,99.73,100.19,0.0
1980-08-04,100.77,101.88,99.23,101.2,0.0
1980-09-04,102.57,103.6,101.01,103.11,0.0
1980-10-04,103.96,105.0,102.81,104.08,0.0
1980-11-04,104.04,105.15,103.2,103.79,0.0
1980-12-04,103.79,103.79,103.79,103.79,0.0
,103.79,103.79,103.79,103.79,0.0
,102.94,103.92,102.08,102.84,0.0
,102.87,103.94,101.85,102.83,0.0
,102.36,104.42,101.13,101.54,0.0
,101.12,102.21,100.12,101.05,0.0
,100.86,102.07,99.97,100.55,0.0
,100.55,100.55,100.55,100.55,0.0
,100.55,100.55,100.55,100.55,0.0
,100.0,101.26,98.95,99.8,0.0
,102.75,104.02,100.81,103.43,0.0
,103.88,105.11,102.81,103.73,0.0
,104.25,105.43,102.93,104.4,0.0
,104.58,105.57,103.02,105.16,0.0
,105.16,105.16,105.16,105.16,0.0
,105.16,105.16,105.16,105.16,0.0
,105.69,106.79,104.64,105.64,0.0
,105.8,106.7,104.86,105.86,0.0
,105.83,106.72,104.5,106.29,0.0
1980-01-05,105.68,106.86,104.72,105.46,0.0
1980-02-05,105.48,106.25,104.61,105.58,0.0
1980-03-05,105.58,105.58,105.58,105.58,0.0
1980-04-05,105.58,105.58,105.58,105.58,0.0
1980-05-05,105.95,106.83,104.64,106.38,0.0
1980-06-05,106.48,107.83,105.36,106.25,0.0
1980-07-05,107.04,108.12,105.83,107.18,0.0
1980-08-05,105.88,106.13,105.5,106.13,0.0
1980-09-05,105.03,106.2,104.18,104.72,0.0
1980-10-05,104.72,104.72,104.72,104.72,0.0
1980-11-05,104.72,104.72,104.72,104.72,0.0
1980-12-05,104.58,105.48,103.5,104.78,0.0
,105.83,106.76,104.44,106.3,0.0
,106.91,107.89,106.0,106.85,0.0
,107.01,107.99,106.07,106.99,0.0
,107.16,107.89,106.25,107.35,0.0
,107.35,107.35,107.35,107.35,0.0
,107.35,107.35,107.35,107.35,0.0
,107.6,108.43,106.51,107.87,0.0
,107.58,108.39,106.75,107.62,0.0
,107.52,108.31,106.54,107.72,0.0
,108.69,109.73,107.34,109.01,0.0
,110.33,111.37,109.01,110.62,0.0
,110.62,110.62,110.62,110.62,0.0
,110.62,110.62,110.62,110.62,0.0
,110.62,110.62,110.62,110.62,0.0
,112.84,113.69,111.99,112.66,0.0
,111.73,112.72,110.42,112.06,0.0
,110.92,112.64,109.86,110.27,0.0
,110.55,111.55,108.87,111.24,0.0
,111.24,111.24,111.24,111.24,0.0
1980-01-06,111.24,111.24,111.24,111.24,0.0
1980-02-06,110.99,112.15,110.06,110.76,0.0
1980-03-06,112.02,113.05,110.98,111.86,0.0
1980-04-06,112.09,113.45,110.22,112.61,0.0
1980-05-06,113.01,114.38,111.89,112.78,0.0
1980-06-06,113.1,114.01,112.11,113.2,0.0
1980-07-06,113.2,113.2,113.2,113.2,0.0
1980-08-06,113.2,113.2,113.2,113.2,0.0
1980-09-06,113.63,114.51,112.68,113.71,0.0
1980-10-06,114.45,115.5,113.17,114.68,0.0
1980-11-06,116.29,118.02,114.22,118.02,0.0
1980-12-06,115.6,117.01,114.28,115.52,0.0
,115.64,116.94,114.67,115.31,0.0
,115.31,115.31,115.31,115.31,0.0
,115.31,115.31,115.31,115.31,0.0
,115.89,116.8,114.78,116.09,0.0
,116.1,117.16,115.13,116.03,0.0
,115.04,116.84,114.77,116.26,0.0
,115.28,116.81,114.36,114.68,0.0
,114.02,114.9,113.12,114.06,0.0
,114.06,114.06,114.06,114.06,0.0
,114.06,114.06,114.06,114.06,0.0
,114.38,115.28,113.35,114.51,0.0
,114.88,115.75,113.76,115.14,0.0
,116.38,117.37,115.07,116.72,0.0
,116.58,117.98,115.58,116.19,0.0
,115.99,116.93,115.06,116.0,0.0
,116.0,116.0,116.0,116.0,0.0
,116.0,116.0,116.0,116.0,0.0
,114.61,116.04,113.55,114.24,0.0
1980-01-07,114.64,115.45,113.54,114.93,0.0
1980-02-07,115.49,116.44,114.36,115.68,0.0
1980-03-07,116.92,117.8,115.49,117.48,0.0
1980-04-07,117.48,117.48,117.48,117.48,0.0
1980-05-07,117.48,117.48,117.48,117.48,0.0
1980-06-07,117.48,117.48,117.48,117.48,0.0
1980-07-07,118.03,118.85,116.96,118.29,0.0
1980-08-07,118.0,119.11,117.07,117.84,0.0
1980-09-07,118.2,119.52,117.1,117.98,0.0
1980-10-07,117.3,118.57,116.38,116.95,0.0
1980-11-07,117.5,118.38,116.29,117.84,0.0
1980-12-07,117.84,117.84,117.84,117.84,0.0
,117.84,117.84,117.84,117.84,0.0
,119.27,120.37,117.45,120.01,0.0
,119.9,121.56,118.85,119.3,0.0
,119.68,120.87,118.54,119.63,0.0
,120.9,121.84,119.43,121.44,0.0
,122.03,123.19,120.88,122.04,0.0
,122.04,122.04,122.04,122.04,0.0
,122.04,122.04,122.04,122.04,0.0
,122.17,123.15,120.85,122.51,0.0
,122.49,123.9,121.38,122.19,0.0
,122.04,123.26,120.93,121.93,0.0
,121.86,122.98,120.83,121.79,0.0
,120.89,121.96,119.94,120.78,0.0
,120.78,120.78,120.78,120.78,0.0
,120.78,120.78,120.78,120.78,0.0
,121.07,122.02,119.78,121.43,0.0
,122.05,122.99,120.76,122.4,0.0
,122.44,123.93,121.16,122.23,0.0
,121.13,122.34,119.4,121.67,0.0
1980-01-08,121.22,122.38,120.08,121.21,0.0
1980-02-08,121.21,121.21,121.21,121.21,0.0
1980-03-08,121.21,121.21,121.21,121.21,0.0
1980-04-08,120.67,121.63,119.42,120.98,0.0
1980-05-08,120.93,122.09,119.96,120.74,0.0
1980-06-08,121.16,122.01,119.94,121.55,0.0
1980-07-08,122.93,123.84,121.66,123.3,0.0
1980-08-08,123.88,125.23,122.82,123.61,0.0
1980-09-08,123.61,123.61,123.61,123.61,0.0
1980-10-08,123.61,123.61,123.61,123.61,0.0
1980-11-08,124.31,125.31,122.85,124.78,0.0
1980-12-08,124.28,125.78,123.29,123.79,0.0
,123.48,124.67,122.49,123.28,0.0
,124.51,125.62,122.68,125.25,0.0
,125.63,126.61,124.57,125.72,0.0
,125.72,125.72,125.72,125.72,0.0
,125.72,125.72,125.72,125.72,0.0
,123.83,125.28,122.82,123.39,0.0
,122.85,124.0,121.97,122.6,0.0
,123.31,124.27,121.91,123.77,0.0
,125.02,125.99,123.61,125.46,0.0
,126.32,127.78,125.18,126.02,0.0
,126.02,126.02,126.02,126.02,0.0
,126.02,126.02,126.02,126.02,0.0
,125.36,126.28,124.65,125.16,0.0
,125.04,126.29,124.01,124.84,0.0
,123.81,124.98,122.93,123.52,0.0
,122.53,123.91,121.61,122.08,0.0
,122.15,123.01,121.06,122.38,0.0
,122.38,122.38,122.38,122.38,0.0
,122.38,122.38,122.38,122.38,0.0
1980-01-09,122.38,122.38,122.38,122.38,0.0
1980-02-09,123.29,124.36,121.79,123.74,0.0
1980-03-09,125.47,126.43,123.87,126.12,0.0
1980-04-09,125.84,127.7,124.42,125.42,0.0
1980-05-09,125.02,126.12,124.08,124.88,0.0
1980-06-09,124.88,124.88,124.88,124.88,0.0
1980-07-09,124.88,124.88,124.88,124.88,0.0
1980-08-09,123.92,125.67,122.78,123.31,0.0
1980-09-09,123.51,124.52,121.94,124.07,0.0
1980-10-09,124.78,125.95,123.6,124.81,0.0
1980-11-09,125.44,126.48,124.19,125.66,0.0
1980-12-09,125.67,126.75,124.72,125.54,0.0
,125.54,125.54,125.54,125.54,0.0
,125.54,125.54,125.54,125.54,0.0
,125.37,126.35,124.09,125.67,0.0
,126.55,127.78,125.15,126.74,0.0
,128.3,129.68,126.37,128.87,0.0
,128.8,130.38,127.63,128.4,0.0
,129.05,130.33,127.57,129.25,0.0
,129.25,129.25,129.25,129.25,0.0
,129.25,129.25,129.25,129.25,0.0
,129.76,130.99,127.89,130.4,0.0
,130.05,132.17,128.55,129.43,0.0
,130.05,131.34,128.45,130.37,0.0
,129.46,131.53,128.13,128.72,0.0
,126.6,128.17,125.29,126.35,0.0
,126.35,126.35,126.35,126.35,0.0
,126.35,126.35,126.35,126.35,0.0
,123.94,125.41,122.87,123.54,0.0
,125.03,126.09,123.54,125.48,0.0
1980-01-10,126.55,127.88,124.66,127.13,0.0
1980-02-10,127.65,128.82,126.04,128.09,0.0
1980-03-10,129.14,130.44,127.65,129.33,0.0
1980-04-10,129.33,129.33,129.33,129.33,0.0
1980-05-10,129.33,129.33,129.33,129.33,0.0
1980-06-10,131.15,132.38,129.35,131.73,0.0
1980-07-10,131.32,132.88,130.1,131.0,0.0
1980-08-10,131.57,132.78,130.28,131.65,0.0
1980-09-10,131.31,132.65,130.25,131.04,0.0
1980-10-10,130.67,132.15,129.58,130.29,0.0
1980-11-10,130.29,130.29,130.29,130.29,0.0
1980-12-10,130.29,130.29,130.29,130.29,0.0
,131.28,132.46,129.37,132.03,0.0
,132.25,133.57,131.16,132.02,0.0
,133.21,134.35,131.59,133.7,0.0
,133.24,135.88,131.64,132.22,0.0
,131.6,133.07,130.22,131.52,0.0
,131.52,131.52,131.52,131.52,0.0
,131.52,131.52,131.52,131.52,0.0
,131.95,133.21,130.04,132.61,0.0
,132.21,134.01,130.78,131.84,0.0
,131.83,132.97,130.62,131.92,0.0
,130.31,132.54,128.87,129.53,0.0
,129.48,130.55,128.04,129.85,0.0
,129.85,129.85,129.85,129.85,0.0
,129.85,129.85,129.85,129.85,0.0
,128.38,129.94,127.34,127.88,0.0
,127.75,128.86,126.36,128.05,0.0
,128.29,129.91,127.07,127.91,0.0
,126.92,128.71,125.78,126.29,0.0
,127.0,128.24,125.29,127.47,0.0
1980-01-11,127.47,127.47,127.47,127.47,0.0
1980-02-11,127.47,127.47,127.47,127.47,0.0
1980-03-11,128.7,129.85,127.23,129.04,0.0
1980-04-11,129.04,129.04,129.04,129.04,0.0
1980-05-11,132.58,135.65,130.77,131.33,0.0
1980-06-11,129.48,131.3,128.23,128.91,0.0
1980-07-11,129.0,130.08,127.74,129.18,0.0
1980-08-11,129.18,129.18,129.18,129.18,0.0
1980-09-11,129.18,129.18,129.18,129.18,0.0
1980-10-11,129.39,130.51,128.19,129.48,0.0
1980-11-11,131.01,132.3,129.48,131.26,0.0
1980-12-11,133.68,135.12,131.33,134.59,0.0
,135.94,137.21,134.12,136.49,0.0
,137.07,138.96,135.12,137.15,0.0
,137.15,137.15,137.15,137.15,0.0
,137.15,137.15,137.15,137.15,0.0
,137.03,138.46,134.9,137.75,0.0
,139.51,140.92,137.91,139.7,0.0
,139.62,141.76,138.06,139.06,0.0
,139.81,141.24,137.79,140.4,0.0
,139.48,141.24,138.1,139.11,0.0
,139.11,139.11,139.11,139.11,0.0
,139.11,139.11,139.11,139.11,0.0
,138.01,139.36,136.36,138.31,0.0
,139.19,140.83,137.42,139.33,0.0
,140.24,141.96,138.6,140.17,0.0
,140.17,140.17,140.17,140.17,0.0
,140.35,141.54,139.0,140.52,0.0
,140.52,140.52,140.52,140.52,0.0
,140.52,140.52,140.52,140.52,0.0
1980-01-12,138.2,140.66,136.75,137.21,0.0
1980-02-12,136.48,138.11,134.37,136.97,0.0
1980-03-12,136.74,138.09,135.43,136.71,0.0
1980-04-12,136.65,138.4,135.09,136.48,0.0
1980-05-12,134.43,136.37,132.91,134.03,0.0
1980-06-12,134.03,134.03,134.03,134.03,0.0
1980-07-12,134.03,134.03,134.03,134.03,0.0
1980-08-12,131.17,133.19,129.71,130.61,0.0
1980-09-12,130.39,131.92,128.77,130.48,0.0
1980-10-12,129.39,131.99,127.94,128.26,0.0
1980-11-12,127.13,128.73,125.32,127.36,0.0
1980-12-12,128.75,129.98,127.15,129.13,0.0
,129.13,129.13,129.13,129.13,0.0
,129.13,129.13,129.13,129.13,0.0
,129.8,131.33,128.64,129.45,0.0
,130.05,131.22,128.33,130.6,0.0
,132.23,133.59,130.22,132.89,0.0
,133.59,135.9,131.89,133.0,0.0
,133.16,134.0,131.8,133.7,0.0
,133.7,133.7,133.7,133.7,0.0
,133.7,133.7,133.7,133.7,0.0
,135.11,136.68,132.88,135.78,0.0
,135.59,137.48,134.01,135.3,0.0
,135.52,136.55,134.15,135.88,0.0
,135.88,135.88,135.88,135.88,0.0
,136.26,137.02,135.2,136.57,0.0
,136.57,136.57,136.57,136.57,0.0
,136.57,136.57,136.57,136.57,0.0
,135.63,137.51,134.36,135.03,0.0
,135.29,136.51,134.04,135.33,0.0
,135.6,136.76,134.29,135.76,0.0
1981-01-01,135.76,135.76,135.76,135.76,0.0
1981-02-01,136.01,137.1,134.61,136.34,0.0
1981-03-01,136.34,136.34,136.34,136.34,0.0
1981-04-01,136.34,136.34,136.34,136.34,0.0
1981-05-01,137.69,139.24,135.86,137.97,0.0
1981-06-01,138.07,140.32,135.78,138.12,0.0
1981-07-01,134.46,136.02,132.3,135.08,0.0
1981-08-01,133.7,136.1,131.96,133.06,0.0
1981-09-01,133.31,134.76,131.71,133.48,0.0
1981-10-01,133.48,133.48,133.48,133.48,0.0
1981-11-01,133.48,133.48,133.48,133.48,0.0
1981-12-01,134.06,135.88,132.79,133.52,0.0
,133.08,134.27,131.69,133.29,0.0
,133.79,135.25,132.65,133.47,0.0
,133.93,135.15,132.44,134.22,0.0
,134.67,135.91,133.35,134.77,0.0
,134.77,134.77,134.77,134.77,0.0
,134.77,134.77,134.77,134.77,0.0
,134.58,135.86,133.51,134.37,0.0
,132.73,135.3,131.26,131.65,0.0
,131.25,132.48,129.93,131.36,0.0
,130.52,132.08,129.23,130.26,0.0
,130.19,131.34,129.0,130.23,0.0
,130.23,130.23,130.23,130.23,0.0
,130.23,130.23,130.23,130.23,0.0
,129.86,131.18,128.57,129.84,0.0
,130.79,131.95,129.32,131.12,0.0
,130.85,132.41,129.82,130.34,0.0
,130.33,131.78,128.97,130.24,0.0
,129.93,131.65,128.61,129.55,0.0
,129.55,129.55,129.55,129.55,0.0
1981-01-02,129.55,129.55,129.55,129.55,0.0
1981-02-02,127.4,129.48,125.82,126.91,0.0
1981-03-02,127.75,128.92,125.89,128.46,0.0
1981-04-02,128.53,129.71,127.29,128.59,0.0
1981-05-02,129.37,130.49,127.99,129.63,0.0
1981-06-02,130.48,131.81,129.03,130.6,0.0
1981-07-02,130.6,130.6,130.6,130.6,0.0
1981-08-02,130.6,130.6,130.6,130.6,0.0
1981-09-02,129.75,131.39,128.61,129.27,0.0
1981-10-02,129.16,130.19,128.05,129.24,0.0
1981-11-02,128.58,129.92,127.6,128.24,0.0
1981-12-02,127.73,128.95,126.78,127.48,0.0
,127.12,128.34,126.04,126.98,0.0
,126.98,126.98,126.98,126.98,0.0
,126.98,126.98,126.98,126.98,0.0
,126.98,126.98,126.98,126.98,0.0
,127.66,128.75,126.43,127.81,0.0
,128.27,129.25,127.09,128.48,0.0
,127.22,129.07,125.98,126.61,0.0
,126.29,127.65,124.66,126.58,0.0
,126.58,126.58,126.58,126.58,0.0
,126.58,126.58,126.58,126.58,0.0
,127.1,128.28,125.69,127.35,0.0
,127.54,128.76,126.49,127.39,0.0
,127.83,129.21,125.77,128.52,0.0
,129.68,130.93,128.02,130.1,0.0
,130.88,132.02,129.35,131.27,0.0
,131.27,131.27,131.27,131.27,0.0
1981-01-03,131.27,131.27,131.27,131.27,0.0
1981-02-03,131.7,132.96,130.15,132.01,0.0
1981-03-03,130.98,132.72,129.66,130.56,0.0
1981-04-03,130.83,132.07,129.57,130.86,0.0
1981-05-03,130.33,131.82,129.25,129.93,0.0
1981-06-03,129.86,131.18,128.56,129.85,0.0
1981-07-03,129.85,129.85,129.85,129.85,0.0
1981-08-03,129.85,129.85,129.85,129.85,0.0
1981-09-03,130.81,131.94,129.39,131.12,0.0
1981-10-03,130.94,132.64,129.72,130.46,0.0
1981-11-03,129.95,131.2,128.72,129.95,0.0
1981-12-03,132.17,133.56,129.76,133.19,0.0
,133.67,135.53,132.39,133.11,0.0
,133.11,133.11,133.11,133.11,0.0
,133.11,133.11,133.11,133.11,0.0
,134.04,135.35,132.1,134.68,0.0
,134.27,136.09,132.8,133.92,0.0
,134.33,135.66,132.8,134.55,0.0
,133.73,135.37,132.37,133.46,0.0
,133.95,135.29,132.5,134.08,0.0
,134.08,134.08,134.08,134.08,0.0
,134.08,134.08,134.08,134.08,0.0
,135.2,136.5,133.41,135.69,0.0
,135.39,137.4,134.1,134.67,0.0
,136.11,137.32,133.92,137.11,0.0
,136.64,138.38,135.29,136.27,0.0
,135.15,136.89,133.91,134.65,0.0
,134.65,134.65,134.65,134.65,0.0
,134.65,134.65,134.65,134.65,0.0
,134.55,135.87,133.51,134.28,0.0
,135.94,137.15,134.68,136.0,0.0
1981-01-04,136.39,137.56,135.04,136.57,0.0
1981-02-04,136.4,137.72,135.16,136.32,0.0
1981-03-04,135.73,137.04,134.67,135.49,0.0
1981-04-04,135.49,135.49,135.49,135.49,0.0
1981-05-04,135.49,135.49,135.49,135.49,0.0
1981-06-04,134.15,135.61,132.91,133.93,0.0
1981-07-04,134.04,135.27,132.96,133.91,0.0
1981-08-04,134.3,135.34,133.26,134.31,0.0
1981-09-04,134.35,135.8,132.59,134.67,0.0
1981-10-04,134.64,136.23,133.18,134.51,0.0
1981-11-04,134.51,134.51,134.51,134.51,0.0
1981-12-04,134.51,134.51,134.51,134.51,0.0
,133.43,134.91,132.24,133.15,0.0
,132.76,134.03,131.58,132.68,0.0
,133.72,134.79,132.2,134.17,0.0
,134.65,135.82,133.43,134.7,0.0
,134.7,134.7,134.7,134.7,0.0
,134.7,134.7,134.7,134.7,0.0
,134.7,134.7,134.7,134.7,0.0
,134.96,136.25,133.19,135.45,0.0
,134.7,136.38,133.49,134.23,0.0
,134.13,135.54,132.72,134.14,0.0
,134.24,135.9,132.9,133.94,0.0
,134.67,136.0,132.88,135.14,0.0
,135.14,135.14,135.14,135.14,0.0
,135.14,135.14,135.14,135.14,0.0
,135.39,136.56,134.13,135.48,0.0
,134.5,136.09,133.1,134.33,0.0
,133.18,134.69,131.82,133.05,0.0
,133.05,134.44,131.85,132.87,0.0
1981-01-05,132.77,134.17,131.43,132.72,0.0
1981-02-05,132.72,132.72,132.72,132.72,0.0
1981-03-05,132.72,132.72,132.72,132.72,0.0
1981-04-05,130.68,131.78,129.61,130.67,0.0
1981-05-05,130.19,131.33,128.93,130.32,0.0
1981-06-05,131.08,132.38,130.09,130.78,0.0
1981-07-05,131.43,132.41,130.21,131.67,0.0
1981-08-05,131.73,132.69,130.84,131.66,0.0
1981-09-05,131.66,131.66,131.66,131.66,0.0
1981-10-05,131.66,131.66,131.66,131.66,0.0
1981-11-05,130.35,132.23,129.11,129.71,0.0
1981-12-05,130.22,131.17,128.78,130.72,0.0
,130.68,131.96,129.53,130.55,0.0
,131.11,132.15,129.91,131.28,0.0
,132.04,133.21,130.75,132.17,0.0
,132.17,132.17,132.17,132.17,0.0
,132.17,132.17,132.17,132.17,0.0
,132.56,133.65,131.49,132.54,0.0
,132.03,133.22,130.78,132.09,0.0
,131.87,133.03,130.59,132.0,0.0
,131.82,133.03,130.7,131.75,0.0
,131.46,132.65,130.42,131.33,0.0
,131.33,131.33,131.33,131.33,0.0
,131.33,131.33,131.33,131.33,0.0
,131.33,131.33,131.33,131.33,0.0
,132.23,133.3,130.64,132.77,0.0
,133.42,134.65,131.85,133.77,0.0
,133.45,134.92,132.0,133.45,0.0
,132.82,134.36,131.52,132.59,0.0
,132.59,132.59,132.59,132.59,0.0
,132.59,132.59,132.59,132.59,0.0
1981-01-06,132.84,134.62,131.49,132.41,0.0
1981-02-06,131.14,132.96,129.84,130.62,0.0
1981-03-06,130.28,131.37,128.77,130.71,0.0
1981-04-06,130.96,132.21,129.72,130.96,0.0
1981-05-06,131.79,132.98,130.17,132.22,0.0
1981-06-06,132.22,132.22,132.22,132.22,0.0
1981-07-06,132.22,132.22,132.22,132.22,0.0
1981-08-06,132.4,133.68,131.29,132.24,0.0
1981-09-06,132.07,133.3,130.94,131.97,0.0
1981-10-06,132.28,133.49,131.04,132.32,0.0
1981-11-06,133.21,134.31,131.58,133.75,0.0
1981-12-06,133.66,135.09,132.4,133.49,0.0
,133.49,133.49,133.49,133.49,0.0
,133.49,133.49,133.49,133.49,0.0
,134.02,135.67,132.78,133.61,0.0
,132.48,134.0,131.29,132.15,0.0
,132.7,133.98,130.81,133.32,0.0
,132.18,133.98,130.94,131.64,0.0
,132.01,133.27,130.49,132.27,0.0
,132.27,132.27,132.27,132.27,0.0
,132.27,132.27,132.27,132.27,0.0
,132.19,133.54,131.1,131.95,0.0
,132.83,133.98,131.16,133.35,0.0
,132.73,133.9,131.65,132.66,0.0
,132.96,134.3,131.78,132.81,0.0
,132.67,133.75,131.71,132.56,0.0
,132.56,132.56,132.56,132.56,0.0
,132.56,132.56,132.56,132.56,0.0
,132.19,133.5,131.2,131.89,0.0
,131.39,132.67,130.31,131.21,0.0
1981-01-07,130.16,131.69,129.04,129.77,0.0
1981-02-07,128.98,130.48,127.84,128.64,0.0
1981-03-07,128.64,128.64,128.64,128.64,0.0
1981-04-07,128.64,128.64,128.64,128.64,0.0
1981-05-07,128.64,128.64,128.64,128.64,0.0
1981-06-07,127.6,128.99,126.44,127.37,0.0
1981-07-07,128.07,129.6,126.39,128.24,0.0
1981-08-07,128.28,129.57,126.95,128.32,0.0
1981-09-07,128.98,130.08,127.57,129.3,0.0
1981-10-07,129.39,130.43,128.38,129.37,0.0
1981-11-07,129.37,129.37,129.37,129.37,0.0
1981-12-07,129.37,129.37,129.37,129.37,0.0
,129.75,130.82,128.79,129.64,0.0
,129.52,130.78,128.14,129.65,0.0
,130.23,131.59,128.89,130.23,0.0
,130.35,131.41,129.3,130.34,0.0
,130.61,131.6,129.49,130.76,0.0
,130.76,130.76,130.76,130.76,0.0
,130.76,130.76,130.76,130.76,0.0
,129.1,130.6,127.98,128.72,0.0
,128.34,129.6,127.08,128.34,0.0
,127.85,129.72,126.7,127.13,0.0
,127.2,128.26,125.96,127.4,0.0
,128.29,129.31,127.11,128.46,0.0
,128.46,128.46,128.46,128.46,0.0
,128.46,128.46,128.46,128.46,0.0
,129.64,130.61,128.43,129.9,0.0
,129.28,130.44,128.28,129.14,0.0
,129.2,130.09,128.37,129.16,0.0
,129.75,130.68,128.56,130.01,0.0
,130.76,131.78,129.6,130.92,0.0
1981-01-08,130.92,130.92,130.92,130.92,0.0
1981-02-08,130.92,130.92,130.92,130.92,0.0
1981-03-08,130.53,131.74,129.42,130.43,0.0
1981-04-08,130.75,131.66,129.43,131.18,0.0
1981-05-08,132.27,133.39,130.76,132.67,0.0
1981-06-08,132.8,134.04,131.74,132.64,0.0
1981-07-08,131.91,133.04,130.96,131.75,0.0
1981-08-08,131.75,131.75,131.75,131.75,0.0
1981-09-08,131.75,131.75,131.75,131.75,0.0
1981-10-08,132.23,133.32,130.83,132.54,0.0
1981-11-08,133.52,134.63,132.09,133.85,0.0
1981-12-08,133.77,135.18,132.73,133.4,0.0
,133.54,134.58,132.53,133.51,0.0
,134.02,135.49,131.91,135.49,0.0
,135.49,135.49,135.49,135.49,0.0
,135.49,135.49,135.49,135.49,0.0
,131.66,133.02,130.75,131.22,0.0
,130.31,131.73,129.1,130.11,0.0
,130.22,131.2,128.99,130.49,0.0
,130.75,131.74,129.84,130.69,0.0
,129.66,131.06,128.7,129.23,0.0
,129.23,129.23,129.23,129.23,0.0
,129.23,129.23,129.23,129.23,0.0
,126.37,128.59,125.02,125.5,0.0
,124.63,125.77,123.0,125.13,0.0
,125.04,126.17,123.99,124.96,0.0
,123.9,125.31,122.9,123.51,0.0
,124.0,125.09,122.85,124.08,0.0
,124.08,124.08,124.08,124.08,0.0
,124.08,124.08,124.08,124.08,0.0
,123.55,125.58,122.29,122.79,0.0
1981-01-09,122.84,123.92,121.59,123.02,0.0
1981-02-09,123.53,124.58,122.54,123.49,0.0
1981-03-09,122.07,124.16,120.82,121.24,0.0
1981-04-09,120.28,121.54,119.24,120.07,0.0
1981-05-09,120.07,120.07,120.07,120.07,0.0
1981-06-09,120.07,120.07,120.07,120.07,0.0
1981-07-09,120.07,120.07,120.07,120.07,0.0
1981-08-09,118.31,120.12,116.85,117.98,0.0
1981-09-09,118.25,119.49,116.87,118.4,0.0
1981-10-09,120.21,122.18,118.33,120.14,0.0
1981-11-09,121.01,122.13,119.29,121.61,0.0
1981-12-09,121.61,121.61,121.61,121.61,0.0
,121.61,121.61,121.61,121.61,0.0
,120.77,122.0,119.67,120.66,0.0
,120.27,121.77,119.27,119.77,0.0
,118.92,120.0,117.89,118.87,0.0
,117.88,119.87,116.63,117.15,0.0
,116.37,117.69,115.18,116.26,0.0
,116.26,116.26,116.26,116.26,0.0
,116.26,116.26,116.26,116.26,0.0
,116.78,118.07,115.04,117.24,0.0
,116.93,118.19,115.93,116.68,0.0
,115.31,116.68,113.6,115.65,0.0
,115.6,117.47,114.32,115.01,0.0
,113.03,114.69,111.64,112.77,0.0
,112.77,112.77,112.77,112.77,0.0
,112.77,112.77,112.77,112.77,0.0
,113.85,115.83,110.19,115.53,0.0
,116.14,117.75,114.75,115.94,0.0
,115.94,117.05,114.6,116.18,0.0
1981-01-10,116.58,117.66,115.0,117.08,0.0
1981-02-10,118.86,120.16,117.07,119.36,0.0
1981-03-10,119.36,119.36,119.36,119.36,0.0
1981-04-10,119.36,119.36,119.36,119.36,0.0
1981-05-10,119.88,121.54,118.61,119.51,0.0
1981-06-10,119.62,121.39,118.08,119.39,0.0
1981-07-10,120.75,121.87,119.09,121.31,0.0
1981-08-10,121.87,123.08,120.23,122.31,0.0
1981-09-10,121.78,123.28,120.63,121.45,0.0
1981-10-10,121.45,121.45,121.45,121.45,0.0
1981-11-10,121.45,121.45,121.45,121.45,0.0
1981-12-10,121.25,122.37,120.17,121.21,0.0
,121.03,122.37,119.96,120.78,0.0
,119.38,120.97,118.38,118.8,0.0
,119.43,120.58,118.01,119.71,0.0
,119.34,120.46,118.38,119.19,0.0
,119.19,119.19,119.19,119.19,0.0
,119.19,119.19,119.19,119.19,0.0
,118.8,119.85,117.58,118.98,0.0
,120.11,121.29,118.78,120.28,0.0
,120.46,121.94,119.35,120.1,0.0
,119.63,120.78,118.48,119.64,0.0
,118.76,119.92,117.78,118.6,0.0
,118.6,118.6,118.6,118.6,0.0
,118.6,118.6,118.6,118.6,0.0
,117.99,119.0,116.81,118.16,0.0
,119.17,120.43,117.8,119.29,0.0
,119.6,120.96,118.39,119.45,0.0
,119.19,120.37,118.14,119.06,0.0
,120.95,122.53,118.43,121.89,0.0
,121.89,121.89,121.89,121.89,0.0
1981-01-11,121.89,121.89,121.89,121.89,0.0
1981-02-11,123.89,125.14,122.35,124.2,0.0
1981-03-11,124.48,125.52,123.14,124.8,0.0
1981-04-11,124.79,126.0,123.64,124.74,0.0
1981-05-11,124.1,125.8,122.98,123.54,0.0
1981-06-11,122.91,124.03,121.85,122.87,0.0
1981-07-11,122.87,122.87,122.87,122.87,0.0
1981-08-11,122.87,122.87,122.87,122.87,0.0
1981-09-11,123.0,124.13,121.59,123.29,0.0
1981-10-11,123.13,124.69,122.01,122.7,0.0
1981-11-11,122.75,123.82,121.51,122.92,0.0
1981-12-11,123.36,124.71,122.19,123.19,0.0
,122.11,123.61,121.06,121.67,0.0
,121.67,121.67,121.67,121.67,0.0
,121.67,121.67,121.67,121.67,0.0
,120.33,121.64,119.13,120.24,0.0
,120.81,121.78,119.5,121.15,0.0
,120.51,121.66,119.61,120.26,0.0
,120.6,121.67,119.42,120.71,0.0
,121.47,122.59,120.13,121.71,0.0
,121.71,121.71,121.71,121.71,0.0
,121.71,121.71,121.71,121.71,0.0
,121.81,123.09,120.76,121.6,0.0
,122.92,124.04,121.22,123.51,0.0
,124.13,125.29,123.07,124.05,0.0
,124.05,124.05,124.05,124.05,0.0
,124.81,125.71,123.63,125.09,0.0
,125.09,125.09,125.09,125.09,0.0
,125.09,125.09,125.09,125.09,0.0
,125.83,126.97,124.18,126.35,0.0
1981-01-12,126.08,127.3,124.84,126.1,0.0
1981-02-12,125.1,126.45,124.18,124.69,0.0
1981-03-12,124.86,125.84,123.63,125.12,0.0
1981-04-12,126.23,127.32,125.12,126.26,0.0
1981-05-12,126.26,126.26,126.26,126.26,0.0
1981-06-12,126.26,126.26,126.26,126.26,0.0
1981-07-12,125.59,126.91,124.67,125.19,0.0
1981-08-12,124.69,125.75,123.52,124.82,0.0
1981-09-12,125.21,126.08,124.09,125.48,0.0
1981-10-12,125.61,126.54,124.6,125.71,0.0
1981-11-12,125.17,126.26,124.32,124.93,0.0
1981-12-12,124.93,124.93,124.93,124.93,0.0
,124.93,124.93,124.93,124.93,0.0
,123.1,124.37,122.17,122.78,0.0
,122.86,123.78,121.83,122.99,0.0
,122.6,123.66,121.73,122.42,0.0
,122.91,123.79,121.82,123.12,0.0
,123.81,124.87,122.56,124.0,0.0
,124.0,124.0,124.0,124.0,0.0
,124.0,124.0,124.0,124.0,0.0
,123.57,124.71,122.67,123.34,0.0
,123.08,124.17,122.19,122.88,0.0
,122.49,123.59,121.58,122.31,0.0
,122.39,123.06,121.57,122.54,0.0
,122.54,122.54,122.54,122.54,0.0
,122.54,122.54,122.54,122.54,0.0
,122.54,122.54,122.54,122.54,0.0
,122.45,123.36,121.73,122.27,0.0
,121.89,122.9,121.12,121.67,0.0
,122.15,123.11,121.04,122.3,0.0
,122.55,123.42,121.57,122.55,0.0
1982-01-01,122.55,122.55,122.55,122.55,0.0
1982-02-01,122.55,122.55,122.55,122.55,0.0
1982-03-01,122.55,122.55,122.55,122.55,0.0
1982-04-01,122.64,123.72,121.48,122.74,0.0
1982-05-01,120.74,122.61,119.57,120.05,0.0
1982-06-01,119.2,120.45,117.99,119.18,0.0
1982-07-01,118.83,119.88,117.7,118.93,0.0
1982-08-01,119.56,120.59,118.55,119.55,0.0
1982-09-01,119.55,119.55,119.55,119.55,0.0
1982-10-01,119.55,119.55,119.55,119.55,0.0
1982-11-01,117.86,120.34,116.47,116.78,0.0
1982-12-01,116.32,117.49,115.18,116.3,0.0
,115.52,117.46,114.24,114.88,0.0
,115.3,116.3,114.07,115.54,0.0
,116.19,117.14,115.1,116.33,0.0
,116.33,116.33,116.33,116.33,0.0
,116.33,116.33,116.33,116.33,0.0
,116.58,117.69,114.85,117.22,0.0
,116.54,118.15,115.52,115.97,0.0
,115.4,116.64,114.29,115.27,0.0
,115.75,116.92,114.6,115.75,0.0
,115.49,116.53,114.58,115.38,0.0
,115.38,115.38,115.38,115.38,0.0
,115.38,115.38,115.38,115.38,0.0
,114.99,115.93,113.63,115.41,0.0
,115.42,116.6,114.49,115.19,0.0
,115.57,116.6,114.38,115.74,0.0
,118.12,119.35,116.1,118.92,0.0
,120.4,121.38,118.64,120.4,0.0
,120.4,120.4,120.4,120.4,0.0
,120.4,120.4,120.4,120.4,0.0
1982-01-02,118.24,119.81,117.14,117.78,0.0
1982-02-02,118.02,119.15,116.91,118.01,0.0
1982-03-02,117.06,118.67,116.04,116.48,0.0
1982-04-02,116.26,117.49,114.88,116.42,0.0
1982-05-02,117.08,118.25,115.74,117.25,0.0
1982-06-02,117.25,117.25,117.25,117.25,0.0
1982-07-02,117.25,117.25,117.25,117.25,0.0
1982-08-02,115.29,117.04,114.2,114.63,0.0
1982-09-02,113.88,115.15,112.82,113.68,0.0
1982-10-02,114.58,115.62,113.45,114.66,0.0
1982-11-02,114.48,115.59,113.41,114.43,0.0
1982-12-02,114.49,115.39,113.7,114.38,0.0
,114.38,114.38,114.38,114.38,0.0
,114.38,114.38,114.38,114.38,0.0
,114.38,114.38,114.38,114.38,0.0
,113.58,114.63,112.06,114.06,0.0
,113.92,115.09,112.97,113.69,0.0
,113.94,115.04,112.97,113.82,0.0
,113.38,114.58,112.33,113.22,0.0
,113.22,113.22,113.22,113.22,0.0
,113.22,113.22,113.22,113.22,0.0
,112.56,114.9,111.2,111.59,0.0
,111.59,111.59,111.59,111.59,0.0
,112.69,113.88,110.71,113.47,0.0
,113.5,114.86,112.44,113.21,0.0
,113.05,114.01,112.04,113.11,0.0
,113.11,113.11,113.11,113.11,0.0
,113.11,113.11,113.11,113.11,0.0
1982-01-03,113.16,114.32,111.86,113.31,0.0
1982-02-03,113.17,114.8,112.03,112.68,0.0
1982-03-03,111.14,112.51,109.98,110.92,0.0
1982-04-03,110.14,111.78,108.77,109.88,0.0
1982-05-03,109.52,110.9,108.31,109.34,0.0
1982-06-03,109.34,109.34,109.34,109.34,0.0
1982-07-03,109.34,109.34,109.34,109.34,0.0
1982-08-03,108.48,111.06,107.03,107.34,0.0
1982-09-03,107.34,107.34,107.34,107.34,0.0
1982-10-03,109.49,110.98,108.09,109.41,0.0
1982-11-03,109.54,110.87,108.38,109.36,0.0
1982-12-03,107.6,109.72,104.46,108.61,0.0
,108.61,108.61,108.61,108.61,0.0
,108.61,108.61,108.61,108.61,0.0
,108.97,109.99,107.47,109.45,0.0
,109.59,110.92,108.57,109.28,0.0
,109.1,110.1,108.11,109.08,0.0
,109.72,110.3,108.85,110.3,0.0
,110.3,110.3,110.3,110.3,0.0
,110.3,110.3,110.3,110.3,0.0
,110.3,110.3,110.3,110.3,0.0
,112.28,113.35,110.71,112.77,0.0
,113.45,114.51,112.29,113.55,0.0
,113.17,114.31,112.23,112.97,0.0
,113.16,114.26,112.02,113.21,0.0
,112.21,113.43,111.26,111.94,0.0
,111.94,111.94,111.94,111.94,0.0
,111.94,111.94,111.94,111.94,0.0
,112.0,112.82,110.9,112.3,0.0
,112.22,113.09,111.3,112.27,0.0
,112.15,113.17,111.32,111.96,0.0
1982-01-04,113.16,114.22,111.48,113.79,0.0
1982-02-04,114.85,115.79,113.65,115.12,0.0
1982-03-04,115.12,115.12,115.12,115.12,0.0
1982-04-04,115.12,115.12,115.12,115.12,0.0
1982-05-04,114.86,115.9,113.94,114.73,0.0
1982-06-04,114.99,115.92,113.7,115.36,0.0
1982-07-04,115.5,116.45,114.58,115.46,0.0
1982-08-04,116.03,116.94,114.94,116.22,0.0
1982-09-04,118.32,120.6,116.05,117.5,0.0
1982-10-04,117.5,117.5,117.5,117.5,0.0
1982-11-04,117.5,117.5,117.5,117.5,0.0
1982-12-04,116.06,117.02,115.16,116.0,0.0
,116.09,117.12,115.16,115.99,0.0
,115.76,116.69,114.8,115.83,0.0
,116.08,116.86,115.02,116.35,0.0
,116.73,117.7,115.68,116.81,0.0
,116.81,116.81,116.81,116.81,0.0
,116.81,116.81,116.81,116.81,0.0
,116.9,118.16,115.83,116.7,0.0
,115.8,117.14,114.83,115.44,0.0
,115.48,115.87,115.3,115.72,0.0
,115.72,117.25,115.72,116.2,0.0
,118.02,118.64,117.19,118.64,0.0
,118.64,118.64,118.64,118.64,0.0
,118.64,118.64,118.64,118.64,0.0
,118.94,119.33,118.25,119.26,0.0
,119.07,119.26,117.73,118.0,0.0
,117.83,118.05,116.94,117.26,0.0
,116.4,117.24,116.11,116.14,0.0
,116.21,116.78,116.07,116.44,0.0
1982-01-05,116.44,116.44,116.44,116.44,0.0
1982-02-05,116.44,116.44,116.44,116.44,0.0
1982-03-05,115.96,116.82,115.91,116.82,0.0
1982-04-05,117.41,117.64,116.85,117.46,0.0
1982-05-05,117.85,118.05,117.31,117.67,0.0
1982-06-05,118.82,118.83,117.68,118.68,0.0
1982-07-05,119.08,119.89,118.71,119.44,0.0
1982-08-05,119.44,119.44,119.44,119.44,0.0
1982-09-05,119.44,119.44,119.44,119.44,0.0
1982-10-05,119.08,119.49,118.37,118.38,0.0
1982-11-05,118.54,119.59,118.32,119.42,0.0
1982-12-05,119.89,119.92,118.76,119.17,0.0
,119.08,119.2,118.13,118.22,0.0
,118.2,118.4,118.01,118.01,0.0
,118.01,118.01,118.01,118.01,0.0
,118.01,118.01,118.01,118.01,0.0
,117.62,118.02,116.66,116.71,0.0
,116.35,116.7,115.71,115.84,0.0
,115.61,115.96,114.82,114.89,0.0
,114.85,115.07,114.37,114.59,0.0
,115.03,115.13,114.6,114.89,0.0
,114.89,114.89,114.89,114.89,0.0
,114.89,114.89,114.89,114.89,0.0
,114.46,114.86,114.24,114.79,0.0
,115.5,115.51,114.4,114.4,0.0
,113.68,114.4,112.88,113.11,0.0
,113.11,113.11,113.11,113.11,0.0
,112.79,112.8,111.66,111.88,0.0
,111.88,111.88,111.88,111.88,0.0
,111.88,111.88,111.88,111.88,0.0
,111.5,112.25,110.75,111.0,0.0
1982-01-06,111.97,112.07,111.66,111.68,0.0
1982-02-06,111.74,112.19,111.55,112.04,0.0
1982-03-06,112.04,112.04,112.04,112.04,0.0
1982-04-06,111.66,111.85,110.02,110.09,0.0
1982-05-06,110.09,110.09,110.09,110.09,0.0
1982-06-06,110.09,110.09,110.09,110.09,0.0
1982-07-06,109.59,110.59,109.42,110.12,0.0
1982-08-06,110.33,110.33,109.6,109.63,0.0
1982-09-06,109.46,109.63,108.53,108.98,0.0
1982-10-06,109.35,109.7,108.96,109.61,0.0
1982-11-06,111.11,111.48,109.65,111.24,0.0
1982-12-06,111.24,111.24,111.24,111.24,0.0
,111.24,111.24,111.24,111.24,0.0
,110.5,111.22,109.9,109.96,0.0
,109.63,109.96,108.98,109.68,0.0
,110.1,110.13,108.82,108.87,0.0
,108.01,108.85,107.48,107.6,0.0
,107.6,107.6,107.6,107.6,0.0
,107.6,107.6,107.6,107.6,0.0
,107.6,107.6,107.6,107.6,0.0
,107.6,107.6,107.6,107.6,0.0
,107.25,108.29,107.17,108.29,0.0
,108.59,110.13,108.09,110.13,0.0
,110.25,110.92,109.79,109.83,0.0
,109.56,109.83,109.09,109.14,0.0
,109.14,109.14,109.14,109.14,0.0
,109.14,109.14,109.14,109.14,0.0
,109.3,110.45,109.17,110.26,0.0
,110.26,111.21,109.68,111.21,0.0
,110.95,111.0,109.5,109.61,0.0
1982-01-07,109.52,109.63,108.62,108.71,0.0
1982-02-07,108.1,108.71,107.6,107.65,0.0
1982-03-07,107.65,107.65,107.65,107.65,0.0
1982-04-07,107.65,107.65,107.65,107.65,0.0
1982-05-07,109.7,113.0,106.4,107.35,0.0
1982-06-07,107.27,107.67,106.74,107.29,0.0
1982-07-07,107.08,107.61,106.99,107.21,0.0
1982-08-07,106.85,107.53,105.57,107.53,0.0
1982-09-07,108.23,108.97,107.56,108.83,0.0
1982-10-07,108.83,108.83,108.83,108.83,0.0
1982-11-07,108.83,108.83,108.83,108.83,0.0
1982-12-07,109.48,109.62,108.89,109.57,0.0
,109.19,110.07,109.1,109.1,0.0
,109.68,110.44,109.08,110.44,0.0
,110.83,110.95,110.27,110.47,0.0
,110.16,111.48,110.16,111.07,0.0
,111.07,111.07,111.07,111.07,0.0
,111.07,111.07,111.07,111.07,0.0
,111.75,111.78,110.66,110.73,0.0
,111.11,111.56,110.35,111.54,0.0
,112.15,112.39,111.38,111.42,0.0
,110.95,112.02,110.94,111.48,0.0
,111.46,111.58,111.05,111.17,0.0
,111.17,111.17,111.17,111.17,0.0
,111.17,111.17,111.17,111.17,0.0
,110.66,111.16,110.29,110.35,0.0
,110.26,110.35,109.36,109.43,0.0
,109.42,109.42,107.53,107.74,0.0
,107.42,107.92,106.62,107.72,0.0
,107.35,107.95,107.01,107.09,0.0
,107.09,107.09,107.09,107.09,0.0
1982-01-08,107.09,107.09,107.09,107.09,0.0
1982-02-08,107.71,109.09,107.11,108.97,0.0
1982-03-08,108.98,109.43,107.81,107.83,0.0
1982-04-08,107.83,107.83,106.11,106.14,0.0
1982-05-08,106.1,106.1,104.76,105.16,0.0
1982-06-08,105.16,105.16,103.67,103.71,0.0
1982-07-08,103.71,103.71,103.71,103.71,0.0
1982-08-08,103.71,103.71,103.71,103.71,0.0
1982-09-08,103.69,103.69,102.2,103.08,0.0
1982-10-08,103.11,103.84,102.82,102.84,0.0
1982-11-08,102.83,103.01,102.48,102.59,0.0
1982-12-08,102.6,103.22,102.39,102.41,0.0
,102.42,103.85,102.4,103.85,0.0
,103.85,103.85,103.85,103.85,0.0
,103.85,103.85,103.85,103.85,0.0
,103.86,105.52,103.86,104.09,0.0
,105.4,108.99,104.09,108.99,0.0
,109.04,111.58,108.46,108.54,0.0
,108.53,109.86,108.34,109.16,0.0
,109.19,113.02,109.19,113.02,0.0
,113.02,113.02,113.02,113.02,0.0
,113.02,113.02,113.02,113.02,0.0
,113.02,116.09,112.65,116.09,0.0
,116.11,116.39,115.08,115.35,0.0
,115.35,118.12,115.11,117.58,0.0
,117.57,120.26,117.57,118.53,0.0
,117.38,118.56,116.63,117.11,0.0
,117.11,117.11,117.11,117.11,0.0
,117.11,117.11,117.11,117.11,0.0
,117.05,117.66,115.79,117.66,0.0
,117.65,119.6,117.65,119.51,0.0
1982-01-09,119.52,120.05,117.98,118.25,0.0
1982-02-09,118.24,120.32,117.84,120.29,0.0
1982-03-09,120.31,123.64,120.31,122.68,0.0
1982-04-09,122.68,122.68,122.68,122.68,0.0
1982-05-09,122.68,122.68,122.68,122.68,0.0
1982-06-09,122.07,125.2,118.95,119.35,0.0
1982-07-09,122.68,122.68,121.19,121.37,0.0
1982-08-09,121.33,123.11,121.19,122.2,0.0
1982-09-09,122.19,123.22,121.9,121.97,0.0
1982-10-09,121.97,121.98,120.27,120.97,0.0
1982-11-09,120.97,120.97,120.97,120.97,0.0
1982-12-09,120.97,120.97,120.97,120.97,0.0
,120.94,122.23,120.25,122.23,0.0
,122.27,123.69,122.27,123.1,0.0
,123.09,124.81,122.72,124.81,0.0
,124.28,124.88,123.65,123.77,0.0
,123.76,123.76,122.34,122.55,0.0
,122.55,122.55,122.55,122.55,0.0
,122.55,122.55,122.55,122.55,0.0
,122.54,122.54,121.48,122.51,0.0
,122.51,124.91,122.51,124.91,0.0
,124.9,126.43,123.99,123.99,0.0
,123.99,124.19,122.96,123.81,0.0
,123.79,123.8,123.11,123.32,0.0
,123.32,123.32,123.32,123.32,0.0
,123.32,123.32,123.32,123.32,0.0
,123.32,123.62,122.75,123.62,0.0
,123.62,124.16,123.21,123.24,0.0
,123.24,123.24,121.28,121.63,0.0
,121.62,121.62,120.14,120.42,0.0
1982-01-10,120.4,121.97,120.15,121.97,0.0
1982-02-10,121.97,121.97,121.97,121.97,0.0
1982-03-10,121.97,121.97,121.97,121.97,0.0
1982-04-10,121.97,121.97,120.56,121.5,0.0
1982-05-10,121.6,122.73,121.6,121.98,0.0
1982-06-10,122.0,125.97,122.0,125.97,0.0
1982-07-10,125.99,128.96,125.99,128.8,0.0
1982-08-10,128.79,131.11,128.79,131.05,0.0
1982-09-10,131.05,131.05,131.05,131.05,0.0
1982-10-10,131.05,131.05,131.05,131.05,0.0
1982-11-10,131.06,135.53,131.06,134.46,0.0
1982-12-10,134.48,135.85,133.59,134.44,0.0
,134.42,137.97,134.14,136.68,0.0
,136.71,136.89,134.55,134.57,0.0
,134.55,134.61,133.28,133.57,0.0
,133.57,133.57,133.57,133.57,0.0
,133.57,133.57,133.57,133.57,0.0
,133.59,136.72,133.59,136.71,0.0
,136.73,137.96,135.72,136.58,0.0
,136.58,139.22,136.37,139.22,0.0
,139.23,140.27,137.63,139.08,0.0
,139.06,140.4,138.75,138.83,0.0
,138.83,138.83,138.83,138.83,0.0
,138.83,138.83,138.83,138.83,0.0
,138.81,138.81,133.32,133.32,0.0
,133.29,134.48,131.5,134.48,0.0
,134.48,135.92,134.48,135.29,0.0
,135.28,135.42,133.59,133.59,0.0
,133.54,134.02,132.64,133.72,0.0
,133.72,133.72,133.72,133.72,0.0
,133.72,133.72,133.72,133.72,0.0
1982-01-11,133.72,135.46,133.22,135.46,0.0
1982-02-11,135.48,138.51,135.48,137.49,0.0
1982-03-11,137.53,142.88,137.53,142.86,0.0
1982-04-11,142.85,143.99,141.65,141.85,0.0
1982-05-11,141.85,142.43,141.32,142.16,0.0
1982-06-11,142.16,142.16,142.16,142.16,0.0
1982-07-11,142.16,142.16,142.16,142.16,0.0
1982-08-11,142.12,142.12,139.98,140.44,0.0
1982-09-11,140.48,143.16,140.46,143.02,0.0
1982-10-11,143.04,144.36,140.8,141.16,0.0
1982-11-11,141.15,141.75,139.88,141.75,0.0
1982-12-11,141.75,141.85,139.53,139.53,0.0
,139.53,139.53,139.53,139.53,0.0
,139.53,139.53,139.53,139.53,0.0
,139.54,139.54,137.0,137.02,0.0
,136.97,136.97,134.05,135.41,0.0
,135.47,137.93,135.47,137.93,0.0
,137.93,138.78,137.47,138.34,0.0
,138.35,138.93,137.0,137.02,0.0
,137.02,137.02,137.02,137.02,0.0
,137.02,137.02,137.02,137.02,0.0
,137.03,137.1,134.21,134.22,0.0
,134.21,134.28,132.89,132.93,0.0
,132.92,133.87,132.92,133.87,0.0
,134.02,138.65,131.4,138.65,0.0
,133.89,134.88,133.89,134.88,0.0
,134.88,134.88,134.88,134.88,0.0
,134.88,134.88,134.88,134.88,0.0
,134.89,135.29,133.69,134.2,0.0
,134.2,138.53,134.19,138.53,0.0
1982-01-12,138.56,140.37,138.35,138.72,0.0
1982-02-12,138.72,139.63,138.66,138.82,0.0
1982-03-12,138.87,139.59,138.59,138.69,0.0
1982-04-12,138.69,138.69,138.69,138.69,0.0
1982-05-12,138.69,138.69,138.69,138.69,0.0
1982-06-12,138.7,141.77,138.01,141.77,0.0
1982-07-12,141.79,143.68,141.79,142.72,0.0
1982-08-12,142.71,143.58,141.82,141.82,0.0
1982-09-12,141.8,141.8,139.92,139.99,0.0
1982-10-12,139.99,141.15,139.35,139.57,0.0
1982-11-12,139.57,139.57,139.57,139.57,0.0
1982-12-12,139.57,139.57,139.57,139.57,0.0
,139.57,140.12,139.5,139.95,0.0
,139.99,142.5,137.34,137.4,0.0
,137.4,137.4,135.12,135.24,0.0
,135.22,135.78,134.79,135.29,0.0
,135.35,137.71,135.35,137.49,0.0
,137.49,137.49,137.49,137.49,0.0
,137.49,137.49,137.49,137.49,0.0
,137.49,137.84,136.19,136.25,0.0
,136.24,139.27,136.07,138.61,0.0
,138.63,139.69,138.6,138.83,0.0
,138.84,139.94,138.84,139.72,0.0
,139.15,141.75,136.55,140.75,0.0
,140.75,140.75,140.75,140.75,0.0
,140.75,140.75,140.75,140.75,0.0
,139.73,142.32,139.72,142.17,0.0
,142.18,142.34,140.75,140.76,0.0
,140.77,141.73,140.68,141.24,0.0
,141.24,141.68,140.22,140.32,0.0
,140.34,140.78,140.27,140.64,0.0
1983-01-01,140.64,140.64,140.64,140.64,0.0
1983-02-01,140.64,140.64,140.64,140.64,0.0
1983-03-01,140.65,141.33,138.2,138.34,0.0
1983-04-01,138.33,141.36,138.08,141.36,0.0
1983-05-01,141.35,142.6,141.15,141.95,0.0
1983-06-01,142.01,145.77,142.01,145.27,0.0
1983-07-01,145.27,146.46,145.15,145.23,0.0
1983-08-01,145.23,145.23,145.23,145.23,0.0
1983-09-01,145.23,145.23,145.23,145.23,0.0
1983-10-01,145.19,147.25,144.58,146.77,0.0
1983-11-01,146.79,146.83,145.38,145.78,0.0
1983-12-01,145.76,148.36,145.76,146.66,0.0
,146.67,146.94,145.67,145.72,0.0
,145.72,147.12,145.72,146.65,0.0
,146.65,146.65,146.65,146.65,0.0
,146.65,146.65,146.65,146.65,0.0
,146.65,147.9,146.64,146.72,0.0
,146.71,146.74,145.52,146.38,0.0
,146.4,146.45,144.51,145.27,0.0
,145.29,146.62,145.29,146.31,0.0
,146.3,146.3,143.25,143.88,0.0
,143.88,143.88,143.88,143.88,0.0
,143.88,143.88,143.88,143.88,0.0
,143.84,143.84,139.1,139.97,0.0
,139.98,141.75,139.98,141.74,0.0
,141.77,142.16,141.16,141.54,0.0
,141.54,144.3,141.54,144.27,0.0
,144.31,145.47,144.25,144.51,0.0
,144.51,144.51,144.51,144.51,0.0
,144.51,144.51,144.51,144.51,0.0
,144.51,145.3,143.93,145.3,0.0
1983-01-02,145.29,145.29,142.96,142.96,0.0
1983-02-02,142.95,143.52,141.9,143.23,0.0
1983-03-02,143.25,144.43,143.25,144.27,0.0
1983-04-02,144.26,146.14,144.14,146.14,0.0
1983-05-02,146.14,146.14,146.14,146.14,0.0
1983-06-02,146.14,146.14,146.14,146.14,0.0
1983-07-02,146.14,147.42,146.14,146.93,0.0
1983-08-02,146.93,147.21,145.52,145.7,0.0
1983-09-02,145.7,145.83,144.09,145.0,0.0
1983-10-02,145.04,147.75,145.04,147.5,0.0
1983-11-02,147.51,148.81,147.18,147.62,0.0
1983-12-02,147.62,147.62,147.62,147.62,0.0
,147.62,147.62,147.62,147.62,0.0
,147.71,149.14,147.4,148.93,0.0
,148.94,149.41,148.13,148.29,0.0
,148.31,148.66,147.41,147.43,0.0
,147.43,147.57,143.84,147.44,0.0
,147.44,148.29,147.21,148.0,0.0
,148.0,148.0,148.0,148.0,0.0
,148.0,148.0,148.0,148.0,0.0
,149.27,152.65,145.9,149.2,0.0
,148.01,148.11,145.42,145.47,0.0
,145.47,146.79,145.4,146.79,0.0
,146.8,149.67,146.8,149.6,0.0
,149.6,150.88,149.6,149.74,0.0
,149.74,149.74,149.74,149.74,0.0
,149.74,149.74,149.74,149.74,0.0
,149.74,149.74,147.81,148.05,0.0
1983-01-03,148.07,150.88,148.07,150.88,0.0
1983-02-03,150.91,152.63,150.91,152.03,0.0
1983-03-03,152.31,154.16,152.31,153.48,0.0
1983-04-03,153.47,153.67,152.53,153.67,0.0
1983-05-03,153.67,153.67,153.67,153.67,0.0
1983-06-03,153.67,153.67,153.67,153.67,0.0
1983-07-03,153.67,154.0,152.65,153.67,0.0
1983-08-03,153.63,153.63,151.26,151.26,0.0
1983-09-03,151.25,152.87,150.84,152.87,0.0
1983-10-03,152.87,154.01,151.75,151.8,0.0
1983-11-03,151.75,151.75,150.65,151.24,0.0
1983-12-03,151.24,151.24,151.24,151.24,0.0
,151.24,151.24,151.24,151.24,0.0
,151.28,151.3,150.24,150.83,0.0
,150.83,151.37,150.4,151.37,0.0
,151.36,151.62,149.78,149.81,0.0
,149.8,149.8,149.12,149.59,0.0
,149.59,150.29,149.56,149.9,0.0
,149.9,149.9,149.9,149.9,0.0
,149.9,149.9,149.9,149.9,0.0
,149.82,151.21,149.32,151.21,0.0
,151.21,151.59,150.6,150.66,0.0
,150.65,152.98,150.65,152.81,0.0
,152.82,153.78,152.82,153.37,0.0
,153.37,153.71,152.3,152.67,0.0
,152.67,152.67,152.67,152.67,0.0
,152.67,152.67,152.67,152.67,0.0
,152.67,152.67,151.56,151.84,0.0
,151.85,152.46,151.42,151.59,0.0
,151.6,153.39,151.6,153.39,0.0
,153.41,155.02,152.86,152.96,0.0
1983-01-04,153.85,156.0,151.7,151.9,0.0
1983-02-04,151.9,151.9,151.9,151.9,0.0
1983-03-04,151.9,151.9,151.9,151.9,0.0
1983-04-04,152.92,153.15,152.23,153.01,0.0
1983-05-04,153.04,153.92,151.81,151.9,0.0
1983-06-04,151.9,151.9,150.17,151.05,0.0
1983-07-04,151.04,151.76,150.81,151.76,0.0
1983-08-04,151.77,152.85,151.39,152.85,0.0
1983-09-04,152.85,152.85,152.85,152.85,0.0
1983-10-04,152.85,152.85,152.85,152.85,0.0
1983-11-04,152.87,155.14,152.87,155.14,0.0
1983-12-04,155.15,155.82,154.78,155.82,0.0
,155.82,157.22,155.82,156.77,0.0
,156.8,158.12,156.55,158.12,0.0
,158.11,158.75,158.11,158.75,0.0
,158.75,158.75,158.75,158.75,0.0
,158.75,158.75,158.75,158.75,0.0
,158.75,159.75,158.41,159.74,0.0
,159.74,159.74,158.54,158.71,0.0
,158.71,160.83,158.71,160.71,0.0
,160.73,161.08,159.96,160.05,0.0
,160.04,160.76,160.02,160.42,0.0
,160.42,160.42,160.42,160.42,0.0
,160.42,160.42,160.42,160.42,0.0
,160.43,160.83,158.72,158.81,0.0
,158.81,161.8,158.07,161.8,0.0
,161.85,162.77,160.76,161.44,0.0
,161.44,162.96,161.44,162.95,0.0
,162.97,164.43,162.72,164.43,0.0
,164.43,164.43,164.43,164.43,0.0
1983-01-05,164.43,164.43,164.43,164.43,0.0
1983-02-05,164.41,164.42,161.99,162.11,0.0
1983-03-05,162.1,162.35,160.8,162.34,0.0
1983-04-05,162.38,163.64,162.38,163.31,0.0
1983-05-05,163.35,164.3,163.35,164.27,0.0
1983-06-05,164.3,166.99,164.3,166.1,0.0
1983-07-05,166.1,166.1,166.1,166.1,0.0
1983-08-05,166.1,166.1,166.1,166.1,0.0
1983-09-05,166.1,166.46,164.9,165.81,0.0
1983-10-05,165.82,166.4,165.74,165.96,0.0
1983-11-05,165.95,166.3,164.53,164.96,0.0
1983-12-05,164.98,165.35,163.82,164.25,0.0
,164.26,165.23,164.26,164.91,0.0
,164.91,164.91,164.91,164.91,0.0
,164.91,164.91,164.91,164.91,0.0
,164.9,164.9,162.33,163.4,0.0
,163.4,163.71,162.55,163.71,0.0
,163.73,165.18,163.16,163.27,0.0
,163.27,163.61,161.98,161.99,0.0
,161.97,162.13,161.25,162.13,0.0
,162.13,162.13,162.13,162.13,0.0
,162.13,162.13,162.13,162.13,0.0
,162.06,163.5,160.29,163.43,0.0
,163.45,165.59,163.45,165.54,0.0
,165.54,166.21,164.79,166.21,0.0
,166.22,166.39,165.27,165.48,0.0
,165.49,165.49,164.33,164.46,0.0
,164.46,164.46,164.46,164.46,0.0
,164.46,164.46,164.46,164.46,0.0
,163.3,165.6,161.0,162.2,0.0
,164.44,164.44,162.12,162.39,0.0
1983-01-06,162.38,162.64,161.33,162.55,0.0
1983-02-06,162.56,164.0,162.56,164.0,0.0
1983-03-06,163.96,164.79,163.96,164.42,0.0
1983-04-06,164.42,164.42,164.42,164.42,0.0
1983-05-06,164.42,164.42,164.42,164.42,0.0
1983-06-06,164.43,165.09,163.75,164.83,0.0
1983-07-06,164.84,164.93,162.77,162.77,0.0
1983-08-06,162.78,162.78,161.35,161.36,0.0
1983-09-06,161.37,161.92,160.8,161.83,0.0
1983-10-06,161.86,162.76,161.86,162.68,0.0
1983-11-06,162.68,162.68,162.68,162.68,0.0
1983-12-06,162.68,162.68,162.68,162.68,0.0
,162.7,164.84,162.7,164.84,0.0
,164.87,165.93,164.87,165.53,0.0
,165.52,167.11,165.07,167.11,0.0
,167.11,169.38,167.11,169.14,0.0
,169.11,169.64,168.6,169.13,0.0
,169.13,169.13,169.13,169.13,0.0
,169.13,169.13,169.13,169.13,0.0
,169.13,170.1,168.59,169.02,0.0
,169.03,170.6,168.25,170.53,0.0
,170.53,171.6,170.42,170.99,0.0
,170.99,171.0,170.13,170.57,0.0
,170.57,170.69,170.03,170.41,0.0
,170.41,170.41,170.41,170.41,0.0
,170.41,170.41,170.41,170.41,0.0
,170.4,170.46,168.32,168.46,0.0
,168.45,168.81,165.67,165.68,0.0
,165.66,167.09,165.17,166.64,0.0
,166.64,168.12,166.64,168.11,0.0
1983-01-07,168.12,168.64,167.77,168.64,0.0
1983-02-07,168.64,168.64,168.64,168.64,0.0
1983-03-07,168.64,168.64,168.64,168.64,0.0
1983-04-07,168.97,171.4,163.7,163.7,0.0
1983-05-07,168.8,168.8,165.8,166.6,0.0
1983-06-07,166.61,168.49,166.49,168.48,0.0
1983-07-07,168.48,169.15,167.46,167.56,0.0
1983-08-07,167.56,167.91,166.95,167.08,0.0
1983-09-07,167.08,167.08,167.08,167.08,0.0
1983-10-07,167.08,167.08,167.08,167.08,0.0
1983-11-07,167.09,168.11,167.09,168.11,0.0
1983-12-07,168.03,168.05,165.51,165.53,0.0
,165.53,165.68,164.77,165.46,0.0
,165.46,166.9,165.46,166.01,0.0
,166.01,166.04,164.03,164.29,0.0
,164.29,164.29,164.29,164.29,0.0
,164.29,164.29,164.29,164.29,0.0
,164.28,164.29,163.3,163.95,0.0
,163.95,165.18,163.95,164.82,0.0
,164.89,169.29,164.89,169.29,0.0
,169.29,169.8,168.33,169.06,0.0
,169.08,169.08,168.4,168.89,0.0
,168.89,168.89,168.89,168.89,0.0
,168.89,168.89,168.89,168.89,0.0
,168.89,169.74,167.63,169.53,0.0
,169.52,170.63,169.26,170.35,0.0
,170.35,170.72,167.27,167.59,0.0
,167.59,167.79,164.99,165.04,0.0
,165.03,165.03,161.5,162.56,0.0
,162.56,162.56,162.56,162.56,0.0
,162.56,162.56,162.56,162.56,0.0
1983-01-08,162.34,162.78,161.55,162.04,0.0
1983-02-08,162.06,163.04,161.97,162.01,0.0
1983-03-08,162.01,163.44,161.52,163.44,0.0
1983-04-08,163.4,163.42,159.63,161.33,0.0
1983-05-08,161.33,161.88,160.89,161.74,0.0
1983-06-08,161.74,161.74,161.74,161.74,0.0
1983-07-08,161.74,161.74,161.74,161.74,0.0
1983-08-08,161.73,161.73,159.18,159.18,0.0
1983-09-08,159.2,160.14,158.5,160.13,0.0
1983-10-08,160.11,161.77,159.47,161.54,0.0
1983-11-08,161.55,162.14,161.41,161.54,0.0
1983-12-08,161.55,162.6,161.55,162.16,0.0
,162.16,162.16,162.16,162.16,0.0
,162.16,162.16,162.16,162.16,0.0
,162.22,164.76,162.22,163.7,0.0
,163.74,163.84,162.72,163.41,0.0
,163.43,165.4,163.43,165.29,0.0
,165.29,165.8,163.55,163.55,0.0
,163.58,164.27,163.22,163.98,0.0
,163.98,163.98,163.98,163.98,0.0
,163.98,163.98,163.98,163.98,0.0
,164.06,165.64,163.77,164.34,0.0
,164.33,164.33,162.54,162.77,0.0
,162.77,162.77,161.2,161.25,0.0
,161.27,161.28,159.96,160.84,0.0
,160.85,162.16,160.25,162.14,0.0
,162.14,162.14,162.14,162.14,0.0
,162.14,162.14,162.14,162.14,0.0
,162.14,162.32,160.97,162.25,0.0
,162.25,163.13,162.25,162.58,0.0
,162.58,164.4,162.32,164.4,0.0
1983-01-09,164.4,164.66,163.95,164.23,0.0
1983-02-09,164.25,165.07,164.21,165.0,0.0
1983-03-09,165.0,165.0,165.0,165.0,0.0
1983-04-09,165.0,165.0,165.0,165.0,0.0
1983-05-09,167.7,168.95,166.45,168.25,0.0
1983-06-09,165.3,167.9,165.3,167.89,0.0
1983-07-09,167.9,168.48,167.46,167.96,0.0
1983-08-09,167.96,168.14,167.12,167.77,0.0
1983-09-09,167.77,167.77,166.91,166.92,0.0
1983-10-09,166.92,166.92,166.92,166.92,0.0
1983-11-09,166.92,166.92,166.92,166.92,0.0
1983-12-09,166.95,169.2,165.27,165.48,0.0
,165.48,165.48,164.17,164.8,0.0
,164.8,165.42,164.63,165.35,0.0
,165.39,165.58,164.38,164.38,0.0
,164.39,166.57,164.39,166.25,0.0
,166.25,166.25,166.25,166.25,0.0
,166.25,166.25,166.25,166.25,0.0
,166.27,168.09,166.26,167.62,0.0
,167.64,169.38,167.64,169.24,0.0
,169.24,169.3,168.21,168.41,0.0
,168.41,169.78,168.22,169.76,0.0
,169.78,170.17,168.88,169.51,0.0
,169.51,169.51,169.51,169.51,0.0
,169.51,169.51,169.51,169.51,0.0
,169.53,170.41,169.16,170.07,0.0
,170.02,170.02,167.95,168.43,0.0
,168.42,168.53,167.52,168.0,0.0
,168.02,168.35,167.23,167.23,0.0
,167.23,167.23,165.63,166.07,0.0
1983-01-10,166.07,166.07,166.07,166.07,0.0
1983-02-10,166.07,166.07,166.07,166.07,0.0
1983-03-10,166.07,166.07,164.93,165.81,0.0
1983-04-10,165.81,166.8,165.81,166.27,0.0
1983-05-10,166.29,167.74,165.92,167.74,0.0
1983-06-10,167.76,170.28,167.76,170.28,0.0
1983-07-10,170.32,171.1,170.31,170.8,0.0
1983-08-10,170.8,170.8,170.8,170.8,0.0
1983-09-10,170.8,170.8,170.8,170.8,0.0
1983-10-10,170.77,172.65,170.05,172.65,0.0
1983-11-10,172.59,172.59,170.34,170.34,0.0
1983-12-10,170.34,170.84,169.34,169.62,0.0
,169.63,170.12,169.13,169.87,0.0
,169.88,169.99,169.18,169.86,0.0
,169.86,169.86,169.86,169.86,0.0
,169.86,169.86,169.86,169.86,0.0
,169.97,171.18,169.63,170.43,0.0
,170.41,170.41,167.67,167.81,0.0
,167.81,167.81,165.67,166.73,0.0
,166.77,167.35,166.44,166.98,0.0
,166.97,167.23,164.98,165.95,0.0
,165.95,165.95,165.95,165.95,0.0
,165.95,165.95,165.95,165.95,0.0
,165.85,165.99,163.85,165.99,0.0
,166.0,167.15,166.0,166.47,0.0
,166.47,166.65,165.36,165.38,0.0
,165.38,165.38,164.41,164.84,0.0
,164.84,165.19,163.23,163.37,0.0
,163.37,163.37,163.37,163.37,0.0
,163.37,163.37,163.37,163.37,0.0
,163.43,164.58,162.86,163.55,0.0
1983-01-11,163.55,163.66,162.37,163.66,0.0
1983-02-11,163.64,165.21,163.55,164.84,0.0
1983-03-11,164.84,164.85,163.42,163.45,0.0
1983-04-11,163.42,163.42,162.22,162.44,0.0
1983-05-11,162.44,162.44,162.44,162.44,0.0
1983-06-11,162.44,162.44,162.44,162.44,0.0
1983-07-11,162.42,162.56,161.84,161.91,0.0
1983-08-11,161.91,162.15,161.63,161.76,0.0
1983-09-11,161.78,163.97,161.74,163.97,0.0
1983-10-11,163.97,164.71,163.97,164.41,0.0
1983-11-11,164.39,166.29,164.34,166.29,0.0
1983-12-11,166.29,166.29,166.29,166.29,0.0
,166.29,166.29,166.29,166.29,0.0
,166.27,167.58,166.27,166.57,0.0
,166.54,166.59,165.28,165.36,0.0
,165.38,166.41,165.34,166.08,0.0
,166.04,166.49,165.51,166.12,0.0
,166.12,166.13,164.5,165.09,0.0
,165.09,165.09,165.09,165.09,0.0
,165.09,165.09,165.09,165.09,0.0
,165.09,166.05,165.0,166.05,0.0
,166.06,167.26,166.06,166.84,0.0
,166.84,167.21,166.26,166.96,0.0
,167.75,168.6,166.4,166.4,0.0
,167.75,168.6,166.9,168.15,0.0
,168.15,168.15,168.15,168.15,0.0
,168.15,168.15,168.15,168.15,0.0
,166.77,166.9,166.21,166.54,0.0
,166.57,167.92,166.17,167.91,0.0
,167.9,168.07,166.33,166.39,0.0
1983-01-12,166.4,166.77,166.08,166.5,0.0
1983-02-12,166.49,166.7,165.25,165.44,0.0
1983-03-12,165.44,165.44,165.44,165.44,0.0
1983-04-12,165.44,165.44,165.44,165.44,0.0
1983-05-12,165.42,166.15,164.71,165.76,0.0
1983-06-12,165.74,165.93,165.34,165.47,0.0
1983-07-12,165.47,166.34,165.35,165.91,0.0
1983-08-12,165.91,166.01,164.86,165.2,0.0
1983-09-12,165.2,165.29,164.5,165.08,0.0
1983-10-12,165.08,165.08,165.08,165.08,0.0
1983-11-12,165.08,165.08,165.08,165.08,0.0
1983-12-12,165.06,165.62,164.99,165.62,0.0
,165.57,165.63,164.85,164.93,0.0
,164.93,164.93,163.25,163.33,0.0
,163.32,163.32,161.66,161.66,0.0
,161.66,162.39,161.58,162.39,0.0
,162.39,162.39,162.39,162.39,0.0
,162.39,162.39,162.39,162.39,0.0
,162.37,162.88,162.27,162.32,0.0
,162.31,162.8,161.64,162.0,0.0
,161.99,163.57,161.99,163.56,0.0
,163.59,164.18,163.17,163.27,0.0
,163.26,163.31,162.9,163.22,0.0
,163.22,163.22,163.22,163.22,0.0
,163.22,163.22,163.22,163.22,0.0
,167.35,168.05,166.65,167.3,0.0
,163.22,164.76,163.22,164.76,0.0
,164.7,165.27,164.3,165.26,0.0
,165.35,165.84,164.83,164.85,0.0
,164.87,165.05,164.58,164.93,0.0
,164.93,164.93,164.93,164.93,0.0
1984-01-01,164.93,164.93,164.93,164.93,0.0
1984-02-01,168.3,170.95,165.5,165.5,0.0
1984-03-01,164.93,164.93,163.98,164.04,0.0
1984-04-01,164.04,166.78,164.04,166.78,0.0
1984-05-01,166.83,169.1,166.83,168.81,0.0
1984-06-01,168.82,169.31,168.49,169.28,0.0
1984-07-01,169.28,169.28,169.28,169.28,0.0
1984-08-01,169.28,169.28,169.28,169.28,0.0
1984-09-01,169.26,169.46,168.48,168.9,0.0
1984-10-01,168.91,169.54,167.87,167.95,0.0
1984-11-01,167.95,168.07,167.27,167.8,0.0
1984-12-01,167.81,168.4,167.68,167.75,0.0
,167.75,168.59,166.64,167.02,0.0
,167.02,167.02,167.02,167.02,0.0
,167.02,167.02,167.02,167.02,0.0
,167.01,167.55,166.77,167.18,0.0
,167.19,167.84,167.01,167.84,0.0
,167.85,168.34,167.02,167.55,0.0
,167.55,167.65,166.67,167.04,0.0
,167.04,167.06,165.87,166.19,0.0
,166.19,166.19,166.19,166.19,0.0
,166.19,166.19,166.19,166.19,0.0
,166.2,166.2,164.83,164.87,0.0
,164.87,166.35,164.84,165.94,0.0
,165.94,167.12,164.74,164.84,0.0
,164.9,165.55,164.12,164.24,0.0
,164.27,164.33,163.07,163.93,0.0
,163.93,163.93,163.93,163.93,0.0
,163.93,163.93,163.93,163.93,0.0
,163.97,164.67,162.4,162.87,0.0
,162.87,163.6,162.03,163.42,0.0
1984-01-02,163.43,164.0,162.27,162.73,0.0
1984-02-02,162.72,163.36,162.24,163.36,0.0
1984-03-02,163.44,163.98,160.82,160.91,0.0
1984-04-02,160.91,160.91,160.91,160.91,0.0
1984-05-02,160.91,160.91,160.91,160.91,0.0
1984-06-02,160.9,160.9,158.02,158.11,0.0
1984-07-02,158.06,158.81,157.01,158.74,0.0
1984-08-02,158.76,159.07,155.67,155.85,0.0
1984-09-02,155.85,156.17,154.3,155.42,0.0
1984-10-02,155.42,156.52,155.42,156.3,0.0
1984-11-02,156.3,156.3,156.3,156.3,0.0
1984-12-02,156.3,156.3,156.3,156.3,0.0
,156.3,156.32,154.13,154.95,0.0
,154.96,156.61,154.96,156.61,0.0
,156.62,157.48,156.15,156.25,0.0
,156.25,156.44,155.44,156.13,0.0
,156.14,156.8,155.51,155.74,0.0
,155.74,155.74,155.74,155.74,0.0
,155.74,155.74,155.74,155.74,0.0
,156.12,159.45,152.8,157.15,0.0
,155.73,155.73,154.47,154.64,0.0
,154.65,155.1,153.94,154.32,0.0
,154.31,154.31,152.13,154.29,0.0
,154.31,157.51,154.31,157.51,0.0
,157.51,157.51,157.51,157.51,0.0
,157.51,157.51,157.51,157.51,0.0
,157.51,159.58,157.08,159.3,0.0
,159.24,159.24,156.59,156.82,0.0
,156.82,158.27,156.41,157.06,0.0
1984-01-03,157.07,158.19,156.77,158.19,0.0
1984-02-03,158.2,159.9,158.2,159.24,0.0
1984-03-03,159.24,159.24,159.24,159.24,0.0
1984-04-03,159.24,159.24,159.24,159.24,0.0
1984-05-03,159.23,159.23,157.59,157.89,0.0
1984-06-03,157.87,158.37,156.21,156.25,0.0
1984-07-03,156.18,156.18,153.81,154.57,0.0
1984-08-03,154.57,155.8,154.35,155.19,0.0
1984-09-03,155.19,155.19,153.77,154.35,0.0
1984-10-03,154.35,154.35,154.35,154.35,0.0
1984-11-03,154.35,154.35,154.35,154.35,0.0
1984-12-03,154.37,156.35,154.37,156.34,0.0
,156.35,157.93,156.35,156.78,0.0
,156.77,157.17,156.22,156.77,0.0
,156.77,158.05,156.73,157.41,0.0
,157.46,159.97,157.46,159.27,0.0
,159.27,159.27,159.27,159.27,0.0
,159.27,159.27,159.27,159.27,0.0
,159.18,159.18,157.28,157.78,0.0
,157.78,159.17,157.78,158.86,0.0
,158.86,159.26,158.59,158.66,0.0
,158.67,158.67,156.61,156.69,0.0
,156.65,156.92,156.02,156.86,0.0
,156.86,156.86,156.86,156.86,0.0
,156.86,156.86,156.86,156.86,0.0
,156.82,157.18,156.31,156.67,0.0
,156.69,157.3,156.61,157.3,0.0
,157.3,159.9,157.3,159.89,0.0
,159.88,160.46,159.52,159.52,0.0
,159.51,159.52,158.92,159.18,0.0
,159.18,159.18,159.18,159.18,0.0
1984-01-04,159.18,159.18,159.18,159.18,0.0
1984-02-04,159.19,159.87,157.63,157.98,0.0
1984-03-04,157.99,158.27,157.17,157.66,0.0
1984-04-04,157.65,158.11,157.29,157.55,0.0
1984-05-04,157.61,158.1,154.96,155.04,0.0
1984-06-04,155.04,155.48,154.12,155.48,0.0
1984-07-04,155.48,155.48,155.48,155.48,0.0
1984-08-04,155.48,155.48,155.48,155.48,0.0
1984-09-04,155.55,155.86,154.71,155.45,0.0
1984-10-04,155.46,156.57,155.46,155.87,0.0
1984-11-04,155.87,156.31,154.9,155.0,0.0
1984-12-04,155.0,157.74,154.17,157.73,0.0
,157.71,158.87,157.13,157.31,0.0
,157.31,157.31,157.31,157.31,0.0
,157.31,157.31,157.31,157.31,0.0
,157.31,158.35,156.49,158.32,0.0
,158.36,159.59,158.36,158.97,0.0
,158.94,158.94,157.64,157.9,0.0
,157.89,158.02,157.1,158.02,0.0
,159.67,161.45,157.9,159.2,0.0
,159.2,159.2,159.2,159.2,0.0
,159.2,159.2,159.2,159.2,0.0
,158.02,158.05,156.79,156.8,0.0
,156.8,158.38,156.61,158.05,0.0
,158.04,158.77,157.8,158.65,0.0
,158.65,160.5,158.65,160.3,0.0
,160.28,160.69,159.77,159.89,0.0
,159.89,159.89,159.89,159.89,0.0
,159.89,159.89,159.89,159.89,0.0
,159.89,160.43,159.3,160.04,0.0
1984-01-05,160.07,161.69,160.05,161.68,0.0
1984-02-05,161.69,162.11,161.41,161.9,0.0
1984-03-05,161.88,161.88,160.95,161.2,0.0
1984-04-05,161.2,161.2,158.93,159.11,0.0
1984-05-05,159.11,159.11,159.11,159.11,0.0
1984-06-05,159.11,159.11,159.11,159.11,0.0
1984-07-05,159.11,159.48,158.63,159.47,0.0
1984-08-05,159.49,160.52,159.14,160.52,0.0
1984-09-05,160.53,161.31,159.39,160.11,0.0
1984-10-05,160.1,160.45,159.61,160.0,0.0
1984-11-05,160.0,160.0,157.42,158.5,0.0
1984-12-05,158.5,158.5,158.5,158.5,0.0
,158.5,158.5,158.5,158.5,0.0
,158.45,158.45,157.2,157.5,0.0
,157.51,158.27,157.29,158.0,0.0
,158.0,158.41,157.83,157.99,0.0
,157.98,157.99,156.15,156.57,0.0
,156.57,156.77,155.24,155.77,0.0
,155.77,155.77,155.77,155.77,0.0
,155.77,155.77,155.77,155.77,0.0
,155.8,156.11,154.63,154.73,0.0
,154.72,154.72,152.99,153.89,0.0
,153.88,154.02,153.1,153.15,0.0
,153.15,153.15,150.8,151.23,0.0
,151.23,152.02,150.85,151.62,0.0
,151.62,151.62,151.62,151.62,0.0
,151.62,151.62,151.62,151.62,0.0
,151.15,153.4,148.9,150.8,0.0
,151.63,151.86,149.95,150.29,0.0
,150.29,151.43,148.68,150.35,0.0
,150.34,150.69,149.76,150.55,0.0
1984-01-06,150.55,153.24,150.55,153.24,0.0
1984-02-06,153.24,153.24,153.24,153.24,0.0
1984-03-06,153.24,153.24,153.24,153.24,0.0
1984-04-06,153.27,155.1,153.27,154.34,0.0
1984-05-06,154.32,154.34,153.28,153.66,0.0
1984-06-06,153.67,155.03,153.38,155.01,0.0
1984-07-06,155.01,155.11,154.36,154.92,0.0
1984-08-06,154.91,155.4,154.57,155.17,0.0
1984-09-06,155.17,155.17,155.17,155.17,0.0
1984-10-06,155.17,155.17,155.17,155.17,0.0
1984-11-06,155.17,155.17,153.0,153.06,0.0
1984-12-06,153.07,153.07,151.61,152.19,0.0
,152.27,152.85,151.86,152.13,0.0
,152.14,152.14,150.31,150.39,0.0
,150.39,150.71,149.02,149.03,0.0
,149.03,149.03,149.03,149.03,0.0
,149.03,149.03,149.03,149.03,0.0
,149.02,151.92,148.53,151.73,0.0
,151.74,153.0,151.74,152.61,0.0
,152.6,154.84,150.96,154.84,0.0
,154.84,155.64,154.05,154.51,0.0
,154.49,154.92,153.89,154.47,0.0
,154.47,154.47,154.47,154.47,0.0
,154.47,154.47,154.47,154.47,0.0
,154.46,154.67,153.86,153.97,0.0
,153.96,153.96,152.47,152.71,0.0
,152.68,152.88,151.3,151.64,0.0
,151.64,153.07,151.62,152.84,0.0
,152.84,154.08,152.84,153.18,0.0
,153.18,153.18,153.18,153.18,0.0
1984-01-07,153.18,153.18,153.18,153.18,0.0
1984-02-07,153.21,153.22,152.44,153.2,0.0
1984-03-07,153.18,153.86,153.1,153.7,0.0
1984-04-07,154.7,156.3,152.25,152.25,0.0
1984-05-07,153.71,153.87,152.71,152.76,0.0
1984-06-07,152.66,152.76,151.63,152.24,0.0
1984-07-07,152.24,152.24,152.24,152.24,0.0
1984-08-07,152.24,152.24,152.24,152.24,0.0
1984-09-07,152.22,153.53,151.44,153.36,0.0
1984-10-07,153.36,153.53,152.57,152.89,0.0
1984-11-07,152.82,152.89,150.55,150.55,0.0
1984-12-07,150.57,151.06,149.63,150.03,0.0
,150.03,151.16,150.03,150.88,0.0
,150.88,150.88,150.88,150.88,0.0
,150.88,150.88,150.88,150.88,0.0
,150.87,151.6,150.01,151.6,0.0
,151.59,152.6,151.26,152.37,0.0
,152.37,152.38,151.11,151.4,0.0
,151.38,151.38,150.27,150.37,0.0
,150.37,150.58,149.07,149.55,0.0
,149.55,149.55,149.55,149.55,0.0
,149.55,149.55,149.55,149.55,0.0
,149.55,149.55,147.85,148.95,0.0
,148.93,149.28,147.78,147.82,0.0
,147.83,149.3,147.26,148.83,0.0
,148.88,150.16,148.83,150.07,0.0
,150.08,151.38,149.99,151.19,0.0
,151.19,151.19,151.19,151.19,0.0
,151.19,151.19,151.19,151.19,0.0
,151.17,151.19,150.14,150.19,0.0
,150.15,150.77,149.65,150.66,0.0
1984-01-08,150.66,154.08,150.66,154.08,0.0
1984-02-08,154.1,157.99,154.08,157.99,0.0
1984-03-08,158.0,162.56,157.99,162.37,0.0
1984-04-08,162.37,162.37,162.37,162.37,0.0
1984-05-08,162.37,162.37,162.37,162.37,0.0
1984-06-08,162.34,165.27,162.09,162.6,0.0
1984-07-08,162.59,163.58,160.81,162.72,0.0
1984-08-08,162.71,163.87,161.75,161.75,0.0
1984-09-08,161.74,165.88,161.47,165.54,0.0
1984-10-08,165.57,168.59,165.24,165.42,0.0
1984-11-08,165.42,165.42,165.42,165.42,0.0
1984-12-08,165.42,165.42,165.42,165.42,0.0
,165.25,165.49,163.98,165.43,0.0
,165.43,166.09,164.28,164.43,0.0
,164.42,164.42,162.75,162.8,0.0
,162.8,164.42,162.75,163.77,0.0
,163.78,164.61,163.78,164.14,0.0
,164.14,164.14,164.14,164.14,0.0
,164.14,164.14,164.14,164.14,0.0
,164.14,164.94,163.76,164.94,0.0
,164.94,168.22,164.93,167.83,0.0
,167.83,168.79,166.92,167.06,0.0
,167.05,167.78,166.61,167.12,0.0
,167.12,167.52,167.12,167.51,0.0
,167.51,167.51,167.51,167.51,0.0
,167.51,167.51,167.51,167.51,0.0
,167.5,167.5,165.81,166.44,0.0
,166.43,167.43,166.21,167.4,0.0
,167.4,168.21,167.03,167.09,0.0
,167.09,167.19,166.55,166.6,0.0
,166.53,166.68,165.78,166.68,0.0
1984-01-09,166.68,166.68,166.68,166.68,0.0
1984-02-09,166.68,166.68,166.68,166.68,0.0
1984-03-09,166.9,170.1,166.3,170.1,0.0
1984-04-09,166.68,166.68,164.73,164.88,0.0
1984-05-09,164.83,164.83,163.84,164.29,0.0
1984-06-09,164.35,165.95,164.35,165.64,0.0
1984-07-09,165.64,166.31,164.22,164.37,0.0
1984-08-09,164.37,164.37,164.37,164.37,0.0
1984-09-09,164.37,164.37,164.37,164.37,0.0
1984-10-09,164.37,165.05,163.06,164.26,0.0
1984-11-09,164.34,166.17,164.34,164.45,0.0
1984-12-09,164.45,164.81,164.14,164.68,0.0
,164.68,167.94,164.68,167.94,0.0
,167.97,169.65,167.97,168.78,0.0
,168.78,168.78,168.78,168.78,0.0
,168.78,168.78,168.78,168.78,0.0
,168.78,169.37,167.99,168.87,0.0
,168.86,168.86,167.64,167.65,0.0
,167.65,168.76,166.89,166.94,0.0
,166.89,167.47,166.7,167.47,0.0
,167.46,168.67,165.66,165.67,0.0
,165.67,165.67,165.67,165.67,0.0
,165.67,165.67,165.67,165.67,0.0
,165.67,166.12,164.98,165.28,0.0
,165.28,165.97,164.45,165.62,0.0
,165.61,167.2,165.61,166.28,0.0
,166.33,167.18,166.33,166.96,0.0
,166.96,166.96,165.77,166.1,0.0
,166.1,166.1,166.1,166.1,0.0
,166.1,166.1,166.1,166.1,0.0
1984-01-10,166.07,166.07,164.48,164.62,0.0
1984-02-10,164.63,165.24,163.55,163.59,0.0
1984-03-10,163.59,163.59,162.2,162.44,0.0
1984-04-10,162.44,163.16,162.44,162.92,0.0
1984-05-10,163.26,163.32,162.51,162.68,0.0
1984-06-10,162.68,162.68,162.68,162.68,0.0
1984-07-10,162.68,162.68,162.68,162.68,0.0
1984-08-10,162.68,162.68,161.8,162.13,0.0
1984-09-10,162.16,162.84,161.62,161.66,0.0
1984-10-10,161.71,162.12,160.02,162.1,0.0
1984-11-10,162.11,162.87,162.0,162.78,0.0
1984-12-10,162.81,164.47,162.81,164.18,0.0
,164.18,164.18,164.18,164.18,0.0
,164.18,164.18,164.18,164.18,0.0
,164.13,166.15,164.09,165.77,0.0
,165.75,165.75,164.66,164.78,0.0
,164.79,165.04,163.71,164.14,0.0
,164.14,168.1,163.8,168.1,0.0
,168.1,169.62,167.31,167.96,0.0
,167.96,167.96,167.96,167.96,0.0
,167.96,167.96,167.96,167.96,0.0
,167.96,168.36,167.26,167.36,0.0
,167.37,168.27,166.83,167.09,0.0
,167.09,167.54,166.82,167.2,0.0
,167.2,167.62,166.17,166.31,0.0
,166.24,166.24,164.93,165.29,0.0
,165.29,165.29,165.29,165.29,0.0
,165.29,165.29,165.29,165.29,0.0
,165.29,165.29,164.67,164.78,0.0
,164.8,167.33,164.79,166.84,0.0
,166.82,166.95,165.99,166.09,0.0
1984-01-11,166.1,167.83,166.1,167.49,0.0
1984-02-11,167.49,167.95,167.24,167.49,0.0
1984-03-11,167.49,167.49,167.49,167.49,0.0
1984-04-11,167.49,167.49,167.49,167.49,0.0
1984-05-11,167.49,168.65,167.33,168.58,0.0
1984-06-11,168.59,170.41,168.59,170.41,0.0
1984-07-11,170.41,170.41,168.44,169.17,0.0
1984-08-11,169.07,169.27,168.27,168.68,0.0
1984-09-11,168.68,169.46,167.44,167.6,0.0
1984-10-11,167.6,167.6,167.6,167.6,0.0
1984-11-11,167.6,167.6,167.6,167.6,0.0
1984-12-11,167.65,167.65,166.67,167.37,0.0
,167.38,167.38,165.79,165.97,0.0
,165.97,166.43,165.39,165.99,0.0
,165.99,166.49,165.61,165.89,0.0
,165.89,166.24,164.09,164.1,0.0
,164.1,164.1,164.1,164.1,0.0
,164.1,164.1,164.1,164.1,0.0
,164.23,164.34,163.03,163.09,0.0
,163.11,164.47,163.11,164.18,0.0
,164.19,164.68,163.29,164.51,0.0
,166.5,168.5,164.5,164.55,0.0
,164.55,166.92,164.55,166.92,0.0
,166.92,166.92,166.92,166.92,0.0
,166.92,166.92,166.92,166.92,0.0
,166.9,166.9,165.37,165.55,0.0
,165.54,166.85,165.07,166.29,0.0
,166.3,166.9,164.97,165.01,0.0
,164.95,164.95,163.78,163.91,0.0
,163.81,163.87,162.99,163.58,0.0
1984-01-12,163.58,163.58,163.58,163.58,0.0
1984-02-12,163.58,163.58,163.58,163.58,0.0
1984-03-12,163.57,163.57,162.29,162.81,0.0
1984-04-12,162.84,163.91,162.84,163.38,0.0
1984-05-12,163.38,163.4,161.93,162.1,0.0
1984-06-12,162.06,163.11,161.76,162.76,0.0
1984-07-12,162.75,163.31,162.26,162.26,0.0
1984-08-12,162.26,162.26,162.26,162.26,0.0
1984-09-12,162.26,162.26,162.26,162.26,0.0
1984-10-12,162.27,163.32,161.54,162.83,0.0
1984-11-12,162.83,163.18,162.56,163.07,0.0
1984-12-12,163.07,163.18,162.55,162.62,0.0
,162.63,162.92,161.54,161.81,0.0
,161.8,163.53,161.63,162.69,0.0
,162.69,162.69,162.69,162.69,0.0
,162.69,162.69,162.69,162.69,0.0
,162.69,163.63,162.44,163.62,0.0
,163.65,168.11,163.65,168.11,0.0
,168.11,169.03,166.84,167.15,0.0
,167.12,167.58,166.29,166.38,0.0
,166.36,166.36,164.62,165.51,0.0
,165.51,165.51,165.51,165.51,0.0
,165.51,165.51,165.51,165.51,0.0
,165.5,166.93,165.5,166.76,0.0
,170.6,171.8,169.4,170.2,0.0
,166.73,166.73,166.29,166.47,0.0
,166.46,166.5,165.62,165.75,0.0
,165.74,166.32,165.67,166.26,0.0
,166.26,166.26,166.26,166.26,0.0
,166.26,166.26,166.26,166.26,0.0
,166.24,167.34,166.06,167.24,0.0
1985-01-01,167.24,167.24,167.24,167.24,0.0
1985-02-01,167.2,167.2,165.19,165.37,0.0
1985-03-01,165.29,166.11,164.38,164.57,0.0
1985-04-01,164.55,164.55,163.36,163.68,0.0
1985-05-01,163.68,163.68,163.68,163.68,0.0
1985-06-01,163.68,163.68,163.68,163.68,0.0
1985-07-01,163.68,164.71,163.68,164.24,0.0
1985-08-01,164.25,164.59,163.91,163.99,0.0
1985-09-01,163.99,165.57,163.99,165.18,0.0
1985-10-01,165.97,168.31,164.99,168.31,0.0
1985-11-01,168.29,168.72,167.58,167.9,0.0
1985-12-01,167.9,167.9,167.9,167.9,0.0
,167.9,167.9,167.9,167.9,0.0
,167.89,170.55,167.58,170.51,0.0
,170.53,171.82,170.4,170.81,0.0
,170.82,171.94,170.41,171.19,0.0
,171.18,171.34,170.22,170.73,0.0
,170.73,171.42,170.66,171.32,0.0
,171.32,171.32,171.32,171.32,0.0
,171.32,171.32,171.32,171.32,0.0
,171.31,175.45,171.31,175.23,0.0
,175.23,176.63,175.14,175.48,0.0
,175.48,177.29,175.15,177.29,0.0
,177.31,178.16,176.56,176.71,0.0
,176.72,177.75,176.54,177.35,0.0
,177.35,177.35,177.35,177.35,0.0
,177.35,177.35,177.35,177.35,0.0
,177.35,178.19,176.56,177.39,0.0
,177.4,179.19,176.58,179.19,0.0
,179.18,180.27,179.05,179.39,0.0
,179.39,179.83,178.56,179.63,0.0
1985-01-02,179.6,179.6,178.44,178.63,0.0
1985-02-02,178.63,178.63,178.63,178.63,0.0
1985-03-02,178.63,178.63,178.63,178.63,0.0
1985-04-02,178.58,180.35,177.75,180.35,0.0
1985-05-02,180.34,181.53,180.07,180.6,0.0
1985-06-02,180.51,181.5,180.32,180.43,0.0
1985-07-02,180.47,181.96,180.47,181.82,0.0
1985-08-02,181.82,182.39,181.67,182.19,0.0
1985-09-02,182.19,182.19,182.19,182.19,0.0
1985-10-02,182.19,182.19,182.19,182.19,0.0
1985-11-02,182.17,182.18,180.11,180.51,0.0
1985-12-02,180.51,180.75,179.45,180.56,0.0
,180.58,183.86,180.5,183.35,0.0
,183.34,183.95,182.39,182.39,0.0
,182.39,182.65,181.23,181.6,0.0
,181.6,181.6,181.6,181.6,0.0
,181.6,181.6,181.6,181.6,0.0
,181.2,183.35,179.05,181.8,0.0
,181.61,181.61,180.95,181.33,0.0
,181.26,182.1,180.64,181.18,0.0
,181.14,181.14,180.02,180.18,0.0
,180.17,180.41,179.23,179.37,0.0
,179.37,179.37,179.37,179.37,0.0
,179.37,179.37,179.37,179.37,0.0
,179.34,179.34,178.13,179.23,0.0
,179.23,181.58,179.16,181.17,0.0
,181.17,181.87,180.5,180.71,0.0
,180.7,181.21,180.33,181.18,0.0
1985-01-03,181.18,183.89,181.16,183.23,0.0
1985-02-03,183.23,183.23,183.23,183.23,0.0
1985-03-03,183.23,183.23,183.23,183.23,0.0
1985-04-03,183.25,183.41,181.4,182.06,0.0
1985-05-03,182.06,182.64,181.42,182.24,0.0
1985-06-03,182.23,182.25,180.59,180.65,0.0
1985-07-03,180.63,180.63,179.44,179.51,0.0
1985-08-03,179.51,179.97,179.07,179.1,0.0
1985-09-03,179.1,179.1,179.1,179.1,0.0
1985-10-03,179.1,179.1,179.1,179.1,0.0
1985-11-03,179.09,179.46,178.15,178.79,0.0
1985-12-03,178.8,180.14,178.7,179.66,0.0
,179.66,179.96,178.02,178.19,0.0
,178.18,178.53,177.61,177.84,0.0
,177.85,178.41,176.53,176.53,0.0
,176.53,176.53,176.53,176.53,0.0
,176.53,176.53,176.53,176.53,0.0
,176.53,177.66,176.53,176.87,0.0
,176.87,179.56,176.87,179.54,0.0
,179.55,179.78,178.79,179.08,0.0
,179.08,180.22,178.89,179.35,0.0
,179.39,179.92,178.86,179.04,0.0
,179.04,179.04,179.04,179.04,0.0
,179.04,179.04,179.04,179.04,0.0
,179.04,179.04,177.85,177.97,0.0
,177.98,178.86,177.88,178.43,0.0
,178.43,179.8,178.43,179.55,0.0
,179.53,180.6,179.43,179.54,0.0
,179.56,180.66,179.56,180.66,0.0
,180.66,180.66,180.66,180.66,0.0
,180.66,180.66,180.66,180.66,0.0
1985-01-04,180.66,181.27,180.43,181.27,0.0
1985-02-04,181.3,181.86,180.28,180.53,0.0
1985-03-04,180.51,180.51,178.64,179.11,0.0
1985-04-04,179.13,179.13,178.29,179.03,0.0
1985-05-04,182.62,184.85,180.4,181.55,0.0
1985-06-04,181.55,181.55,181.55,181.55,0.0
1985-07-04,181.55,181.55,181.55,181.55,0.0
1985-08-04,179.04,179.46,177.86,178.03,0.0
1985-09-04,178.03,178.67,177.97,178.21,0.0
1985-10-04,178.23,179.9,178.23,179.42,0.0
1985-11-04,179.43,180.91,179.43,180.19,0.0
1985-12-04,180.22,180.55,180.06,180.55,0.0
,180.55,180.55,180.55,180.55,0.0
,180.55,180.55,180.55,180.55,0.0
,180.54,181.15,180.45,180.92,0.0
,180.92,181.78,180.19,181.2,0.0
,181.2,181.91,181.14,181.68,0.0
,181.69,182.56,180.75,180.84,0.0
,180.8,181.25,180.42,181.11,0.0
,181.11,181.11,181.11,181.11,0.0
,181.11,181.11,181.11,181.11,0.0
,181.11,181.23,180.25,180.7,0.0
,180.71,181.97,180.34,181.87,0.0
,181.86,182.27,181.74,182.26,0.0
,182.25,183.43,182.12,183.43,0.0
,183.43,183.61,182.11,182.18,0.0
,182.18,182.18,182.18,182.18,0.0
,182.18,182.18,182.18,182.18,0.0
,182.16,182.34,180.62,180.63,0.0
,180.63,180.63,178.86,179.83,0.0
1985-01-05,179.86,180.04,178.35,178.37,0.0
1985-02-05,178.44,179.01,178.44,179.01,0.0
1985-03-05,179.02,180.3,179.02,180.08,0.0
1985-04-05,180.08,180.08,180.08,180.08,0.0
1985-05-05,180.08,180.08,180.08,180.08,0.0
1985-06-05,180.08,180.56,179.82,179.99,0.0
1985-07-05,179.99,181.09,179.87,180.76,0.0
1985-08-05,180.74,180.76,179.96,180.62,0.0
1985-09-05,180.62,181.97,180.62,181.92,0.0
1985-10-05,181.92,184.74,181.92,184.28,0.0
1985-11-05,184.28,184.28,184.28,184.28,0.0
1985-12-05,184.28,184.28,184.28,184.28,0.0
,184.29,184.61,184.19,184.61,0.0
,184.61,185.17,183.65,183.87,0.0
,183.87,185.43,183.86,184.54,0.0
,184.55,185.74,184.55,185.66,0.0
,185.64,187.94,185.47,187.42,0.0
,187.42,187.42,187.42,187.42,0.0
,187.42,187.42,187.42,187.42,0.0
,187.5,189.98,187.5,189.72,0.0
,189.72,189.81,188.78,189.64,0.0
,189.51,189.51,187.71,188.56,0.0
,188.5,188.5,187.45,187.6,0.0
,187.6,188.29,187.29,188.29,0.0
,188.29,188.29,188.29,188.29,0.0
,188.29,188.29,188.29,188.29,0.0
,188.97,190.55,187.4,189.65,0.0
,188.3,188.94,187.38,187.85,0.0
,187.85,187.85,187.11,187.68,0.0
,187.73,188.04,187.09,187.75,0.0
,187.73,189.59,187.45,189.57,0.0
1985-01-06,189.57,189.57,189.57,189.57,0.0
1985-02-06,189.57,189.57,189.57,189.57,0.0
1985-03-06,189.56,190.36,188.93,189.32,0.0
1985-04-06,189.32,190.27,188.88,190.04,0.0
1985-05-06,190.05,191.02,190.05,190.16,0.0
1985-06-06,190.16,191.06,189.13,191.06,0.0
1985-07-06,191.1,191.29,189.55,189.68,0.0
1985-08-06,189.68,189.68,189.68,189.68,0.0
1985-09-06,189.68,189.68,189.68,189.68,0.0
1985-10-06,189.67,189.67,188.82,189.51,0.0
1985-11-06,189.54,189.61,188.78,189.04,0.0
1985-12-06,189.01,189.02,187.59,187.6,0.0
,187.56,187.56,185.03,185.33,0.0
,185.35,187.1,185.35,187.1,0.0
,187.1,187.1,187.1,187.1,0.0
,187.1,187.1,187.1,187.1,0.0
,187.07,187.07,185.98,186.53,0.0
,186.53,187.65,186.51,187.34,0.0
,187.35,187.98,186.63,186.63,0.0
,186.62,186.74,185.97,186.73,0.0
,186.69,189.61,186.43,189.61,0.0
,189.61,189.61,189.61,189.61,0.0
,189.61,189.61,189.61,189.61,0.0
,189.5,189.5,187.84,189.15,0.0
,189.16,190.96,189.16,189.74,0.0
,189.84,190.26,189.44,190.06,0.0
,190.08,191.36,190.08,191.23,0.0
,191.11,191.85,191.04,191.85,0.0
,191.85,191.85,191.85,191.85,0.0
,191.85,191.85,191.85,191.85,0.0
1985-01-07,191.82,192.43,191.17,192.43,0.0
1985-02-07,192.44,192.63,191.84,192.01,0.0
1985-03-07,191.99,192.08,191.37,191.45,0.0
1985-04-07,194.15,195.5,191.35,191.35,0.0
1985-05-07,191.47,192.67,191.47,192.52,0.0
1985-06-07,192.52,192.52,192.52,192.52,0.0
1985-07-07,192.52,192.52,192.52,192.52,0.0
1985-08-07,192.47,192.47,191.26,191.94,0.0
1985-09-07,191.93,191.93,190.81,191.05,0.0
1985-10-07,191.03,192.36,190.99,192.36,0.0
1985-11-07,192.36,192.95,192.28,192.95,0.0
1985-12-07,192.94,193.32,192.64,193.29,0.0
,193.29,193.29,193.29,193.29,0.0
,193.29,193.29,193.29,193.29,0.0
,193.27,193.84,192.55,192.72,0.0
,193.05,194.72,192.73,194.72,0.0
,194.76,196.07,194.76,195.65,0.0
,195.55,195.55,194.39,194.39,0.0
,194.38,195.13,194.28,195.13,0.0
,195.13,195.13,195.13,195.13,0.0
,195.13,195.13,195.13,195.13,0.0
,195.13,195.13,193.58,194.34,0.0
,194.33,194.98,192.28,192.55,0.0
,192.55,192.55,190.66,191.58,0.0
,191.59,192.23,191.17,192.06,0.0
,192.05,192.78,191.58,192.4,0.0
,192.4,192.4,192.4,192.4,0.0
,192.4,192.4,192.4,192.4,0.0
,192.42,192.42,189.53,189.6,0.0
,189.62,190.05,189.3,189.93,0.0
,189.93,190.92,189.93,190.92,0.0
1985-01-08,190.91,192.17,190.91,192.11,0.0
1985-02-08,192.11,192.11,191.27,191.48,0.0
1985-03-08,191.48,191.48,191.48,191.48,0.0
1985-04-08,191.48,191.48,191.48,191.48,0.0
1985-05-08,191.47,191.47,189.95,190.61,0.0
1985-06-08,190.42,190.72,187.87,187.93,0.0
1985-07-08,187.91,187.91,187.39,187.68,0.0
1985-08-08,187.68,188.96,187.68,188.95,0.0
1985-09-08,188.97,189.05,188.11,188.32,0.0
1985-10-08,188.32,188.32,188.32,188.32,0.0
1985-11-08,188.32,188.32,188.32,188.32,0.0
1985-12-08,188.32,188.32,187.43,187.63,0.0
,187.66,188.15,186.51,187.3,0.0
,187.3,187.87,187.3,187.41,0.0
,187.43,187.74,186.62,187.26,0.0
,187.23,187.23,186.12,186.12,0.0
,186.12,186.12,186.12,186.12,0.0
,186.12,186.12,186.12,186.12,0.0
,186.14,186.82,186.14,186.38,0.0
,186.39,188.27,186.39,188.09,0.0
,188.09,189.16,188.09,189.16,0.0
,189.14,189.23,187.2,187.37,0.0
,187.21,187.35,186.59,187.17,0.0
,187.17,187.17,187.17,187.17,0.0
,187.17,187.17,187.17,187.17,0.0
,187.15,187.44,186.46,187.31,0.0
,187.34,188.1,187.34,188.1,0.0
,188.11,188.83,187.9,188.83,0.0
,188.8,188.94,188.38,188.92,0.0
,188.97,189.13,188.0,188.63,0.0
,188.63,188.63,188.63,188.63,0.0
1985-01-09,188.63,188.63,188.63,188.63,0.0
1985-02-09,187.82,189.1,182.8,182.8,0.0
1985-03-09,188.63,188.63,187.38,187.91,0.0
1985-04-09,187.92,187.92,186.97,187.37,0.0
1985-05-09,187.36,187.52,186.89,187.27,0.0
1985-06-09,187.29,188.43,187.29,188.24,0.0
1985-07-09,188.24,188.24,188.24,188.24,0.0
1985-08-09,188.24,188.24,188.24,188.24,0.0
1985-09-09,188.24,188.8,187.9,188.25,0.0
1985-10-09,188.23,188.26,186.5,186.9,0.0
1985-11-09,186.47,186.47,184.79,185.03,0.0
1985-12-09,185.02,185.21,183.49,183.69,0.0
,183.7,184.19,182.05,182.91,0.0
,182.91,182.91,182.91,182.91,0.0
,182.91,182.91,182.91,182.91,0.0
,182.91,182.91,182.45,182.88,0.0
,182.88,182.88,180.78,181.36,0.0
,181.33,181.83,180.81,181.71,0.0
,181.73,183.4,181.73,183.4,0.0
,183.39,183.39,182.04,182.05,0.0
,182.05,182.05,182.05,182.05,0.0
,182.05,182.05,182.05,182.05,0.0
,182.12,184.65,182.12,184.3,0.0
,184.3,184.3,182.42,182.62,0.0
,182.6,182.6,180.64,180.66,0.0
,180.66,181.29,179.45,181.29,0.0
,181.29,181.3,181.29,181.3,0.0
,181.3,181.3,181.3,181.3,0.0
,181.3,181.3,181.3,181.3,0.0
,181.29,182.08,181.22,182.08,0.0
1985-01-10,182.08,185.08,182.02,185.07,0.0
1985-02-10,185.07,185.94,184.06,184.06,0.0
1985-03-10,184.06,185.17,183.59,184.36,0.0
1985-04-10,184.36,184.36,182.65,183.22,0.0
1985-05-10,183.22,183.22,183.22,183.22,0.0
1985-06-10,183.22,183.22,183.22,183.22,0.0
1985-07-10,183.22,183.22,181.3,181.87,0.0
1985-08-10,181.87,182.3,181.16,181.87,0.0
1985-09-10,181.87,183.27,181.87,182.52,0.0
1985-10-10,182.52,182.79,182.05,182.78,0.0
1985-11-10,182.78,184.28,182.61,184.28,0.0
1985-12-10,184.28,184.28,184.28,184.28,0.0
,184.28,184.28,184.28,184.28,0.0
,184.28,186.37,184.28,186.37,0.0
,186.37,187.16,185.66,186.08,0.0
,186.08,187.98,186.08,187.98,0.0
,187.98,188.52,187.42,187.66,0.0
,187.66,188.11,186.89,187.04,0.0
,187.04,187.04,187.04,187.04,0.0
,187.04,187.04,187.04,187.04,0.0
,187.04,187.3,186.79,186.96,0.0
,186.96,188.56,186.96,188.04,0.0
,188.04,189.09,188.04,189.09,0.0
,189.09,189.45,188.41,188.5,0.0
,188.5,188.51,187.32,187.52,0.0
,187.52,187.52,187.52,187.52,0.0
,187.52,187.52,187.52,187.52,0.0
,187.52,187.76,186.93,187.76,0.0
,187.76,189.78,187.76,189.23,0.0
,189.23,190.09,189.14,190.07,0.0
,190.07,190.95,189.35,189.82,0.0
1985-01-11,189.82,191.53,189.37,191.53,0.0
1985-02-11,191.53,191.53,191.53,191.53,0.0
1985-03-11,191.53,191.53,191.53,191.53,0.0
1985-04-11,191.53,191.96,190.66,191.25,0.0
1985-05-11,191.25,192.43,190.99,192.37,0.0
1985-06-11,192.37,193.01,191.83,192.76,0.0
1985-07-11,192.76,192.96,192.16,192.62,0.0
1985-08-11,192.62,193.97,192.53,193.72,0.0
1985-09-11,193.72,193.72,193.72,193.72,0.0
1985-10-11,193.72,193.72,193.72,193.72,0.0
1985-11-11,193.72,197.29,193.7,197.29,0.0
1985-12-11,197.29,198.66,196.97,198.08,0.0
,198.08,198.11,196.91,197.1,0.0
,197.1,199.19,196.88,199.06,0.0
,199.06,199.58,197.9,198.11,0.0
,198.11,198.11,198.11,198.11,0.0
,198.11,198.11,198.11,198.11,0.0
,198.11,198.71,197.51,198.71,0.0
,198.71,199.52,198.01,198.67,0.0
,198.67,199.2,198.52,198.99,0.0
,198.99,201.43,198.99,201.41,0.0
,201.41,202.01,201.05,201.52,0.0
,201.52,201.52,201.52,201.52,0.0
,201.52,201.52,201.52,201.52,0.0
,201.52,201.52,200.08,200.35,0.0
,200.35,201.16,200.11,200.67,0.0
,200.67,202.65,200.67,202.54,0.0
,202.54,202.54,202.54,202.54,0.0
,202.54,203.4,201.92,202.17,0.0
,202.17,202.17,202.17,202.17,0.0
1985-01-12,202.17,202.17,202.17,202.17,0.0
1985-02-12,202.17,202.19,200.2,200.46,0.0
1985-03-12,200.46,200.98,200.1,200.86,0.0
1985-04-12,200.86,204.23,200.86,204.23,0.0
1985-05-12,204.23,205.86,203.79,203.88,0.0
1985-06-12,203.88,203.88,202.45,202.99,0.0
1985-07-12,202.99,202.99,202.99,202.99,0.0
1985-08-12,202.99,202.99,202.99,202.99,0.0
1985-09-12,202.99,204.65,202.98,204.25,0.0
1985-10-12,204.25,205.16,203.69,204.39,0.0
1985-11-12,204.39,206.68,204.17,206.31,0.0
1985-12-12,206.31,207.65,205.83,206.73,0.0
,206.73,210.31,206.73,209.94,0.0
,209.94,209.94,209.94,209.94,0.0
,209.94,209.94,209.94,209.94,0.0
,209.94,213.08,209.91,212.02,0.0
,212.02,212.45,210.58,210.65,0.0
,210.65,211.23,209.24,209.81,0.0
,209.81,210.13,209.25,210.02,0.0
,210.02,211.77,210.02,210.94,0.0
,210.94,210.94,210.94,210.94,0.0
,210.94,210.94,210.94,210.94,0.0
,210.94,210.94,208.44,208.57,0.0
,208.57,208.57,206.44,207.14,0.0
,207.14,207.14,207.14,207.14,0.0
,207.14,207.76,207.05,207.65,0.0
,207.65,209.62,207.65,209.61,0.0
,209.61,209.61,209.61,209.61,0.0
,209.61,209.61,209.61,209.61,0.0
,209.61,210.7,209.17,210.68,0.0
,210.68,211.28,210.68,211.28,0.0
1986-01-01,211.28,211.28,211.28,211.28,0.0
1986-02-01,211.28,211.28,208.93,209.59,0.0
1986-03-01,209.59,210.88,209.51,210.88,0.0
1986-04-01,210.88,210.88,210.88,210.88,0.0
1986-05-01,210.88,210.88,210.88,210.88,0.0
1986-06-01,210.88,210.98,209.93,210.65,0.0
1986-07-01,210.65,213.8,210.65,213.8,0.0
1986-08-01,213.8,214.57,207.49,207.97,0.0
1986-09-01,207.97,207.97,204.51,206.11,0.0
1986-10-01,206.11,207.33,205.52,205.96,0.0
1986-11-01,205.96,205.96,205.96,205.96,0.0
1986-12-01,205.96,205.96,205.96,205.96,0.0
,205.96,206.83,205.52,206.72,0.0
,206.72,207.37,206.06,206.64,0.0
,206.64,208.27,206.64,208.26,0.0
,208.26,209.18,207.61,209.17,0.0
,209.17,209.4,207.59,208.43,0.0
,208.43,208.43,208.43,208.43,0.0
,208.43,208.43,208.43,208.43,0.0
,208.43,208.43,206.62,207.53,0.0
,207.53,207.78,205.05,205.79,0.0
,205.79,206.03,203.41,203.49,0.0
,203.49,204.43,202.6,204.25,0.0
,204.25,206.43,204.25,206.43,0.0
,206.43,206.43,206.43,206.43,0.0
,206.43,206.43,206.43,206.43,0.0
,206.43,207.69,206.43,207.39,0.0
,207.39,209.82,207.39,209.81,0.0
,209.81,212.36,209.81,210.29,0.0
,210.29,211.54,209.15,209.33,0.0
,209.33,212.42,209.19,211.78,0.0
1986-01-02,211.78,211.78,211.78,211.78,0.0
1986-02-02,211.78,211.78,211.78,211.78,0.0
1986-03-02,211.78,214.18,211.6,213.96,0.0
1986-04-02,213.96,214.57,210.82,212.79,0.0
1986-05-02,212.79,213.03,211.21,212.96,0.0
1986-06-02,212.96,214.53,212.6,213.47,0.0
1986-07-02,213.47,215.27,211.13,214.56,0.0
1986-08-02,214.56,214.56,214.56,214.56,0.0
1986-09-02,214.56,214.56,214.56,214.56,0.0
1986-10-02,214.56,216.24,214.47,216.24,0.0
1986-11-02,216.24,216.67,215.54,215.92,0.0
1986-12-02,215.92,216.28,215.13,215.97,0.0
,215.97,217.41,215.38,217.4,0.0
,217.4,219.76,217.22,219.76,0.0
,219.76,219.76,219.76,219.76,0.0
,219.76,219.76,219.76,219.76,0.0
,219.76,219.76,219.76,219.76,0.0
,219.76,222.45,219.26,222.45,0.0
,222.45,222.96,219.73,219.76,0.0
,219.76,222.22,219.22,222.22,0.0
,222.22,224.62,222.22,224.62,0.0
,224.62,224.62,224.62,224.62,0.0
,224.62,224.62,224.62,224.62,0.0
,224.62,225.29,223.31,224.34,0.0
,224.34,224.4,222.63,223.79,0.0
,223.79,224.59,223.15,224.04,0.0
,224.04,226.77,223.41,226.77,0.0
,226.77,227.92,225.42,226.92,0.0
1986-01-03,226.92,226.92,226.92,226.92,0.0
1986-02-03,226.92,226.92,226.92,226.92,0.0
1986-03-03,226.92,226.92,224.41,225.42,0.0
1986-04-03,225.42,227.33,223.94,224.38,0.0
1986-05-03,224.38,224.38,222.18,224.34,0.0
1986-06-03,224.34,225.5,224.13,225.13,0.0
1986-07-03,225.13,226.33,224.44,225.57,0.0
1986-08-03,225.57,225.57,225.57,225.57,0.0
1986-09-03,225.57,225.57,225.57,225.57,0.0
1986-10-03,225.57,226.98,225.36,226.58,0.0
1986-11-03,226.58,231.81,226.58,231.69,0.0
1986-12-03,231.69,234.7,231.68,232.54,0.0
,232.54,233.89,231.27,233.19,0.0
,233.19,236.55,232.58,236.55,0.0
,236.55,236.55,236.55,236.55,0.0
,236.55,236.55,236.55,236.55,0.0
,236.55,236.55,233.69,234.67,0.0
,234.67,236.53,234.14,235.78,0.0
,235.78,236.52,235.13,235.6,0.0
,235.6,236.54,235.6,236.54,0.0
,236.54,237.35,233.29,233.34,0.0
,233.34,233.34,233.34,233.34,0.0
,233.34,233.34,233.34,233.34,0.0
,233.34,235.33,232.92,235.33,0.0
,235.33,235.33,233.62,234.72,0.0
,234.72,237.79,234.71,237.3,0.0
,237.3,240.11,237.3,238.97,0.0
,238.97,238.97,238.97,238.97,0.0
,238.97,238.97,238.97,238.97,0.0
,238.97,238.97,238.97,238.97,0.0
,238.97,239.86,238.08,238.9,0.0
1986-01-04,238.9,239.1,234.57,235.14,0.0
1986-02-04,235.14,235.71,233.4,235.71,0.0
1986-03-04,235.71,236.42,232.07,232.47,0.0
1986-04-04,232.47,232.56,228.32,228.69,0.0
1986-05-04,228.69,228.69,228.69,228.69,0.0
1986-06-04,228.69,228.69,228.69,228.69,0.0
1986-07-04,228.69,228.83,226.3,228.63,0.0
1986-08-04,228.63,233.7,228.63,233.58,0.0
1986-09-04,233.58,235.57,232.13,233.75,0.0
1986-10-04,233.75,236.54,233.75,236.44,0.0
1986-11-04,236.44,237.85,235.13,235.97,0.0
1986-12-04,235.97,235.97,235.97,235.97,0.0
,235.97,235.97,235.97,235.97,0.0
,235.97,237.48,235.43,237.28,0.0
,237.28,238.09,236.64,237.73,0.0
,237.73,242.57,237.73,242.22,0.0
,242.22,243.36,241.89,243.03,0.0
,243.03,243.47,241.74,242.38,0.0
,242.38,242.38,242.38,242.38,0.0
,242.38,242.38,242.38,242.38,0.0
,242.38,244.78,241.88,244.74,0.0
,244.74,245.47,241.3,242.42,0.0
,242.42,242.42,240.08,241.75,0.0
,241.75,243.13,241.65,242.02,0.0
,242.02,242.8,240.91,242.29,0.0
,242.29,242.29,242.29,242.29,0.0
,242.29,242.29,242.29,242.29,0.0
,242.29,243.08,241.23,243.08,0.0
,243.08,243.57,239.23,240.51,0.0
,240.51,240.52,235.26,235.52,0.0
1986-01-05,235.52,236.01,234.21,235.16,0.0
1986-02-05,235.16,236.52,234.15,234.79,0.0
1986-03-05,234.79,234.79,234.79,234.79,0.0
1986-04-05,234.79,234.79,234.79,234.79,0.0
1986-05-05,234.79,237.73,234.79,237.73,0.0
1986-06-05,237.73,238.28,236.26,237.24,0.0
1986-07-05,237.24,237.24,233.98,236.08,0.0
1986-08-05,236.08,237.96,236.08,237.13,0.0
1986-09-05,237.13,238.01,235.85,237.85,0.0
1986-10-05,237.85,237.85,237.85,237.85,0.0
1986-11-05,237.85,237.85,237.85,237.85,0.0
1986-12-05,237.85,238.53,237.02,237.58,0.0
,237.58,237.87,236.02,236.41,0.0
,236.41,237.54,235.85,237.54,0.0
,237.54,237.54,233.93,234.43,0.0
,234.43,234.43,232.26,232.76,0.0
,232.76,232.76,232.76,232.76,0.0
,232.76,232.76,232.76,232.76,0.0
,232.76,233.54,232.41,233.2,0.0
,233.2,236.12,232.58,236.11,0.0
,236.11,236.83,235.45,235.45,0.0
,235.45,240.25,235.45,240.12,0.0
,240.12,242.16,240.12,241.35,0.0
,241.35,241.35,241.35,241.35,0.0
,241.35,241.35,241.35,241.35,0.0
,241.35,241.35,241.35,241.35,0.0
,241.35,244.76,241.35,244.75,0.0
,244.75,247.4,244.75,246.63,0.0
,246.63,248.32,245.29,247.98,0.0
,247.98,249.19,246.43,247.35,0.0
,247.35,247.35,247.35,247.35,0.0
1986-01-06,247.35,247.35,247.35,247.35,0.0
1986-02-06,247.35,247.74,243.83,245.04,0.0
1986-03-06,245.04,245.51,243.67,245.51,0.0
1986-04-06,245.51,246.3,242.59,243.94,0.0
1986-05-06,243.94,245.66,243.41,245.65,0.0
1986-06-06,245.65,246.07,244.43,245.67,0.0
1986-07-06,245.67,245.67,245.67,245.67,0.0
1986-08-06,245.67,245.67,245.67,245.67,0.0
1986-09-06,245.67,245.67,239.68,239.96,0.0
1986-10-06,239.96,240.08,238.23,239.58,0.0
1986-11-06,239.58,241.13,239.21,241.13,0.0
1986-12-06,241.13,241.64,240.7,241.49,0.0
,241.49,245.91,241.49,245.73,0.0
,245.73,245.73,245.73,245.73,0.0
,245.73,245.73,245.73,245.73,0.0
,245.73,246.5,245.17,246.13,0.0
,246.13,246.26,243.6,244.35,0.0
,244.35,245.25,242.57,244.99,0.0
,244.99,245.8,244.05,244.06,0.0
,244.06,247.6,243.98,247.58,0.0
,247.58,247.58,247.58,247.58,0.0
,247.58,247.58,247.58,247.58,0.0
,247.58,247.58,244.45,245.26,0.0
,245.26,248.26,244.53,247.03,0.0
,247.03,250.13,247.03,248.93,0.0
,248.93,249.43,247.72,248.74,0.0
,248.74,249.74,248.74,249.6,0.0
,249.6,249.6,249.6,249.6,0.0
,249.6,249.6,249.6,249.6,0.0
,249.6,251.81,249.6,250.84,0.0
1986-01-07,250.84,252.04,250.53,252.04,0.0
1986-02-07,252.04,253.2,251.79,252.7,0.0
1986-03-07,252.7,252.94,251.23,251.79,0.0
1986-04-07,251.79,251.79,251.79,251.79,0.0
1986-05-07,251.79,251.79,251.79,251.79,0.0
1986-06-07,251.79,251.79,251.79,251.79,0.0
1986-07-07,251.79,251.81,243.63,244.05,0.0
1986-08-07,244.05,244.06,239.07,241.59,0.0
1986-09-07,241.59,243.07,241.46,242.82,0.0
1986-10-07,242.82,243.44,239.66,243.01,0.0
1986-11-07,243.01,243.48,241.68,242.22,0.0
1986-12-07,242.22,242.22,242.22,242.22,0.0
,242.22,242.22,242.22,242.22,0.0
,242.22,242.22,238.08,238.11,0.0
,238.11,238.12,233.6,233.66,0.0
,233.66,236.19,233.66,235.01,0.0
,235.01,236.65,235.01,236.07,0.0
,236.07,238.22,233.94,236.36,0.0
,236.36,236.36,236.36,236.36,0.0
,236.36,236.36,236.36,236.36,0.0
,236.36,236.45,235.53,236.24,0.0
,236.24,238.42,235.92,238.18,0.0
,238.18,239.25,238.17,238.67,0.0
,238.67,239.05,237.32,237.95,0.0
,237.95,240.36,237.95,240.22,0.0
,240.22,240.22,240.22,240.22,0.0
,240.22,240.22,240.22,240.22,0.0
,240.22,240.25,235.23,236.01,0.0
,236.01,236.01,234.4,234.55,0.0
,234.55,237.38,233.07,236.59,0.0
,236.59,236.92,235.89,236.12,0.0
1986-01-08,236.12,236.89,234.59,234.91,0.0
1986-02-08,234.91,234.91,234.91,234.91,0.0
1986-03-08,234.91,234.91,234.91,234.91,0.0
1986-04-08,234.91,236.86,231.92,235.99,0.0
1986-05-08,235.99,238.31,235.97,237.03,0.0
1986-06-08,237.03,237.35,235.48,236.84,0.0
1986-07-08,236.84,238.02,236.31,237.04,0.0
1986-08-08,237.04,238.06,236.37,236.88,0.0
1986-09-08,236.88,236.88,236.88,236.88,0.0
1986-10-08,236.88,236.88,236.88,236.88,0.0
1986-11-08,236.88,241.2,236.87,240.68,0.0
1986-12-08,240.68,243.37,240.35,243.34,0.0
,243.34,246.51,243.06,245.67,0.0
,245.67,246.79,245.53,246.25,0.0
,246.25,247.15,245.7,247.15,0.0
,247.15,247.15,247.15,247.15,0.0
,247.15,247.15,247.15,247.15,0.0
,247.15,247.83,245.48,247.38,0.0
,247.38,247.42,245.82,246.51,0.0
,246.51,249.77,246.51,249.77,0.0
,249.77,250.45,247.67,247.67,0.0
,247.67,250.61,247.67,250.19,0.0
,250.19,250.19,250.19,250.19,0.0
,250.19,250.19,250.19,250.19,0.0
,250.19,250.26,247.76,247.81,0.0
,247.81,252.91,247.81,252.84,0.0
,252.84,254.24,252.66,253.3,0.0
,253.3,253.67,251.91,252.84,0.0
,252.84,254.07,251.73,252.93,0.0
,252.93,252.93,252.93,252.93,0.0
,252.93,252.93,252.93,252.93,0.0
1986-01-09,252.93,252.93,252.93,252.93,0.0
1986-02-09,252.93,253.3,248.14,248.52,0.0
1986-03-09,248.52,250.08,247.59,250.08,0.0
1986-04-09,250.08,254.01,250.03,253.83,0.0
1986-05-09,253.83,254.13,250.33,250.47,0.0
1986-06-09,250.47,250.47,250.47,250.47,0.0
1986-07-09,250.47,250.47,250.47,250.47,0.0
1986-08-09,250.47,250.47,247.02,248.14,0.0
1986-09-09,248.14,250.21,246.94,247.67,0.0
1986-10-09,247.67,247.76,246.11,247.06,0.0
1986-11-09,247.06,247.06,234.67,235.18,0.0
1986-12-09,235.18,235.45,228.74,230.67,0.0
,230.67,230.67,230.67,230.67,0.0
,230.67,230.67,230.67,230.67,0.0
,230.67,232.82,229.44,231.94,0.0
,231.94,231.94,228.32,231.72,0.0
,231.72,233.81,231.38,231.68,0.0
,231.68,232.87,230.57,232.31,0.0
,232.31,232.31,230.69,232.21,0.0
,232.21,232.21,232.21,232.21,0.0
,232.21,232.21,232.21,232.21,0.0
,232.21,234.93,232.2,234.93,0.0
,234.93,235.88,234.5,235.67,0.0
,235.67,237.06,235.53,236.28,0.0
,236.28,236.28,230.67,231.83,0.0
,231.83,233.68,230.64,232.23,0.0
,232.23,232.23,232.23,232.23,0.0
,232.23,232.23,232.23,232.23,0.0
,232.23,232.23,228.08,229.91,0.0
,229.91,233.01,229.91,231.32,0.0
1986-01-10,231.32,234.62,231.32,233.6,0.0
1986-02-10,233.6,234.33,232.77,233.92,0.0
1986-03-10,233.92,236.16,232.79,233.71,0.0
1986-04-10,233.71,233.71,233.71,233.71,0.0
1986-05-10,233.71,233.71,233.71,233.71,0.0
1986-06-10,233.71,235.34,233.17,234.78,0.0
1986-07-10,234.78,235.18,233.46,234.41,0.0
1986-08-10,234.41,236.84,233.68,236.68,0.0
1986-09-10,236.68,238.2,235.72,235.85,0.0
1986-10-10,235.85,236.27,235.31,235.48,0.0
1986-11-10,235.48,235.48,235.48,235.48,0.0
1986-12-10,235.48,235.48,235.48,235.48,0.0
,235.48,235.91,235.02,235.91,0.0
,235.91,236.37,234.37,235.37,0.0
,235.37,239.03,235.27,238.8,0.0
,238.8,240.18,238.8,239.53,0.0
,239.53,239.53,237.71,238.84,0.0
,238.84,238.84,238.84,238.84,0.0
,238.84,238.84,238.84,238.84,0.0
,238.84,238.84,234.78,235.97,0.0
,235.97,236.49,234.95,235.88,0.0
,235.88,236.64,235.82,236.26,0.0
,236.26,239.76,236.26,239.28,0.0
,239.28,239.65,238.25,238.26,0.0
,238.26,238.26,238.26,238.26,0.0
,238.26,238.26,238.26,238.26,0.0
,238.26,238.77,236.72,238.77,0.0
,238.77,240.58,238.77,239.26,0.0
,239.26,241.0,238.98,240.94,0.0
,240.94,244.08,240.94,243.71,0.0
,243.71,244.51,242.95,243.98,0.0
1986-01-11,243.98,243.98,243.98,243.98,0.0
1986-02-11,243.98,243.98,243.98,243.98,0.0
1986-03-11,243.98,245.8,243.93,245.8,0.0
1986-04-11,245.8,246.43,244.42,246.2,0.0
1986-05-11,246.2,247.05,245.21,246.58,0.0
1986-06-11,246.58,246.9,244.3,245.87,0.0
1986-07-11,245.87,246.13,244.92,245.77,0.0
1986-08-11,245.77,245.77,245.77,245.77,0.0
1986-09-11,245.77,245.77,245.77,245.77,0.0
1986-10-11,245.77,246.22,244.68,246.13,0.0
1986-11-11,246.13,247.1,246.12,247.08,0.0
1986-12-11,247.08,247.67,245.68,246.64,0.0
,246.64,246.66,242.98,243.02,0.0
,243.02,244.51,241.96,244.5,0.0
,244.5,244.5,244.5,244.5,0.0
,244.5,244.5,244.5,244.5,0.0
,244.5,244.8,242.29,243.21,0.0
,243.21,243.23,236.65,236.78,0.0
,236.78,237.94,235.51,237.66,0.0
,237.66,242.05,237.66,242.05,0.0
,242.05,246.38,241.97,245.86,0.0
,245.86,245.86,245.86,245.86,0.0
,245.86,245.86,245.86,245.86,0.0
,245.86,248.0,245.21,247.45,0.0
,247.45,248.18,246.3,248.17,0.0
,248.17,248.9,247.73,248.77,0.0
,248.77,248.77,248.77,248.77,0.0
,248.77,249.22,248.07,249.22,0.0
,249.22,249.22,249.22,249.22,0.0
,249.22,249.22,249.22,249.22,0.0
1986-01-12,249.22,249.22,245.72,249.05,0.0
1986-02-12,249.05,254.0,249.05,254.0,0.0
1986-03-12,254.0,254.87,253.24,253.85,0.0
1986-04-12,253.85,254.42,252.88,253.04,0.0
1986-05-12,253.04,253.89,250.71,251.17,0.0
1986-06-12,251.17,251.17,251.17,251.17,0.0
1986-07-12,251.17,251.17,251.17,251.17,0.0
1986-08-12,251.17,252.36,248.82,251.16,0.0
1986-09-12,251.16,251.27,249.25,249.28,0.0
1986-10-12,249.28,251.53,248.94,250.96,0.0
1986-11-12,250.96,250.98,247.15,248.17,0.0
1986-12-12,248.17,248.31,247.02,247.35,0.0
,247.35,247.35,247.35,247.35,0.0
,247.35,247.35,247.35,247.35,0.0
,247.35,248.23,244.92,248.21,0.0
,248.21,250.04,247.4,250.04,0.0
,250.04,250.04,247.19,247.56,0.0
,247.56,247.81,246.46,246.78,0.0
,246.78,249.96,245.89,249.73,0.0
,249.73,249.73,249.73,249.73,0.0
,249.73,249.73,249.73,249.73,0.0
,249.73,249.73,247.45,248.95,0.0
,248.95,248.95,245.85,246.34,0.0
,246.34,247.22,246.02,246.75,0.0
,246.75,246.75,246.75,246.75,0.0
,246.75,247.09,246.73,246.92,0.0
,246.92,246.92,246.92,246.92,0.0
,246.92,246.92,246.92,246.92,0.0
,246.92,246.92,244.31,244.67,0.0
,244.67,244.67,243.04,243.37,0.0
,243.37,244.03,241.28,242.17,0.0
1987-01-01,242.17,242.17,242.17,242.17,0.0
1987-02-01,242.17,246.45,242.17,246.45,0.0
1987-03-01,246.45,246.45,246.45,246.45,0.0
1987-04-01,246.45,246.45,246.45,246.45,0.0
1987-05-01,246.45,252.57,246.45,252.19,0.0
1987-06-01,252.19,253.99,252.14,252.78,0.0
1987-07-01,252.78,255.72,252.65,255.33,0.0
1987-08-01,255.33,257.28,254.97,257.28,0.0
1987-09-01,257.28,259.2,256.11,258.73,0.0
1987-10-01,258.73,258.73,258.73,258.73,0.0
1987-11-01,258.73,258.73,258.73,258.73,0.0
1987-12-01,258.73,261.36,257.92,260.3,0.0
,260.3,260.45,259.21,259.95,0.0
,259.95,262.72,259.62,262.64,0.0
,262.64,266.68,262.64,265.49,0.0
,265.49,267.24,264.31,266.28,0.0
,266.28,266.28,266.28,266.28,0.0
,266.28,266.28,266.28,266.28,0.0
,266.28,269.34,264.0,269.34,0.0
,269.34,271.03,267.65,269.04,0.0
,269.04,270.87,267.35,267.84,0.0
,267.84,274.05,267.32,273.91,0.0
,273.91,280.96,268.41,270.1,0.0
,270.1,270.1,270.1,270.1,0.0
,270.1,270.1,270.1,270.1,0.0
,270.1,270.4,267.73,269.61,0.0
,269.61,274.31,269.61,273.75,0.0
,273.75,275.71,273.03,275.4,0.0
,275.4,276.85,272.54,274.24,0.0
,274.24,274.24,271.38,274.08,0.0
,274.08,274.08,274.08,274.08,0.0
1987-01-02,274.08,274.08,274.08,274.08,0.0
1987-02-02,274.08,277.35,273.16,276.45,0.0
1987-03-02,276.45,277.83,275.84,275.99,0.0
1987-04-02,275.99,279.65,275.35,279.64,0.0
1987-05-02,279.64,282.26,278.66,281.16,0.0
1987-06-02,281.16,281.16,275.99,280.04,0.0
1987-07-02,280.04,280.04,280.04,280.04,0.0
1987-08-02,280.04,280.04,280.04,280.04,0.0
1987-09-02,280.04,280.04,277.24,278.16,0.0
1987-10-02,278.16,278.16,273.49,275.07,0.0
1987-11-02,275.07,277.71,274.71,277.54,0.0
1987-12-02,277.54,278.04,273.89,275.62,0.0
,275.62,280.91,275.01,279.7,0.0
,279.7,279.7,279.7,279.7,0.0
,279.7,279.7,279.7,279.7,0.0
,279.7,279.7,279.7,279.7,0.0
,279.7,285.49,279.7,285.49,0.0
,285.49,287.55,282.97,285.42,0.0
,285.42,286.24,283.84,285.57,0.0
,285.57,285.98,284.31,285.48,0.0
,285.48,285.48,285.48,285.48,0.0
,285.48,285.48,285.48,285.48,0.0
,285.48,285.5,279.37,282.38,0.0
,282.38,283.33,281.45,282.88,0.0
,282.88,285.35,282.14,284.0,0.0
,284.0,284.4,280.73,282.96,0.0
,282.96,284.55,282.77,284.2,0.0
,284.2,284.2,284.2,284.2,0.0
1987-01-03,284.2,284.2,284.2,284.2,0.0
1987-02-03,284.2,284.83,282.3,283.0,0.0
1987-03-03,283.0,284.19,282.92,284.12,0.0
1987-04-03,284.12,288.62,284.12,288.62,0.0
1987-05-03,288.62,291.24,288.6,290.52,0.0
1987-06-03,290.52,290.67,288.77,290.66,0.0
1987-07-03,290.66,290.66,290.66,290.66,0.0
1987-08-03,290.66,290.66,290.66,290.66,0.0
1987-09-03,290.66,290.66,287.12,288.3,0.0
1987-10-03,288.3,290.88,287.89,290.86,0.0
1987-11-03,290.86,292.51,289.33,290.31,0.0
1987-12-03,290.31,291.91,289.66,291.22,0.0
,291.22,291.79,289.88,289.89,0.0
,289.89,289.89,289.89,289.89,0.0
,289.89,289.89,289.89,289.89,0.0
,289.89,289.89,286.64,288.23,0.0
,288.23,292.47,287.96,292.47,0.0
,292.47,294.58,290.87,292.78,0.0
,292.78,294.46,292.26,294.08,0.0
,294.08,298.17,294.08,298.17,0.0
,298.17,298.17,298.17,298.17,0.0
,298.17,298.17,298.17,298.17,0.0
,298.17,301.17,297.5,301.16,0.0
,301.16,301.92,300.14,301.64,0.0
,301.64,301.85,299.36,300.38,0.0
,300.38,302.72,300.38,300.93,0.0
,300.93,301.41,296.06,296.13,0.0
,296.13,296.13,296.13,296.13,0.0
,296.13,296.13,296.13,296.13,0.0
,296.13,296.13,286.69,289.2,0.0
,289.2,291.87,289.07,291.7,0.0
1987-01-04,291.7,292.39,288.34,292.39,0.0
1987-02-04,292.39,294.47,292.02,293.63,0.0
1987-03-04,293.63,301.3,292.3,300.41,0.0
1987-04-04,300.41,300.41,300.41,300.41,0.0
1987-05-04,300.41,300.41,300.41,300.41,0.0
1987-06-04,300.41,302.21,300.41,301.95,0.0
1987-07-04,301.95,303.65,296.67,296.69,0.0
1987-08-04,296.69,299.2,295.18,297.26,0.0
1987-09-04,297.26,297.71,291.5,292.86,0.0
1987-10-04,292.86,293.74,290.94,292.49,0.0
1987-11-04,292.49,292.49,292.49,292.49,0.0
1987-12-04,292.49,292.49,292.49,292.49,0.0
,292.49,293.36,285.62,285.62,0.0
,285.62,285.62,275.67,279.16,0.0
,279.16,285.14,279.16,284.44,0.0
,284.44,289.57,284.44,286.91,0.0
,286.91,286.91,286.91,286.91,0.0
,286.91,286.91,286.91,286.91,0.0
,286.91,286.91,286.91,286.91,0.0
,286.91,288.36,284.55,286.09,0.0
,286.09,293.07,282.89,293.07,0.0
,293.07,293.46,286.98,287.19,0.0
,287.19,289.12,284.28,286.82,0.0
,286.82,286.82,281.18,281.52,0.0
,281.52,281.52,281.52,281.52,0.0
,281.52,281.52,281.52,281.52,0.0
,281.52,284.45,276.22,281.83,0.0
,281.83,285.95,281.83,282.51,0.0
,282.51,286.42,282.51,284.57,0.0
,284.57,290.08,284.57,288.36,0.0
1987-01-05,288.36,289.71,286.52,288.03,0.0
1987-02-05,288.03,288.03,288.03,288.03,0.0
1987-03-05,288.03,288.03,288.03,288.03,0.0
1987-04-05,288.03,289.99,286.39,289.36,0.0
1987-05-05,289.36,295.4,289.34,295.34,0.0
1987-06-05,295.34,296.19,293.6,295.47,0.0
1987-07-05,295.47,296.8,294.07,294.71,0.0
1987-08-05,294.71,296.18,291.73,293.37,0.0
1987-09-05,293.37,293.37,293.37,293.37,0.0
1987-10-05,293.37,293.37,293.37,293.37,0.0
1987-11-05,293.37,298.69,291.55,291.57,0.0
1987-12-05,291.57,293.3,290.18,293.3,0.0
,293.3,294.54,290.74,293.98,0.0
,293.98,295.1,292.95,294.24,0.0
,294.24,294.24,287.11,287.43,0.0
,287.43,287.43,287.43,287.43,0.0
,287.43,287.43,287.43,287.43,0.0
,287.43,287.43,282.57,286.65,0.0
,286.65,287.39,278.83,279.62,0.0
,279.62,280.89,277.01,278.21,0.0
,278.21,282.31,278.21,280.17,0.0
,280.17,283.33,280.17,282.16,0.0
,282.16,282.16,282.16,282.16,0.0
,282.16,282.16,282.16,282.16,0.0
,282.16,282.16,282.16,282.16,0.0
,282.16,289.11,282.16,289.11,0.0
,289.11,290.78,288.19,288.73,0.0
,288.73,291.5,286.33,290.76,0.0
,290.76,292.87,289.7,290.1,0.0
,290.1,290.1,290.1,290.1,0.0
,290.1,290.1,290.1,290.1,0.0
1987-01-06,290.1,291.96,289.23,289.83,0.0
1987-02-06,289.83,290.94,286.93,288.46,0.0
1987-03-06,288.46,293.47,288.46,293.47,0.0
1987-04-06,293.47,295.1,292.76,295.09,0.0
1987-05-06,295.09,295.11,292.8,293.45,0.0
1987-06-06,293.45,293.45,293.45,293.45,0.0
1987-07-06,293.45,293.45,293.45,293.45,0.0
1987-08-06,293.45,297.03,291.55,296.72,0.0
1987-09-06,296.72,297.59,295.9,297.28,0.0
1987-10-06,297.28,300.81,295.66,297.47,0.0
1987-11-06,297.47,298.94,297.47,298.73,0.0
1987-12-06,298.73,302.26,298.73,301.62,0.0
,301.62,301.62,301.62,301.62,0.0
,301.62,301.62,301.62,301.62,0.0
,301.62,304.11,301.62,303.14,0.0
,303.14,304.86,302.6,304.76,0.0
,304.76,305.74,304.03,304.81,0.0
,304.81,304.81,296.04,298.35,0.0
,298.35,306.97,298.35,306.97,0.0
,306.97,306.97,306.97,306.97,0.0
,306.97,306.97,306.97,306.97,0.0
,306.97,310.2,306.97,309.65,0.0
,309.65,310.27,307.48,308.43,0.0
,308.43,308.91,306.32,306.86,0.0
,306.86,309.44,306.86,308.96,0.0
,308.96,308.96,306.36,307.16,0.0
,307.16,307.16,307.16,307.16,0.0
,307.16,307.16,307.16,307.16,0.0
,307.16,308.15,306.75,307.9,0.0
,307.9,308.0,303.01,304.0,0.0
1987-01-07,304.0,304.0,302.53,302.94,0.0
1987-02-07,302.94,306.34,302.94,305.63,0.0
1987-03-07,305.63,305.63,305.63,305.63,0.0
1987-04-07,305.63,305.63,305.63,305.63,0.0
1987-05-07,305.63,305.63,305.63,305.63,0.0
1987-06-07,305.63,306.75,304.23,304.92,0.0
1987-07-07,304.92,308.63,304.73,307.4,0.0
1987-08-07,307.4,308.48,306.01,308.29,0.0
1987-09-07,308.29,309.56,307.42,307.52,0.0
1987-10-07,307.52,308.4,306.96,308.37,0.0
1987-11-07,308.37,308.37,308.37,308.37,0.0
1987-12-07,308.37,308.37,308.37,308.37,0.0
,308.37,308.41,305.49,307.63,0.0
,307.63,310.69,307.46,310.68,0.0
,310.68,312.08,309.07,310.42,0.0
,310.42,312.83,310.42,312.7,0.0
,312.7,314.59,312.38,314.59,0.0
,314.59,314.59,314.59,314.59,0.0
,314.59,314.59,314.59,314.59,0.0
,314.59,314.59,311.24,311.39,0.0
,311.39,312.41,307.51,308.55,0.0
,308.55,309.42,307.22,308.47,0.0
,308.47,309.63,306.1,307.81,0.0
,307.81,309.28,307.78,309.27,0.0
,309.27,309.27,309.27,309.27,0.0
,309.27,309.27,309.27,309.27,0.0
,309.27,310.7,308.61,310.65,0.0
,310.65,312.33,310.28,312.33,0.0
,312.33,315.65,311.73,315.65,0.0
,315.65,318.53,315.65,318.05,0.0
,318.05,318.85,317.56,318.66,0.0
1987-01-08,318.66,318.66,318.66,318.66,0.0
1987-02-08,318.66,318.66,318.66,318.66,0.0
1987-03-08,318.66,320.26,316.52,317.57,0.0
1987-04-08,317.57,318.25,314.51,316.23,0.0
1987-05-08,316.23,319.74,316.23,318.45,0.0
1987-06-08,318.45,322.09,317.5,322.09,0.0
1987-07-08,322.09,324.15,321.82,323.0,0.0
1987-08-08,323.0,323.0,323.0,323.0,0.0
1987-09-08,323.0,323.0,323.0,323.0,0.0
1987-10-08,323.0,328.8,322.95,328.8,0.0
1987-11-08,328.8,333.4,328.0,333.33,0.0
1987-12-08,333.33,334.57,331.06,332.39,0.0
,332.39,335.52,332.38,334.65,0.0
,334.65,336.08,332.63,333.99,0.0
,333.99,333.99,333.99,333.99,0.0
,333.99,333.99,333.99,333.99,0.0
,333.99,335.43,332.88,334.11,0.0
,334.11,334.11,326.43,329.25,0.0
,329.25,329.89,326.54,329.83,0.0
,329.83,335.19,329.83,334.84,0.0
,334.84,336.37,334.3,335.9,0.0
,335.9,335.9,335.9,335.9,0.0
,335.9,335.9,335.9,335.9,0.0
,335.9,335.9,331.92,333.33,0.0
,333.33,337.89,333.33,336.77,0.0
,336.77,337.39,334.46,334.57,0.0
,334.57,334.57,331.1,331.38,0.0
,331.38,331.38,327.03,327.04,0.0
,327.04,327.04,327.04,327.04,0.0
,327.04,327.04,327.04,327.04,0.0
,327.04,330.09,326.99,329.8,0.0
1987-01-09,329.8,332.18,322.83,323.4,0.0
1987-02-09,323.4,324.53,318.76,321.68,0.0
1987-03-09,321.68,324.29,317.39,320.21,0.0
1987-04-09,320.21,322.03,316.53,316.7,0.0
1987-05-09,316.7,316.7,316.7,316.7,0.0
1987-06-09,316.7,316.7,316.7,316.7,0.0
1987-07-09,316.7,316.7,316.7,316.7,0.0
1987-08-09,316.7,316.7,308.56,313.56,0.0
1987-09-09,313.56,315.41,312.29,313.92,0.0
1987-10-09,313.92,317.59,313.92,317.13,0.0
1987-11-09,317.13,322.45,317.13,321.98,0.0
1987-12-09,321.98,321.98,321.98,321.98,0.0
,321.98,321.98,321.98,321.98,0.0
,321.98,323.81,320.4,323.08,0.0
,323.08,323.08,317.63,317.74,0.0
,317.74,319.5,314.61,314.86,0.0
,314.86,316.08,313.45,314.93,0.0
,314.93,316.99,314.86,314.86,0.0
,314.86,314.86,314.86,314.86,0.0
,314.86,314.86,314.86,314.86,0.0
,314.86,317.66,310.12,310.54,0.0
,310.54,319.51,308.69,319.5,0.0
,319.5,321.83,319.12,321.19,0.0
,321.19,322.01,319.12,319.72,0.0
,319.72,320.16,318.1,320.16,0.0
,320.16,320.16,320.16,320.16,0.0
,320.16,320.16,320.16,320.16,0.0
,320.16,325.33,320.16,323.2,0.0
,323.2,324.63,320.27,321.69,0.0
,321.69,322.53,320.16,321.83,0.0
1987-01-10,321.83,327.34,321.83,327.33,0.0
1987-02-10,327.33,328.94,327.22,328.07,0.0
1987-03-10,328.07,328.07,328.07,328.07,0.0
1987-04-10,328.07,328.07,328.07,328.07,0.0
1987-05-10,328.07,328.57,326.09,328.08,0.0
1987-06-10,328.08,328.08,319.17,319.22,0.0
1987-07-10,319.22,319.39,315.78,318.54,0.0
1987-08-10,318.54,319.34,312.02,314.16,0.0
1987-09-10,314.16,315.04,310.97,311.07,0.0
1987-10-10,311.07,311.07,311.07,311.07,0.0
1987-11-10,311.07,311.07,311.07,311.07,0.0
1987-12-10,311.07,311.07,306.76,309.39,0.0
,309.39,314.53,309.39,314.52,0.0
,314.52,314.52,304.78,305.23,0.0
,305.23,305.23,298.07,298.08,0.0
,298.08,298.92,281.52,282.7,0.0
,282.7,282.7,282.7,282.7,0.0
,282.7,282.7,282.7,282.7,0.0
,282.7,282.7,224.83,224.84,0.0
,224.84,245.62,216.46,236.83,0.0
,236.83,259.26,236.83,258.38,0.0
,258.38,258.38,242.99,248.25,0.0
,248.25,250.7,242.76,248.22,0.0
,248.22,248.22,248.22,248.22,0.0
,248.22,248.22,248.22,248.22,0.0
,248.22,248.22,227.26,227.67,0.0
,227.67,237.81,227.67,233.19,0.0
,233.19,238.58,226.29,233.28,0.0
,233.28,246.69,233.28,244.77,0.0
,244.77,254.04,244.77,251.79,0.0
,251.79,251.79,251.79,251.79,0.0
1987-01-11,251.79,251.79,251.79,251.79,0.0
1987-02-11,251.79,255.75,249.15,255.75,0.0
1987-03-11,255.75,255.75,242.78,250.82,0.0
1987-04-11,250.82,251.0,246.34,248.96,0.0
1987-05-11,248.96,256.09,247.72,254.48,0.0
1987-06-11,254.48,257.21,249.68,250.41,0.0
1987-07-11,250.41,250.41,250.41,250.41,0.0
1987-08-11,250.41,250.41,250.41,250.41,0.0
1987-09-11,250.41,250.41,243.01,243.17,0.0
1987-10-11,243.17,243.17,237.64,239.0,0.0
1987-11-11,239.0,243.86,239.0,241.9,0.0
1987-12-11,241.9,249.9,241.9,248.52,0.0
,248.52,249.42,245.64,245.64,0.0
,245.64,245.64,245.64,245.64,0.0
,245.64,245.64,245.64,245.64,0.0
,245.64,249.54,244.98,246.76,0.0
,246.76,246.76,240.81,243.04,0.0
,243.04,245.55,240.67,245.55,0.0
,245.55,245.55,239.7,240.05,0.0
,240.05,242.0,235.89,242.0,0.0
,242.0,242.0,242.0,242.0,0.0
,242.0,242.0,242.0,242.0,0.0
,242.0,242.99,240.5,242.99,0.0
,242.99,247.9,242.98,246.39,0.0
,246.39,246.54,244.08,244.1,0.0
,244.1,244.1,244.1,244.1,0.0
,244.1,244.12,240.34,240.34,0.0
,240.34,240.34,240.34,240.34,0.0
,240.34,240.34,240.34,240.34,0.0
,240.34,240.34,225.78,230.3,0.0
1987-01-12,230.3,234.02,230.3,232.0,0.0
1987-02-12,232.0,234.56,230.21,233.45,0.0
1987-03-12,233.45,233.9,225.21,225.21,0.0
1987-04-12,225.21,225.77,221.24,223.92,0.0
1987-05-12,223.92,223.92,223.92,223.92,0.0
1987-06-12,223.92,223.92,223.92,223.92,0.0
1987-07-12,223.92,228.77,223.92,228.76,0.0
1987-08-12,228.76,234.92,228.69,234.91,0.0
1987-09-12,234.91,240.09,233.83,238.89,0.0
1987-10-12,238.89,240.05,233.4,233.57,0.0
1987-11-12,233.57,235.48,233.35,235.32,0.0
1987-12-12,235.32,235.32,235.32,235.32,0.0
,235.32,235.32,235.32,235.32,0.0
,235.32,242.34,235.04,242.19,0.0
,242.19,245.59,241.31,242.81,0.0
,242.81,248.11,242.8,248.08,0.0
,248.08,248.6,242.96,242.98,0.0
,242.98,249.18,242.98,249.16,0.0
,249.16,249.16,249.16,249.16,0.0
,249.16,249.16,249.16,249.16,0.0
,249.16,250.25,248.3,249.54,0.0
,249.54,249.97,247.01,249.95,0.0
,249.95,253.35,249.95,253.16,0.0
,253.16,253.16,251.68,252.02,0.0
,252.02,252.02,252.02,252.02,0.0
,252.02,252.02,252.02,252.02,0.0
,252.02,252.02,252.02,252.02,0.0
,252.02,252.02,244.19,245.57,0.0
,245.57,245.88,244.28,244.59,0.0
,244.59,248.06,244.59,247.86,0.0
,247.86,247.86,236.71,247.08,0.0
1988-01-01,247.08,247.08,247.08,247.08,0.0
1988-02-01,247.08,247.08,247.08,247.08,0.0
1988-03-01,247.08,247.08,247.08,247.08,0.0
1988-04-01,247.08,256.44,247.08,255.94,0.0
1988-05-01,255.94,261.78,255.94,258.63,0.0
1988-06-01,258.63,259.79,257.18,258.89,0.0
1988-07-01,258.89,261.32,256.18,261.07,0.0
1988-08-01,261.07,261.07,242.95,243.4,0.0
1988-09-01,243.4,243.4,243.4,243.4,0.0
1988-10-01,243.4,243.4,243.4,243.4,0.0
1988-11-01,243.4,247.51,241.07,247.49,0.0
1988-12-01,247.49,247.49,240.46,245.42,0.0
,245.42,249.25,241.41,245.81,0.0
,245.81,247.0,243.97,245.88,0.0
,245.88,253.65,245.88,252.05,0.0
,252.05,252.05,252.05,252.05,0.0
,252.05,252.05,252.05,252.05,0.0
,252.05,252.86,249.98,251.88,0.0
,251.88,253.33,248.75,249.32,0.0
,249.32,249.32,241.14,242.63,0.0
,242.63,244.25,240.17,243.14,0.0
,243.14,246.5,243.14,246.5,0.0
,246.5,246.5,246.5,246.5,0.0
,246.5,246.5,246.5,246.5,0.0
,246.5,252.87,246.5,252.17,0.0
,252.17,252.17,249.1,249.57,0.0
,249.57,253.02,248.5,249.38,0.0
,249.38,253.66,249.38,253.29,0.0
,253.29,257.07,252.7,257.07,0.0
,257.07,257.07,257.07,257.07,0.0
,257.07,257.07,257.07,257.07,0.0
1988-01-02,257.07,258.27,254.93,255.04,0.0
1988-02-02,255.04,256.08,252.8,255.57,0.0
1988-03-02,255.57,256.98,250.56,252.21,0.0
1988-04-02,252.21,253.03,250.34,252.21,0.0
1988-05-02,252.21,253.85,250.9,250.96,0.0
1988-06-02,250.96,250.96,250.96,250.96,0.0
1988-07-02,250.96,250.96,250.96,250.96,0.0
1988-08-02,250.96,250.96,247.82,249.1,0.0
1988-09-02,249.1,251.72,248.66,251.72,0.0
1988-10-02,251.72,256.92,251.72,256.66,0.0
1988-11-02,256.66,257.77,255.12,255.95,0.0
1988-12-02,255.95,258.86,255.85,257.63,0.0
,257.63,257.63,257.63,257.63,0.0
,257.63,257.63,257.63,257.63,0.0
,257.63,257.63,257.63,257.63,0.0
,257.63,259.84,256.57,259.83,0.0
,259.83,261.47,257.83,259.21,0.0
,259.21,259.6,256.9,257.91,0.0
,257.91,261.61,257.62,261.61,0.0
,261.61,261.61,261.61,261.61,0.0
,261.61,261.61,261.61,261.61,0.0
,261.61,266.06,260.88,265.64,0.0
,265.64,266.12,263.11,265.02,0.0
,265.02,266.25,263.87,264.43,0.0
,264.43,267.75,261.05,261.58,0.0
,261.58,263.0,261.38,262.46,0.0
,262.46,262.46,262.46,262.46,0.0
,262.46,262.46,262.46,262.46,0.0
,262.46,267.82,262.46,267.82,0.0
1988-01-03,267.82,267.95,265.39,267.22,0.0
1988-02-03,267.22,268.75,267.0,267.98,0.0
1988-03-03,267.98,268.4,266.82,267.88,0.0
1988-04-03,267.88,268.4,264.72,267.3,0.0
1988-05-03,267.3,267.3,267.3,267.3,0.0
1988-06-03,267.3,267.3,267.3,267.3,0.0
1988-07-03,267.3,267.69,265.94,267.38,0.0
1988-08-03,267.38,270.06,267.38,269.43,0.0
1988-09-03,269.43,270.76,268.65,269.06,0.0
1988-10-03,269.06,269.35,263.8,263.84,0.0
1988-11-03,263.84,264.94,261.27,264.94,0.0
1988-12-03,264.94,264.94,264.94,264.94,0.0
,264.94,264.94,264.94,264.94,0.0
,264.94,266.55,264.52,266.37,0.0
,266.37,266.41,264.92,266.13,0.0
,266.13,268.68,264.81,268.65,0.0
,268.65,271.22,268.65,271.22,0.0
,271.22,272.64,269.76,271.12,0.0
,271.12,271.12,271.12,271.12,0.0
,271.12,271.12,271.12,271.12,0.0
,271.12,271.12,267.42,268.74,0.0
,268.74,269.61,267.9,268.84,0.0
,268.84,269.79,268.01,268.91,0.0
,268.91,269.91,262.48,263.35,0.0
,263.35,263.44,258.12,258.51,0.0
,258.51,258.51,258.51,258.51,0.0
,258.51,258.51,258.51,258.51,0.0
,258.51,258.51,256.07,258.06,0.0
,258.06,260.86,258.06,260.07,0.0
,260.07,261.59,257.92,258.07,0.0
,258.07,259.03,256.16,258.89,0.0
1988-01-04,258.89,258.89,258.89,258.89,0.0
1988-02-04,258.89,258.89,258.89,258.89,0.0
1988-03-04,258.89,258.89,258.89,258.89,0.0
1988-04-04,258.89,259.06,255.68,256.09,0.0
1988-05-04,256.09,258.52,256.03,258.51,0.0
1988-06-04,258.51,265.5,258.22,265.49,0.0
1988-07-04,265.49,267.32,265.22,266.16,0.0
1988-08-04,266.16,270.22,266.11,269.43,0.0
1988-09-04,269.43,269.43,269.43,269.43,0.0
1988-10-04,269.43,269.43,269.43,269.43,0.0
1988-11-04,269.43,270.41,268.61,270.16,0.0
1988-12-04,270.16,272.05,269.66,271.37,0.0
,271.37,271.7,269.23,271.55,0.0
,271.55,271.57,259.37,259.75,0.0
,259.75,260.39,255.97,259.77,0.0
,259.77,259.77,259.77,259.77,0.0
,259.77,259.77,259.77,259.77,0.0
,259.77,259.81,258.03,259.21,0.0
,259.21,262.38,257.91,257.92,0.0
,257.92,258.54,256.12,256.13,0.0
,256.13,260.44,254.71,256.42,0.0
,256.42,261.16,256.42,260.14,0.0
,260.14,260.14,260.14,260.14,0.0
,260.14,260.14,260.14,260.14,0.0
,260.14,263.29,260.14,262.46,0.0
,262.46,265.06,262.18,263.93,0.0
,263.93,265.09,263.45,263.8,0.0
,263.8,263.8,262.22,262.61,0.0
,262.61,262.61,259.77,261.33,0.0
,261.33,261.33,261.33,261.33,0.0
1988-01-05,261.33,261.33,261.33,261.33,0.0
1988-02-05,261.33,261.56,259.99,261.56,0.0
1988-03-05,261.56,263.7,261.55,263.0,0.0
1988-04-05,263.0,263.23,260.31,260.32,0.0
1988-05-05,260.32,260.32,258.13,258.79,0.0
1988-06-05,258.79,260.31,257.03,257.48,0.0
1988-07-05,257.48,257.48,257.48,257.48,0.0
1988-08-05,257.48,257.48,257.48,257.48,0.0
1988-09-05,257.48,258.22,255.45,256.54,0.0
1988-10-05,256.54,258.3,255.93,257.62,0.0
1988-11-05,257.62,257.62,252.32,253.31,0.0
1988-12-05,253.31,254.87,253.31,253.85,0.0
,253.85,256.83,253.85,256.78,0.0
,256.78,256.78,256.78,256.78,0.0
,256.78,256.78,256.78,256.78,0.0
,256.78,258.71,256.28,258.71,0.0
,258.71,260.2,255.35,255.39,0.0
,255.39,255.67,250.73,251.35,0.0
,251.35,252.57,248.85,252.57,0.0
,252.57,253.7,251.79,253.02,0.0
,253.02,253.02,253.02,253.02,0.0
,253.02,253.02,253.02,253.02,0.0
,253.02,253.02,249.82,250.83,0.0
,250.83,253.51,250.83,253.51,0.0
,253.51,255.34,253.51,253.76,0.0
,253.76,254.98,253.52,254.63,0.0
,254.63,254.63,252.74,253.42,0.0
,253.42,253.42,253.42,253.42,0.0
,253.42,253.42,253.42,253.42,0.0
,253.42,253.42,253.42,253.42,0.0
,253.42,262.16,253.42,262.16,0.0
1988-01-06,262.16,267.43,262.1,266.69,0.0
1988-02-06,266.69,266.71,264.12,265.33,0.0
1988-03-06,265.33,267.11,264.42,266.45,0.0
1988-04-06,266.45,266.45,266.45,266.45,0.0
1988-05-06,266.45,266.45,266.45,266.45,0.0
1988-06-06,266.45,267.05,264.97,267.05,0.0
1988-07-06,267.05,267.28,264.5,265.17,0.0
1988-08-06,265.17,272.01,265.17,271.52,0.0
1988-09-06,271.52,272.29,270.19,270.2,0.0
1988-10-06,270.2,273.21,270.2,271.26,0.0
1988-11-06,271.26,271.26,271.26,271.26,0.0
1988-12-06,271.26,271.26,271.26,271.26,0.0
,271.26,271.94,270.53,271.43,0.0
,271.43,276.14,271.43,274.3,0.0
,274.3,274.45,272.75,274.45,0.0
,274.45,274.45,268.76,269.77,0.0
,269.77,270.77,268.09,270.68,0.0
,270.68,270.68,270.68,270.68,0.0
,270.68,270.68,270.68,270.68,0.0
,270.68,270.68,268.59,268.94,0.0
,268.94,271.67,267.52,271.67,0.0
,271.67,276.88,271.67,275.66,0.0
,275.66,275.89,274.26,274.82,0.0
,274.82,275.19,273.53,273.78,0.0
,273.78,273.78,273.78,273.78,0.0
,273.78,273.78,273.78,273.78,0.0
,273.78,273.79,268.85,269.06,0.0
,269.06,272.8,269.06,272.31,0.0
,272.31,273.01,269.49,270.98,0.0
,270.98,273.55,270.97,273.5,0.0
1988-01-07,273.5,273.8,270.78,271.78,0.0
1988-02-07,271.78,271.78,271.78,271.78,0.0
1988-03-07,271.78,271.78,271.78,271.78,0.0
1988-04-07,271.78,271.78,271.78,271.78,0.0
1988-05-07,271.78,275.81,270.51,275.81,0.0
1988-06-07,275.81,276.36,269.92,272.02,0.0
1988-07-07,272.02,272.05,269.31,271.78,0.0
1988-08-07,271.78,272.31,269.86,270.02,0.0
1988-09-07,270.02,270.02,270.02,270.02,0.0
1988-10-07,270.02,270.02,270.02,270.02,0.0
1988-11-07,270.02,271.64,270.02,270.55,0.0
1988-12-07,270.55,270.7,266.96,267.85,0.0
,267.85,269.46,266.12,269.32,0.0
,269.32,270.69,268.58,270.26,0.0
,270.26,272.06,269.53,272.05,0.0
,272.05,272.05,272.05,272.05,0.0
,272.05,272.05,272.05,272.05,0.0
,272.05,272.05,268.66,270.51,0.0
,270.51,271.21,267.01,268.47,0.0
,268.47,270.24,268.47,270.0,0.0
,270.0,270.0,266.66,266.66,0.0
,266.66,266.66,263.39,263.5,0.0
,263.5,263.5,263.5,263.5,0.0
,263.5,263.5,263.5,263.5,0.0
,263.5,265.17,263.03,264.68,0.0
,264.68,266.09,264.32,265.19,0.0
,265.19,265.83,262.48,262.5,0.0
,262.5,266.55,262.5,266.02,0.0
,266.02,272.02,266.02,272.02,0.0
,272.02,272.02,272.02,272.02,0.0
,272.02,272.02,272.02,272.02,0.0
1988-01-08,272.02,272.8,271.21,272.21,0.0
1988-02-08,272.21,273.68,270.37,272.06,0.0
1988-03-08,272.06,273.42,271.15,272.98,0.0
1988-04-08,272.98,274.2,271.77,271.93,0.0
1988-05-08,271.93,271.93,270.08,271.15,0.0
1988-06-08,271.15,271.15,271.15,271.15,0.0
1988-07-08,271.15,271.15,271.15,271.15,0.0
1988-08-08,271.15,272.47,269.93,269.98,0.0
1988-09-08,269.98,270.2,265.06,266.49,0.0
1988-10-08,266.49,266.49,261.03,261.9,0.0
1988-11-08,261.9,262.77,260.34,262.75,0.0
1988-12-08,262.75,262.94,261.37,262.55,0.0
,262.55,262.55,262.55,262.55,0.0
,262.55,262.55,262.55,262.55,0.0
,262.55,262.55,258.68,258.69,0.0
,258.69,262.61,257.5,260.56,0.0
,260.56,261.84,259.33,260.77,0.0
,260.77,262.76,260.75,261.03,0.0
,261.03,262.27,260.23,260.24,0.0
,260.24,260.24,260.24,260.24,0.0
,260.24,260.24,260.24,260.24,0.0
,260.24,260.71,256.94,256.98,0.0
,256.98,257.86,256.53,257.09,0.0
,257.09,261.13,257.09,261.13,0.0
,261.13,261.13,257.56,259.18,0.0
,259.18,260.15,258.87,259.68,0.0
,259.68,259.68,259.68,259.68,0.0
,259.68,259.68,259.68,259.68,0.0
,259.68,262.56,259.68,262.33,0.0
,262.33,263.18,261.53,262.51,0.0
,262.51,263.8,261.21,261.52,0.0
1988-01-09,261.52,261.52,256.98,258.35,0.0
1988-02-09,258.35,264.9,258.35,264.48,0.0
1988-03-09,264.48,264.48,264.48,264.48,0.0
1988-04-09,264.48,264.48,264.48,264.48,0.0
1988-05-09,264.48,264.48,264.48,264.48,0.0
1988-06-09,264.48,265.94,264.4,265.59,0.0
1988-07-09,265.59,266.98,264.93,265.87,0.0
1988-08-09,265.87,266.54,264.88,265.88,0.0
1988-09-09,265.88,268.26,263.66,266.84,0.0
1988-10-09,266.84,266.84,266.84,266.84,0.0
1988-11-09,266.84,266.84,266.84,266.84,0.0
1988-12-09,266.84,267.64,266.22,266.47,0.0
,266.47,267.43,265.22,267.43,0.0
,267.43,269.47,267.41,269.31,0.0
,269.31,269.78,268.03,268.13,0.0
,268.13,270.81,267.33,270.65,0.0
,270.65,270.65,270.65,270.65,0.0
,270.65,270.65,270.65,270.65,0.0
,270.65,270.65,267.41,268.82,0.0
,268.82,270.07,268.5,269.73,0.0
,269.73,270.64,269.48,270.16,0.0
,270.16,270.58,268.26,269.18,0.0
,269.18,270.31,268.28,269.76,0.0
,269.76,269.76,269.76,269.76,0.0
,269.76,269.76,269.76,269.76,0.0
,269.76,269.8,268.61,268.88,0.0
,268.88,269.36,268.01,268.26,0.0
,268.26,269.08,267.77,269.08,0.0
,269.08,273.02,269.08,272.59,0.0
,272.59,274.87,271.66,271.91,0.0
1988-01-10,271.91,271.91,271.91,271.91,0.0
1988-02-10,271.91,271.91,271.91,271.91,0.0
1988-03-10,271.91,271.91,268.84,271.38,0.0
1988-04-10,271.38,271.79,270.34,270.62,0.0
1988-05-10,270.62,272.45,270.08,271.86,0.0
1988-06-10,271.86,272.39,271.3,272.39,0.0
1988-07-10,272.39,278.07,272.37,278.07,0.0
1988-08-10,278.07,278.07,278.07,278.07,0.0
1988-09-10,278.07,278.07,278.07,278.07,0.0
1988-10-10,278.07,278.69,277.1,278.24,0.0
1988-11-10,278.24,278.24,276.33,277.93,0.0
1988-12-10,277.93,277.93,273.05,273.98,0.0
,273.98,275.83,273.39,275.22,0.0
,275.22,277.01,274.08,275.5,0.0
,275.5,275.5,275.5,275.5,0.0
,275.5,275.5,275.5,275.5,0.0
,275.5,276.65,275.01,276.41,0.0
,276.41,279.39,276.41,279.38,0.0
,279.38,280.53,274.41,276.97,0.0
,276.97,282.88,276.93,282.88,0.0
,282.88,283.66,281.16,283.66,0.0
,283.66,283.66,283.66,283.66,0.0
,283.66,283.66,283.66,283.66,0.0
,283.66,283.95,282.28,282.28,0.0
,282.28,282.84,281.87,282.38,0.0
,282.38,282.52,280.54,281.38,0.0
,281.38,281.38,276.0,277.28,0.0
,277.28,279.48,277.28,278.53,0.0
,278.53,278.53,278.53,278.53,0.0
,278.53,278.53,278.53,278.53,0.0
,278.53,279.39,277.14,278.97,0.0
1988-01-11,278.97,279.57,278.01,279.06,0.0
1988-02-11,279.06,279.45,277.08,279.06,0.0
1988-03-11,279.06,280.37,279.04,279.2,0.0
1988-04-11,279.2,279.2,276.31,276.31,0.0
1988-05-11,276.31,276.31,276.31,276.31,0.0
1988-06-11,276.31,276.31,276.31,276.31,0.0
1988-07-11,276.31,276.31,273.62,273.93,0.0
1988-08-11,273.93,275.8,273.93,275.15,0.0
1988-09-11,275.15,275.15,272.15,273.33,0.0
1988-10-11,273.33,274.37,272.98,273.69,0.0
1988-11-11,273.69,273.69,267.92,267.92,0.0
1988-12-11,267.92,267.92,267.92,267.92,0.0
,267.92,267.92,267.92,267.92,0.0
,267.92,269.25,266.79,267.72,0.0
,267.72,268.75,267.72,268.34,0.0
,268.34,268.41,262.85,263.82,0.0
,263.82,265.63,263.45,264.6,0.0
,264.6,266.62,264.6,266.47,0.0
,266.47,266.47,266.47,266.47,0.0
,266.47,266.47,266.47,266.47,0.0
,266.47,266.47,263.41,266.22,0.0
,266.22,267.85,265.42,267.21,0.0
,267.21,269.56,267.21,269.0,0.0
,269.0,269.0,269.0,269.0,0.0
,269.0,269.0,266.47,267.23,0.0
,267.23,267.23,267.23,267.23,0.0
,267.23,267.23,267.23,267.23,0.0
,267.23,268.98,266.97,268.64,0.0
,268.64,271.31,268.13,270.91,0.0
,270.91,274.36,270.9,273.7,0.0
1988-01-12,273.7,273.7,272.49,272.49,0.0
1988-02-12,272.49,272.49,270.47,271.81,0.0
1988-03-12,271.81,271.81,271.81,271.81,0.0
1988-04-12,271.81,271.81,271.81,271.81,0.0
1988-05-12,271.81,275.62,271.81,274.93,0.0
1988-06-12,274.93,277.89,274.62,277.59,0.0
1988-07-12,277.59,279.01,277.34,278.13,0.0
1988-08-12,278.13,278.13,276.55,276.57,0.0
1988-09-12,276.57,277.82,276.34,277.03,0.0
1988-10-12,277.03,277.03,277.03,277.03,0.0
1988-11-12,277.03,277.03,277.03,277.03,0.0
1988-12-12,277.03,278.82,276.52,276.52,0.0
,276.52,276.52,274.58,276.31,0.0
,276.31,276.31,274.58,275.31,0.0
,275.31,275.62,274.01,274.28,0.0
,274.28,276.29,274.28,276.29,0.0
,276.29,276.29,276.29,276.29,0.0
,276.29,276.29,276.29,276.29,0.0
,276.29,279.31,275.61,278.91,0.0
,278.91,280.45,277.47,277.47,0.0
,277.47,277.83,276.3,277.38,0.0
,277.38,277.89,276.86,276.87,0.0
,276.87,277.99,276.87,277.87,0.0
,277.87,277.87,277.87,277.87,0.0
,277.87,277.87,277.87,277.87,0.0
,277.87,277.87,277.87,277.87,0.0
,277.87,278.09,276.74,276.83,0.0
,276.83,277.55,276.17,277.08,0.0
,277.08,279.42,277.08,279.4,0.0
,279.4,279.78,277.72,277.72,0.0
,277.72,277.72,277.72,277.72,0.0
1989-01-01,277.72,277.72,277.72,277.72,0.0
1989-02-01,277.72,277.72,277.72,277.72,0.0
1989-03-01,277.72,277.72,273.81,275.31,0.0
1989-04-01,275.31,279.75,275.31,279.43,0.0
1989-05-01,279.43,281.51,279.43,280.01,0.0
1989-06-01,280.01,282.06,280.01,280.67,0.0
1989-07-01,280.67,280.67,280.67,280.67,0.0
1989-08-01,280.67,280.67,280.67,280.67,0.0
1989-09-01,280.67,281.89,280.32,280.98,0.0
1989-10-01,280.98,281.58,279.44,280.38,0.0
1989-11-01,280.38,282.01,280.21,282.01,0.0
1989-12-01,282.01,284.63,282.01,283.17,0.0
,283.17,284.12,282.71,283.87,0.0
,283.87,283.87,283.87,283.87,0.0
,283.87,283.87,283.87,283.87,0.0
,283.87,284.88,283.63,284.14,0.0
,284.14,284.14,283.06,283.55,0.0
,283.55,286.87,282.65,286.53,0.0
,286.53,287.9,286.14,286.9,0.0
,286.9,287.04,285.75,286.63,0.0
,286.63,286.63,286.63,286.63,0.0
,286.63,286.63,286.63,286.63,0.0
,286.63,287.98,284.5,284.5,0.0
,284.5,288.49,284.5,288.49,0.0
,288.49,289.15,287.97,289.14,0.0
,289.14,292.62,288.13,291.69,0.0
,291.69,296.08,291.69,293.82,0.0
,293.82,293.82,293.82,293.82,0.0
,293.82,293.82,293.82,293.82,0.0
,293.82,295.13,293.54,294.99,0.0
,294.99,297.51,293.57,297.47,0.0
1989-01-02,297.47,298.33,296.22,297.09,0.0
1989-02-02,297.09,297.92,295.81,296.84,0.0
1989-03-02,296.84,297.66,296.15,296.97,0.0
1989-04-02,296.97,296.97,296.97,296.97,0.0
1989-05-02,296.97,296.97,296.97,296.97,0.0
1989-06-02,296.97,296.99,294.96,296.04,0.0
1989-07-02,296.04,300.34,295.78,299.63,0.0
1989-08-02,299.63,300.57,298.41,298.65,0.0
1989-09-02,298.65,298.79,295.16,296.06,0.0
1989-10-02,296.06,296.06,291.96,292.02,0.0
1989-11-02,292.02,292.02,292.02,292.02,0.0
1989-12-02,292.02,292.02,292.02,292.02,0.0
,292.02,293.07,290.88,292.54,0.0
,292.54,294.37,291.41,291.81,0.0
,291.81,294.42,291.49,294.24,0.0
,294.24,295.15,294.22,294.81,0.0
,294.81,297.12,294.69,296.76,0.0
,296.76,296.76,296.76,296.76,0.0
,296.76,296.76,296.76,296.76,0.0
,296.76,296.76,296.76,296.76,0.0
,296.76,297.04,295.16,295.98,0.0
,295.98,295.98,290.76,290.91,0.0
,290.91,292.05,289.83,292.05,0.0
,292.05,292.05,287.13,287.13,0.0
,287.13,287.13,287.13,287.13,0.0
,287.13,287.13,287.13,287.13,0.0
,287.13,288.12,286.26,287.82,0.0
,287.82,289.42,287.63,288.86,0.0
1989-01-03,288.86,290.28,286.46,287.11,0.0
1989-02-03,287.11,290.32,287.11,289.95,0.0
1989-03-03,289.95,291.18,289.44,291.18,0.0
1989-04-03,291.18,291.18,291.18,291.18,0.0
1989-05-03,291.18,291.18,291.18,291.18,0.0
1989-06-03,291.18,294.81,291.18,294.81,0.0
1989-07-03,294.81,295.16,293.5,293.87,0.0
1989-08-03,293.87,295.62,293.51,294.08,0.0
1989-09-03,294.08,294.69,293.85,293.93,0.0
1989-10-03,293.93,293.93,291.6,292.88,0.0
1989-11-03,292.88,292.88,292.88,292.88,0.0
1989-12-03,292.88,292.88,292.88,292.88,0.0
,292.88,296.18,292.88,295.32,0.0
,295.32,296.29,294.63,295.14,0.0
,295.14,296.78,295.14,296.67,0.0
,296.67,299.99,296.66,299.44,0.0
,299.44,299.44,291.08,292.69,0.0
,292.69,292.69,292.69,292.69,0.0
,292.69,292.69,292.69,292.69,0.0
,292.69,292.69,288.56,289.92,0.0
,289.92,292.38,289.92,291.33,0.0
,291.33,291.46,289.9,290.49,0.0
,290.49,291.51,288.56,288.98,0.0
,288.98,288.98,288.98,288.98,0.0
,288.98,288.98,288.98,288.98,0.0
,288.98,288.98,288.98,288.98,0.0
,288.98,290.57,288.18,290.57,0.0
,290.57,292.32,290.57,291.59,0.0
,291.59,292.75,291.42,292.35,0.0
,292.35,293.8,291.5,292.52,0.0
,292.52,294.96,292.52,294.87,0.0
1989-01-04,294.87,294.87,294.87,294.87,0.0
1989-02-04,294.87,294.87,294.87,294.87,0.0
1989-03-04,294.87,297.04,294.62,296.39,0.0
1989-04-04,296.39,296.4,294.72,295.31,0.0
1989-05-04,295.31,296.43,295.28,296.24,0.0
1989-06-04,296.24,296.24,294.52,295.29,0.0
1989-07-04,295.29,297.62,294.35,297.16,0.0
1989-08-04,297.16,297.16,297.16,297.16,0.0
1989-09-04,297.16,297.16,297.16,297.16,0.0
1989-10-04,297.16,297.94,296.85,297.11,0.0
1989-11-04,297.11,298.87,297.11,298.49,0.0
1989-12-04,298.49,299.81,298.49,298.99,0.0
,298.99,299.0,296.27,296.4,0.0
,296.4,301.38,296.4,301.36,0.0
,301.36,301.36,301.36,301.36,0.0
,301.36,301.36,301.36,301.36,0.0
,301.36,302.01,300.71,301.72,0.0
,301.72,306.25,301.72,306.02,0.0
,306.02,307.66,305.36,307.15,0.0
,307.15,307.96,304.53,306.19,0.0
,306.19,309.61,306.19,309.61,0.0
,309.61,309.61,309.61,309.61,0.0
,309.61,309.61,309.61,309.61,0.0
,309.61,309.61,307.83,308.69,0.0
,308.69,309.65,306.74,306.75,0.0
,306.75,307.3,306.07,306.93,0.0
,306.93,310.45,306.93,309.58,0.0
,309.58,309.65,308.48,309.64,0.0
,309.64,309.64,309.64,309.64,0.0
,309.64,309.64,309.64,309.64,0.0
1989-01-05,309.64,309.64,307.4,309.12,0.0
1989-02-05,309.12,310.45,308.12,308.12,0.0
1989-03-05,308.12,308.52,307.11,308.16,0.0
1989-04-05,308.16,308.4,307.32,307.77,0.0
1989-05-05,307.77,310.69,306.98,307.61,0.0
1989-06-05,307.61,307.61,307.61,307.61,0.0
1989-07-05,307.61,307.61,307.61,307.61,0.0
1989-08-05,307.61,307.61,304.74,306.0,0.0
1989-09-05,306.0,306.99,304.06,305.19,0.0
1989-10-05,305.19,306.25,304.85,305.8,0.0
1989-11-05,305.8,307.34,305.8,306.95,0.0
1989-12-05,306.95,313.84,306.95,313.84,0.0
,313.84,313.84,313.84,313.84,0.0
,313.84,313.84,313.84,313.84,0.0
,313.84,316.16,313.84,316.16,0.0
,316.16,316.16,314.99,315.28,0.0
,315.28,317.94,315.11,317.48,0.0
,317.48,318.52,316.54,317.97,0.0
,317.97,321.38,317.97,321.24,0.0
,321.24,321.24,321.24,321.24,0.0
,321.24,321.24,321.24,321.24,0.0
,321.24,323.06,320.45,321.98,0.0
,321.98,321.98,318.2,318.32,0.0
,318.32,319.14,317.58,319.14,0.0
,319.14,319.6,318.42,319.17,0.0
,319.17,321.59,319.14,321.59,0.0
,321.59,321.59,321.59,321.59,0.0
,321.59,321.59,321.59,321.59,0.0
,321.59,321.59,321.59,321.59,0.0
,321.59,322.53,317.83,319.05,0.0
,319.05,321.3,318.68,320.52,0.0
1989-01-06,320.52,322.57,320.01,321.97,0.0
1989-02-06,321.97,325.63,321.97,325.52,0.0
1989-03-06,325.52,325.52,325.52,325.52,0.0
1989-04-06,325.52,325.52,325.52,325.52,0.0
1989-05-06,325.52,325.93,322.02,322.03,0.0
1989-06-06,322.03,324.48,321.27,324.24,0.0
1989-07-06,324.24,327.39,324.24,326.95,0.0
1989-08-06,326.95,327.37,325.92,326.75,0.0
1989-09-06,326.75,327.32,325.16,326.69,0.0
1989-10-06,326.69,326.69,326.69,326.69,0.0
1989-11-06,326.69,326.69,326.69,326.69,0.0
1989-12-06,326.69,326.69,323.73,326.24,0.0
,326.24,326.24,322.96,323.91,0.0
,323.91,324.89,322.8,323.83,0.0
,323.83,323.83,319.21,320.08,0.0
,320.08,321.36,318.69,321.35,0.0
,321.35,321.35,321.35,321.35,0.0
,321.35,321.35,321.35,321.35,0.0
,321.35,321.89,320.4,321.89,0.0
,321.89,322.78,321.03,321.25,0.0
,321.25,321.87,319.25,320.48,0.0
,320.48,322.34,320.2,322.32,0.0
,322.32,328.0,322.32,328.0,0.0
,328.0,328.0,328.0,328.0,0.0
,328.0,328.0,328.0,328.0,0.0
,328.0,328.15,326.31,326.6,0.0
,326.6,329.19,326.59,328.44,0.0
,328.44,328.44,324.3,325.81,0.0
,325.81,325.81,319.54,319.68,0.0
,319.68,319.97,314.38,317.98,0.0
1989-01-07,317.98,317.98,317.98,317.98,0.0
1989-02-07,317.98,317.98,317.98,317.98,0.0
1989-03-07,317.98,319.27,317.27,319.23,0.0
1989-04-07,319.23,319.23,319.23,319.23,0.0
1989-05-07,319.23,321.22,317.26,320.64,0.0
1989-06-07,320.64,321.55,320.45,321.55,0.0
1989-07-07,321.55,325.87,321.08,324.91,0.0
1989-08-07,324.91,324.91,324.91,324.91,0.0
1989-09-07,324.91,324.91,324.91,324.91,0.0
1989-10-07,324.91,327.07,324.91,327.07,0.0
1989-11-07,327.07,330.42,327.07,328.78,0.0
1989-12-07,328.78,330.39,327.92,329.81,0.0
,329.81,330.37,329.08,329.95,0.0
,329.95,331.89,327.13,331.84,0.0
,331.84,331.84,331.84,331.84,0.0
,331.84,331.84,331.84,331.84,0.0
,331.84,333.02,331.02,332.44,0.0
,332.44,332.44,330.75,331.35,0.0
,331.35,335.73,331.35,335.73,0.0
,335.73,337.4,333.22,333.51,0.0
,333.51,335.91,332.46,335.9,0.0
,335.9,335.9,335.9,335.9,0.0
,335.9,335.9,335.9,335.9,0.0
,335.9,335.9,333.44,333.67,0.0
,333.67,336.29,332.6,333.88,0.0
,333.88,338.05,333.19,338.05,0.0
,338.05,342.0,338.05,341.99,0.0
,341.99,342.96,341.3,342.15,0.0
,342.15,342.15,342.15,342.15,0.0
,342.15,342.15,342.15,342.15,0.0
,342.15,346.08,342.02,346.08,0.0
1989-01-08,346.08,347.99,342.93,343.75,0.0
1989-02-08,343.75,344.34,342.47,344.34,0.0
1989-03-08,344.34,345.22,343.81,344.74,0.0
1989-04-08,344.74,345.42,342.6,343.92,0.0
1989-05-08,343.92,343.92,343.92,343.92,0.0
1989-06-08,343.92,343.92,343.92,343.92,0.0
1989-07-08,343.92,349.42,343.91,349.41,0.0
1989-08-08,349.41,349.84,348.28,349.35,0.0
1989-09-08,349.35,351.0,346.86,346.94,0.0
1989-10-08,346.94,349.78,345.31,348.25,0.0
1989-11-08,348.25,351.18,344.01,344.74,0.0
1989-12-08,344.74,344.74,344.74,344.74,0.0
,344.74,344.74,344.74,344.74,0.0
,344.74,345.44,341.96,343.06,0.0
,343.06,345.03,343.05,344.71,0.0
,344.71,346.37,344.71,345.66,0.0
,345.66,346.39,342.97,344.45,0.0
,344.45,346.03,343.89,346.03,0.0
,346.03,346.03,346.03,346.03,0.0
,346.03,346.03,346.03,346.03,0.0
,346.03,346.25,340.55,340.67,0.0
,340.67,341.25,339.0,341.19,0.0
,341.19,344.8,341.19,344.7,0.0
,344.7,351.52,344.7,351.52,0.0
,351.52,352.73,350.09,350.52,0.0
,350.52,350.52,350.52,350.52,0.0
,350.52,350.52,350.52,350.52,0.0
,350.52,352.09,349.08,352.09,0.0
,352.09,352.12,348.86,349.84,0.0
,349.84,352.27,348.66,350.65,0.0
,350.65,351.45,350.21,351.45,0.0
1989-01-09,351.45,353.9,350.88,353.73,0.0
1989-02-09,353.73,353.73,353.73,353.73,0.0
1989-03-09,353.73,353.73,353.73,353.73,0.0
1989-04-09,353.73,353.73,353.73,353.73,0.0
1989-05-09,353.73,354.13,351.82,352.56,0.0
1989-06-09,352.56,352.56,347.98,349.24,0.0
1989-07-09,349.24,350.31,348.15,348.35,0.0
1989-08-09,348.35,349.18,345.74,348.76,0.0
1989-09-09,348.76,348.76,348.76,348.76,0.0
1989-10-09,348.76,348.76,348.76,348.76,0.0
1989-11-09,348.76,348.76,345.91,347.66,0.0
1989-12-09,347.66,349.46,347.5,348.7,0.0
,348.7,350.1,345.46,345.46,0.0
,345.46,345.61,342.55,343.16,0.0
,343.16,345.06,341.37,345.06,0.0
,345.06,345.06,345.06,345.06,0.0
,345.06,345.06,345.06,345.06,0.0
,345.06,346.84,344.6,346.73,0.0
,346.73,348.17,346.44,346.55,0.0
,346.55,347.27,346.18,346.47,0.0
,346.47,348.46,344.96,345.7,0.0
,345.7,347.57,345.69,347.05,0.0
,347.05,347.05,347.05,347.05,0.0
,347.05,347.05,347.05,347.05,0.0
,347.05,347.05,343.7,344.23,0.0
,344.23,347.02,344.13,344.33,0.0
,344.33,345.47,342.85,345.1,0.0
,345.1,348.61,345.1,348.6,0.0
,348.6,350.31,348.12,349.15,0.0
,349.15,349.15,349.15,349.15,0.0
1989-01-10,349.15,349.15,349.15,349.15,0.0
1989-02-10,349.15,350.99,348.35,350.87,0.0
1989-03-10,350.87,354.73,350.85,354.71,0.0
1989-04-10,354.71,357.49,354.71,356.94,0.0
1989-05-10,356.94,357.63,356.28,356.97,0.0
1989-06-10,356.97,359.05,356.97,358.78,0.0
1989-07-10,358.78,358.78,358.78,358.78,0.0
1989-08-10,358.78,358.78,358.78,358.78,0.0
1989-09-10,358.78,359.86,358.06,359.8,0.0
1989-10-10,359.8,360.44,358.11,359.13,0.0
1989-11-10,359.13,359.13,356.08,356.99,0.0
1989-12-10,356.99,356.99,354.91,355.39,0.0
,355.39,355.53,332.81,333.65,0.0
,333.65,333.65,333.65,333.65,0.0
,333.65,333.65,333.65,333.65,0.0
,333.65,342.87,327.12,342.85,0.0
,342.85,342.85,335.69,341.16,0.0
,341.16,343.39,329.03,341.76,0.0
,341.76,348.82,341.76,347.13,0.0
,347.13,347.57,344.47,347.16,0.0
,347.16,347.16,347.16,347.16,0.0
,347.16,347.16,347.16,347.16,0.0
,347.16,348.19,344.22,344.83,0.0
,344.83,344.83,335.13,343.7,0.0
,343.7,344.51,341.96,342.5,0.0
,342.5,342.5,337.2,337.93,0.0
,337.93,337.97,333.26,335.06,0.0
,335.06,335.06,335.06,335.06,0.0
,335.06,335.06,335.06,335.06,0.0
,335.06,337.04,334.48,335.07,0.0
,335.07,340.86,335.07,340.36,0.0
1989-01-11,340.36,341.74,339.79,341.2,0.0
1989-02-11,341.2,341.2,336.61,338.48,0.0
1989-03-11,338.48,339.67,337.37,337.62,0.0
1989-04-11,337.62,337.62,337.62,337.62,0.0
1989-05-11,337.62,337.62,337.62,337.62,0.0
1989-06-11,337.62,337.62,332.33,332.61,0.0
1989-07-11,332.61,334.82,330.91,334.81,0.0
1989-08-11,334.81,339.41,334.81,338.15,0.0
1989-09-11,338.15,338.73,336.21,336.58,0.0
1989-10-11,336.58,339.1,336.57,339.1,0.0
1989-11-11,339.1,339.1,339.1,339.1,0.0
1989-12-11,339.1,339.1,339.1,339.1,0.0
,339.1,340.51,337.93,339.55,0.0
,339.55,340.41,337.06,337.99,0.0
,337.99,340.54,337.14,340.54,0.0
,340.54,341.02,338.93,340.58,0.0
,340.58,342.24,339.85,341.61,0.0
,341.61,341.61,341.61,341.61,0.0
,341.61,341.61,341.61,341.61,0.0
,341.61,341.9,338.29,339.35,0.0
,339.35,340.21,337.53,339.59,0.0
,339.59,341.92,339.59,341.91,0.0
,341.91,341.91,341.91,341.91,0.0
,341.91,344.24,341.91,343.97,0.0
,343.97,343.97,343.97,343.97,0.0
,343.97,343.97,343.97,343.97,0.0
,343.97,346.24,343.97,345.61,0.0
,345.61,346.33,344.41,345.77,0.0
,345.77,345.77,343.36,343.6,0.0
,343.6,346.5,343.57,345.99,0.0
1989-01-12,345.99,351.88,345.99,350.63,0.0
1989-02-12,350.63,350.63,350.63,350.63,0.0
1989-03-12,350.63,350.63,350.63,350.63,0.0
1989-04-12,350.63,351.51,350.32,351.41,0.0
1989-05-12,351.41,352.24,349.58,349.58,0.0
1989-06-12,349.58,349.94,347.91,348.55,0.0
1989-07-12,348.55,349.84,346.0,347.59,0.0
1989-08-12,347.59,349.6,347.59,348.69,0.0
1989-09-12,348.69,348.69,348.69,348.69,0.0
1989-10-12,348.69,348.69,348.69,348.69,0.0
1989-11-12,348.69,348.74,346.39,348.56,0.0
1989-12-12,348.56,352.21,348.41,351.73,0.0
,351.73,354.1,351.65,352.75,0.0
,352.75,352.75,350.08,350.93,0.0
,350.93,351.86,346.08,350.14,0.0
,350.14,350.14,350.14,350.14,0.0
,350.14,350.14,350.14,350.14,0.0
,350.14,350.88,342.19,343.69,0.0
,343.69,343.74,339.63,342.46,0.0
,342.46,343.7,341.79,342.84,0.0
,342.84,345.03,342.84,344.78,0.0
,344.78,347.53,344.76,347.42,0.0
,347.42,347.42,347.42,347.42,0.0
,347.42,347.42,347.42,347.42,0.0
,347.42,347.42,347.42,347.42,0.0
,347.42,347.87,346.53,346.81,0.0
,346.81,349.12,346.81,348.81,0.0
,348.81,350.68,348.76,350.67,0.0
,350.67,353.41,350.67,353.4,0.0
,353.4,353.4,353.4,353.4,0.0
,353.4,353.4,353.4,353.4,0.0
1990-01-01,353.4,353.4,353.4,353.4,0.0
1990-02-01,353.4,359.69,351.98,359.69,0.0
1990-03-01,359.69,360.59,357.89,358.76,0.0
1990-04-01,358.76,358.76,352.89,355.67,0.0
1990-05-01,355.67,355.67,351.35,352.2,0.0
1990-06-01,352.2,352.2,352.2,352.2,0.0
1990-07-01,352.2,352.2,352.2,352.2,0.0
1990-08-01,352.2,354.24,350.54,353.79,0.0
1990-09-01,353.79,354.17,349.61,349.62,0.0
1990-10-01,349.62,349.62,344.32,347.31,0.0
1990-11-01,347.31,350.14,347.31,348.53,0.0
1990-12-01,348.53,348.53,339.49,339.93,0.0
,339.93,339.93,339.93,339.93,0.0
,339.93,339.93,339.93,339.93,0.0
,339.93,339.94,336.57,337.0,0.0
,337.0,340.75,333.37,340.75,0.0
,340.75,342.01,336.26,337.4,0.0
,337.4,338.38,333.98,338.19,0.0
,338.19,340.48,338.19,339.15,0.0
,339.15,339.15,339.15,339.15,0.0
,339.15,339.15,339.15,339.15,0.0
,339.15,339.96,330.28,330.38,0.0
,330.38,332.76,328.67,331.61,0.0
,331.61,331.71,324.17,330.26,0.0
,330.26,332.33,325.33,326.08,0.0
,326.08,328.58,321.44,325.8,0.0
,325.8,325.8,325.8,325.8,0.0
,325.8,325.8,325.8,325.8,0.0
,325.8,327.31,321.79,325.2,0.0
,325.2,325.73,319.83,322.98,0.0
,322.98,329.08,322.98,329.08,0.0
1990-01-02,329.08,329.86,327.76,328.79,0.0
1990-02-02,328.79,332.1,328.09,330.92,0.0
1990-03-02,330.92,330.92,330.92,330.92,0.0
1990-04-02,330.92,330.92,330.92,330.92,0.0
1990-05-02,330.92,332.16,330.45,331.85,0.0
1990-06-02,331.85,331.86,328.2,329.68,0.0
1990-07-02,329.68,333.76,326.55,333.75,0.0
1990-08-02,333.75,336.09,332.0,332.96,0.0
1990-09-02,332.96,334.6,332.41,333.62,0.0
1990-10-02,333.62,333.62,333.62,333.62,0.0
1990-11-02,333.62,333.62,333.62,333.62,0.0
1990-12-02,333.62,333.62,329.97,330.08,0.0
,330.08,331.61,327.92,331.02,0.0
,331.02,333.2,330.64,332.01,0.0
,332.01,335.21,331.61,334.89,0.0
,334.89,335.64,332.42,332.72,0.0
,332.72,332.72,332.72,332.72,0.0
,332.72,332.72,332.72,332.72,0.0
,332.72,332.72,332.72,332.72,0.0
,332.72,332.72,326.26,327.99,0.0
,327.99,328.17,324.47,327.67,0.0
,327.67,330.98,325.7,325.7,0.0
,325.7,326.15,322.1,324.15,0.0
,324.15,324.15,324.15,324.15,0.0
,324.15,324.15,324.15,324.15,0.0
,324.15,328.67,323.98,328.67,0.0
,328.67,331.94,328.47,330.26,0.0
,330.26,333.48,330.16,331.89,0.0
1990-01-03,331.89,334.4,331.08,332.74,0.0
1990-02-03,332.74,335.54,332.72,335.54,0.0
1990-03-03,335.54,335.54,335.54,335.54,0.0
1990-04-03,335.54,335.54,335.54,335.54,0.0
1990-05-03,335.54,336.38,333.49,333.74,0.0
1990-06-03,333.74,337.93,333.57,337.93,0.0
1990-07-03,337.93,338.84,336.33,336.95,0.0
1990-08-03,336.95,340.66,336.95,340.27,0.0
1990-09-03,340.27,340.27,336.84,337.93,0.0
1990-10-03,337.93,337.93,337.93,337.93,0.0
1990-11-03,337.93,337.93,337.93,337.93,0.0
1990-12-03,337.93,339.08,336.14,338.67,0.0
,338.67,338.67,335.36,336.0,0.0
,336.0,337.63,334.93,336.87,0.0
,336.87,338.91,336.87,338.07,0.0
,338.07,341.91,338.07,341.91,0.0
,341.91,341.91,341.91,341.91,0.0
,341.91,341.91,341.91,341.91,0.0
,341.91,343.76,339.12,343.53,0.0
,343.53,344.49,340.87,341.57,0.0
,341.57,342.34,339.56,339.74,0.0
,339.74,339.77,333.62,335.69,0.0
,335.69,337.58,335.69,337.22,0.0
,337.22,337.22,337.22,337.22,0.0
,337.22,337.22,337.22,337.22,0.0
,337.22,339.74,337.22,337.63,0.0
,337.63,341.5,337.03,341.5,0.0
,341.5,342.58,340.6,342.0,0.0
,342.0,342.07,339.77,340.79,0.0
,340.79,341.41,338.21,339.94,0.0
,339.94,339.94,339.94,339.94,0.0
1990-01-04,339.94,339.94,339.94,339.94,0.0
1990-02-04,339.94,339.94,336.33,338.7,0.0
1990-03-04,338.7,343.76,338.7,343.64,0.0
1990-04-04,343.64,344.12,340.4,341.09,0.0
1990-05-04,341.09,342.85,340.63,340.73,0.0
1990-06-04,340.73,341.73,338.94,340.08,0.0
1990-07-04,340.08,340.08,340.08,340.08,0.0
1990-08-04,340.08,340.08,340.08,340.08,0.0
1990-09-04,340.08,341.83,339.88,341.37,0.0
1990-10-04,341.37,342.41,340.62,342.07,0.0
1990-11-04,342.07,343.0,341.26,341.92,0.0
1990-12-04,341.92,344.79,341.91,344.34,0.0
,344.34,344.34,344.34,344.34,0.0
,344.34,344.34,344.34,344.34,0.0
,344.34,344.34,344.34,344.34,0.0
,344.34,347.3,344.1,344.74,0.0
,344.74,345.19,342.06,344.68,0.0
,344.68,345.33,340.11,340.72,0.0
,340.69,340.69,337.59,338.09,0.0
,338.09,338.52,333.41,335.12,0.0
,335.12,335.12,335.12,335.12,0.0
,335.12,335.12,335.12,335.12,0.0
,335.12,335.12,330.09,330.99,0.0
,331.06,332.97,329.71,330.36,0.0
,330.36,332.74,330.36,332.03,0.0
,332.06,333.76,330.67,332.92,0.0
,332.93,333.57,328.71,329.11,0.0
,329.11,329.11,329.11,329.11,0.0
,329.11,329.11,329.11,329.11,0.0
,329.09,331.31,327.76,330.8,0.0
1990-01-05,330.8,332.83,330.8,332.25,0.0
1990-02-05,332.23,334.48,332.15,334.48,0.0
1990-03-05,334.51,337.02,334.51,335.57,0.0
1990-04-05,335.58,338.46,335.17,338.39,0.0
1990-05-05,338.39,338.39,338.39,338.39,0.0
1990-06-05,338.39,338.39,338.39,338.39,0.0
1990-07-05,338.4,341.07,338.11,340.53,0.0
1990-08-05,340.52,342.03,340.17,342.01,0.0
1990-09-05,342.01,343.08,340.9,342.86,0.0
1990-10-05,342.87,344.98,342.77,343.82,0.0
1990-11-05,343.84,352.31,343.84,352.0,0.0
1990-12-05,352.0,352.0,352.0,352.0,0.0
,352.0,352.0,352.0,352.0,0.0
,352.0,358.41,351.95,354.75,0.0
,354.73,355.09,352.84,354.28,0.0
,354.27,354.68,351.95,354.0,0.0
,354.0,356.92,354.0,354.47,0.0
,354.47,354.64,352.52,354.64,0.0
,354.64,354.64,354.64,354.64,0.0
,354.64,354.64,354.64,354.64,0.0
,354.63,359.07,353.78,358.0,0.0
,358.0,360.5,356.09,358.43,0.0
,358.43,359.29,356.99,359.29,0.0
,359.28,359.56,357.87,358.41,0.0
,358.4,358.4,354.32,354.58,0.0
,354.58,354.58,354.58,354.58,0.0
,354.58,354.58,354.58,354.58,0.0
,354.58,354.58,354.58,354.58,0.0
,354.56,360.65,354.56,360.65,0.0
,360.65,362.26,360.0,360.86,0.0
,360.86,361.84,360.23,361.23,0.0
1990-01-06,361.26,363.52,361.21,363.16,0.0
1990-02-06,363.16,363.16,363.16,363.16,0.0
1990-03-06,363.16,363.16,363.16,363.16,0.0
1990-04-06,363.16,367.85,362.43,367.4,0.0
1990-05-06,367.4,368.78,365.49,366.64,0.0
1990-06-06,366.64,366.64,364.42,364.96,0.0
1990-07-06,364.97,365.92,361.6,363.15,0.0
1990-08-06,363.15,363.49,357.68,358.71,0.0
1990-09-06,358.71,358.71,358.71,358.71,0.0
1990-10-06,358.71,358.71,358.71,358.71,0.0
1990-11-06,358.71,361.63,357.7,361.63,0.0
1990-12-06,361.63,367.27,361.15,366.25,0.0
,366.24,367.09,364.51,364.9,0.0
,364.9,364.9,361.64,362.9,0.0
,362.89,363.14,360.71,362.91,0.0
,362.91,362.91,362.91,362.91,0.0
,362.91,362.91,362.91,362.91,0.0
,362.91,362.91,356.88,356.88,0.0
,356.88,358.9,356.18,358.47,0.0
,358.47,359.91,357.0,359.1,0.0
,359.11,360.88,357.63,360.46,0.0
,360.47,363.2,355.31,355.43,0.0
,355.43,355.43,355.43,355.43,0.0
,355.43,355.43,355.43,355.43,0.0
,355.43,356.41,351.91,352.31,0.0
,352.32,356.09,351.85,352.06,0.0
,352.06,355.89,351.23,355.14,0.0
,355.16,357.63,355.16,357.63,0.0
,357.63,359.09,357.3,358.02,0.0
,358.02,358.02,358.02,358.02,0.0
1990-01-07,358.02,358.02,358.02,358.02,0.0
1990-02-07,358.02,359.58,357.54,359.54,0.0
1990-03-07,359.54,360.73,359.44,360.16,0.0
1990-04-07,360.16,360.16,360.16,360.16,0.0
1990-05-07,360.16,360.16,354.86,355.68,0.0
1990-06-07,355.68,359.02,354.64,358.42,0.0
1990-07-07,358.42,358.42,358.42,358.42,0.0
1990-08-07,358.42,358.42,358.42,358.42,0.0
1990-09-07,358.42,360.05,358.11,359.52,0.0
1990-10-07,359.52,359.74,356.41,356.49,0.0
1990-11-07,356.49,361.23,356.49,361.23,0.0
1990-12-07,361.23,365.46,360.57,365.44,0.0
,365.47,369.68,365.47,367.31,0.0
,367.31,367.31,367.31,367.31,0.0
,367.31,367.31,367.31,367.31,0.0
,367.31,369.78,367.31,368.95,0.0
,368.94,369.4,364.99,367.52,0.0
,367.52,367.52,362.95,364.22,0.0
,364.22,365.32,361.29,365.32,0.0
,365.32,366.64,361.58,361.61,0.0
,361.61,361.61,361.61,361.61,0.0
,361.61,361.61,361.61,361.61,0.0
,361.61,361.61,350.09,355.31,0.0
,355.31,356.09,351.46,355.79,0.0
,355.79,357.52,354.8,357.09,0.0
,357.09,357.47,353.95,355.91,0.0
,355.9,355.94,352.14,353.44,0.0
,353.44,353.44,353.44,353.44,0.0
,353.44,353.44,353.44,353.44,0.0
,353.44,355.55,351.15,355.55,0.0
,355.55,357.25,353.91,356.15,0.0
1990-01-08,356.15,357.35,353.82,355.52,0.0
1990-02-08,355.51,355.51,349.73,351.48,0.0
1990-03-08,351.48,351.48,338.2,344.86,0.0
1990-04-08,344.86,344.86,344.86,344.86,0.0
1990-05-08,344.86,344.86,344.86,344.86,0.0
1990-06-08,344.75,344.75,333.27,334.43,0.0
1990-07-08,334.43,338.63,332.22,334.83,0.0
1990-08-08,334.83,339.21,334.83,338.35,0.0
1990-09-08,338.35,340.56,337.56,339.94,0.0
1990-10-08,339.94,339.94,334.22,335.52,0.0
1990-11-08,335.52,335.52,335.52,335.52,0.0
1990-12-08,335.52,335.52,335.52,335.52,0.0
,335.52,338.88,332.02,338.84,0.0
,338.77,340.96,337.19,339.39,0.0
,339.39,341.92,339.38,340.06,0.0
,340.06,340.06,332.39,332.39,0.0
,332.36,332.36,324.63,327.83,0.0
,327.83,327.83,327.83,327.83,0.0
,327.83,327.83,327.83,327.83,0.0
,327.8,329.9,327.07,328.51,0.0
,328.51,328.51,318.78,321.86,0.0
,321.86,324.15,316.55,316.55,0.0
,316.55,316.55,306.56,307.06,0.0
,307.06,311.65,306.18,311.51,0.0
,311.51,311.51,311.51,311.51,0.0
,311.51,311.51,311.51,311.51,0.0
,311.55,323.11,311.55,321.44,0.0
,321.44,322.2,320.25,321.34,0.0
,321.34,325.83,320.87,324.19,0.0
,324.19,324.57,317.82,318.71,0.0
,318.7,322.57,316.59,322.56,0.0
1990-01-09,322.56,322.56,322.56,322.56,0.0
1990-02-09,322.56,322.56,322.56,322.56,0.0
1990-03-09,322.56,322.56,322.56,322.56,0.0
1990-04-09,322.56,323.09,319.11,323.09,0.0
1990-05-09,323.09,324.52,320.99,324.39,0.0
1990-06-09,324.39,324.39,319.37,320.46,0.0
1990-07-09,320.46,324.18,319.71,323.4,0.0
1990-08-09,323.4,323.4,323.4,323.4,0.0
1990-09-09,323.4,323.4,323.4,323.4,0.0
1990-10-09,323.42,326.53,320.31,321.63,0.0
1990-11-09,321.63,322.18,319.6,321.04,0.0
1990-12-09,321.04,322.55,319.6,322.54,0.0
,322.51,322.51,318.02,318.65,0.0
,318.65,318.65,314.76,316.83,0.0
,316.83,316.83,316.83,316.83,0.0
,316.83,316.83,316.83,316.83,0.0
,316.83,318.05,315.21,317.77,0.0
,317.77,318.85,314.27,318.6,0.0
,318.6,319.35,316.25,316.6,0.0
,316.59,316.59,310.55,311.48,0.0
,311.48,312.17,307.98,311.23,0.0
,311.23,311.23,311.23,311.23,0.0
,311.23,311.23,311.23,311.23,0.0
,311.32,311.32,303.58,304.59,0.0
,304.59,308.27,304.23,308.26,0.0
,308.24,308.28,303.05,305.06,0.0
,305.06,307.47,299.1,300.97,0.0
,300.97,306.05,295.98,306.05,0.0
,306.05,306.05,306.05,306.05,0.0
,306.05,306.05,306.05,306.05,0.0
1990-01-10,306.1,314.94,306.1,314.94,0.0
1990-02-10,314.94,319.69,314.94,315.21,0.0
1990-03-10,315.21,316.26,310.7,311.4,0.0
1990-04-10,311.4,313.4,308.59,312.69,0.0
1990-05-10,312.69,314.79,305.76,311.5,0.0
1990-06-10,311.5,311.5,311.5,311.5,0.0
1990-07-10,311.5,311.5,311.5,311.5,0.0
1990-08-10,311.5,315.03,311.5,313.48,0.0
1990-09-10,313.46,313.46,305.09,305.1,0.0
1990-10-10,305.09,306.43,299.21,300.4,0.0
1990-11-10,300.39,301.45,294.51,295.46,0.0
1990-12-10,295.45,304.25,295.22,300.03,0.0
,300.03,300.03,300.03,300.03,0.0
,300.03,300.03,300.03,300.03,0.0
,300.03,304.79,296.41,303.23,0.0
,303.23,304.34,298.12,298.92,0.0
,298.92,301.5,297.79,298.76,0.0
,298.75,305.74,298.75,305.74,0.0
,305.74,312.47,305.74,312.47,0.0
,312.47,312.47,312.47,312.47,0.0
,312.47,312.47,312.47,312.47,0.0
,312.48,315.83,310.47,314.76,0.0
,314.76,315.06,312.06,312.36,0.0
,312.36,313.51,310.74,312.6,0.0
,312.6,313.71,309.7,310.17,0.0
,310.17,310.17,304.71,304.71,0.0
,304.71,304.71,304.71,304.71,0.0
,304.71,304.71,304.71,304.71,0.0
,304.74,307.41,300.69,301.88,0.0
,301.88,304.36,299.44,304.06,0.0
,304.06,305.7,302.33,304.0,0.0
1990-01-11,304.0,307.27,301.61,307.02,0.0
1990-02-11,307.02,311.94,306.88,311.85,0.0
1990-03-11,311.85,311.85,311.85,311.85,0.0
1990-04-11,311.85,311.85,311.85,311.85,0.0
1990-05-11,311.85,314.61,311.41,314.59,0.0
1990-06-11,314.59,314.76,311.43,311.62,0.0
1990-07-11,311.62,311.62,305.79,306.01,0.0
1990-08-11,306.01,309.77,305.03,307.61,0.0
1990-09-11,307.61,313.78,307.61,313.74,0.0
1990-10-11,313.74,313.74,313.74,313.74,0.0
1990-11-11,313.74,313.74,313.74,313.74,0.0
1990-12-11,313.74,319.77,313.73,319.48,0.0
,319.48,319.48,317.26,317.66,0.0
,317.66,321.7,317.23,320.4,0.0
,320.4,320.4,316.13,317.02,0.0
,317.02,318.8,314.99,317.12,0.0
,317.12,317.12,317.12,317.12,0.0
,317.12,317.12,317.12,317.12,0.0
,317.15,319.39,317.15,319.34,0.0
,319.34,319.34,315.31,315.31,0.0
,315.31,316.15,312.42,316.03,0.0
,316.03,316.03,316.03,316.03,0.0
,316.03,317.3,315.06,315.1,0.0
,315.1,315.1,315.1,315.1,0.0
,315.1,315.1,315.1,315.1,0.0
,315.08,316.51,311.48,316.51,0.0
,316.51,318.69,315.8,318.1,0.0
,318.11,319.96,317.62,317.95,0.0
,317.95,317.95,315.03,316.42,0.0
,316.42,323.02,315.42,322.22,0.0
1990-01-12,322.22,322.22,322.22,322.22,0.0
1990-02-12,322.22,322.22,322.22,322.22,0.0
1990-03-12,322.23,324.9,322.23,324.1,0.0
1990-04-12,324.11,326.77,321.97,326.35,0.0
1990-05-12,326.36,329.92,325.66,329.92,0.0
1990-06-12,329.94,333.98,328.37,329.07,0.0
1990-07-12,329.09,329.39,326.39,327.75,0.0
1990-08-12,327.75,327.75,327.75,327.75,0.0
1990-09-12,327.75,327.75,327.75,327.75,0.0
1990-10-12,327.75,328.97,326.15,328.89,0.0
1990-11-12,328.88,328.88,325.65,326.44,0.0
1990-12-12,326.44,330.36,326.44,330.19,0.0
,330.14,330.58,328.77,329.34,0.0
,329.34,329.34,325.16,326.82,0.0
,326.82,326.82,326.82,326.82,0.0
,326.82,326.82,326.82,326.82,0.0
,326.82,326.82,324.46,326.02,0.0
,326.02,330.43,325.75,330.05,0.0
,330.04,330.8,329.39,330.2,0.0
,330.2,330.74,326.94,330.12,0.0
,330.12,332.47,330.12,331.75,0.0
,331.75,331.75,331.75,331.75,0.0
,331.75,331.75,331.75,331.75,0.0
,331.74,331.74,329.16,329.9,0.0
,329.9,329.9,329.9,329.9,0.0
,329.89,331.69,329.89,330.85,0.0
,330.85,331.04,328.23,328.29,0.0
,328.29,328.72,327.24,328.72,0.0
,328.72,328.72,328.72,328.72,0.0
,328.72,328.72,328.72,328.72,0.0
,328.71,330.23,327.5,330.23,0.0
1991-01-01,330.23,330.23,330.23,330.23,0.0
1991-02-01,330.2,330.75,326.45,326.45,0.0
1991-03-01,326.46,326.53,321.9,321.91,0.0
1991-04-01,321.91,322.35,318.87,321.0,0.0
1991-05-01,321.0,321.0,321.0,321.0,0.0
1991-06-01,321.0,321.0,321.0,321.0,0.0
1991-07-01,320.97,320.97,315.44,315.44,0.0
1991-08-01,315.44,316.97,313.79,314.9,0.0
1991-09-01,314.9,320.73,310.93,311.48,0.0
1991-10-01,311.51,314.77,311.51,314.53,0.0
1991-11-01,314.53,315.24,313.59,315.23,0.0
1991-12-01,315.23,315.23,315.23,315.23,0.0
,315.23,315.23,315.23,315.23,0.0
,315.23,315.23,309.35,312.49,0.0
,312.49,313.73,311.84,313.72,0.0
,313.73,316.94,312.94,316.17,0.0
,316.17,327.97,316.17,327.97,0.0
,327.93,332.23,327.08,332.23,0.0
,332.23,332.23,332.23,332.23,0.0
,332.23,332.23,332.23,332.23,0.0
,332.23,332.23,328.87,331.06,0.0
,331.06,331.26,327.83,328.31,0.0
,328.3,331.04,327.93,330.21,0.0
,330.21,335.83,330.19,334.78,0.0
,334.78,336.92,334.2,336.07,0.0
,336.07,336.07,336.07,336.07,0.0
,336.07,336.07,336.07,336.07,0.0
,336.06,337.41,335.81,336.03,0.0
,336.03,336.03,334.26,335.84,0.0
,335.8,340.91,335.69,340.91,0.0
,340.92,343.93,340.47,343.93,0.0
1991-01-02,343.91,344.9,340.37,343.05,0.0
1991-02-02,343.05,343.05,343.05,343.05,0.0
1991-03-02,343.05,343.05,343.05,343.05,0.0
1991-04-02,343.05,348.71,342.96,348.34,0.0
1991-05-02,348.34,351.84,347.21,351.26,0.0
1991-06-02,351.26,358.07,349.58,358.07,0.0
1991-07-02,358.07,363.43,355.53,356.52,0.0
1991-08-02,356.52,359.35,356.02,359.35,0.0
1991-09-02,359.35,359.35,359.35,359.35,0.0
1991-10-02,359.35,359.35,359.35,359.35,0.0
1991-11-02,359.36,368.58,359.32,368.58,0.0
1991-12-02,368.58,370.54,365.5,365.5,0.0
,365.5,369.49,364.64,369.02,0.0
,369.02,370.26,362.77,364.22,0.0
,364.23,369.49,364.23,369.06,0.0
,369.06,369.06,369.06,369.06,0.0
,369.06,369.06,369.06,369.06,0.0
,369.06,369.06,369.06,369.06,0.0
,369.06,370.11,367.05,369.39,0.0
,369.37,369.37,364.38,365.14,0.0
,365.14,366.79,364.5,364.97,0.0
,364.97,370.96,364.23,365.65,0.0
,365.65,365.65,365.65,365.65,0.0
,365.65,365.65,365.65,365.65,0.0
,365.65,370.32,365.12,367.26,0.0
,367.26,367.26,362.19,362.81,0.0
,362.81,368.38,362.81,367.74,0.0
,367.73,369.86,365.95,367.07,0.0
1991-01-03,367.07,370.47,363.73,370.47,0.0
1991-02-03,370.47,370.47,370.47,370.47,0.0
1991-03-03,370.47,370.47,370.47,370.47,0.0
1991-04-03,370.47,371.99,369.07,369.33,0.0
1991-05-03,369.33,377.89,369.33,376.72,0.0
1991-06-03,376.72,379.66,375.02,376.17,0.0
1991-07-03,376.16,377.49,375.58,375.91,0.0
1991-08-03,375.91,378.69,374.43,374.95,0.0
1991-09-03,374.95,374.95,374.95,374.95,0.0
1991-10-03,374.95,374.95,374.95,374.95,0.0
1991-11-03,374.94,375.1,372.52,372.96,0.0
1991-12-03,372.96,374.35,369.55,370.03,0.0
,370.03,374.65,370.03,374.57,0.0
,374.59,378.28,371.76,373.5,0.0
,373.5,374.58,370.21,373.59,0.0
,373.59,373.59,373.59,373.59,0.0
,373.59,373.59,373.59,373.59,0.0
,373.59,374.09,369.46,372.11,0.0
,372.11,372.11,366.54,366.59,0.0
,366.59,368.85,365.8,367.92,0.0
,367.94,371.01,366.51,366.58,0.0
,366.58,368.22,365.58,367.48,0.0
,367.48,367.48,367.48,367.48,0.0
,367.48,367.48,367.48,367.48,0.0
,367.48,371.31,367.46,369.84,0.0
,369.83,376.3,369.37,376.3,0.0
,376.28,378.48,374.73,375.35,0.0
,375.35,376.6,374.4,375.22,0.0
,375.22,375.22,375.22,375.22,0.0
,375.22,375.22,375.22,375.22,0.0
,375.22,375.22,375.22,375.22,0.0
1991-01-04,375.22,375.22,370.29,371.3,0.0
1991-02-04,371.3,379.5,371.3,379.5,0.0
1991-03-04,379.5,381.56,378.49,378.94,0.0
1991-04-04,378.94,381.88,377.05,379.77,0.0
1991-05-04,379.78,381.12,374.15,375.38,0.0
1991-06-04,375.38,375.38,375.38,375.38,0.0
1991-07-04,375.38,375.38,375.38,375.38,0.0
1991-08-04,375.35,378.76,374.69,378.66,0.0
1991-09-04,378.65,379.02,373.11,373.56,0.0
1991-10-04,373.57,374.83,371.21,373.15,0.0
1991-11-04,374.18,379.53,374.18,377.63,0.0
1991-12-04,377.65,381.07,376.89,380.4,0.0
,380.4,380.4,380.4,380.4,0.0
,380.4,380.4,380.4,380.4,0.0
,380.4,382.32,378.78,381.19,0.0
,381.19,387.62,379.64,387.62,0.0
,387.65,391.26,387.3,390.45,0.0
,390.45,390.97,388.13,388.46,0.0
,388.46,388.46,383.9,384.2,0.0
,384.2,384.2,384.2,384.2,0.0
,384.2,384.2,384.2,384.2,0.0
,384.19,384.19,380.16,380.95,0.0
,380.95,383.55,379.67,381.76,0.0
,381.76,383.02,379.99,382.76,0.0
,382.89,382.89,378.43,379.25,0.0
,379.25,380.11,376.77,379.02,0.0
,379.02,379.02,379.02,379.02,0.0
,379.02,379.02,379.02,379.02,0.0
,379.01,380.96,373.66,373.66,0.0
,373.66,377.86,373.01,375.35,0.0
1991-01-05,375.35,380.46,375.27,380.29,0.0
1991-02-05,380.29,382.14,379.82,380.52,0.0
1991-03-05,380.52,381.0,378.82,380.8,0.0
1991-04-05,380.8,380.8,380.8,380.8,0.0
1991-05-05,380.8,380.8,380.8,380.8,0.0
1991-06-05,380.78,380.78,377.86,380.08,0.0
1991-07-05,380.08,380.91,377.31,377.32,0.0
1991-08-05,376.36,379.26,376.21,378.51,0.0
1991-09-05,378.51,383.56,378.51,383.25,0.0
1991-10-05,383.26,383.91,375.61,375.74,0.0
1991-11-05,375.74,375.74,375.74,375.74,0.0
1991-12-05,375.74,375.74,375.74,375.74,0.0
,375.74,377.02,374.62,376.76,0.0
,375.51,376.76,370.82,371.62,0.0
,371.55,372.47,365.83,368.57,0.0
,368.57,372.51,368.57,372.19,0.0
,372.19,373.01,369.44,372.39,0.0
,372.39,372.39,372.39,372.39,0.0
,372.39,372.39,372.39,372.39,0.0
,372.39,373.65,371.26,372.28,0.0
,372.28,376.66,372.28,375.35,0.0
,375.35,376.5,374.4,376.19,0.0
,376.19,378.07,373.55,374.96,0.0
,374.97,378.08,374.97,377.49,0.0
,377.49,377.49,377.49,377.49,0.0
,377.49,377.49,377.49,377.49,0.0
,377.49,377.49,377.49,377.49,0.0
,377.49,382.1,377.12,381.94,0.0
,381.94,383.66,381.37,382.79,0.0
,382.79,388.17,382.5,386.96,0.0
,386.96,389.85,385.01,389.83,0.0
1991-01-06,389.83,389.83,389.83,389.83,0.0
1991-02-06,389.83,389.83,389.83,389.83,0.0
1991-03-06,389.81,389.81,386.97,388.06,0.0
1991-04-06,388.06,388.06,385.14,387.74,0.0
1991-05-06,387.74,388.23,384.45,385.09,0.0
1991-06-06,385.1,385.85,383.13,383.63,0.0
1991-07-06,383.63,383.63,378.76,379.43,0.0
1991-08-06,379.43,379.43,379.43,379.43,0.0
1991-09-06,379.43,379.43,379.43,379.43,0.0
1991-10-06,379.43,379.75,377.95,378.57,0.0
1991-11-06,378.57,381.63,378.57,381.05,0.0
1991-12-06,381.05,381.05,374.46,376.64,0.0
,376.65,377.9,376.08,377.63,0.0
,379.49,382.3,377.63,382.29,0.0
,382.29,382.29,382.29,382.29,0.0
,382.29,382.29,382.29,382.29,0.0
,381.47,382.31,380.13,380.15,0.0
,380.13,381.83,377.99,378.59,0.0
,377.41,378.57,374.36,375.09,0.0
,375.09,376.29,373.87,375.42,0.0
,375.43,377.75,375.33,377.69,0.0
,377.69,377.69,377.69,377.69,0.0
,377.69,377.69,377.69,377.69,0.0
,377.74,377.74,370.73,370.94,0.0
,370.94,372.62,369.56,370.66,0.0
,370.63,372.73,368.34,371.58,0.0
,371.59,374.4,371.59,374.4,0.0
,373.74,374.4,367.98,371.15,0.0
,371.15,371.15,371.15,371.15,0.0
,371.15,371.15,371.15,371.15,0.0
1991-01-07,371.19,377.92,371.18,377.92,0.0
1991-02-07,377.92,377.93,376.62,377.47,0.0
1991-03-07,377.47,377.47,372.08,373.33,0.0
1991-04-07,373.33,373.33,373.33,373.33,0.0
1991-05-07,372.6,375.51,372.17,374.1,0.0
1991-06-07,374.1,374.1,374.1,374.1,0.0
1991-07-07,374.1,374.1,374.1,374.1,0.0
1991-08-07,373.84,377.94,370.92,377.94,0.0
1991-09-07,378.06,378.58,375.37,376.11,0.0
1991-10-07,376.15,380.35,375.2,375.74,0.0
1991-11-07,375.73,377.68,375.51,376.97,0.0
1991-12-07,376.97,381.41,375.79,380.25,0.0
,380.25,380.25,380.25,380.25,0.0
,380.25,380.25,380.25,380.25,0.0
,380.24,383.0,380.24,382.39,0.0
,382.39,382.94,380.8,381.53,0.0
,381.31,382.86,381.13,381.18,0.0
,381.34,385.37,381.18,385.37,0.0
,385.38,385.83,383.65,384.2,0.0
,384.2,384.2,384.2,384.2,0.0
,384.2,384.2,384.2,384.2,0.0
,384.23,384.55,381.84,382.88,0.0
,382.88,384.86,379.39,379.42,0.0
,379.7,380.46,378.29,378.64,0.0
,378.96,381.13,378.15,380.96,0.0
,380.91,381.76,379.81,380.93,0.0
,380.93,380.93,380.93,380.93,0.0
,380.93,380.93,380.93,380.93,0.0
,380.93,383.15,380.45,383.14,0.0
,383.41,386.92,383.15,386.69,0.0
,386.67,387.81,386.19,387.81,0.0
1991-01-08,387.81,387.95,386.48,387.11,0.0
1991-02-08,387.14,389.56,386.05,387.18,0.0
1991-03-08,387.18,387.18,387.18,387.18,0.0
1991-04-08,387.18,387.18,387.18,387.18,0.0
1991-05-08,387.17,387.17,384.48,385.06,0.0
1991-06-08,385.06,390.8,384.29,390.62,0.0
1991-07-08,390.62,391.59,389.86,390.56,0.0
1991-08-08,390.56,391.8,388.15,389.32,0.0
1991-09-08,389.32,389.89,387.04,387.12,0.0
1991-10-08,387.12,387.12,387.12,387.12,0.0
1991-11-08,387.12,387.12,387.12,387.12,0.0
1991-12-08,387.11,388.17,385.9,388.02,0.0
,388.02,392.12,388.02,389.62,0.0
,389.62,391.85,389.13,389.9,0.0
,389.91,391.92,389.29,389.33,0.0
,389.42,390.41,383.16,385.58,0.0
,385.58,385.58,385.58,385.58,0.0
,385.58,385.58,385.58,385.58,0.0
,385.58,385.58,374.09,376.47,0.0
,376.47,380.35,376.47,379.43,0.0
,379.55,390.59,379.55,390.59,0.0
,390.59,391.98,390.21,391.33,0.0
,391.33,395.34,390.69,394.17,0.0
,394.17,394.17,394.17,394.17,0.0
,394.17,394.17,394.17,394.17,0.0
,394.17,394.39,392.75,393.85,0.0
,393.85,393.87,391.77,393.06,0.0
,393.06,396.64,393.05,396.64,0.0
,396.65,396.82,395.14,396.47,0.0
,396.47,396.47,393.6,395.43,0.0
,395.43,395.43,395.43,395.43,0.0
1991-01-09,395.43,395.43,395.43,395.43,0.0
1991-02-09,395.43,395.43,395.43,395.43,0.0
1991-03-09,395.43,397.62,392.1,392.15,0.0
1991-04-09,392.15,392.62,388.68,389.97,0.0
1991-05-09,389.97,390.97,388.49,389.14,0.0
1991-06-09,389.14,390.71,387.36,389.1,0.0
1991-07-09,389.1,389.1,389.1,389.1,0.0
1991-08-09,389.1,389.1,389.1,389.1,0.0
1991-09-09,389.11,389.34,387.88,388.57,0.0
1991-10-09,388.57,388.63,383.78,384.56,0.0
1991-11-09,384.56,385.6,383.59,385.09,0.0
1991-12-09,385.09,387.34,385.09,387.34,0.0
,387.16,387.95,382.85,383.59,0.0
,383.59,383.59,383.59,383.59,0.0
,383.59,383.59,383.59,383.59,0.0
,383.59,385.79,382.77,385.78,0.0
,385.78,387.13,384.97,385.5,0.0
,385.49,386.94,384.28,386.94,0.0
,386.94,389.42,386.27,387.56,0.0
,387.56,388.82,386.49,387.9,0.0
,387.9,387.9,387.9,387.9,0.0
,387.9,387.9,387.9,387.9,0.0
,387.9,388.55,385.76,385.92,0.0
,385.92,388.13,384.46,387.71,0.0
,387.72,388.25,385.99,386.88,0.0
,386.87,388.39,385.3,386.49,0.0
,386.49,389.09,384.87,385.9,0.0
,385.9,385.9,385.9,385.9,0.0
,385.9,385.9,385.9,385.9,0.0
,385.91,388.29,384.32,387.86,0.0
1991-01-10,387.86,389.56,387.86,389.2,0.0
1991-02-10,389.2,390.03,387.62,388.26,0.0
1991-03-10,388.23,388.23,384.47,384.47,0.0
1991-04-10,384.47,385.19,381.24,381.25,0.0
1991-05-10,381.25,381.25,381.25,381.25,0.0
1991-06-10,381.25,381.25,381.25,381.25,0.0
1991-07-10,381.22,381.27,379.07,379.5,0.0
1991-08-10,379.5,381.23,379.18,380.67,0.0
1991-09-10,380.57,380.57,376.35,376.8,0.0
1991-10-10,376.8,380.55,376.11,380.55,0.0
1991-11-10,380.55,381.46,379.9,381.45,0.0
1991-12-10,381.45,381.45,381.45,381.45,0.0
,381.45,381.45,381.45,381.45,0.0
,381.45,386.47,381.45,386.47,0.0
,386.47,391.5,385.95,391.01,0.0
,391.01,393.29,390.14,392.8,0.0
,392.8,393.81,390.32,391.92,0.0
,391.92,392.8,391.77,392.5,0.0
,392.5,392.5,392.5,392.5,0.0
,392.5,392.5,392.5,392.5,0.0
,392.5,392.5,388.96,390.02,0.0
,390.02,391.2,387.4,387.83,0.0
,387.83,389.08,386.52,387.94,0.0
,387.94,388.32,383.45,385.07,0.0
,385.07,386.13,382.97,384.2,0.0
,384.2,384.2,384.2,384.2,0.0
,384.2,384.2,384.2,384.2,0.0
,384.2,389.52,384.2,389.52,0.0
,389.52,391.7,386.88,391.48,0.0
,391.48,393.11,390.78,392.96,0.0
,392.96,392.96,391.58,392.45,0.0
1991-01-11,392.46,395.1,389.67,391.32,0.0
1991-02-11,391.32,391.32,391.32,391.32,0.0
1991-03-11,391.32,391.32,391.32,391.32,0.0
1991-04-11,391.29,391.29,388.09,390.28,0.0
1991-05-11,390.28,392.17,388.19,388.71,0.0
1991-06-11,388.71,389.97,387.58,389.97,0.0
1991-07-11,389.97,393.72,389.97,393.72,0.0
1991-08-11,393.72,396.43,392.42,392.89,0.0
1991-09-11,392.89,392.89,392.89,392.89,0.0
1991-10-11,392.89,392.89,392.89,392.89,0.0
1991-11-11,392.64,393.57,392.32,393.12,0.0
1991-12-11,393.12,397.13,393.12,396.74,0.0
,396.74,397.42,394.01,397.41,0.0
,397.41,398.22,395.85,397.15,0.0
,397.15,397.16,382.62,382.62,0.0
,382.62,382.62,382.62,382.62,0.0
,382.62,382.62,382.62,382.62,0.0
,382.62,385.4,379.7,385.24,0.0
,385.24,385.24,374.9,379.42,0.0
,379.42,381.51,377.84,378.53,0.0
,378.53,381.12,377.41,380.06,0.0
,380.05,380.05,374.52,376.14,0.0
,376.14,376.14,376.14,376.14,0.0
,376.14,376.14,376.14,376.14,0.0
,376.14,377.07,374.0,375.34,0.0
,375.34,378.29,371.63,377.96,0.0
,377.96,378.11,375.98,376.55,0.0
,376.55,376.55,376.55,376.55,0.0
,376.55,376.55,374.65,375.22,0.0
,375.22,375.22,375.22,375.22,0.0
1991-01-12,375.22,375.22,375.22,375.22,0.0
1991-02-12,375.22,381.4,371.36,381.4,0.0
1991-03-12,381.4,381.48,379.92,380.96,0.0
1991-04-12,380.96,381.51,378.07,380.07,0.0
1991-05-12,380.07,380.07,376.58,377.39,0.0
1991-06-12,377.39,382.39,375.41,379.1,0.0
1991-07-12,379.1,379.1,379.1,379.1,0.0
1991-08-12,379.1,379.1,379.1,379.1,0.0
1991-09-12,379.09,381.42,377.67,378.26,0.0
1991-10-12,378.26,379.57,376.64,377.9,0.0
1991-11-12,377.9,379.42,374.78,377.7,0.0
1991-12-12,377.7,381.62,377.7,381.55,0.0
,381.55,385.04,381.55,384.48,0.0
,384.48,384.48,384.48,384.48,0.0
,384.48,384.48,384.48,384.48,0.0
,384.48,385.79,384.37,384.46,0.0
,384.46,385.05,382.6,382.74,0.0
,382.74,383.51,380.88,383.48,0.0
,383.46,383.46,380.64,382.52,0.0
,382.52,388.24,382.52,387.04,0.0
,387.04,387.04,387.04,387.04,0.0
,387.04,387.04,387.04,387.04,0.0
,387.05,397.44,386.96,396.82,0.0
,396.82,401.79,396.82,399.33,0.0
,399.33,399.33,399.33,399.33,0.0
,399.33,404.92,399.31,404.84,0.0
,404.84,406.58,404.59,406.46,0.0
,406.46,406.46,406.46,406.46,0.0
,406.46,406.46,406.46,406.46,0.0
,406.46,415.14,406.46,415.14,0.0
,415.14,418.32,412.73,417.09,0.0
1992-01-01,417.09,417.09,417.09,417.09,0.0
1992-02-01,417.03,417.27,411.04,417.26,0.0
1992-03-01,417.27,419.79,416.16,419.34,0.0
1992-04-01,419.34,419.34,419.34,419.34,0.0
1992-05-01,419.34,419.34,419.34,419.34,0.0
1992-06-01,419.31,419.44,416.92,417.96,0.0
1992-07-01,417.96,417.96,415.2,417.4,0.0
1992-08-01,417.36,420.23,415.02,418.1,0.0
1992-09-01,418.09,420.5,415.85,417.61,0.0
1992-10-01,417.62,417.62,413.31,415.1,0.0
1992-11-01,415.1,415.1,415.1,415.1,0.0
1992-12-01,415.1,415.1,415.1,415.1,0.0
,415.05,415.36,413.54,414.34,0.0
,414.34,420.44,414.32,420.44,0.0
,420.45,421.18,418.79,420.77,0.0
,420.77,420.85,415.37,418.21,0.0
,418.2,419.45,416.0,418.86,0.0
,418.86,418.86,418.86,418.86,0.0
,418.86,418.86,418.86,418.86,0.0
,418.86,418.86,415.8,416.36,0.0
,416.36,416.39,411.32,412.64,0.0
,412.65,418.13,412.49,418.13,0.0
,418.13,419.78,414.36,414.96,0.0
,414.96,417.27,414.29,415.48,0.0
,415.48,415.48,415.48,415.48,0.0
,415.48,415.48,415.48,415.48,0.0
,415.44,416.84,414.48,414.99,0.0
,414.98,416.41,414.54,414.96,0.0
,414.96,417.83,409.17,410.34,0.0
,410.34,412.17,409.26,411.62,0.0
,411.65,412.63,408.64,408.78,0.0
1992-01-02,408.78,408.78,408.78,408.78,0.0
1992-02-02,408.78,408.78,408.78,408.78,0.0
1992-03-02,408.79,409.95,407.45,409.53,0.0
1992-04-02,409.6,413.85,409.28,413.85,0.0
1992-05-02,413.85,416.17,413.18,413.84,0.0
1992-06-02,413.87,414.55,411.93,413.82,0.0
1992-07-02,413.82,415.29,408.04,411.09,0.0
1992-08-02,411.09,411.09,411.09,411.09,0.0
1992-09-02,411.09,411.09,411.09,411.09,0.0
1992-10-02,411.07,413.77,411.07,413.77,0.0
1992-11-02,413.77,414.38,412.24,413.76,0.0
1992-12-02,413.76,418.08,413.36,417.13,0.0
,417.13,417.77,412.07,413.69,0.0
,413.69,413.84,411.2,412.48,0.0
,412.48,412.48,412.48,412.48,0.0
,412.48,412.48,412.48,412.48,0.0
,412.48,412.48,412.48,412.48,0.0
,412.48,413.27,406.34,407.38,0.0
,407.38,408.7,406.54,408.26,0.0
,408.26,413.9,408.26,413.9,0.0
,413.9,414.26,409.72,411.43,0.0
,411.43,411.43,411.43,411.43,0.0
,411.43,411.43,411.43,411.43,0.0
,411.46,412.94,410.34,412.27,0.0
,412.27,412.27,408.02,410.45,0.0
,410.48,415.35,410.48,415.35,0.0
,415.35,415.99,413.47,413.86,0.0
,413.86,416.07,411.8,412.7,0.0
,412.7,412.7,412.7,412.7,0.0
1992-01-03,412.7,412.7,412.7,412.7,0.0
1992-02-03,412.7,413.74,411.52,412.45,0.0
1992-03-03,412.45,413.78,411.88,412.85,0.0
1992-04-03,412.86,413.27,409.33,409.33,0.0
1992-05-03,409.33,409.33,405.42,406.51,0.0
1992-06-03,406.51,407.51,403.65,404.44,0.0
1992-07-03,404.44,404.44,404.44,404.44,0.0
1992-08-03,404.44,404.44,404.44,404.44,0.0
1992-09-03,404.45,405.64,404.25,405.21,0.0
1992-10-03,405.21,409.16,405.21,406.89,0.0
1992-11-03,406.88,407.02,402.64,404.03,0.0
1992-12-03,404.03,404.72,401.94,403.89,0.0
,404.03,405.15,403.92,404.8,0.0
,404.8,404.8,404.8,404.8,0.0
,404.8,404.8,404.8,404.8,0.0
,405.85,406.4,403.55,406.39,0.0
,406.39,409.72,406.39,409.58,0.0
,409.58,410.84,408.23,409.15,0.0
,409.15,410.57,409.12,409.8,0.0
,409.8,411.3,408.53,411.3,0.0
,411.3,411.3,411.3,411.3,0.0
,411.3,411.3,411.3,411.3,0.0
,411.29,411.29,408.87,409.91,0.0
,409.91,411.43,407.99,408.88,0.0
,408.88,409.87,407.52,407.52,0.0
,407.52,409.44,406.75,407.86,0.0
,407.86,407.86,402.87,403.5,0.0
,403.5,403.5,403.5,403.5,0.0
,403.5,403.5,403.5,403.5,0.0
,403.5,404.3,402.97,403.0,0.0
,403.0,405.21,402.22,403.69,0.0
1992-01-04,403.67,404.5,400.75,404.23,0.0
1992-02-04,404.17,404.63,399.28,400.5,0.0
1992-03-04,400.5,401.59,398.21,401.55,0.0
1992-04-04,401.55,401.55,401.55,401.55,0.0
1992-05-04,401.55,401.55,401.55,401.55,0.0
1992-06-04,401.54,405.93,401.52,405.59,0.0
1992-07-04,405.59,405.75,397.97,398.06,0.0
1992-08-04,398.05,398.05,392.41,394.5,0.0
1992-09-04,394.5,401.04,394.5,400.64,0.0
1992-10-04,400.64,405.12,400.59,404.29,0.0
1992-11-04,404.29,404.29,404.29,404.29,0.0
1992-12-04,404.29,404.29,404.29,404.29,0.0
,404.28,406.08,403.9,406.08,0.0
,406.08,413.86,406.08,412.39,0.0
,412.39,416.28,412.39,416.28,0.0
,416.28,416.28,413.4,416.04,0.0
,416.04,416.04,416.04,416.04,0.0
,416.04,416.04,416.04,416.04,0.0
,416.04,416.04,416.04,416.04,0.0
,416.05,416.05,407.93,410.18,0.0
,410.16,411.09,408.2,410.26,0.0
,410.26,411.3,409.23,409.81,0.0
,409.81,411.6,406.86,411.6,0.0
,411.6,412.48,408.74,409.02,0.0
,409.02,409.02,409.02,409.02,0.0
,409.02,409.02,409.02,409.02,0.0
,409.02,409.6,407.64,408.45,0.0
,408.45,409.69,406.33,409.11,0.0
,409.11,412.31,409.11,412.02,0.0
,412.02,414.95,412.02,414.95,0.0
1992-01-05,414.95,415.21,409.87,412.53,0.0
1992-02-05,412.53,412.53,412.53,412.53,0.0
1992-03-05,412.53,412.53,412.53,412.53,0.0
1992-04-05,412.54,417.84,412.54,416.91,0.0
1992-05-05,416.91,418.53,415.77,416.84,0.0
1992-06-05,416.84,416.84,416.79,416.79,0.0
1992-07-05,416.79,416.79,415.38,415.85,0.0
1992-08-05,415.87,416.85,414.41,416.05,0.0
1992-09-05,416.05,416.05,416.05,416.05,0.0
1992-10-05,416.05,416.05,416.05,416.05,0.0
1992-11-05,416.05,418.75,416.05,418.49,0.0
1992-12-05,418.49,418.68,414.69,416.29,0.0
,416.29,417.04,415.86,416.45,0.0
,416.45,416.52,411.82,413.14,0.0
,413.14,413.14,409.85,410.09,0.0
,410.09,410.09,410.09,410.09,0.0
,410.09,410.09,410.09,410.09,0.0
,410.13,413.34,410.13,412.81,0.0
,412.82,416.51,412.26,416.37,0.0
,416.37,416.83,415.37,415.39,0.0
,415.4,415.41,411.57,412.6,0.0
,412.6,414.82,412.6,414.02,0.0
,414.02,414.02,414.02,414.02,0.0
,414.02,414.02,414.02,414.02,0.0
,414.02,414.02,414.02,414.02,0.0
,414.02,414.02,410.23,411.41,0.0
,411.41,412.68,411.06,412.17,0.0
,412.17,416.77,411.81,416.74,0.0
,416.74,418.36,415.35,415.35,0.0
,415.35,415.35,415.35,415.35,0.0
,415.35,415.35,415.35,415.35,0.0
1992-01-06,415.35,417.3,412.44,417.3,0.0
1992-02-06,417.3,417.3,413.5,413.5,0.0
1992-03-06,413.5,416.54,413.04,414.59,0.0
1992-04-06,414.6,414.98,412.97,413.26,0.0
1992-05-06,413.26,413.85,410.97,413.48,0.0
1992-06-06,413.48,413.48,413.48,413.48,0.0
1992-07-06,413.48,413.48,413.48,413.48,0.0
1992-08-06,413.48,413.95,412.03,413.36,0.0
1992-09-06,413.4,413.56,409.3,410.06,0.0
1992-10-06,410.06,410.1,406.81,407.25,0.0
1992-11-06,407.25,409.05,406.11,409.05,0.0
1992-12-06,409.05,411.86,409.05,409.76,0.0
,409.76,409.76,409.76,409.76,0.0
,409.76,409.76,409.76,409.76,0.0
,409.76,411.68,408.13,410.29,0.0
,410.29,411.4,408.32,408.32,0.0
,408.32,408.33,401.98,402.26,0.0
,402.26,402.68,400.51,400.96,0.0
,400.96,404.23,400.96,403.67,0.0
,403.67,403.67,403.67,403.67,0.0
,403.67,403.67,403.67,403.67,0.0
,403.64,403.64,399.92,403.4,0.0
,403.4,405.41,403.4,404.04,0.0
,404.05,404.76,403.26,403.84,0.0
,403.83,405.53,402.01,403.12,0.0
,403.12,403.51,401.94,403.45,0.0
,403.45,403.45,403.45,403.45,0.0
,403.45,403.45,403.45,403.45,0.0
,403.47,408.96,403.47,408.94,0.0
,408.94,409.63,407.85,408.14,0.0
1992-01-07,408.14,412.88,408.14,412.88,0.0
1992-02-07,412.88,415.71,410.07,411.77,0.0
1992-03-07,411.77,411.77,411.77,411.77,0.0
1992-04-07,411.77,411.77,411.77,411.77,0.0
1992-05-07,411.77,411.77,411.77,411.77,0.0
1992-06-07,411.77,413.84,410.46,413.84,0.0
1992-07-07,413.83,415.33,408.58,409.16,0.0
1992-08-07,409.15,410.28,407.2,410.28,0.0
1992-09-07,410.28,414.69,410.26,414.23,0.0
1992-10-07,414.23,415.88,413.34,414.62,0.0
1992-11-07,414.62,414.62,414.62,414.62,0.0
1992-12-07,414.62,414.62,414.62,414.62,0.0
,414.62,415.86,413.93,414.87,0.0
,414.86,417.69,414.33,417.68,0.0
,417.68,417.81,416.29,417.1,0.0
,417.04,417.93,414.79,417.54,0.0
,417.54,417.54,412.96,415.62,0.0
,415.62,415.62,415.62,415.62,0.0
,415.62,415.62,415.62,415.62,0.0
,415.62,415.62,410.72,413.75,0.0
,413.75,414.92,413.1,413.76,0.0
,413.74,413.74,409.95,410.93,0.0
,410.93,412.08,409.81,412.08,0.0
,412.07,412.07,409.93,411.6,0.0
,411.6,411.6,411.6,411.6,0.0
,411.6,411.6,411.6,411.6,0.0
,411.6,412.67,411.27,411.54,0.0
,411.55,417.55,411.55,417.52,0.0
,417.52,423.02,417.52,422.23,0.0
,422.2,423.94,421.57,423.92,0.0
,423.92,424.8,422.46,424.21,0.0
1992-01-08,424.21,424.21,424.21,424.21,0.0
1992-02-08,424.21,424.21,424.21,424.21,0.0
1992-03-08,424.21,425.09,422.84,425.09,0.0
1992-04-08,424.38,425.14,423.19,424.36,0.0
1992-05-08,424.36,424.36,421.92,422.19,0.0
1992-06-08,422.19,422.36,420.26,420.59,0.0
1992-07-08,420.59,423.45,418.51,418.88,0.0
1992-08-08,418.88,418.88,418.88,418.88,0.0
1992-09-08,418.88,418.88,418.88,418.88,0.0
1992-10-08,418.87,419.42,417.04,419.42,0.0
1992-11-08,419.42,419.72,416.53,418.9,0.0
1992-12-08,418.89,419.75,416.43,417.78,0.0
,417.78,419.88,416.4,417.73,0.0
,417.74,420.4,417.74,419.91,0.0
,419.91,419.91,419.91,419.91,0.0
,419.91,419.91,419.91,419.91,0.0
,419.89,421.89,419.44,420.74,0.0
,420.74,421.4,419.78,421.34,0.0
,421.34,421.62,418.19,418.19,0.0
,418.19,418.85,416.93,418.26,0.0
,418.26,420.35,413.58,414.85,0.0
,414.85,414.85,414.85,414.85,0.0
,414.85,414.85,414.85,414.85,0.0
,414.8,414.8,410.07,410.72,0.0
,410.73,411.64,408.3,411.61,0.0
,411.65,413.61,410.53,413.51,0.0
,413.51,415.83,413.51,413.53,0.0
,413.54,414.95,413.38,414.84,0.0
,414.84,414.84,414.84,414.84,0.0
,414.84,414.84,414.84,414.84,0.0
,414.87,415.29,413.76,414.03,0.0
1992-01-09,414.03,416.07,413.35,416.07,0.0
1992-02-09,416.07,418.28,415.31,417.98,0.0
1992-03-09,417.98,420.31,417.49,417.98,0.0
1992-04-09,417.98,418.62,416.76,417.08,0.0
1992-05-09,417.08,417.08,417.08,417.08,0.0
1992-06-09,417.08,417.08,417.08,417.08,0.0
1992-07-09,417.08,417.08,417.08,417.08,0.0
1992-08-09,417.08,417.18,414.3,414.44,0.0
1992-09-09,414.44,416.44,414.44,416.36,0.0
1992-10-09,416.34,420.52,416.34,419.95,0.0
1992-11-09,419.95,420.58,419.13,419.58,0.0
1992-12-09,419.58,419.58,419.58,419.58,0.0
,419.58,419.58,419.58,419.58,0.0
,419.65,425.27,419.65,425.27,0.0
,425.22,425.22,419.54,419.77,0.0
,419.71,422.44,417.77,419.92,0.0
,419.92,421.43,419.62,419.93,0.0
,419.92,422.93,419.92,422.93,0.0
,422.93,422.93,422.93,422.93,0.0
,422.93,422.93,422.93,422.93,0.0
,422.9,422.9,421.18,422.14,0.0
,422.14,422.14,417.13,417.14,0.0
,417.14,417.88,416.0,417.44,0.0
,417.46,419.01,417.46,418.47,0.0
,418.47,418.63,412.71,414.35,0.0
,414.35,414.35,414.35,414.35,0.0
,414.35,414.35,414.35,414.35,0.0
,414.35,416.62,413.0,416.62,0.0
,416.62,417.38,415.34,416.8,0.0
,416.79,418.58,416.67,417.8,0.0
1992-01-10,417.8,418.67,415.46,416.29,0.0
1992-02-10,416.29,416.35,410.45,410.47,0.0
1992-03-10,410.47,410.47,410.47,410.47,0.0
1992-04-10,410.47,410.47,410.47,410.47,0.0
1992-05-10,410.47,410.47,396.8,407.57,0.0
1992-06-10,407.57,408.56,404.84,407.18,0.0
1992-07-10,407.17,408.6,403.91,404.25,0.0
1992-08-10,404.29,408.04,404.29,407.75,0.0
1992-09-10,407.75,407.75,402.42,402.66,0.0
1992-10-10,402.66,402.66,402.66,402.66,0.0
1992-11-10,402.66,402.66,402.66,402.66,0.0
1992-12-10,402.66,407.44,402.66,407.44,0.0
,407.44,410.64,406.83,409.3,0.0
,409.3,411.52,407.86,409.37,0.0
,409.34,411.03,407.92,409.6,0.0
,409.6,411.73,407.43,411.73,0.0
,411.73,411.73,411.73,411.73,0.0
,411.73,411.73,411.73,411.73,0.0
,411.73,414.98,410.66,414.98,0.0
,414.98,417.98,414.49,415.48,0.0
,415.53,416.15,414.54,415.67,0.0
,415.67,416.81,413.1,414.9,0.0
,414.9,416.23,413.68,414.1,0.0
,414.1,414.1,414.1,414.1,0.0
,414.1,414.1,414.1,414.1,0.0
,414.09,418.17,413.71,418.16,0.0
,418.18,419.2,416.97,418.49,0.0
,418.49,420.13,417.56,420.13,0.0
,420.15,421.16,419.83,420.86,0.0
,420.86,421.13,418.54,418.68,0.0
,418.68,418.68,418.68,418.68,0.0
1992-01-11,418.68,418.68,418.68,418.68,0.0
1992-02-11,418.66,422.75,418.12,422.75,0.0
1992-03-11,422.75,422.81,418.59,419.92,0.0
1992-04-11,419.92,421.07,416.61,417.11,0.0
1992-05-11,417.08,418.4,415.58,418.34,0.0
1992-06-11,418.35,418.35,417.01,417.58,0.0
1992-07-11,417.58,417.58,417.58,417.58,0.0
1992-08-11,417.58,417.58,417.58,417.58,0.0
1992-09-11,417.58,420.13,416.79,418.59,0.0
1992-10-11,418.59,419.71,417.98,418.62,0.0
1992-11-11,418.62,422.33,418.4,422.2,0.0
1992-12-11,422.2,423.1,421.7,422.87,0.0
,422.89,422.91,421.04,422.43,0.0
,422.43,422.43,422.43,422.43,0.0
,422.43,422.43,422.43,422.43,0.0
,422.44,422.44,420.35,420.68,0.0
,420.68,420.97,418.31,419.27,0.0
,419.27,423.49,419.24,422.85,0.0
,422.86,423.61,422.5,423.61,0.0
,423.61,426.98,423.61,426.65,0.0
,426.65,426.65,426.65,426.65,0.0
,426.65,426.65,426.65,426.65,0.0
,426.65,426.65,424.95,425.12,0.0
,425.14,429.31,424.83,427.59,0.0
,427.59,429.41,427.58,429.19,0.0
,429.19,429.19,429.19,429.19,0.0
,429.19,431.93,429.17,430.16,0.0
,430.16,430.16,430.16,430.16,0.0
,430.16,430.16,430.16,430.16,0.0
,430.19,431.53,429.36,431.35,0.0
1992-01-12,431.35,431.47,429.2,430.78,0.0
1992-02-12,430.78,430.87,428.61,429.89,0.0
1992-03-12,429.98,430.99,428.8,429.91,0.0
1992-04-12,429.93,432.89,429.74,432.06,0.0
1992-05-12,432.06,432.06,432.06,432.06,0.0
1992-06-12,432.06,432.06,432.06,432.06,0.0
1992-07-12,432.06,435.31,432.06,435.31,0.0
1992-08-12,435.31,436.99,434.68,436.99,0.0
1992-09-12,436.99,436.99,433.98,435.65,0.0
1992-10-12,435.66,435.66,432.65,434.64,0.0
1992-11-12,434.64,434.64,433.34,433.73,0.0
1992-12-12,433.73,433.73,433.73,433.73,0.0
,433.73,433.73,433.73,433.73,0.0
,433.73,435.26,432.83,432.84,0.0
,432.82,433.66,431.92,432.57,0.0
,432.58,434.22,430.88,431.52,0.0
,431.52,435.44,431.46,435.43,0.0
,435.46,441.29,435.46,441.28,0.0
,441.28,441.28,441.28,441.28,0.0
,441.28,441.28,441.28,441.28,0.0
,441.26,441.26,439.65,440.7,0.0
,440.7,441.64,438.25,440.31,0.0
,440.29,441.11,439.03,439.03,0.0
,439.03,439.81,439.03,439.77,0.0
,439.77,439.77,439.77,439.77,0.0
,439.77,439.77,439.77,439.77,0.0
,439.77,439.77,439.77,439.77,0.0
,439.77,439.77,437.26,439.15,0.0
,439.15,442.65,437.6,437.98,0.0
,437.98,439.37,437.12,438.82,0.0
,438.82,439.59,435.71,435.71,0.0
1993-01-01,435.71,435.71,435.71,435.71,0.0
1993-02-01,435.71,435.71,435.71,435.71,0.0
1993-03-01,435.71,435.71,435.71,435.71,0.0
1993-04-01,435.7,437.32,434.48,435.38,0.0
1993-05-01,435.38,435.4,433.55,434.34,0.0
1993-06-01,434.34,435.17,432.52,434.5,0.0
1993-07-01,434.52,435.46,429.76,430.73,0.0
1993-08-01,430.73,430.73,426.88,429.05,0.0
1993-09-01,429.05,429.05,429.05,429.05,0.0
1993-10-01,429.05,429.05,429.05,429.05,0.0
1993-11-01,429.04,431.04,429.01,430.95,0.0
1993-12-01,430.95,431.39,428.19,431.04,0.0
,431.03,433.44,429.99,433.03,0.0
,433.08,435.96,433.08,435.94,0.0
,435.87,439.49,435.84,437.15,0.0
,437.15,437.15,437.15,437.15,0.0
,437.15,437.15,437.15,437.15,0.0
,437.13,437.13,435.92,436.84,0.0
,436.84,437.7,434.59,435.13,0.0
,435.14,436.23,433.37,433.37,0.0
,433.37,435.75,432.48,435.49,0.0
,435.49,437.81,435.49,436.11,0.0
,436.11,436.11,436.11,436.11,0.0
,436.11,436.11,436.11,436.11,0.0
,436.11,440.53,436.11,440.01,0.0
,440.05,442.66,439.54,439.95,0.0
,439.95,440.04,436.82,438.1,0.0
,438.13,439.14,437.3,438.66,0.0
,438.67,438.93,436.91,438.78,0.0
,438.78,438.78,438.78,438.78,0.0
,438.78,438.78,438.78,438.78,0.0
1993-01-02,438.79,442.52,438.79,442.52,0.0
1993-02-02,442.52,442.87,440.76,442.56,0.0
1993-03-02,442.56,447.35,442.56,447.2,0.0
1993-04-02,447.2,449.86,447.2,449.56,0.0
1993-05-02,449.56,449.56,446.95,448.93,0.0
1993-06-02,448.93,448.93,448.93,448.93,0.0
1993-07-02,448.93,448.93,448.93,448.93,0.0
1993-08-02,448.94,450.04,447.7,447.85,0.0
1993-09-02,448.04,448.04,444.52,445.33,0.0
1993-10-02,445.33,446.37,444.24,446.23,0.0
1993-11-02,446.21,449.36,446.21,447.66,0.0
1993-12-02,447.66,447.7,444.58,444.58,0.0
,444.58,444.58,444.58,444.58,0.0
,444.58,444.58,444.58,444.58,0.0
,444.58,444.58,444.58,444.58,0.0
,444.53,444.53,433.47,433.91,0.0
,433.93,433.97,430.92,433.3,0.0
,433.3,437.79,428.25,431.9,0.0
,431.93,434.26,431.68,434.22,0.0
,434.22,434.22,434.22,434.22,0.0
,434.22,434.22,434.22,434.22,0.0
,434.21,436.49,433.53,435.24,0.0
,435.34,436.84,432.41,434.8,0.0
,434.76,440.87,434.68,440.87,0.0
,440.7,442.34,439.67,442.34,0.0
,442.34,443.77,440.98,443.38,0.0
,443.38,443.38,443.38,443.38,0.0
,443.38,443.38,443.38,443.38,0.0
1993-01-03,443.38,444.18,441.34,442.01,0.0
1993-02-03,442.0,447.91,441.07,447.9,0.0
1993-03-03,447.9,450.0,447.73,449.26,0.0
1993-04-03,449.26,449.52,446.72,447.34,0.0
1993-05-03,447.34,449.59,445.56,446.11,0.0
1993-06-03,446.11,446.11,446.11,446.11,0.0
1993-07-03,446.11,446.11,446.11,446.11,0.0
1993-08-03,446.12,454.71,446.12,454.71,0.0
1993-09-03,454.67,455.52,453.68,454.4,0.0
1993-10-03,454.4,456.34,452.7,456.34,0.0
1993-11-03,456.35,456.76,453.48,453.72,0.0
1993-12-03,453.7,453.7,447.04,449.83,0.0
,449.83,449.83,449.83,449.83,0.0
,449.83,449.83,449.83,449.83,0.0
,449.83,451.43,449.4,451.43,0.0
,451.43,452.36,451.01,451.37,0.0
,451.36,451.36,447.99,448.31,0.0
,448.36,452.39,448.36,451.88,0.0
,451.9,453.32,449.91,450.18,0.0
,450.18,450.18,450.18,450.18,0.0
,450.18,450.18,450.18,450.18,0.0
,450.17,450.17,446.08,448.88,0.0
,448.88,449.8,448.3,448.76,0.0
,448.71,450.9,446.1,448.07,0.0
,448.09,451.75,447.93,450.88,0.0
,450.91,452.09,447.69,447.78,0.0
,447.78,447.78,447.78,447.78,0.0
,447.78,447.78,447.78,447.78,0.0
,447.76,452.81,447.75,450.77,0.0
,450.79,452.06,449.63,451.97,0.0
,451.97,454.88,451.67,451.67,0.0
1993-01-04,451.67,452.63,449.6,450.3,0.0
1993-02-04,450.28,450.28,440.71,441.39,0.0
1993-03-04,441.39,441.39,441.39,441.39,0.0
1993-04-04,441.39,441.39,441.39,441.39,0.0
1993-05-04,441.42,442.43,440.53,442.29,0.0
1993-06-04,442.29,443.38,439.48,441.16,0.0
1993-07-04,441.16,442.73,440.5,442.73,0.0
1993-08-04,442.71,443.77,440.02,441.84,0.0
1993-09-04,441.84,441.84,441.84,441.84,0.0
1993-10-04,441.84,441.84,441.84,441.84,0.0
1993-11-04,441.84,441.84,441.84,441.84,0.0
1993-12-04,441.84,448.37,441.84,448.37,0.0
,448.41,450.4,447.66,449.22,0.0
,449.22,450.0,448.02,448.66,0.0
,448.6,449.11,446.39,448.4,0.0
,448.41,449.39,447.67,448.94,0.0
,448.94,448.94,448.94,448.94,0.0
,448.94,448.94,448.94,448.94,0.0
,448.94,449.14,445.85,447.46,0.0
,447.46,447.46,441.81,445.1,0.0
,445.09,445.77,443.08,443.63,0.0
,443.55,445.73,439.46,439.46,0.0
,439.49,439.49,436.82,437.03,0.0
,437.03,437.03,437.03,437.03,0.0
,437.03,437.03,437.03,437.03,0.0
,437.03,438.35,432.3,433.54,0.0
,433.52,438.02,433.14,438.01,0.0
,438.01,438.8,436.68,438.02,0.0
,438.02,438.96,435.59,438.89,0.0
,438.89,442.29,438.89,440.19,0.0
1993-01-05,440.19,440.19,440.19,440.19,0.0
1993-02-05,440.19,440.19,440.19,440.19,0.0
1993-03-05,440.19,442.59,438.25,442.46,0.0
1993-04-05,442.58,445.19,442.45,444.05,0.0
1993-05-05,443.98,446.09,443.76,444.52,0.0
1993-06-05,444.6,444.81,442.9,443.26,0.0
1993-07-05,443.28,443.7,441.69,442.31,0.0
1993-08-05,442.31,442.31,442.31,442.31,0.0
1993-09-05,442.31,442.31,442.31,442.31,0.0
1993-10-05,442.34,445.42,442.05,442.8,0.0
1993-11-05,442.8,444.57,441.52,444.36,0.0
1993-12-05,444.32,445.16,442.87,444.8,0.0
,444.75,444.75,439.23,439.23,0.0
,439.22,439.82,438.1,439.56,0.0
,439.56,439.56,439.56,439.56,0.0
,439.56,439.56,439.56,439.56,0.0
,439.56,440.38,437.83,440.37,0.0
,440.39,441.26,437.95,440.32,0.0
,440.32,447.86,436.86,447.57,0.0
,447.6,450.59,447.36,450.59,0.0
,450.59,450.59,444.89,445.84,0.0
,445.84,445.84,445.84,445.84,0.0
,445.84,445.84,445.84,445.84,0.0
,445.84,448.44,445.26,448.0,0.0
,448.0,449.04,447.7,448.85,0.0
,448.85,453.51,448.82,453.44,0.0
,453.44,454.55,451.14,452.41,0.0
,452.41,452.41,447.67,450.19,0.0
,450.19,450.19,450.19,450.19,0.0
,450.19,450.19,450.19,450.19,0.0
,450.19,450.19,450.19,450.19,0.0
1993-01-06,450.23,455.63,450.23,453.83,0.0
1993-02-06,453.83,454.53,452.68,453.85,0.0
1993-03-06,453.84,453.85,451.12,452.49,0.0
1993-04-06,452.43,452.43,448.92,450.06,0.0
1993-05-06,450.06,450.06,450.06,450.06,0.0
1993-06-06,450.06,450.06,450.06,450.06,0.0
1993-07-06,450.07,450.75,447.32,447.69,0.0
1993-08-06,447.65,447.65,444.31,444.71,0.0
1993-09-06,444.71,447.39,444.66,445.78,0.0
1993-10-06,445.78,446.22,444.09,445.38,0.0
1993-11-06,445.38,448.19,445.38,447.26,0.0
1993-12-06,447.26,447.26,447.26,447.26,0.0
,447.26,447.26,447.26,447.26,0.0
,447.26,448.64,447.23,447.71,0.0
,447.73,448.28,446.18,446.27,0.0
,446.27,447.43,443.61,447.43,0.0
,447.43,448.98,446.91,448.54,0.0
,448.54,448.59,443.68,443.68,0.0
,443.68,443.68,443.68,443.68,0.0
,443.68,443.68,443.68,443.68,0.0
,443.68,446.22,443.68,446.22,0.0
,446.25,446.29,444.94,445.93,0.0
,445.96,445.96,443.19,443.19,0.0
,443.04,447.21,442.5,446.62,0.0
,446.62,448.64,446.62,447.6,0.0
,447.6,447.6,447.6,447.6,0.0
,447.6,447.6,447.6,447.6,0.0
,447.6,451.9,447.6,451.85,0.0
,451.89,451.9,449.67,450.68,0.0
,450.69,451.47,450.15,450.53,0.0
1993-01-07,450.54,451.15,448.71,449.02,0.0
1993-02-07,449.02,449.02,445.2,445.84,0.0
1993-03-07,445.84,445.84,445.84,445.84,0.0
1993-04-07,445.84,445.84,445.84,445.84,0.0
1993-05-07,445.84,445.84,445.84,445.84,0.0
1993-06-07,445.86,446.87,441.42,441.43,0.0
1993-07-07,441.4,443.63,441.4,442.83,0.0
1993-08-07,442.84,448.64,442.84,448.64,0.0
1993-09-07,448.64,448.94,446.74,448.13,0.0
1993-10-07,448.13,448.13,448.13,448.13,0.0
1993-11-07,448.13,448.13,448.13,448.13,0.0
1993-12-07,448.18,449.11,447.71,448.98,0.0
,449.0,450.7,448.07,448.09,0.0
,448.08,451.12,448.08,450.08,0.0
,450.09,450.12,447.26,449.22,0.0
,449.07,449.08,445.66,445.75,0.0
,445.75,445.75,445.75,445.75,0.0
,445.75,445.75,445.75,445.75,0.0
,445.75,446.78,444.83,446.03,0.0
,446.03,447.63,443.71,447.31,0.0
,447.28,447.5,445.84,447.18,0.0
,447.18,447.23,443.72,444.51,0.0
,444.54,447.1,444.54,447.1,0.0
,447.1,447.1,447.1,447.1,0.0
,447.1,447.1,447.1,447.1,0.0
,447.06,449.5,447.04,449.09,0.0
,449.0,449.44,446.76,448.24,0.0
,448.25,448.61,446.59,447.19,0.0
,447.19,450.77,447.19,450.24,0.0
,450.19,450.22,446.98,448.13,0.0
,448.13,448.13,448.13,448.13,0.0
1993-01-08,448.13,448.13,448.13,448.13,0.0
1993-02-08,448.13,450.15,448.03,450.15,0.0
1993-03-08,450.15,450.43,447.59,449.27,0.0
1993-04-08,449.27,449.72,447.93,448.54,0.0
1993-05-08,448.55,449.61,446.94,448.13,0.0
1993-06-08,448.13,449.26,447.87,448.68,0.0
1993-07-08,448.68,448.68,448.68,448.68,0.0
1993-08-08,448.68,448.68,448.68,448.68,0.0
1993-09-08,448.68,451.51,448.31,450.72,0.0
1993-10-08,450.71,450.71,449.1,449.45,0.0
1993-11-08,449.6,451.0,449.6,450.46,0.0
1993-12-08,450.47,451.63,447.53,448.96,0.0
,448.97,450.25,448.97,450.14,0.0
,450.14,450.14,450.14,450.14,0.0
,450.14,450.14,450.14,450.14,0.0
,450.25,453.41,450.25,452.38,0.0
,452.38,453.7,451.96,453.13,0.0
,453.21,456.99,453.21,456.04,0.0
,456.01,456.76,455.2,456.43,0.0
,456.51,456.68,454.6,456.16,0.0
,456.16,456.16,456.16,456.16,0.0
,456.16,456.16,456.16,456.16,0.0
,456.12,456.12,454.29,455.23,0.0
,455.23,459.77,455.04,459.77,0.0
,459.75,462.04,459.3,460.13,0.0
,460.04,462.87,458.82,461.04,0.0
,461.05,461.05,459.19,460.54,0.0
,460.54,460.54,460.54,460.54,0.0
,460.54,460.54,460.54,460.54,0.0
,460.54,462.58,460.28,461.9,0.0
,461.9,463.56,461.29,463.56,0.0
1993-01-09,463.55,463.8,461.77,463.15,0.0
1993-02-09,463.13,463.54,461.07,461.3,0.0
1993-03-09,461.3,462.05,459.91,461.34,0.0
1993-04-09,461.34,461.34,461.34,461.34,0.0
1993-05-09,461.34,461.34,461.34,461.34,0.0
1993-06-09,461.34,461.34,461.34,461.34,0.0
1993-07-09,461.34,462.07,457.95,458.52,0.0
1993-08-09,458.52,458.53,453.75,456.65,0.0
1993-09-09,456.65,458.11,455.17,457.5,0.0
1993-10-09,457.49,461.86,457.49,461.72,0.0
1993-11-09,461.72,461.72,461.72,461.72,0.0
1993-12-09,461.72,461.72,461.72,461.72,0.0
,461.7,463.38,461.41,462.06,0.0
,461.93,461.93,458.15,459.9,0.0
,459.9,461.96,456.31,461.6,0.0
,461.54,461.54,459.0,459.43,0.0
,459.43,459.43,457.09,458.83,0.0
,458.83,458.83,458.83,458.83,0.0
,458.83,458.83,458.83,458.83,0.0
,458.84,459.91,455.0,455.05,0.0
,455.05,455.8,453.93,453.93,0.0
,452.94,456.92,452.94,456.2,0.0
,456.25,458.69,456.25,457.74,0.0
,457.74,458.56,456.92,457.63,0.0
,457.63,457.63,457.63,457.63,0.0
,457.63,457.63,457.63,457.63,0.0
,457.63,461.81,457.63,461.8,0.0
,461.84,462.08,460.91,461.53,0.0
,461.6,462.17,459.51,460.11,0.0
,460.11,460.56,458.28,458.93,0.0
1993-01-10,458.93,461.48,458.35,461.28,0.0
1993-02-10,461.28,461.28,461.28,461.28,0.0
1993-03-10,461.28,461.28,461.28,461.28,0.0
1993-04-10,461.28,461.8,460.02,461.34,0.0
1993-05-10,461.34,463.15,459.45,461.2,0.0
1993-06-10,461.24,462.6,460.26,460.74,0.0
1993-07-10,460.71,461.13,459.08,459.18,0.0
1993-08-10,459.18,460.99,456.4,460.31,0.0
1993-09-10,460.31,460.31,460.31,460.31,0.0
1993-10-10,460.31,460.31,460.31,460.31,0.0
1993-11-10,461.08,461.85,460.52,460.88,0.0
1993-12-10,461.04,462.47,460.73,461.12,0.0
,461.12,461.98,460.76,461.49,0.0
,461.55,466.83,461.55,466.83,0.0
,466.83,471.1,466.83,469.5,0.0
,469.5,469.5,469.5,469.5,0.0
,469.5,469.5,469.5,469.5,0.0
,469.5,470.04,468.02,468.42,0.0
,468.41,468.64,464.8,466.22,0.0
,466.21,466.87,464.54,466.07,0.0
,466.06,466.64,464.38,465.36,0.0
,465.36,467.82,463.27,463.27,0.0
,463.27,463.27,463.27,463.27,0.0
,463.27,463.27,463.27,463.27,0.0
,463.27,464.49,462.05,464.2,0.0
,464.2,464.32,462.65,464.3,0.0
,464.3,464.61,463.36,464.61,0.0
,464.52,468.76,464.52,467.73,0.0
,467.72,468.2,467.37,467.83,0.0
,467.83,467.83,467.83,467.83,0.0
,467.83,467.83,467.83,467.83,0.0
1993-01-11,467.83,469.11,467.33,469.1,0.0
1993-02-11,469.1,469.1,466.2,468.44,0.0
1993-03-11,468.44,468.61,460.95,463.02,0.0
1993-04-11,463.03,463.16,457.26,457.49,0.0
1993-05-11,457.49,459.63,454.36,459.57,0.0
1993-06-11,459.57,459.57,459.57,459.57,0.0
1993-07-11,459.57,459.57,459.57,459.57,0.0
1993-08-11,459.57,461.54,458.78,460.21,0.0
1993-09-11,460.21,463.42,460.21,460.33,0.0
1993-10-11,460.4,463.69,459.57,463.69,0.0
1993-11-11,463.72,464.96,462.49,462.64,0.0
1993-12-11,462.64,465.84,462.64,465.39,0.0
,465.39,465.39,465.39,465.39,0.0
,465.39,465.39,465.39,465.39,0.0
,465.39,466.13,463.01,463.75,0.0
,463.75,466.74,462.98,466.74,0.0
,466.74,467.24,462.73,464.81,0.0
,464.83,464.88,461.73,463.62,0.0
,463.59,463.6,460.03,462.6,0.0
,462.6,462.6,462.6,462.6,0.0
,462.6,462.6,462.6,462.6,0.0
,462.6,462.6,457.08,459.13,0.0
,459.13,461.77,458.47,461.03,0.0
,461.03,462.9,461.03,462.36,0.0
,462.36,462.36,462.36,462.36,0.0
,462.36,463.63,462.36,463.06,0.0
,463.06,463.06,463.06,463.06,0.0
,463.06,463.06,463.06,463.06,0.0
,463.06,464.83,461.83,461.9,0.0
,461.9,463.62,460.45,461.79,0.0
1993-01-12,461.93,464.47,461.63,461.89,0.0
1993-02-12,461.89,463.22,461.45,463.11,0.0
1993-03-12,463.13,464.89,462.67,464.89,0.0
1993-04-12,464.89,464.89,464.89,464.89,0.0
1993-05-12,464.89,464.89,464.89,464.89,0.0
1993-06-12,464.89,466.89,464.4,466.43,0.0
1993-07-12,466.43,466.77,465.44,466.76,0.0
1993-08-12,466.76,466.76,465.42,466.29,0.0
1993-09-12,466.29,466.54,463.87,464.18,0.0
1993-10-12,464.18,464.87,462.66,463.93,0.0
1993-11-12,463.93,463.93,463.93,463.93,0.0
1993-12-12,463.93,463.93,463.93,463.93,0.0
,463.93,465.71,462.71,465.7,0.0
,465.73,465.73,462.46,463.41,0.0
,463.07,463.69,461.84,461.84,0.0
,461.86,463.98,461.86,463.34,0.0
,463.34,466.38,463.34,466.38,0.0
,466.38,466.38,466.38,466.38,0.0
,466.38,466.38,466.38,466.38,0.0
,466.38,466.9,465.53,465.85,0.0
,465.84,465.92,464.03,465.3,0.0
,465.08,467.38,465.08,467.32,0.0
,467.3,468.97,467.3,467.38,0.0
,467.38,467.38,467.38,467.38,0.0
,467.38,467.38,467.38,467.38,0.0
,467.38,467.38,467.38,467.38,0.0
,467.4,470.55,467.35,470.54,0.0
,470.61,471.05,469.43,470.94,0.0
,470.88,471.29,469.87,470.58,0.0
,470.58,470.58,468.09,468.64,0.0
,468.64,468.64,468.64,468.64,0.0
1994-01-01,468.64,468.64,468.64,468.64,0.0
1994-02-01,468.64,468.64,468.64,468.64,0.0
1994-03-01,466.51,466.94,464.36,465.44,0.0
1994-04-01,465.44,466.89,464.44,466.89,0.0
1994-05-01,466.89,467.82,465.92,467.55,0.0
1994-06-01,467.55,469.0,467.02,467.12,0.0
1994-07-01,467.09,470.26,467.03,469.9,0.0
1994-08-01,469.9,469.9,469.9,469.9,0.0
1994-09-01,469.9,469.9,469.9,469.9,0.0
1994-10-01,469.9,475.27,469.55,475.27,0.0
1994-11-01,475.27,475.28,473.27,474.13,0.0
1994-12-01,474.13,475.06,472.14,474.17,0.0
,474.17,474.17,471.8,472.47,0.0
,472.5,475.32,472.5,474.91,0.0
,474.91,474.91,474.91,474.91,0.0
,474.91,474.91,474.91,474.91,0.0
,474.91,474.91,472.84,473.3,0.0
,473.3,475.19,473.29,474.25,0.0
,474.25,474.7,472.21,474.3,0.0
,474.3,475.0,473.42,474.98,0.0
,474.98,475.56,473.72,474.72,0.0
,474.72,474.72,474.72,474.72,0.0
,474.72,474.72,474.72,474.72,0.0
,474.72,475.2,471.49,471.97,0.0
,471.97,472.56,470.27,470.92,0.0
,470.92,473.44,470.72,473.2,0.0
,473.2,477.52,473.2,477.05,0.0
,477.05,479.75,477.05,478.7,0.0
,478.7,478.7,478.7,478.7,0.0
,478.7,478.7,478.7,478.7,0.0
,478.7,482.85,478.7,481.61,0.0
1994-01-02,481.6,481.64,479.18,479.62,0.0
1994-02-02,479.62,482.23,479.57,482.0,0.0
1994-03-02,481.96,481.96,478.71,480.71,0.0
1994-04-02,480.68,481.02,469.28,469.81,0.0
1994-05-02,469.81,469.81,469.81,469.81,0.0
1994-06-02,469.81,469.81,469.81,469.81,0.0
1994-07-02,469.81,472.09,467.57,471.76,0.0
1994-08-02,471.76,472.33,469.5,471.05,0.0
1994-09-02,471.05,473.41,471.05,472.77,0.0
1994-10-02,472.81,473.13,468.91,468.93,0.0
1994-11-02,468.93,471.13,466.89,470.18,0.0
1994-12-02,470.18,470.18,470.18,470.18,0.0
,470.18,470.18,470.18,470.18,0.0
,470.18,471.99,469.05,470.23,0.0
,470.23,473.41,470.23,472.52,0.0
,472.53,474.16,471.94,472.79,0.0
,472.79,475.12,468.44,470.34,0.0
,470.29,471.09,466.07,467.69,0.0
,467.69,467.69,467.69,467.69,0.0
,467.69,467.69,467.69,467.69,0.0
,467.69,467.69,467.69,467.69,0.0
,467.69,471.65,467.58,471.46,0.0
,471.48,472.41,469.47,470.69,0.0
,470.65,470.65,464.26,464.26,0.0
,464.33,466.48,464.33,466.07,0.0
,466.07,466.07,466.07,466.07,0.0
,466.07,466.07,466.07,466.07,0.0
,466.07,469.16,466.07,467.14,0.0
1994-01-03,467.19,467.43,462.02,464.44,0.0
1994-02-03,464.4,464.87,457.49,464.81,0.0
1994-03-03,464.81,464.83,462.5,463.01,0.0
1994-04-03,463.03,466.16,462.41,464.74,0.0
1994-05-03,464.74,464.74,464.74,464.74,0.0
1994-06-03,464.74,464.74,464.74,464.74,0.0
1994-07-03,464.74,468.07,464.74,466.91,0.0
1994-08-03,466.92,467.79,465.02,465.88,0.0
1994-09-03,465.94,467.42,463.4,467.06,0.0
1994-10-03,467.08,467.29,462.46,463.9,0.0
1994-11-03,463.86,466.61,462.54,466.44,0.0
1994-12-03,466.44,466.44,466.44,466.44,0.0
,466.44,466.44,466.44,466.44,0.0
,466.44,467.6,466.08,467.39,0.0
,467.39,468.99,466.04,467.01,0.0
,467.04,469.85,465.48,469.42,0.0
,469.42,471.05,468.62,470.9,0.0
,470.89,471.09,467.83,471.06,0.0
,471.06,471.06,471.06,471.06,0.0
,471.06,471.06,471.06,471.06,0.0
,471.06,471.06,467.23,468.54,0.0
,468.4,470.47,467.88,468.8,0.0
,468.89,470.38,468.52,468.54,0.0
,468.57,468.57,462.41,464.35,0.0
,464.35,465.29,460.58,460.58,0.0
,460.58,460.58,460.58,460.58,0.0
,460.58,460.58,460.58,460.58,0.0
,460.58,461.12,456.1,460.0,0.0
,460.0,460.32,452.43,452.48,0.0
,452.48,452.49,445.55,445.55,0.0
,445.55,447.16,436.16,445.76,0.0
1994-01-04,445.76,445.76,445.76,445.76,0.0
1994-02-04,445.76,445.76,445.76,445.76,0.0
1994-03-04,445.76,445.76,445.76,445.76,0.0
1994-04-04,445.66,445.66,435.86,438.92,0.0
1994-05-04,439.14,448.29,439.14,448.29,0.0
1994-06-04,448.29,449.63,444.98,448.05,0.0
1994-07-04,448.11,451.1,446.38,450.88,0.0
1994-08-04,450.89,450.89,445.51,447.1,0.0
1994-09-04,447.1,447.1,447.1,447.1,0.0
1994-10-04,447.1,447.1,447.1,447.1,0.0
1994-11-04,447.12,450.34,447.1,449.87,0.0
1994-12-04,449.83,450.8,447.33,447.57,0.0
,447.63,448.57,442.62,446.26,0.0
,446.26,447.55,443.57,446.38,0.0
,446.38,447.85,445.81,446.18,0.0
,446.18,446.18,446.18,446.18,0.0
,446.18,446.18,446.18,446.18,0.0
,446.27,447.87,441.48,442.46,0.0
,442.54,444.82,438.83,442.54,0.0
,442.54,445.01,439.4,441.96,0.0
,441.96,449.14,441.96,448.73,0.0
,448.73,449.96,447.16,447.63,0.0
,447.63,447.63,447.63,447.63,0.0
,447.63,447.63,447.63,447.63,0.0
,447.64,452.71,447.58,452.71,0.0
,452.71,452.79,450.66,451.87,0.0
,452.71,452.79,450.66,451.87,0.0
,451.84,452.23,447.97,449.1,0.0
,449.07,451.35,447.91,450.91,0.0
,450.91,450.91,450.91,450.91,0.0
1994-01-05,450.91,450.91,450.91,450.91,0.0
1994-02-05,450.91,453.57,449.05,453.02,0.0
1994-03-05,453.06,453.98,450.51,453.03,0.0
1994-04-05,453.04,453.11,449.87,451.72,0.0
1994-05-05,451.76,452.82,450.72,451.08,0.0
1994-06-05,451.37,451.37,445.64,447.82,0.0
1994-07-05,447.82,447.82,447.82,447.82,0.0
1994-08-05,447.82,447.82,447.82,447.82,0.0
1994-09-05,447.82,447.82,441.84,442.32,0.0
1994-10-05,442.37,446.84,442.37,446.01,0.0
1994-11-05,446.03,446.03,440.78,441.49,0.0
1994-12-05,441.5,444.8,441.5,443.75,0.0
,443.62,444.72,441.21,444.14,0.0
,444.14,444.14,444.14,444.14,0.0
,444.14,444.14,444.14,444.14,0.0
,444.15,445.82,443.62,444.49,0.0
,444.49,449.37,443.7,449.37,0.0
,449.39,454.45,448.87,453.69,0.0
,453.69,456.88,453.0,456.48,0.0
,456.48,456.48,454.22,454.92,0.0
,454.92,454.92,454.92,454.92,0.0
,454.92,454.92,454.92,454.92,0.0
,454.92,454.92,451.79,453.2,0.0
,453.21,456.77,453.21,454.81,0.0
,454.84,456.34,452.2,456.34,0.0
,456.33,457.77,455.79,457.06,0.0
,457.03,457.33,454.67,457.33,0.0
,457.33,457.33,457.33,457.33,0.0
,457.33,457.33,457.33,457.33,0.0
,457.33,457.33,457.33,457.33,0.0
,457.32,457.61,455.16,456.51,0.0
1994-01-06,456.5,458.29,453.99,457.63,0.0
1994-02-06,457.62,458.5,457.26,457.65,0.0
1994-03-06,457.65,460.86,456.27,460.13,0.0
1994-04-06,460.13,460.13,460.13,460.13,0.0
1994-05-06,460.13,460.13,460.13,460.13,0.0
1994-06-06,460.13,461.87,458.85,458.88,0.0
1994-07-06,458.88,459.46,457.65,458.21,0.0
1994-08-06,458.21,459.74,455.43,457.06,0.0
1994-09-06,457.06,457.87,455.86,457.86,0.0
1994-10-06,457.86,459.48,457.36,458.67,0.0
1994-11-06,458.67,458.67,458.67,458.67,0.0
1994-12-06,458.67,458.67,458.67,458.67,0.0
,458.67,459.36,457.18,459.1,0.0
,459.1,462.52,459.1,462.37,0.0
,462.38,463.23,459.95,460.61,0.0
,460.61,461.93,459.8,461.93,0.0
,461.93,462.14,458.44,458.45,0.0
,458.45,458.45,458.45,458.45,0.0
,458.45,458.45,458.45,458.45,0.0
,458.45,458.45,454.46,455.48,0.0
,455.48,455.48,449.45,451.34,0.0
,451.4,453.91,451.4,453.09,0.0
,453.09,454.16,449.43,449.63,0.0
,449.63,449.63,442.51,442.8,0.0
,442.8,442.8,442.8,442.8,0.0
,442.8,442.8,442.8,442.8,0.0
,442.78,447.76,439.83,447.31,0.0
,447.36,448.47,443.08,446.07,0.0
,446.05,449.83,446.04,447.63,0.0
,447.63,448.61,443.66,444.27,0.0
1994-01-07,444.27,446.45,443.58,446.2,0.0
1994-02-07,446.2,446.2,446.2,446.2,0.0
1994-03-07,446.2,446.2,446.2,446.2,0.0
1994-04-07,446.2,446.2,446.2,446.2,0.0
1994-05-07,446.2,447.62,445.14,446.37,0.0
1994-06-07,446.29,447.28,444.18,446.13,0.0
1994-07-07,446.15,448.64,446.15,448.38,0.0
1994-08-07,448.38,449.75,446.53,449.55,0.0
1994-09-07,449.55,449.55,449.55,449.55,0.0
1994-10-07,449.55,449.55,449.55,449.55,0.0
1994-11-07,449.56,450.23,445.27,448.06,0.0
1994-12-07,448.02,448.16,444.65,447.95,0.0
,448.03,450.06,447.97,448.73,0.0
,448.73,454.3,448.73,453.41,0.0
,453.41,454.33,452.8,454.16,0.0
,454.16,454.16,454.16,454.16,0.0
,454.16,454.16,454.16,454.16,0.0
,454.41,455.71,453.26,455.22,0.0
,455.22,455.3,453.86,453.86,0.0
,453.89,454.16,450.69,451.6,0.0
,451.6,453.22,451.0,452.61,0.0
,452.61,454.03,452.33,453.11,0.0
,453.11,453.11,453.11,453.11,0.0
,453.11,453.11,453.11,453.11,0.0
,453.1,454.32,452.76,454.25,0.0
,454.25,454.25,452.78,453.36,0.0
,453.36,453.38,451.36,452.57,0.0
,452.57,454.93,452.3,454.24,0.0
,454.25,459.33,454.25,458.26,0.0
,458.26,458.26,458.26,458.26,0.0
,458.26,458.26,458.26,458.26,0.0
1994-01-08,458.28,461.01,458.08,461.01,0.0
1994-02-08,461.01,462.77,459.7,460.56,0.0
1994-03-08,460.65,461.46,459.51,461.46,0.0
1994-04-08,461.45,461.49,458.4,458.4,0.0
1994-05-08,458.34,458.34,456.08,457.09,0.0
1994-06-08,457.09,457.09,457.09,457.09,0.0
1994-07-08,457.09,457.09,457.09,457.09,0.0
1994-08-08,457.08,458.3,457.01,457.89,0.0
1994-09-08,457.89,458.16,456.66,457.92,0.0
1994-10-08,457.98,460.48,457.98,460.3,0.0
1994-11-08,460.31,461.41,456.88,458.88,0.0
1994-12-08,458.88,462.27,458.88,461.95,0.0
,461.95,461.95,461.95,461.95,0.0
,461.95,461.95,461.95,461.95,0.0
,461.97,463.34,461.21,461.23,0.0
,461.22,465.2,459.89,465.01,0.0
,465.11,465.91,464.57,465.17,0.0
,465.1,465.1,462.3,463.17,0.0
,463.41,464.37,461.81,463.68,0.0
,463.68,463.68,463.68,463.68,0.0
,463.68,463.68,463.68,463.68,0.0
,463.61,463.61,461.46,462.31,0.0
,462.49,466.58,462.49,464.51,0.0
,464.51,469.05,464.51,469.03,0.0
,469.07,470.12,467.64,468.08,0.0
,468.08,474.65,468.08,473.8,0.0
,473.8,473.8,473.8,473.8,0.0
,473.8,473.8,473.8,473.8,0.0
,473.89,477.14,473.89,474.59,0.0
,474.59,476.61,473.56,476.09,0.0
,476.07,477.59,474.43,475.5,0.0
1994-01-09,475.49,475.49,471.74,473.17,0.0
1994-02-09,473.2,474.89,470.67,470.99,0.0
1994-03-09,470.99,470.99,470.99,470.99,0.0
1994-04-09,470.99,470.99,470.99,470.99,0.0
1994-05-09,470.99,470.99,470.99,470.99,0.0
1994-06-09,471.0,471.92,469.64,471.86,0.0
1994-07-09,471.86,472.41,470.2,470.99,0.0
1994-08-09,470.96,473.4,470.86,473.14,0.0
1994-09-09,473.13,473.13,466.55,468.18,0.0
1994-10-09,468.18,468.18,468.18,468.18,0.0
1994-11-09,468.18,468.18,468.18,468.18,0.0
1994-12-09,468.18,468.42,466.15,466.21,0.0
,466.27,468.76,466.27,467.52,0.0
,467.55,468.86,466.82,468.8,0.0
,468.8,474.81,468.79,474.81,0.0
,474.81,474.81,470.06,471.19,0.0
,471.19,471.19,471.19,471.19,0.0
,471.19,471.19,471.19,471.19,0.0
,471.21,473.15,470.68,470.85,0.0
,470.83,470.83,463.36,463.36,0.0
,463.42,464.01,458.47,461.46,0.0
,461.45,463.22,460.96,461.27,0.0
,461.27,462.14,459.01,459.67,0.0
,459.67,459.67,459.67,459.67,0.0
,459.67,459.67,459.67,459.67,0.0
,459.65,460.87,459.31,460.82,0.0
,460.82,462.75,459.83,462.05,0.0
,462.1,465.55,462.1,464.81,0.0
,464.84,464.84,461.51,462.23,0.0
,462.27,465.3,461.91,462.71,0.0
1994-01-10,462.71,462.71,462.71,462.71,0.0
1994-02-10,462.71,462.71,462.71,462.71,0.0
1994-03-10,462.69,463.31,460.33,461.74,0.0
1994-04-10,461.77,462.46,454.03,454.59,0.0
1994-05-10,454.44,454.44,449.27,453.52,0.0
1994-06-10,453.52,454.49,452.13,452.36,0.0
1994-07-10,452.37,455.67,452.13,455.1,0.0
1994-08-10,455.1,455.1,455.1,455.1,0.0
1994-09-10,455.1,455.1,455.1,455.1,0.0
1994-10-10,455.12,459.29,455.12,459.04,0.0
1994-11-10,459.04,466.34,459.04,465.79,0.0
1994-12-10,465.78,466.7,464.79,465.47,0.0
,465.56,471.3,465.56,467.79,0.0
,467.78,469.53,466.11,469.1,0.0
,469.1,469.1,469.1,469.1,0.0
,469.1,469.1,469.1,469.1,0.0
,469.11,469.88,468.16,468.96,0.0
,469.02,469.17,466.56,467.66,0.0
,467.69,471.19,465.96,470.28,0.0
,470.37,470.37,465.41,466.85,0.0
,466.69,466.69,463.83,464.89,0.0
,464.89,464.89,464.89,464.89,0.0
,464.89,464.89,464.89,464.89,0.0
,464.89,466.37,460.83,460.83,0.0
,460.83,461.93,458.26,461.52,0.0
,461.55,463.77,461.25,462.61,0.0
,462.83,465.85,462.83,465.85,0.0
,465.85,473.77,465.8,473.77,0.0
,473.77,473.77,473.77,473.77,0.0
,473.77,473.77,473.77,473.77,0.0
,473.76,474.7,472.33,472.35,0.0
1994-01-11,472.15,472.15,467.68,468.42,0.0
1994-02-11,468.41,470.91,466.36,466.51,0.0
1994-03-11,466.5,468.64,466.4,467.91,0.0
1994-04-11,467.96,469.28,462.28,462.28,0.0
1994-05-11,462.28,462.28,462.28,462.28,0.0
1994-06-11,462.28,462.28,462.28,462.28,0.0
1994-07-11,462.31,463.56,461.25,463.06,0.0
1994-08-11,463.08,467.54,463.07,465.65,0.0
1994-09-11,465.65,469.95,463.46,465.4,0.0
1994-10-11,465.33,467.79,463.73,464.35,0.0
1994-11-11,464.17,464.17,461.45,462.35,0.0
1994-12-11,462.35,462.35,462.35,462.35,0.0
,462.35,462.35,462.35,462.35,0.0
,464.8,466.29,464.56,466.04,0.0
,466.04,468.51,463.11,465.03,0.0
,465.03,465.03,465.03,465.03,0.0
,465.71,465.83,461.47,463.57,0.0
,463.6,463.84,460.25,461.47,0.0
,461.47,461.47,461.47,461.47,0.0
,461.47,461.47,461.47,461.47,0.0
,461.69,463.41,457.59,458.29,0.0
,457.95,457.98,450.08,450.08,0.0
,449.94,450.6,444.18,449.93,0.0
,449.93,449.93,449.93,449.93,0.0
,449.94,452.86,449.94,452.29,0.0
,452.29,452.29,452.29,452.29,0.0
,452.29,452.29,452.29,452.29,0.0
,452.26,454.16,451.04,454.16,0.0
,454.23,455.17,452.14,455.17,0.0
,455.17,457.13,453.32,453.69,0.0
1994-01-12,453.55,453.88,448.03,448.92,0.0
1994-02-12,448.92,453.31,448.07,453.3,0.0
1994-03-12,453.3,453.3,453.3,453.3,0.0
1994-04-12,453.3,453.3,453.3,453.3,0.0
1994-05-12,453.3,455.04,452.12,453.33,0.0
1994-06-12,453.28,453.88,450.45,453.11,0.0
1994-07-12,453.11,453.11,450.1,451.23,0.0
1994-08-12,451.23,452.03,444.62,445.45,0.0
1994-09-12,445.45,446.98,442.9,446.97,0.0
1994-10-12,446.97,446.97,446.97,446.97,0.0
1994-11-12,446.97,446.97,446.97,446.97,0.0
1994-12-12,446.95,449.47,445.62,449.47,0.0
,449.52,451.69,449.43,450.15,0.0
,450.05,456.14,450.05,454.97,0.0
,454.97,456.81,454.5,455.35,0.0
,455.35,458.8,455.35,458.8,0.0
,458.8,458.8,458.8,458.8,0.0
,458.8,458.8,458.8,458.8,0.0
,458.78,458.78,456.64,457.91,0.0
,458.08,458.42,456.41,457.1,0.0
,457.24,461.69,457.17,459.61,0.0
,459.62,461.19,459.33,459.68,0.0
,459.7,461.27,459.38,459.83,0.0
,459.83,459.83,459.83,459.83,0.0
,459.83,459.83,459.83,459.83,0.0
,459.83,459.83,459.83,459.83,0.0
,459.85,462.73,459.85,462.47,0.0
,462.47,462.49,459.0,460.86,0.0
,460.92,461.81,460.36,461.17,0.0
,461.17,462.12,459.24,459.27,0.0
,459.27,459.27,459.27,459.27,0.0
1995-01-01,459.27,459.27,459.27,459.27,0.0
1995-02-01,459.27,459.27,459.27,459.27,0.0
1995-03-01,459.11,459.11,457.2,459.11,0.0
1995-04-01,459.04,460.72,457.57,460.71,0.0
1995-05-01,460.73,461.3,459.75,460.34,0.0
1995-06-01,460.38,462.49,459.5,460.68,0.0
1995-07-01,460.68,460.68,460.68,460.68,0.0
1995-08-01,460.68,460.68,460.68,460.68,0.0
1995-09-01,460.67,461.77,459.82,460.83,0.0
1995-10-01,460.9,464.56,460.9,461.68,0.0
1995-11-01,461.68,463.61,458.71,461.67,0.0
1995-12-01,461.56,461.91,460.64,461.64,0.0
,461.64,466.36,461.64,465.97,0.0
,465.97,465.97,465.97,465.97,0.0
,465.97,465.97,465.97,465.97,0.0
,465.97,470.38,465.97,469.38,0.0
,469.38,470.15,468.22,470.05,0.0
,470.05,470.43,468.03,469.71,0.0
,469.72,469.72,467.49,467.49,0.0
,466.95,466.99,463.99,464.78,0.0
,464.78,464.78,464.78,464.78,0.0
,464.78,464.78,464.78,464.78,0.0
,464.78,466.22,461.24,465.82,0.0
,465.81,466.87,465.5,465.86,0.0
,465.86,469.48,464.4,467.44,0.0
,467.44,468.62,466.9,468.32,0.0
,468.32,471.36,468.32,470.39,0.0
,470.39,470.39,470.39,470.39,0.0
,470.39,470.39,470.39,470.39,0.0
,470.39,470.52,467.49,468.51,0.0
,468.51,471.03,468.18,470.42,0.0
1995-01-02,470.42,472.73,469.31,470.4,0.0
1995-02-02,470.4,472.79,469.96,472.79,0.0
1995-03-02,472.78,479.85,472.78,478.65,0.0
1995-04-02,478.65,478.65,478.65,478.65,0.0
1995-05-02,478.65,478.65,478.65,478.65,0.0
1995-06-02,478.76,481.91,478.38,481.14,0.0
1995-07-02,481.14,481.29,479.69,480.81,0.0
1995-08-02,480.81,482.6,480.4,481.19,0.0
1995-09-02,481.19,481.85,479.93,480.19,0.0
1995-10-02,480.19,481.72,479.53,481.46,0.0
1995-11-02,481.46,481.46,481.46,481.46,0.0
1995-12-02,481.46,481.46,481.46,481.46,0.0
,481.46,482.86,481.07,481.65,0.0
,481.65,482.94,480.89,482.55,0.0
,482.55,485.52,481.77,484.54,0.0
,484.56,485.22,483.05,485.22,0.0
,485.15,485.15,481.97,481.97,0.0
,481.97,481.97,481.97,481.97,0.0
,481.97,481.97,481.97,481.97,0.0
,481.97,481.97,481.97,481.97,0.0
,481.95,483.25,481.94,482.72,0.0
,482.74,486.15,482.49,485.07,0.0
,485.07,489.17,485.07,486.91,0.0
,486.82,488.26,485.7,488.26,0.0
,488.26,488.26,488.26,488.26,0.0
,488.26,488.26,488.26,488.26,0.0
,488.26,488.26,483.31,483.96,0.0
,483.81,487.44,483.77,487.39,0.0
1995-01-03,487.39,487.83,484.94,485.65,0.0
1995-02-03,485.65,485.68,483.2,485.13,0.0
1995-03-03,485.13,485.42,483.09,485.42,0.0
1995-04-03,485.42,485.42,485.42,485.42,0.0
1995-05-03,485.42,485.42,485.42,485.42,0.0
1995-06-03,485.42,485.69,481.52,485.63,0.0
1995-07-03,485.63,485.63,479.91,482.12,0.0
1995-08-03,482.12,484.08,481.57,483.14,0.0
1995-09-03,483.14,483.69,482.13,483.16,0.0
1995-10-03,483.16,490.37,483.16,489.57,0.0
1995-11-03,489.57,489.57,489.57,489.57,0.0
1995-12-03,489.57,489.57,489.57,489.57,0.0
,489.57,491.26,489.35,490.05,0.0
,490.05,493.68,490.05,492.89,0.0
,492.89,492.89,490.83,491.88,0.0
,491.87,495.74,491.78,495.41,0.0
,495.43,496.67,494.95,495.52,0.0
,495.52,495.52,495.52,495.52,0.0
,495.52,495.52,495.52,495.52,0.0
,495.52,496.53,495.27,496.14,0.0
,496.15,499.17,494.07,495.07,0.0
,495.07,495.67,493.71,495.67,0.0
,495.67,496.77,494.19,495.95,0.0
,496.07,500.97,496.07,500.97,0.0
,500.97,500.97,500.97,500.97,0.0
,500.97,500.97,500.97,500.97,0.0
,501.08,503.2,501.08,503.2,0.0
,503.19,503.91,501.87,503.9,0.0
,503.92,508.15,501.02,503.12,0.0
,503.17,504.66,501.0,502.22,0.0
,501.94,501.94,495.7,500.71,0.0
1995-01-04,500.71,500.71,500.71,500.71,0.0
1995-02-04,500.71,500.71,500.71,500.71,0.0
1995-03-04,500.7,501.91,500.2,501.85,0.0
1995-04-04,501.85,505.26,501.85,505.24,0.0
1995-05-04,505.27,505.57,503.17,505.57,0.0
1995-06-04,505.63,507.1,505.0,506.08,0.0
1995-07-04,506.13,507.19,503.61,506.42,0.0
1995-08-04,506.42,506.42,506.42,506.42,0.0
1995-09-04,506.42,506.42,506.42,506.42,0.0
1995-10-04,506.3,507.01,504.61,507.01,0.0
1995-11-04,507.24,508.85,505.29,505.53,0.0
1995-12-04,505.59,507.17,505.07,507.17,0.0
,507.3,509.82,507.3,509.23,0.0
,509.23,509.23,509.23,509.23,0.0
,509.23,509.23,509.23,509.23,0.0
,509.23,509.23,509.23,509.23,0.0
,509.23,512.03,505.43,506.13,0.0
,506.43,507.65,504.41,505.37,0.0
,505.37,505.89,501.19,504.92,0.0
,504.92,506.5,503.44,505.29,0.0
,505.63,508.49,505.63,508.49,0.0
,508.49,508.49,508.49,508.49,0.0
,508.49,508.49,508.49,508.49,0.0
,508.49,513.02,507.44,512.89,0.0
,512.8,513.53,511.32,512.15,0.0
,511.99,513.04,510.47,512.66,0.0
,512.7,513.62,511.67,513.55,0.0
,513.64,515.22,510.9,514.71,0.0
,514.71,514.71,514.71,514.71,0.0
,514.71,514.71,514.71,514.71,0.0
1995-01-05,514.76,515.6,513.42,514.26,0.0
1995-02-05,514.23,515.18,513.03,514.86,0.0
1995-03-05,514.86,520.54,514.86,520.48,0.0
1995-04-05,520.48,525.36,519.44,520.54,0.0
1995-05-05,520.75,522.31,518.28,520.12,0.0
1995-06-05,520.12,520.12,520.12,520.12,0.0
1995-07-05,520.12,520.12,520.12,520.12,0.0
1995-08-05,519.94,525.15,519.14,523.96,0.0
1995-09-05,523.96,525.99,521.79,523.56,0.0
1995-10-05,523.74,524.4,521.53,524.36,0.0
1995-11-05,524.27,524.83,522.7,524.37,0.0
1995-12-05,524.37,527.05,523.3,525.55,0.0
,525.55,525.55,525.55,525.55,0.0
,525.55,525.55,525.55,525.55,0.0
,525.55,527.74,525.0,527.74,0.0
,527.74,529.05,526.45,528.19,0.0
,528.19,528.42,525.38,527.07,0.0
,526.88,526.88,519.58,519.58,0.0
,519.58,519.58,517.07,519.19,0.0
,519.19,519.19,519.19,519.19,0.0
,519.19,519.19,519.19,519.19,0.0
,519.19,524.34,519.19,523.65,0.0
,523.65,528.59,523.65,528.59,0.0
,528.89,531.91,525.63,528.61,0.0
,528.03,529.03,524.89,528.59,0.0
,528.59,528.59,522.56,523.65,0.0
,523.65,523.65,523.65,523.65,0.0
,523.65,523.65,523.65,523.65,0.0
,523.65,523.65,523.65,523.65,0.0
,523.65,525.58,521.38,523.58,0.0
,523.7,533.41,522.17,533.4,0.0
1995-01-06,533.4,534.17,530.05,533.49,0.0
1995-02-06,533.49,536.9,529.55,532.51,0.0
1995-03-06,532.51,532.51,532.51,532.51,0.0
1995-04-06,532.51,532.51,532.51,532.51,0.0
1995-05-06,532.51,537.43,532.47,535.6,0.0
1995-06-06,535.6,537.09,535.14,535.55,0.0
1995-07-06,535.55,535.55,531.66,533.13,0.0
1995-08-06,533.13,533.56,531.65,532.35,0.0
1995-09-06,532.35,532.35,526.08,527.94,0.0
1995-10-06,527.94,527.94,527.94,527.94,0.0
1995-11-06,527.94,527.94,527.94,527.94,0.0
1995-12-06,527.94,532.54,527.94,530.88,0.0
,530.88,536.19,530.88,536.05,0.0
,536.05,536.48,533.83,536.47,0.0
,536.48,539.07,535.56,537.12,0.0
,537.51,539.83,537.51,539.83,0.0
,539.83,539.83,539.83,539.83,0.0
,539.83,539.83,539.83,539.83,0.0
,539.83,545.22,539.83,545.22,0.0
,545.22,545.44,543.46,544.98,0.0
,544.98,545.93,543.9,543.98,0.0
,543.98,551.07,543.98,551.07,0.0
,551.07,551.07,548.24,549.71,0.0
,549.71,549.71,549.71,549.71,0.0
,549.71,549.71,549.71,549.71,0.0
,549.71,549.79,544.06,544.13,0.0
,544.11,547.07,542.26,542.43,0.0
,542.43,546.3,540.72,544.73,0.0
,544.73,546.25,540.79,543.87,0.0
,543.87,546.75,543.54,544.75,0.0
1995-01-07,544.75,544.75,544.75,544.75,0.0
1995-02-07,544.75,544.75,544.75,544.75,0.0
1995-03-07,544.75,547.1,544.43,547.09,0.0
1995-04-07,547.09,547.09,547.09,547.09,0.0
1995-05-07,547.09,549.98,546.28,547.26,0.0
1995-06-07,547.09,549.98,546.28,547.26,0.0
1995-07-07,547.26,553.99,546.59,553.99,0.0
1995-08-07,553.99,553.99,553.99,553.99,0.0
1995-09-07,553.99,553.99,553.99,553.99,0.0
1995-10-07,553.9,556.57,553.05,556.37,0.0
1995-11-07,556.37,558.48,555.77,557.19,0.0
1995-12-07,556.78,556.78,553.8,554.78,0.0
,555.27,561.49,554.28,560.89,0.0
,560.89,561.93,559.1,561.0,0.0
,561.0,561.0,561.0,561.0,0.0
,561.0,561.0,561.0,561.0,0.0
,560.34,562.94,559.45,562.72,0.0
,562.55,562.72,556.86,558.46,0.0
,556.58,558.46,542.51,550.98,0.0
,550.98,554.43,549.1,553.54,0.0
,553.34,554.73,550.91,553.62,0.0
,553.62,553.62,553.62,553.62,0.0
,553.62,553.62,553.62,553.62,0.0
,553.62,557.21,553.62,556.63,0.0
,553.62,561.75,553.62,561.1,0.0
,561.1,563.33,560.9,561.61,0.0
,561.61,565.33,561.61,565.22,0.0
,565.22,565.38,562.04,562.93,0.0
,562.93,562.93,562.93,562.93,0.0
,562.93,562.93,562.93,562.93,0.0
,562.93,563.49,560.06,562.06,0.0
1995-01-08,562.07,562.11,556.67,559.64,0.0
1995-02-08,559.64,565.62,557.87,558.8,0.0
1995-03-08,558.8,558.8,554.1,558.75,0.0
1995-04-08,558.75,559.57,557.91,558.94,0.0
1995-05-08,558.94,558.94,558.94,558.94,0.0
1995-06-08,558.94,558.94,558.94,558.94,0.0
1995-07-08,558.94,561.24,558.94,560.03,0.0
1995-08-08,560.03,561.53,558.32,560.39,0.0
1995-09-08,560.39,561.59,559.29,559.71,0.0
1995-10-08,559.71,560.63,556.05,557.45,0.0
1995-11-08,557.45,558.5,553.08,555.11,0.0
1995-12-08,555.11,555.11,555.11,555.11,0.0
,555.11,555.11,555.11,555.11,0.0
,555.11,559.74,554.76,559.74,0.0
,559.74,559.98,555.22,558.57,0.0
,558.84,559.98,557.37,559.97,0.0
,559.97,559.97,557.42,559.04,0.0
,559.04,561.24,558.37,559.21,0.0
,559.21,559.21,559.21,559.21,0.0
,559.21,559.21,559.21,559.21,0.0
,559.21,563.34,557.89,558.11,0.0
,558.11,559.52,555.87,559.52,0.0
,559.52,560.0,557.13,557.14,0.0
,557.52,558.53,555.2,557.46,0.0
,557.46,561.0,557.46,560.1,0.0
,560.1,560.1,560.1,560.1,0.0
,560.1,560.1,560.1,560.1,0.0
,560.1,562.22,558.04,559.05,0.0
,559.05,560.01,555.74,560.0,0.0
,560.0,561.52,559.49,560.92,0.0
,561.09,562.36,560.49,561.88,0.0
1995-01-09,561.88,564.59,561.01,563.84,0.0
1995-02-09,563.84,563.84,563.84,563.84,0.0
1995-03-09,563.84,563.84,563.84,563.84,0.0
1995-04-09,563.84,563.84,563.84,563.84,0.0
1995-05-09,563.86,569.2,563.84,569.17,0.0
1995-06-09,569.17,570.53,569.0,570.17,0.0
1995-07-09,570.17,571.11,569.23,570.29,0.0
1995-08-09,570.71,572.68,569.27,572.68,0.0
1995-09-09,572.68,572.68,572.68,572.68,0.0
1995-10-09,572.68,572.68,572.68,572.68,0.0
1995-11-09,572.68,575.15,572.68,573.91,0.0
1995-12-09,573.95,576.51,573.11,576.51,0.0
,576.51,579.72,575.47,578.77,0.0
,578.77,583.98,578.77,583.61,0.0
,583.61,585.07,581.79,583.35,0.0
,583.35,583.35,583.35,583.35,0.0
,583.35,583.35,583.35,583.35,0.0
,583.35,583.37,579.36,582.77,0.0
,582.78,584.2,580.75,584.2,0.0
,584.2,586.77,584.18,586.77,0.0
,586.77,586.78,580.93,583.0,0.0
,583.0,583.0,578.3,581.73,0.0
,581.73,581.73,581.73,581.73,0.0
,581.73,581.73,581.73,581.73,0.0
,581.83,582.14,579.53,581.81,0.0
,581.81,584.66,580.69,581.41,0.0
,581.41,581.42,574.68,581.04,0.0
,581.04,585.88,580.69,585.87,0.0
,585.87,587.59,584.02,584.41,0.0
,584.41,584.41,584.41,584.41,0.0
1995-01-10,584.41,584.41,584.41,584.41,0.0
1995-02-10,584.41,585.05,580.54,581.72,0.0
1995-03-10,581.72,582.34,578.51,582.34,0.0
1995-04-10,582.34,582.34,579.91,581.47,0.0
1995-05-10,581.47,582.63,579.59,582.63,0.0
1995-06-10,582.63,584.54,582.13,582.49,0.0
1995-07-10,582.49,582.49,582.49,582.49,0.0
1995-08-10,582.49,582.49,582.49,582.49,0.0
1995-09-10,582.49,582.49,576.46,578.37,0.0
1995-10-10,586.03,586.03,571.55,577.53,0.0
1995-11-10,577.52,579.52,577.08,579.46,0.0
1995-12-10,579.46,583.1,579.46,583.1,0.0
,583.1,587.38,583.1,584.5,0.0
,584.5,584.5,584.5,584.5,0.0
,584.5,584.5,584.5,584.5,0.0
,584.5,584.86,582.63,583.03,0.0
,583.03,586.78,581.9,586.78,0.0
,586.78,589.77,586.28,587.44,0.0
,587.44,590.66,586.34,590.65,0.0
,590.65,590.65,586.82,587.46,0.0
,587.46,587.46,587.46,587.46,0.0
,587.46,587.46,587.46,587.46,0.0
,587.46,587.46,583.73,585.06,0.0
,585.06,587.31,584.75,586.56,0.0
,586.54,587.18,581.47,582.47,0.0
,582.47,582.63,572.53,576.72,0.0
,576.72,579.71,573.21,579.7,0.0
,579.7,579.7,579.7,579.7,0.0
,579.7,579.7,579.7,579.7,0.0
,579.7,583.79,579.7,583.25,0.0
,583.25,586.71,581.5,581.5,0.0
1995-01-11,581.5,584.24,581.04,584.22,0.0
1995-02-11,584.22,589.72,584.22,589.72,0.0
1995-03-11,589.72,590.57,588.65,590.57,0.0
1995-04-11,590.57,590.57,590.57,590.57,0.0
1995-05-11,590.57,590.57,590.57,590.57,0.0
1995-06-11,590.57,590.64,588.31,588.46,0.0
1995-07-11,588.46,588.46,584.37,586.32,0.0
1995-08-11,586.32,591.71,586.32,591.71,0.0
1995-09-11,591.71,593.9,590.91,593.26,0.0
1995-10-11,593.26,593.26,590.39,592.72,0.0
1995-11-11,592.72,592.72,592.72,592.72,0.0
1995-12-11,592.72,592.72,592.72,592.72,0.0
,592.72,593.72,590.58,592.3,0.0
,592.3,592.3,589.22,589.29,0.0
,589.29,593.96,588.36,593.96,0.0
,593.96,597.83,593.52,597.34,0.0
,597.34,600.07,597.34,600.07,0.0
,600.07,600.07,600.07,600.07,0.0
,600.07,600.07,600.07,600.07,0.0
,600.07,600.37,596.22,596.85,0.0
,596.27,600.26,595.42,600.24,0.0
,600.24,600.7,598.4,598.4,0.0
,598.4,598.4,598.4,598.4,0.0
,598.4,600.24,598.4,599.97,0.0
,599.97,599.97,599.97,599.97,0.0
,599.97,599.97,599.97,599.97,0.0
,599.97,603.35,599.97,601.32,0.0
,601.32,603.68,599.03,603.68,0.0
,606.45,607.66,605.47,607.64,0.0
,607.64,608.69,605.37,605.37,0.0
1995-01-12,605.37,608.11,605.37,606.98,0.0
1995-02-12,606.98,606.98,606.98,606.98,0.0
1995-03-12,606.98,606.98,606.98,606.98,0.0
1995-04-12,606.98,613.83,606.84,613.68,0.0
1995-05-12,613.68,618.48,613.14,617.68,0.0
1995-06-12,617.68,621.11,616.69,620.18,0.0
1995-07-12,620.18,620.19,615.21,616.17,0.0
1995-08-12,616.17,617.82,614.32,617.48,0.0
1995-09-12,617.48,617.48,617.48,617.48,0.0
1995-10-12,617.48,617.48,617.48,617.48,0.0
1995-11-12,617.48,620.9,617.14,619.52,0.0
1995-12-12,619.52,619.55,617.68,618.78,0.0
,618.78,622.02,618.27,621.69,0.0
,621.69,622.88,616.13,616.92,0.0
,616.92,617.72,614.46,616.34,0.0
,616.34,616.34,616.34,616.34,0.0
,616.34,616.34,616.34,616.34,0.0
,616.34,616.34,606.13,606.81,0.0
,606.81,611.94,605.05,611.93,0.0
,611.93,614.27,605.93,605.94,0.0
,605.94,610.52,605.94,610.49,0.0
,610.49,613.5,610.45,611.95,0.0
,611.95,611.95,611.95,611.95,0.0
,611.95,611.95,611.95,611.95,0.0
,611.95,611.95,611.95,611.95,0.0
,611.96,614.5,611.96,614.3,0.0
,614.3,615.73,613.75,614.53,0.0
,614.53,615.5,612.4,614.12,0.0
,614.12,615.93,612.36,615.93,0.0
,615.93,615.93,615.93,615.93,0.0
,615.93,615.93,615.93,615.93,0.0
1996-01-01,615.93,615.93,615.93,615.93,0.0
1996-02-01,615.93,620.74,613.17,620.73,0.0
1996-03-01,620.73,623.25,619.56,621.32,0.0
1996-04-01,621.32,624.49,613.96,617.7,0.0
1996-05-01,617.7,617.7,612.02,616.71,0.0
1996-06-01,616.71,616.71,616.71,616.71,0.0
1996-07-01,616.71,616.71,616.71,616.71,0.0
1996-08-01,616.71,618.46,616.49,618.46,0.0
1996-09-01,618.46,619.15,608.21,609.45,0.0
1996-10-01,609.45,609.45,597.29,598.48,0.0
1996-11-01,598.48,602.71,597.54,602.69,0.0
1996-12-01,602.69,604.8,597.46,601.81,0.0
,601.81,601.81,601.81,601.81,0.0
,601.81,601.81,601.81,601.81,0.0
,601.81,603.43,598.47,599.82,0.0
,599.82,608.44,599.05,608.44,0.0
,608.44,609.93,604.7,606.37,0.0
,606.37,608.27,604.12,608.24,0.0
,608.24,612.92,606.76,611.83,0.0
,611.83,611.83,611.83,611.83,0.0
,611.83,611.83,611.83,611.83,0.0
,611.83,613.45,610.95,613.4,0.0
,613.4,613.4,610.65,612.79,0.0
,612.79,619.96,612.79,619.96,0.0
,619.96,620.15,616.62,617.03,0.0
,617.03,621.7,615.26,621.62,0.0
,621.62,621.62,621.62,621.62,0.0
,621.62,621.62,621.62,621.62,0.0
,621.62,624.22,621.42,624.22,0.0
,624.22,630.29,624.22,630.15,0.0
,630.15,636.18,629.48,636.02,0.0
1996-01-02,636.02,638.46,634.54,638.46,0.0
1996-02-02,638.46,639.26,634.29,635.84,0.0
1996-03-02,635.84,635.84,635.84,635.84,0.0
1996-04-02,635.84,635.84,635.84,635.84,0.0
1996-05-02,635.84,641.43,633.71,641.43,0.0
1996-06-02,641.43,646.67,639.68,646.33,0.0
1996-07-02,646.33,649.93,645.59,649.93,0.0
1996-08-02,649.93,656.54,647.93,656.07,0.0
1996-09-02,656.07,661.08,653.64,656.37,0.0
1996-10-02,656.37,656.37,656.37,656.37,0.0
1996-11-02,656.37,656.37,656.37,656.37,0.0
1996-12-02,656.37,662.95,656.34,661.45,0.0
,661.45,664.23,657.92,660.51,0.0
,660.51,661.53,654.36,655.58,0.0
,655.58,656.84,651.15,651.32,0.0
,651.32,651.42,646.99,647.98,0.0
,647.98,647.98,647.98,647.98,0.0
,647.98,647.98,647.98,647.98,0.0
,647.98,647.98,647.98,647.98,0.0
,647.98,647.98,638.79,640.65,0.0
,640.65,648.11,640.65,648.1,0.0
,648.1,659.75,648.1,658.86,0.0
,658.86,663.0,652.25,659.08,0.0
,659.08,659.08,659.08,659.08,0.0
,659.08,659.08,659.08,659.08,0.0
,659.08,659.08,650.16,650.46,0.0
,650.46,650.62,643.87,647.24,0.0
,647.24,654.39,643.99,644.75,0.0
,644.75,646.95,639.01,640.43,0.0
1996-01-03,640.43,640.43,640.43,640.43,0.0
1996-02-03,640.43,640.43,640.43,640.43,0.0
1996-03-03,640.43,640.43,640.43,640.43,0.0
1996-04-03,644.38,653.7,644.38,650.81,0.0
1996-05-03,650.72,655.8,648.77,655.79,0.0
1996-06-03,655.52,656.97,651.61,652.0,0.0
1996-07-03,652.06,653.65,649.54,653.65,0.0
1996-08-03,653.04,653.65,627.63,633.5,0.0
1996-09-03,633.5,633.5,633.5,633.5,0.0
1996-10-03,633.5,633.5,633.5,633.5,0.0
1996-11-03,633.57,640.41,629.95,640.02,0.0
1996-12-03,639.88,640.02,628.82,637.09,0.0
,637.29,640.52,635.19,638.55,0.0
,638.63,644.17,638.55,640.87,0.0
,640.99,642.87,638.35,641.43,0.0
,641.43,641.43,641.43,641.43,0.0
,641.43,641.43,641.43,641.43,0.0
,641.6,652.65,641.43,652.65,0.0
,652.89,656.18,649.8,651.69,0.0
,651.55,653.13,645.57,649.98,0.0
,650.03,651.54,648.1,649.19,0.0
,649.33,652.08,649.19,650.62,0.0
,650.62,650.62,650.62,650.62,0.0
,650.62,650.62,650.62,650.62,0.0
,650.89,655.5,648.82,650.04,0.0
,649.8,654.31,648.15,652.97,0.0
,652.94,653.94,647.6,648.91,0.0
,648.57,649.58,646.36,648.94,0.0
,648.94,650.96,644.89,645.5,0.0
,645.5,645.5,645.5,645.5,0.0
,645.5,645.5,645.5,645.5,0.0
1996-01-04,645.88,653.87,645.5,653.73,0.0
1996-02-04,653.65,655.27,652.81,655.26,0.0
1996-03-04,655.15,655.89,651.81,655.88,0.0
1996-04-04,655.82,656.68,654.89,655.86,0.0
1996-05-04,655.86,655.86,655.86,655.86,0.0
1996-06-04,655.86,655.86,655.86,655.86,0.0
1996-07-04,655.86,655.86,655.86,655.86,0.0
1996-08-04,655.53,655.86,638.04,644.24,0.0
1996-09-04,644.42,646.33,640.84,642.19,0.0
1996-10-04,642.09,642.78,631.76,633.5,0.0
1996-11-04,633.46,635.26,624.14,631.18,0.0
1996-12-04,631.2,637.14,631.18,636.71,0.0
,636.71,636.71,636.71,636.71,0.0
,636.71,636.71,636.71,636.71,0.0
,636.71,642.49,636.71,642.49,0.0
,643.05,645.57,642.15,645.0,0.0
,644.89,645.0,638.71,641.61,0.0
,641.69,644.66,640.76,643.61,0.0
,643.67,647.32,643.61,645.07,0.0
,645.07,645.07,645.07,645.07,0.0
,645.07,645.07,645.07,645.07,0.0
,645.54,650.91,645.07,647.89,0.0
,647.75,651.59,647.7,651.58,0.0
,651.87,653.37,648.25,650.17,0.0
,650.12,654.18,647.06,652.87,0.0
,652.76,656.43,651.96,653.46,0.0
,653.46,653.46,653.46,653.46,0.0
,653.46,653.46,653.46,653.46,0.0
,653.33,654.71,651.6,654.16,0.0
,654.06,654.59,651.05,654.17,0.0
1996-01-05,654.84,656.44,652.26,654.58,0.0
1996-02-05,654.42,654.58,642.13,643.38,0.0
1996-03-05,643.5,648.45,640.23,641.63,0.0
1996-04-05,641.63,641.63,641.63,641.63,0.0
1996-05-05,641.63,641.63,641.63,641.63,0.0
1996-06-05,641.72,644.64,636.2,640.81,0.0
1996-07-05,640.84,641.4,636.96,638.26,0.0
1996-08-05,637.88,644.79,630.07,644.77,0.0
1996-09-05,644.64,647.95,643.18,645.44,0.0
1996-10-05,645.82,653.0,645.44,652.09,0.0
1996-11-05,652.09,652.09,652.09,652.09,0.0
1996-12-05,652.09,652.09,652.09,652.09,0.0
,652.1,662.16,652.09,661.51,0.0
,661.53,666.96,661.53,665.6,0.0
,665.43,669.82,664.46,665.42,0.0
,665.15,667.11,662.79,664.85,0.0
,664.85,669.84,664.85,668.91,0.0
,668.91,668.91,668.91,668.91,0.0
,668.91,668.91,668.91,668.91,0.0
,668.96,673.66,667.64,673.15,0.0
,673.1,675.56,672.26,672.76,0.0
,672.54,678.42,671.23,678.42,0.0
,678.45,681.1,673.45,676.0,0.0
,676.04,679.72,676.0,678.51,0.0
,678.51,678.51,678.51,678.51,0.0
,678.51,678.51,678.51,678.51,0.0
,678.51,678.51,678.51,678.51,0.0
,678.53,679.98,671.52,672.23,0.0
,672.03,673.73,666.09,667.93,0.0
,667.83,673.51,664.56,671.7,0.0
,671.98,673.46,667.0,669.12,0.0
1996-01-06,669.12,669.12,669.12,669.12,0.0
1996-02-06,669.12,669.12,669.12,669.12,0.0
1996-03-06,669.04,669.12,665.19,667.68,0.0
1996-04-06,667.75,672.6,667.68,672.56,0.0
1996-05-06,672.36,678.45,672.09,678.44,0.0
1996-06-06,678.53,680.32,673.02,673.03,0.0
1996-07-06,672.85,673.31,662.48,673.31,0.0
1996-08-06,673.31,673.31,673.31,673.31,0.0
1996-09-06,673.31,673.31,673.31,673.31,0.0
1996-10-06,673.32,673.61,670.15,672.16,0.0
1996-11-06,672.32,676.72,669.94,670.97,0.0
1996-12-06,671.06,673.67,668.77,669.04,0.0
,669.04,670.54,665.49,667.92,0.0
,667.9,668.4,664.35,665.85,0.0
,665.85,665.85,665.85,665.85,0.0
,665.85,665.85,665.85,665.85,0.0
,665.94,668.27,664.09,665.16,0.0
,665.16,666.36,661.34,662.06,0.0
,662.02,665.62,661.21,661.96,0.0
,662.0,664.96,658.75,662.1,0.0
,662.56,666.84,662.1,666.84,0.0
,666.84,666.84,666.84,666.84,0.0
,666.84,666.84,666.84,666.84,0.0
,666.84,671.07,666.84,668.85,0.0
,668.84,670.65,667.29,668.48,0.0
,668.22,668.49,663.67,664.39,0.0
,664.35,668.9,661.56,668.55,0.0
,668.7,672.68,668.55,670.63,0.0
,670.63,670.63,670.63,670.63,0.0
,670.63,670.63,670.63,670.63,0.0
1996-01-07,670.63,675.88,670.63,675.88,0.0
1996-02-07,675.71,675.88,672.55,673.61,0.0
1996-03-07,673.63,673.64,670.21,672.4,0.0
1996-04-07,672.4,672.4,672.4,672.4,0.0
1996-05-07,671.18,672.4,657.41,657.44,0.0
1996-06-07,657.44,657.44,657.44,657.44,0.0
1996-07-07,657.44,657.44,657.44,657.44,0.0
1996-08-07,657.01,657.65,651.13,652.54,0.0
1996-09-07,652.6,656.6,652.54,654.75,0.0
1996-10-07,654.51,656.27,648.39,656.06,0.0
1996-11-07,655.34,656.06,639.52,645.67,0.0
1996-12-07,645.75,647.64,640.21,646.19,0.0
,646.19,646.19,646.19,646.19,0.0
,646.19,646.19,646.19,646.19,0.0
,645.9,646.19,629.69,629.8,0.0
,629.6,631.99,605.88,628.37,0.0
,629.45,636.61,628.37,634.07,0.0
,633.99,644.44,633.29,643.56,0.0
,643.22,643.56,635.5,638.73,0.0
,638.73,638.73,638.73,638.73,0.0
,638.73,638.73,638.73,638.73,0.0
,638.69,638.73,630.38,633.77,0.0
,633.89,637.71,625.65,626.87,0.0
,626.19,629.1,616.43,626.65,0.0
,626.8,633.57,626.65,631.17,0.0
,631.42,636.23,631.17,635.9,0.0
,635.9,635.9,635.9,635.9,0.0
,635.9,635.9,635.9,635.9,0.0
,635.9,635.9,630.9,630.91,0.0
,631.2,635.26,629.22,635.26,0.0
,635.13,640.54,633.74,639.95,0.0
1996-01-08,639.92,650.66,639.49,650.02,0.0
1996-02-08,650.41,662.49,650.02,662.49,0.0
1996-03-08,662.49,662.49,662.49,662.49,0.0
1996-04-08,662.49,662.49,662.49,662.49,0.0
1996-05-08,662.52,663.64,659.03,660.23,0.0
1996-06-08,660.15,662.75,656.83,662.38,0.0
1996-07-08,662.54,664.61,660.0,664.16,0.0
1996-08-08,664.01,664.17,661.28,662.59,0.0
1996-09-08,662.22,665.37,660.31,662.1,0.0
1996-10-08,662.1,662.1,662.1,662.1,0.0
1996-11-08,662.1,662.1,662.1,662.1,0.0
1996-12-08,661.98,665.77,658.95,665.77,0.0
,665.27,665.77,659.13,660.2,0.0
,660.19,662.42,658.47,662.05,0.0
,662.02,664.18,660.64,662.28,0.0
,663.41,666.34,662.26,665.21,0.0
,665.21,665.21,665.21,665.21,0.0
,665.21,665.21,665.21,665.21,0.0
,665.12,667.12,665.0,666.58,0.0
,666.56,666.99,665.15,665.69,0.0
,665.4,665.69,662.16,665.07,0.0
,665.19,672.5,664.88,670.68,0.0
,670.44,670.68,664.93,667.03,0.0
,667.03,667.03,667.03,667.03,0.0
,667.03,667.03,667.03,667.03,0.0
,666.95,667.03,662.36,663.88,0.0
,663.99,666.4,663.5,666.4,0.0
,666.23,667.41,664.39,664.81,0.0
,664.54,664.81,655.35,657.4,0.0
,657.68,657.71,650.52,651.99,0.0
,651.99,651.99,651.99,651.99,0.0
1996-01-09,651.99,651.99,651.99,651.99,0.0
1996-02-09,651.99,651.99,651.99,651.99,0.0
1996-03-09,651.64,655.13,643.97,654.72,0.0
1996-04-09,654.5,655.82,652.93,655.61,0.0
1996-05-09,655.18,655.61,648.89,649.44,0.0
1996-06-09,650.16,658.21,649.44,655.68,0.0
1996-07-09,655.68,655.68,655.68,655.68,0.0
1996-08-09,655.68,655.68,655.68,655.68,0.0
1996-09-09,655.72,663.77,655.68,663.76,0.0
1996-10-09,663.68,665.57,661.55,663.81,0.0
1996-11-09,663.38,667.73,661.79,667.28,0.0
1996-12-09,667.28,673.07,667.28,671.15,0.0
,671.79,681.39,671.15,680.54,0.0
,680.54,680.54,680.54,680.54,0.0
,680.54,680.54,680.54,680.54,0.0
,680.54,686.48,680.53,683.98,0.0
,684.84,685.8,679.96,682.94,0.0
,682.88,683.77,679.75,681.47,0.0
,681.4,684.07,679.06,683.0,0.0
,683.01,687.07,683.0,687.03,0.0
,687.03,687.03,687.03,687.03,0.0
,687.03,687.03,687.03,687.03,0.0
,686.47,687.03,681.01,686.48,0.0
,686.44,690.88,683.54,685.61,0.0
,685.94,688.26,684.92,685.83,0.0
,685.72,690.15,683.77,685.86,0.0
,685.87,687.11,683.73,686.19,0.0
,686.19,686.19,686.19,686.19,0.0
,686.19,686.19,686.19,686.19,0.0
,686.19,690.11,686.03,687.31,0.0
1996-01-10,687.22,689.54,684.44,689.08,0.0
1996-02-10,689.17,694.82,689.08,694.01,0.0
1996-03-10,694.02,694.81,691.78,692.78,0.0
1996-04-10,693.12,701.74,692.78,701.46,0.0
1996-05-10,701.46,701.46,701.46,701.46,0.0
1996-06-10,701.46,701.46,701.46,701.46,0.0
1996-07-10,701.45,704.17,701.39,703.34,0.0
1996-08-10,703.32,705.76,699.88,700.64,0.0
1996-09-10,701.05,702.36,694.42,696.74,0.0
1996-10-10,696.44,696.82,693.34,694.61,0.0
1996-11-10,695.12,700.66,694.61,700.66,0.0
1996-12-10,700.66,700.66,700.66,700.66,0.0
,700.66,700.66,700.66,700.66,0.0
,700.94,705.16,700.66,703.54,0.0
,704.66,708.07,699.07,702.57,0.0
,702.52,704.42,699.15,704.41,0.0
,704.54,708.52,704.41,706.99,0.0
,706.93,711.04,706.11,710.82,0.0
,710.82,710.82,710.82,710.82,0.0
,710.82,710.82,710.82,710.82,0.0
,710.78,714.1,707.71,709.85,0.0
,709.18,709.85,704.55,706.57,0.0
,706.41,707.31,700.98,707.27,0.0
,707.34,708.25,702.11,702.29,0.0
,702.26,704.11,700.53,700.92,0.0
,700.92,700.92,700.92,700.92,0.0
,700.92,700.92,700.92,700.92,0.0
,701.12,705.4,697.25,697.26,0.0
,697.46,703.25,696.22,701.5,0.0
,701.45,703.44,700.05,700.9,0.0
,700.96,706.61,700.35,705.27,0.0
1996-01-11,705.24,708.6,701.3,703.77,0.0
1996-02-11,703.77,703.77,703.77,703.77,0.0
1996-03-11,703.77,703.77,703.77,703.77,0.0
1996-04-11,703.03,707.02,702.84,706.73,0.0
1996-05-11,707.0,714.56,706.73,714.14,0.0
1996-06-11,713.96,724.59,712.83,724.59,0.0
1996-07-11,724.55,729.49,722.23,727.65,0.0
1996-08-11,727.54,730.82,725.22,730.82,0.0
1996-09-11,730.82,730.82,730.82,730.82,0.0
1996-10-11,730.82,730.82,730.82,730.82,0.0
1996-11-11,730.79,732.6,729.94,731.87,0.0
1996-12-11,732.06,733.04,728.2,729.56,0.0
,729.61,732.11,728.03,731.13,0.0
,731.08,735.99,729.2,735.88,0.0
,735.9,741.92,735.13,737.62,0.0
,737.62,737.62,737.62,737.62,0.0
,737.62,737.62,737.62,737.62,0.0
,737.64,739.24,734.39,737.02,0.0
,736.92,742.18,736.87,742.16,0.0
,742.18,746.99,740.4,743.95,0.0
,744.08,745.2,741.08,742.75,0.0
,743.09,748.73,742.75,748.73,0.0
,748.73,748.73,748.73,748.73,0.0
,748.73,748.73,748.73,748.73,0.0
,748.75,757.05,747.99,757.03,0.0
,756.94,762.12,752.83,755.96,0.0
,755.94,757.3,753.18,755.0,0.0
,755.0,755.0,755.0,755.0,0.0
,755.0,758.27,755.0,757.02,0.0
,757.02,757.02,757.02,757.02,0.0
1996-01-12,757.02,757.02,757.02,757.02,0.0
1996-02-12,757.02,757.03,751.49,756.56,0.0
1996-03-12,756.49,761.75,747.58,748.28,0.0
1996-04-12,748.19,748.4,738.46,745.1,0.0
1996-05-12,745.1,747.65,742.61,744.38,0.0
1996-06-12,742.99,744.38,726.89,739.6,0.0
1996-07-12,739.6,739.6,739.6,739.6,0.0
1996-08-12,739.6,739.6,739.6,739.6,0.0
1996-09-12,740.22,749.76,739.6,749.76,0.0
1996-10-12,750.74,753.43,747.02,747.54,0.0
1996-11-12,746.64,747.54,732.75,740.73,0.0
1996-12-12,741.62,744.86,729.3,729.33,0.0
,728.85,736.22,718.98,728.64,0.0
,728.64,728.64,728.64,728.64,0.0
,728.64,728.64,728.64,728.64,0.0
,729.01,732.68,719.4,720.98,0.0
,720.75,727.67,716.69,726.04,0.0
,726.69,732.76,726.04,731.54,0.0
,732.16,746.06,731.54,745.76,0.0
,746.29,755.41,745.76,748.87,0.0
,748.87,748.87,748.87,748.87,0.0
,748.87,748.87,748.87,748.87,0.0
,749.04,750.4,743.28,746.92,0.0
,747.06,751.03,746.92,751.03,0.0
,751.03,751.03,751.03,751.03,0.0
,751.21,757.07,751.03,755.82,0.0
,755.59,758.75,754.82,756.79,0.0
,756.79,756.79,756.79,756.79,0.0
,756.79,756.79,756.79,756.79,0.0
,757.1,759.2,752.73,753.85,0.0
,753.83,753.95,740.74,740.74,0.0
1997-01-01,740.74,740.74,740.74,740.74,0.0
1997-02-01,740.98,742.81,729.55,737.01,0.0
1997-03-01,737.55,748.24,737.01,748.03,0.0
1997-04-01,748.03,748.03,748.03,748.03,0.0
1997-05-01,748.03,748.03,748.03,748.03,0.0
1997-06-01,748.18,753.31,743.82,747.65,0.0
1997-07-01,747.52,753.26,742.18,753.23,0.0
1997-08-01,753.13,755.72,747.71,748.41,0.0
1997-09-01,748.86,757.68,748.41,754.85,0.0
1997-10-01,754.48,759.65,746.92,759.5,0.0
1997-11-01,759.5,759.5,759.5,759.5,0.0
1997-12-01,759.5,759.5,759.5,759.5,0.0
,759.5,762.85,756.64,759.51,0.0
,759.89,772.04,759.51,768.86,0.0
,768.96,770.95,763.72,767.2,0.0
,767.89,772.05,765.25,769.75,0.0
,769.75,776.37,769.72,776.17,0.0
,776.17,776.17,776.17,776.17,0.0
,776.17,776.17,776.17,776.17,0.0
,776.3,780.08,774.19,776.7,0.0
,776.51,783.72,772.0,782.72,0.0
,782.79,786.23,779.56,786.23,0.0
,786.54,794.67,776.64,777.56,0.0
,777.64,778.21,768.17,770.52,0.0
,770.52,770.52,770.52,770.52,0.0
,770.52,770.52,770.52,770.52,0.0
,770.75,771.43,764.18,765.02,0.0
,765.92,776.32,761.75,765.02,0.0
,765.45,772.7,765.02,772.5,0.0
,772.86,784.17,772.5,784.17,0.0
,784.46,791.86,784.17,786.16,0.0
1997-01-02,786.16,786.16,786.16,786.16,0.0
1997-02-02,786.16,786.16,786.16,786.16,0.0
1997-03-02,786.48,787.14,783.12,786.73,0.0
1997-04-02,786.68,789.28,783.68,789.26,0.0
1997-05-02,788.9,792.71,773.43,778.28,0.0
1997-06-02,778.37,780.35,774.45,780.15,0.0
1997-07-02,780.88,789.72,778.19,789.56,0.0
1997-08-02,789.56,789.56,789.56,789.56,0.0
1997-09-02,789.56,789.56,789.56,789.56,0.0
1997-10-02,789.77,793.46,784.69,785.43,0.0
1997-11-02,786.15,789.6,780.95,789.59,0.0
1997-12-02,789.59,802.77,789.59,802.77,0.0
,803.31,812.93,802.77,811.82,0.0
,811.75,812.2,808.15,808.48,0.0
,808.48,808.48,808.48,808.48,0.0
,808.48,808.48,808.48,808.48,0.0
,808.48,808.48,808.48,808.48,0.0
,808.6,816.29,806.34,816.29,0.0
,816.08,817.68,811.2,812.49,0.0
,812.13,812.49,800.35,802.8,0.0
,802.74,804.94,799.99,801.77,0.0
,801.77,801.77,801.77,801.77,0.0
,801.77,801.77,801.77,801.77,0.0
,801.11,810.64,798.42,810.28,0.0
,810.68,813.45,807.65,812.1,0.0
,812.09,812.71,798.15,805.68,0.0
,805.35,805.68,795.06,795.07,0.0
,794.94,795.7,788.5,790.82,0.0
1997-01-03,790.82,790.82,790.82,790.82,0.0
1997-02-03,790.82,790.82,790.82,790.82,0.0
1997-03-03,790.48,795.31,785.66,795.31,0.0
1997-04-03,795.47,798.93,789.98,790.95,0.0
1997-05-03,791.23,801.99,790.95,801.99,0.0
1997-06-03,802.0,804.11,797.5,798.56,0.0
1997-07-03,798.97,808.19,798.56,804.97,0.0
1997-08-03,804.97,804.97,804.97,804.97,0.0
1997-09-03,804.97,804.97,804.97,804.97,0.0
1997-10-03,804.9,813.66,803.66,813.65,0.0
1997-11-03,813.74,814.9,810.77,811.34,0.0
1997-12-03,810.84,811.34,801.07,804.26,0.0
,803.89,804.26,789.44,789.56,0.0
,789.97,796.88,789.56,793.17,0.0
,793.17,793.17,793.17,793.17,0.0
,793.17,793.17,793.17,793.17,0.0
,792.78,796.28,782.98,795.71,0.0
,795.95,798.18,785.47,789.66,0.0
,788.93,791.59,780.03,785.77,0.0
,785.91,786.29,778.04,782.65,0.0
,782.97,786.44,782.65,784.1,0.0
,784.1,784.1,784.1,784.1,0.0
,784.1,784.1,784.1,784.1,0.0
,783.85,791.01,780.79,790.89,0.0
,791.29,798.11,788.39,789.07,0.0
,789.13,794.89,786.77,790.5,0.0
,790.97,792.58,767.32,773.88,0.0
,773.88,773.88,773.88,773.88,0.0
,773.88,773.88,773.88,773.88,0.0
,773.88,773.88,773.88,773.88,0.0
,773.54,773.88,756.13,757.12,0.0
1997-01-04,756.19,761.49,751.26,759.64,0.0
1997-02-04,759.64,759.65,747.59,750.11,0.0
1997-03-04,749.72,751.04,744.4,750.32,0.0
1997-04-04,749.74,757.9,744.04,757.9,0.0
1997-05-04,757.9,757.9,757.9,757.9,0.0
1997-06-04,757.9,757.9,757.9,757.9,0.0
1997-07-04,758.68,764.82,757.9,762.13,0.0
1997-08-04,762.01,766.25,758.36,766.12,0.0
1997-09-04,766.43,769.53,759.15,760.6,0.0
1997-10-04,760.52,763.73,757.65,758.34,0.0
1997-11-04,757.37,758.34,737.64,737.65,0.0
1997-12-04,737.65,737.65,737.65,737.65,0.0
,737.65,737.65,737.65,737.65,0.0
,737.91,743.73,733.54,743.73,0.0
,743.87,754.72,743.73,754.72,0.0
,754.33,763.53,751.99,763.53,0.0
,763.71,768.55,760.49,761.77,0.0
,763.26,767.93,761.77,766.34,0.0
,766.34,766.34,766.34,766.34,0.0
,766.34,766.34,766.34,766.34,0.0
,766.23,767.39,756.38,760.37,0.0
,760.52,774.64,759.9,774.61,0.0
,774.58,778.19,771.9,773.64,0.0
,774.46,779.89,769.72,771.18,0.0
,770.71,771.18,764.63,765.37,0.0
,765.37,765.37,765.37,765.37,0.0
,765.37,765.37,765.37,765.37,0.0
,765.46,773.89,763.3,772.96,0.0
,774.12,794.44,772.96,794.05,0.0
,793.42,804.13,791.21,801.34,0.0
1997-01-05,801.64,802.95,793.21,798.53,0.0
1997-02-05,799.04,812.99,798.53,812.97,0.0
1997-03-05,812.97,812.97,812.97,812.97,0.0
1997-04-05,812.97,812.97,812.97,812.97,0.0
1997-05-05,813.18,830.29,811.8,830.24,0.0
1997-06-05,829.67,832.29,824.7,827.76,0.0
1997-07-05,826.95,827.76,814.7,815.62,0.0
1997-08-05,815.27,829.09,811.84,820.26,0.0
1997-09-05,820.62,827.69,815.78,824.78,0.0
1997-10-05,824.78,824.78,824.78,824.78,0.0
1997-11-05,824.78,824.78,824.78,824.78,0.0
1997-12-05,825.01,838.56,824.78,837.66,0.0
,837.41,838.49,829.12,833.13,0.0
,833.15,841.29,833.15,836.04,0.0
,835.64,842.45,833.34,841.88,0.0
,841.23,841.88,829.15,829.75,0.0
,829.75,829.75,829.75,829.75,0.0
,829.75,829.75,829.75,829.75,0.0
,829.96,835.92,828.87,833.27,0.0
,833.24,841.96,826.42,841.66,0.0
,842.43,846.87,835.22,839.35,0.0
,839.49,841.91,833.86,835.66,0.0
,835.96,848.49,835.66,847.03,0.0
,847.03,847.03,847.03,847.03,0.0
,847.03,847.03,847.03,847.03,0.0
,847.03,847.03,847.03,847.03,0.0
,846.51,851.53,840.96,849.71,0.0
,849.48,850.95,843.21,847.21,0.0
,847.25,848.96,842.61,844.08,0.0
,841.07,851.87,831.87,848.28,0.0
,848.28,848.28,848.28,848.28,0.0
1997-01-06,848.28,848.28,848.28,848.28,0.0
1997-02-06,849.27,851.34,844.61,846.36,0.0
1997-03-06,845.61,850.56,841.51,845.48,0.0
1997-04-06,845.31,845.55,838.82,840.11,0.0
1997-05-06,840.44,848.89,840.11,843.43,0.0
1997-06-06,843.48,859.24,843.36,858.01,0.0
1997-07-06,858.01,858.01,858.01,858.01,0.0
1997-08-06,858.01,858.01,858.01,858.01,0.0
1997-09-06,858.98,865.14,858.01,862.91,0.0
1997-10-06,862.82,870.05,862.18,865.27,0.0
1997-11-06,865.27,870.66,865.15,869.57,0.0
1997-12-06,869.57,884.34,869.01,883.48,0.0
,883.76,894.69,883.48,893.27,0.0
,893.27,893.27,893.27,893.27,0.0
,893.27,893.27,893.27,893.27,0.0
,893.29,895.17,891.21,893.9,0.0
,893.8,897.6,886.19,894.42,0.0
,893.37,894.42,887.03,889.06,0.0
,889.06,900.09,888.99,897.99,0.0
,898.04,901.77,897.77,898.7,0.0
,898.7,898.7,898.7,898.7,0.0
,898.7,898.7,898.7,898.7,0.0
,898.54,898.7,878.43,878.62,0.0
,879.44,896.75,878.62,896.34,0.0
,896.48,902.09,882.24,888.99,0.0
,888.61,893.21,879.32,883.68,0.0
,883.68,894.7,883.68,887.3,0.0
,887.3,887.3,887.3,887.3,0.0
,887.3,887.3,887.3,887.3,0.0
,887.3,892.62,879.82,885.14,0.0
1997-01-07,884.98,893.88,884.54,891.03,0.0
1997-02-07,891.41,904.05,891.03,904.03,0.0
1997-03-07,904.92,917.82,904.03,916.92,0.0
1997-04-07,916.92,916.92,916.92,916.92,0.0
1997-05-07,916.92,916.92,916.92,916.92,0.0
1997-06-07,916.92,916.92,916.92,916.92,0.0
1997-07-07,917.5,923.26,909.69,912.2,0.0
1997-08-07,912.02,918.76,911.56,918.75,0.0
1997-09-07,919.2,922.04,902.48,907.54,0.0
1997-10-07,907.42,916.54,904.31,913.78,0.0
1997-11-07,913.26,919.74,913.11,916.68,0.0
1997-12-07,916.68,916.68,916.68,916.68,0.0
,916.68,916.68,916.68,916.68,0.0
,917.08,921.78,912.02,918.38,0.0
,919.31,926.15,914.52,925.76,0.0
,928.01,939.32,925.76,936.59,0.0
,936.81,936.96,927.9,931.61,0.0
,930.55,931.61,912.9,915.3,0.0
,915.3,915.3,915.3,915.3,0.0
,915.3,915.3,915.3,915.3,0.0
,915.3,915.38,907.12,912.94,0.0
,912.94,934.38,912.94,933.98,0.0
,934.57,941.8,933.98,936.56,0.0
,936.41,941.51,926.91,940.3,0.0
,941.99,945.65,936.09,938.79,0.0
,938.79,938.79,938.79,938.79,0.0
,938.79,938.79,938.79,938.79,0.0
,942.21,942.97,935.19,936.45,0.0
,934.31,942.96,932.56,942.29,0.0
,941.97,953.98,941.92,952.29,0.0
,952.48,957.73,948.89,954.29,0.0
1997-01-08,954.29,955.35,939.04,947.14,0.0
1997-02-08,947.14,947.14,947.14,947.14,0.0
1997-03-08,947.14,947.14,947.14,947.14,0.0
1997-04-08,946.97,953.18,943.6,950.3,0.0
1997-05-08,950.75,954.21,948.92,952.37,0.0
1997-06-08,952.33,962.43,949.45,960.32,0.0
1997-07-08,961.05,964.17,950.87,951.19,0.0
1997-08-08,950.39,951.19,925.74,933.54,0.0
1997-09-08,933.54,933.54,933.54,933.54,0.0
1997-10-08,933.54,933.54,933.54,933.54,0.0
1997-11-08,933.19,938.5,925.39,937.0,0.0
1997-12-08,937.64,942.99,925.66,926.53,0.0
,927.83,935.77,916.54,922.02,0.0
,922.37,930.07,916.92,924.77,0.0
,924.33,924.77,900.81,900.81,0.0
,900.81,900.81,900.81,900.81,0.0
,900.81,900.81,900.81,900.81,0.0
,900.79,912.57,893.34,912.49,0.0
,913.43,926.01,912.49,926.01,0.0
,926.06,939.35,924.58,939.35,0.0
,939.0,939.47,921.35,925.05,0.0
,922.74,925.05,905.42,923.55,0.0
,923.55,923.55,923.55,923.55,0.0
,923.55,923.55,923.55,923.55,0.0
,923.77,930.93,917.29,920.16,0.0
,919.64,922.47,911.72,913.02,0.0
,913.01,916.23,903.83,913.7,0.0
,913.01,915.9,898.65,903.67,0.0
,903.52,907.28,896.82,899.47,0.0
,899.47,899.47,899.47,899.47,0.0
,899.47,899.47,899.47,899.47,0.0
1997-01-09,899.47,899.47,899.47,899.47,0.0
1997-02-09,899.46,927.58,899.46,927.58,0.0
1997-03-09,927.76,935.9,926.87,927.86,0.0
1997-04-09,927.85,933.36,925.59,930.87,0.0
1997-05-09,931.53,940.37,924.05,929.05,0.0
1997-06-09,929.05,929.05,929.05,929.05,0.0
1997-07-09,929.05,929.05,929.05,929.05,0.0
1997-08-09,929.52,936.5,929.05,931.2,0.0
1997-09-09,931.3,938.9,927.28,933.62,0.0
1997-10-09,933.4,933.62,918.76,919.03,0.0
1997-11-09,918.24,919.03,902.56,912.59,0.0
1997-12-09,912.61,925.05,906.7,923.91,0.0
,923.91,923.91,923.91,923.91,0.0
,923.91,923.91,923.91,923.91,0.0
,923.36,928.9,919.41,919.77,0.0
,920.4,947.66,919.77,945.64,0.0
,946.06,950.29,941.99,943.0,0.0
,943.4,958.19,943.0,947.29,0.0
,947.23,952.35,943.9,950.51,0.0
,950.51,950.51,950.51,950.51,0.0
,950.51,950.51,950.51,950.51,0.0
,950.6,960.59,950.51,955.43,0.0
,955.62,955.78,948.07,951.93,0.0
,952.27,959.78,944.07,944.48,0.0
,944.27,947.0,937.38,937.91,0.0
,938.11,946.44,937.91,945.22,0.0
,945.22,945.22,945.22,945.22,0.0
,945.22,945.22,945.22,945.22,0.0
,945.35,953.96,941.94,953.34,0.0
,952.94,955.17,947.28,947.28,0.0
1997-01-10,947.8,956.71,947.28,955.41,0.0
1997-02-10,955.52,960.46,952.94,960.46,0.0
1997-03-10,961.4,975.47,955.13,965.03,0.0
1997-04-10,965.03,965.03,965.03,965.03,0.0
1997-05-10,965.03,965.03,965.03,965.03,0.0
1997-06-10,965.33,974.16,965.03,972.69,0.0
1997-07-10,972.91,983.12,971.95,983.12,0.0
1997-08-10,982.34,983.12,968.65,973.84,0.0
1997-09-10,973.42,974.72,963.34,970.62,0.0
1997-10-10,970.13,970.62,963.42,966.98,0.0
1997-11-10,966.98,966.98,966.98,966.98,0.0
1997-12-10,966.98,966.98,966.98,966.98,0.0
,967.27,973.46,966.95,968.1,0.0
,968.27,972.86,961.87,970.28,0.0
,968.45,970.28,962.75,965.72,0.0
,966.15,973.38,950.77,955.23,0.0
,954.82,955.23,931.58,944.16,0.0
,944.16,944.16,944.16,944.16,0.0
,944.16,944.16,944.16,944.16,0.0
,944.57,955.72,941.43,955.61,0.0
,957.06,972.56,955.61,972.28,0.0
,972.37,972.61,965.66,968.49,0.0
,954.25,968.49,944.16,950.69,0.0
,951.59,960.04,937.55,941.64,0.0
,941.64,941.64,941.64,941.64,0.0
,941.64,941.64,941.64,941.64,0.0
,940.86,940.86,876.77,876.98,0.0
,873.1,923.09,855.27,921.85,0.0
,921.44,935.24,913.88,919.16,0.0
,916.7,923.28,903.68,903.68,0.0
,905.67,919.93,903.68,914.62,0.0
1997-01-11,914.62,914.62,914.62,914.62,0.0
1997-02-11,914.62,914.62,914.62,914.62,0.0
1997-03-11,915.63,939.02,914.62,938.99,0.0
1997-04-11,938.91,941.4,932.66,940.76,0.0
1997-05-11,941.4,949.62,938.16,942.76,0.0
1997-06-11,942.77,942.85,934.16,938.03,0.0
1997-07-11,935.89,935.89,915.35,927.51,0.0
1997-08-11,927.51,927.51,927.51,927.51,0.0
1997-09-11,927.51,927.51,927.51,927.51,0.0
1997-10-11,927.51,935.9,920.26,921.13,0.0
1997-11-11,921.37,928.29,919.63,923.78,0.0
1997-12-11,922.72,923.88,905.34,905.96,0.0
,906.9,917.79,900.61,916.66,0.0
,917.08,930.44,915.34,928.35,0.0
,928.35,928.35,928.35,928.35,0.0
,928.35,928.35,928.35,928.35,0.0
,929.73,949.66,928.35,946.2,0.0
,946.06,947.65,937.43,938.23,0.0
,937.75,947.28,934.83,944.59,0.0
,944.9,961.83,944.59,958.98,0.0
,959.03,964.55,954.6,963.09,0.0
,963.09,963.09,963.09,963.09,0.0
,963.09,963.09,963.09,963.09,0.0
,961.96,963.09,945.22,946.67,0.0
,947.21,954.47,944.71,950.82,0.0
,950.98,956.47,950.82,951.64,0.0
,951.64,951.64,951.64,951.64,0.0
,952.34,959.13,951.64,955.4,0.0
,955.4,955.4,955.4,955.4,0.0
,955.4,955.4,955.4,955.4,0.0
1997-01-12,955.9,974.77,955.4,974.77,0.0
1997-02-12,974.42,976.2,969.81,971.68,0.0
1997-03-12,971.08,980.81,966.16,976.77,0.0
1997-04-12,977.21,983.36,971.37,973.1,0.0
1997-05-12,972.93,986.25,969.1,983.79,0.0
1997-06-12,983.79,983.79,983.79,983.79,0.0
1997-07-12,983.79,983.79,983.79,983.79,0.0
1997-08-12,984.1,985.67,979.57,982.37,0.0
1997-09-12,980.67,982.37,973.81,975.78,0.0
1997-10-12,974.99,975.78,962.68,969.79,0.0
1997-11-12,968.42,969.79,951.89,954.94,0.0
1997-12-12,955.17,961.32,947.0,953.39,0.0
,953.39,953.39,953.39,953.39,0.0
,953.39,953.39,953.39,953.39,0.0
,953.45,965.96,953.39,963.39,0.0
,963.71,973.0,963.39,968.04,0.0
,969.22,974.3,964.25,965.54,0.0
,963.01,965.54,950.55,955.3,0.0
,954.23,955.3,924.92,946.78,0.0
,946.78,946.78,946.78,946.78,0.0
,946.78,946.78,946.78,946.78,0.0
,947.48,956.73,946.25,953.7,0.0
,953.74,954.45,938.77,939.08,0.0
,939.73,942.88,932.7,932.7,0.0
,932.7,932.7,932.7,932.7,0.0
,932.84,939.99,932.7,936.46,0.0
,936.46,936.46,936.46,936.46,0.0
,936.46,936.46,936.46,936.46,0.0
,937.01,953.95,936.46,953.35,0.0
,953.41,970.84,953.35,970.84,0.0
,971.03,975.02,967.41,970.43,0.0
1998-01-01,970.43,970.43,970.43,970.43,0.0
1998-02-01,971.98,975.04,965.73,975.04,0.0
1998-03-01,975.04,975.04,975.04,975.04,0.0
1998-04-01,975.04,975.04,975.04,975.04,0.0
1998-05-01,975.41,982.64,968.99,977.07,0.0
1998-06-01,976.49,976.49,962.7,966.58,0.0
1998-07-01,965.87,966.58,952.67,964.0,0.0
1998-08-01,963.53,964.0,955.04,956.05,0.0
1998-09-01,955.87,956.06,921.72,927.69,0.0
1998-10-01,927.69,927.69,927.69,927.69,0.0
1998-11-01,927.69,927.69,927.69,927.69,0.0
1998-12-01,926.64,939.28,912.83,939.21,0.0
,939.94,952.14,939.94,952.12,0.0
,952.52,958.12,948.0,957.94,0.0
,957.6,957.6,950.22,950.73,0.0
,951.82,965.11,951.82,961.51,0.0
,961.51,961.51,961.51,961.51,0.0
,961.51,961.51,961.51,961.51,0.0
,961.51,961.51,961.51,961.51,0.0
,962.05,978.6,962.05,978.6,0.0
,977.95,978.6,963.29,970.81,0.0
,970.07,970.81,959.49,963.04,0.0
,963.32,966.44,950.86,957.59,0.0
,957.59,957.59,957.59,957.59,0.0
,957.59,957.59,957.59,957.59,0.0
,957.72,963.04,954.24,956.95,0.0
,957.0,973.23,956.26,969.02,0.0
,969.5,978.63,969.02,977.46,0.0
,977.19,992.65,975.21,985.49,0.0
,985.91,987.41,979.63,980.28,0.0
,980.28,980.28,980.28,980.28,0.0
1998-01-02,980.28,980.28,980.28,980.28,0.0
1998-02-02,980.9,1002.48,980.28,1001.27,0.0
1998-03-02,1001.31,1006.13,996.9,1006.0,0.0
1998-04-02,1005.62,1009.52,999.43,1006.9,0.0
1998-05-02,1007.64,1013.51,1000.27,1003.54,0.0
1998-06-02,1003.38,1013.07,1003.36,1012.46,0.0
1998-07-02,1012.46,1012.46,1012.46,1012.46,0.0
1998-08-02,1012.46,1012.46,1012.46,1012.46,0.0
1998-09-02,1012.67,1015.33,1006.28,1010.74,0.0
1998-10-02,1010.73,1022.15,1010.71,1019.01,0.0
1998-11-02,1018.54,1020.71,1016.38,1020.01,0.0
1998-12-02,1019.25,1026.3,1008.55,1024.14,0.0
,1023.7,1024.14,1017.71,1020.09,0.0
,1020.09,1020.09,1020.09,1020.09,0.0
,1020.09,1020.09,1020.09,1020.09,0.0
,1020.09,1020.09,1020.09,1020.09,0.0
,1020.57,1028.02,1020.09,1022.76,0.0
,1022.38,1032.08,1021.7,1032.08,0.0
,1032.93,1032.93,1026.62,1028.28,0.0
,1029.11,1034.21,1022.69,1034.21,0.0
,1034.21,1034.21,1034.21,1034.21,0.0
,1034.21,1034.21,1034.21,1034.21,0.0
,1035.83,1038.68,1031.76,1038.14,0.0
,1038.73,1038.73,1028.89,1030.56,0.0
,1031.21,1045.79,1030.56,1042.9,0.0
,1042.83,1048.68,1039.85,1048.67,0.0
,1048.72,1051.66,1044.4,1049.34,0.0
,1049.34,1049.34,1049.34,1049.34,0.0
1998-01-03,1049.34,1049.34,1049.34,1049.34,0.0
1998-02-03,1049.99,1053.98,1044.7,1047.7,0.0
1998-03-03,1046.55,1052.02,1043.41,1052.02,0.0
1998-04-03,1050.92,1052.02,1042.74,1047.33,0.0
1998-05-03,1042.36,1047.33,1030.87,1035.05,0.0
1998-06-03,1035.46,1055.69,1035.05,1055.69,0.0
1998-07-03,1055.69,1055.69,1055.69,1055.69,0.0
1998-08-03,1055.69,1055.69,1055.69,1055.69,0.0
1998-09-03,1055.21,1058.55,1050.02,1052.31,0.0
1998-10-03,1053.89,1064.59,1052.31,1064.25,0.0
1998-11-03,1064.8,1069.18,1064.22,1068.47,0.0
1998-12-03,1069.22,1071.87,1063.54,1069.92,0.0
,1070.92,1075.86,1066.54,1068.61,0.0
,1068.61,1068.61,1068.61,1068.61,0.0
,1068.61,1068.61,1068.61,1068.61,0.0
,1069.07,1079.46,1068.61,1079.27,0.0
,1079.15,1080.52,1073.29,1080.45,0.0
,1079.66,1085.52,1077.77,1085.52,0.0
,1085.46,1089.74,1084.3,1089.74,0.0
,1090.01,1101.04,1089.39,1099.16,0.0
,1099.16,1099.16,1099.16,1099.16,0.0
,1099.16,1099.16,1099.16,1099.16,0.0
,1098.31,1101.16,1094.25,1095.55,0.0
,1096.13,1106.75,1095.55,1105.65,0.0
,1108.57,1113.13,1092.85,1101.93,0.0
,1101.65,1106.28,1097.0,1100.8,0.0
,1101.14,1107.18,1091.14,1095.44,0.0
,1095.44,1095.44,1095.44,1095.44,0.0
,1095.44,1095.44,1095.44,1095.44,0.0
,1095.52,1099.1,1090.02,1093.55,0.0
,1093.75,1110.13,1093.55,1101.75,0.0
1998-01-04,1101.82,1109.19,1095.29,1108.15,0.0
1998-02-04,1107.99,1121.01,1107.89,1120.01,0.0
1998-03-04,1120.26,1126.36,1118.12,1122.7,0.0
1998-04-04,1122.7,1122.7,1122.7,1122.7,0.0
1998-05-04,1122.7,1122.7,1122.7,1122.7,0.0
1998-06-04,1122.55,1131.99,1121.37,1121.38,0.0
1998-07-04,1120.62,1121.38,1102.44,1109.55,0.0
1998-08-04,1111.6,1111.6,1098.21,1101.65,0.0
1998-09-04,1102.07,1111.45,1101.65,1110.67,0.0
1998-10-04,1110.67,1110.67,1110.67,1110.67,0.0
1998-11-04,1110.67,1110.67,1110.67,1110.67,0.0
1998-12-04,1110.67,1110.67,1110.67,1110.67,0.0
,1110.58,1110.75,1100.6,1109.69,0.0
,1109.16,1115.95,1109.16,1115.75,0.0
,1116.76,1119.9,1112.25,1119.32,0.0
,1118.6,1119.32,1105.27,1108.17,0.0
,1108.07,1122.72,1104.95,1122.72,0.0
,1122.72,1122.72,1122.72,1122.72,0.0
,1122.72,1122.72,1122.72,1122.72,0.0
,1122.78,1124.88,1118.43,1123.65,0.0
,1123.89,1129.65,1119.54,1126.67,0.0
,1127.0,1132.98,1126.29,1130.54,0.0
,1129.85,1130.54,1117.49,1119.58,0.0
,1118.96,1122.81,1104.77,1107.9,0.0
,1107.9,1107.9,1107.9,1107.9,0.0
,1107.9,1107.9,1107.9,1107.9,0.0
,1105.89,1107.9,1076.7,1086.54,0.0
,1088.03,1095.94,1081.49,1085.11,0.0
,1085.21,1098.24,1084.7,1094.63,0.0
,1095.21,1116.97,1095.21,1111.75,0.0
1998-01-05,1112.16,1121.02,1111.75,1121.0,0.0
1998-02-05,1121.0,1121.0,1121.0,1121.0,0.0
1998-03-05,1121.0,1121.0,1121.0,1121.0,0.0
1998-04-05,1121.27,1130.52,1121.0,1122.07,0.0
1998-05-05,1121.76,1122.07,1111.16,1115.5,0.0
1998-06-05,1115.61,1118.39,1104.64,1104.92,0.0
1998-07-05,1104.97,1105.58,1094.59,1095.14,0.0
1998-08-05,1094.54,1111.42,1094.53,1108.14,0.0
1998-09-05,1108.14,1108.14,1108.14,1108.14,0.0
1998-10-05,1108.14,1108.14,1108.14,1108.14,0.0
1998-11-05,1108.04,1119.13,1103.72,1106.64,0.0
1998-12-05,1106.33,1115.96,1102.78,1115.79,0.0
,1116.67,1122.22,1114.93,1118.86,0.0
,1117.88,1124.03,1112.43,1117.37,0.0
,1117.58,1118.66,1107.11,1108.73,0.0
,1108.73,1108.73,1108.73,1108.73,0.0
,1108.73,1108.73,1108.73,1108.73,0.0
,1107.18,1112.44,1097.99,1105.82,0.0
,1106.49,1113.53,1106.49,1109.52,0.0
,1109.67,1119.08,1107.51,1119.06,0.0
,1118.94,1124.45,1111.94,1114.64,0.0
,1115.03,1116.89,1107.99,1110.47,0.0
,1110.47,1110.47,1110.47,1110.47,0.0
,1110.47,1110.47,1110.47,1110.47,0.0
,1110.47,1110.47,1110.47,1110.47,0.0
,1110.92,1116.79,1094.01,1094.02,0.0
,1092.72,1094.44,1074.39,1092.23,0.0
,1091.97,1099.73,1089.06,1097.6,0.0
,1097.86,1104.16,1090.82,1090.82,0.0
,1090.82,1090.82,1090.82,1090.82,0.0
,1090.82,1090.82,1090.82,1090.82,0.0
1998-01-06,1089.95,1097.85,1084.22,1090.98,0.0
1998-02-06,1091.92,1098.71,1089.67,1093.22,0.0
1998-03-06,1093.7,1097.43,1081.09,1082.73,0.0
1998-04-06,1083.66,1095.93,1078.09,1094.83,0.0
1998-05-06,1094.98,1113.88,1084.28,1113.86,0.0
1998-06-06,1113.86,1113.86,1113.86,1113.86,0.0
1998-07-06,1113.86,1113.86,1113.86,1113.86,0.0
1998-08-06,1113.77,1119.7,1113.31,1115.72,0.0
1998-09-06,1115.55,1119.92,1111.31,1118.41,0.0
1998-10-06,1117.67,1126.0,1110.27,1112.28,0.0
1998-11-06,1112.36,1114.2,1094.28,1094.58,0.0
1998-12-06,1094.34,1098.84,1080.83,1098.84,0.0
,1098.84,1098.84,1098.84,1098.84,0.0
,1098.84,1098.84,1098.84,1098.84,0.0
,1097.15,1098.84,1077.01,1077.01,0.0
,1077.9,1087.59,1074.67,1087.59,0.0
,1087.59,1112.87,1087.58,1107.11,0.0
,1106.95,1109.36,1103.71,1106.37,0.0
,1107.39,1111.25,1097.1,1100.65,0.0
,1100.65,1100.65,1100.65,1100.65,0.0
,1100.65,1100.65,1100.65,1100.65,0.0
,1100.71,1109.01,1099.42,1103.24,0.0
,1103.86,1119.49,1103.21,1119.49,0.0
,1120.61,1134.4,1115.1,1132.88,0.0
,1133.67,1142.04,1127.6,1129.28,0.0
,1129.3,1136.83,1129.28,1133.2,0.0
,1133.2,1133.2,1133.2,1133.2,0.0
,1133.2,1133.2,1133.2,1133.2,0.0
,1134.54,1145.15,1133.2,1138.49,0.0
,1137.24,1140.8,1131.98,1133.84,0.0
1998-01-07,1135.67,1148.56,1133.84,1148.56,0.0
1998-02-07,1147.73,1148.56,1142.99,1146.42,0.0
1998-03-07,1146.42,1146.42,1146.42,1146.42,0.0
1998-04-07,1146.42,1146.42,1146.42,1146.42,0.0
1998-05-07,1146.42,1146.42,1146.42,1146.42,0.0
1998-06-07,1146.19,1157.33,1145.03,1157.33,0.0
1998-07-07,1157.28,1159.8,1152.84,1154.66,0.0
1998-08-07,1154.53,1166.82,1154.47,1166.38,0.0
1998-09-07,1166.03,1166.38,1156.03,1158.56,0.0
1998-10-07,1158.65,1166.93,1150.88,1164.33,0.0
1998-11-07,1164.33,1164.33,1164.33,1164.33,0.0
1998-12-07,1164.33,1164.33,1164.33,1164.33,0.0
,1164.72,1166.98,1160.21,1165.19,0.0
,1166.0,1179.76,1165.19,1177.58,0.0
,1178.31,1181.48,1174.73,1174.81,0.0
,1175.03,1184.02,1170.4,1183.99,0.0
,1184.44,1188.1,1182.42,1186.75,0.0
,1186.75,1186.75,1186.75,1186.75,0.0
,1186.75,1186.75,1186.75,1186.75,0.0
,1187.14,1190.58,1179.19,1184.1,0.0
,1184.47,1187.37,1163.05,1165.07,0.0
,1163.88,1167.67,1155.2,1164.08,0.0
,1163.8,1164.35,1139.75,1139.75,0.0
,1140.71,1150.14,1129.11,1140.8,0.0
,1140.8,1140.8,1140.8,1140.8,0.0
,1140.8,1140.8,1140.8,1140.8,0.0
,1140.01,1147.27,1127.6,1147.27,0.0
,1147.04,1147.27,1119.44,1130.24,0.0
,1131.25,1138.56,1121.98,1125.21,0.0
,1126.27,1143.07,1125.21,1142.95,0.0
,1142.79,1142.97,1114.3,1120.67,0.0
1998-01-08,1120.67,1120.67,1120.67,1120.67,0.0
1998-02-08,1120.67,1120.67,1120.67,1120.67,0.0
1998-03-08,1110.39,1121.79,1109.76,1112.44,0.0
1998-04-08,1112.94,1119.73,1071.82,1072.12,0.0
1998-05-08,1074.92,1084.8,1057.35,1081.43,0.0
1998-06-08,1080.32,1090.95,1074.94,1089.63,0.0
1998-07-08,1090.51,1102.54,1084.72,1089.45,0.0
1998-08-08,1089.45,1089.45,1089.45,1089.45,0.0
1998-09-08,1089.45,1089.45,1089.45,1089.45,0.0
1998-10-08,1089.67,1092.82,1081.76,1083.14,0.0
1998-11-08,1080.43,1083.14,1054.0,1068.98,0.0
1998-12-08,1070.98,1084.7,1068.98,1084.22,0.0
,1083.65,1091.5,1074.91,1074.91,0.0
,1075.72,1083.92,1057.22,1062.75,0.0
,1062.75,1062.75,1062.75,1062.75,0.0
,1062.75,1062.75,1062.75,1062.75,0.0
,1062.32,1083.67,1055.08,1083.67,0.0
,1084.12,1101.72,1083.67,1101.2,0.0
,1102.87,1106.32,1094.93,1098.06,0.0
,1097.17,1098.79,1089.55,1091.6,0.0
,1089.93,1091.6,1054.92,1081.24,0.0
,1081.24,1081.24,1081.24,1081.24,0.0
,1081.24,1081.24,1081.24,1081.24,0.0
,1081.45,1093.82,1081.24,1088.14,0.0
,1089.61,1106.64,1085.53,1092.85,0.0
,1090.94,1092.85,1075.91,1084.19,0.0
,1082.01,1084.19,1037.61,1042.59,0.0
,1041.95,1051.8,1021.04,1027.14,0.0
,1027.14,1027.14,1027.14,1027.14,0.0
,1027.14,1027.14,1027.14,1027.14,0.0
,1027.55,1033.47,957.28,957.28,0.0
1998-01-09,957.72,1000.71,939.98,994.26,0.0
1998-02-09,995.22,1013.19,988.4,990.47,0.0
1998-03-09,988.98,990.47,969.32,982.26,0.0
1998-04-09,983.41,991.41,956.5,973.89,0.0
1998-05-09,973.89,973.89,973.89,973.89,0.0
1998-06-09,973.89,973.89,973.89,973.89,0.0
1998-07-09,973.89,973.89,973.89,973.89,0.0
1998-08-09,978.86,1023.46,973.89,1023.46,0.0
1998-09-09,1023.63,1027.72,1004.56,1006.2,0.0
1998-10-09,1004.03,1006.2,968.64,980.19,0.0
1998-11-09,981.62,1009.06,969.75,1009.06,0.0
1998-12-09,1009.06,1009.06,1009.06,1009.06,0.0
,1009.06,1009.06,1009.06,1009.06,0.0
,1025.82,1038.38,1009.06,1029.72,0.0
,1029.16,1037.9,1021.42,1037.68,0.0
,1038.0,1046.07,1029.31,1045.48,0.0
,1041.72,1045.48,1016.05,1018.87,0.0
,1019.56,1022.01,1011.86,1020.09,0.0
,1020.09,1020.09,1020.09,1020.09,0.0
,1020.09,1020.09,1020.09,1020.09,0.0
,1017.35,1026.02,993.82,1023.89,0.0
,1025.06,1033.89,1021.96,1029.63,0.0
,1038.15,1066.09,1029.63,1066.09,0.0
,1065.68,1066.11,1033.04,1042.72,0.0
,1041.73,1051.89,1028.49,1044.75,0.0
,1044.75,1044.75,1044.75,1044.75,0.0
,1044.75,1044.75,1044.75,1044.75,0.0
,1045.5,1061.46,1042.23,1048.69,0.0
,1049.23,1056.31,1039.88,1049.02,0.0
,1047.21,1049.02,1015.73,1017.01,0.0
1998-01-10,1016.56,1017.01,981.25,986.39,0.0
1998-02-10,985.54,1005.42,971.65,1002.6,0.0
1998-03-10,1002.6,1002.6,1002.6,1002.6,0.0
1998-04-10,1002.6,1002.6,1002.6,1002.6,0.0
1998-05-10,1000.01,1002.6,964.72,988.56,0.0
1998-06-10,992.13,1008.77,974.81,984.59,0.0
1998-07-10,983.78,995.66,957.15,970.68,0.0
1998-08-10,970.68,970.68,923.32,959.44,0.0
1998-09-10,961.39,984.42,953.04,984.39,0.0
1998-10-10,984.39,984.39,984.39,984.39,0.0
1998-11-10,984.39,984.39,984.39,984.39,0.0
1998-12-10,987.2,1010.71,984.39,997.71,0.0
,997.2,1000.78,987.55,994.8,0.0
,994.21,1014.42,987.8,1005.53,0.0
,1005.33,1053.15,1000.12,1047.49,0.0
,1048.4,1062.65,1047.49,1056.42,0.0
,1056.42,1056.42,1056.42,1056.42,0.0
,1056.42,1056.42,1056.42,1056.42,0.0
,1055.84,1065.21,1054.23,1062.39,0.0
,1063.33,1084.06,1060.61,1063.93,0.0
,1066.01,1073.61,1058.08,1069.92,0.0
,1069.38,1080.43,1061.47,1078.48,0.0
,1077.67,1078.48,1067.43,1070.67,0.0
,1070.67,1070.67,1070.67,1070.67,0.0
,1070.67,1070.67,1070.67,1070.67,0.0
,1071.26,1081.23,1068.17,1072.32,0.0
,1073.74,1087.08,1063.06,1065.34,0.0
,1064.75,1072.79,1059.66,1068.13,0.0
,1067.57,1086.11,1065.95,1085.93,0.0
,1086.75,1103.78,1085.93,1098.67,0.0
,1098.67,1098.67,1098.67,1098.67,0.0
1998-01-11,1098.67,1098.67,1098.67,1098.67,0.0
1998-02-11,1099.35,1114.44,1098.67,1111.6,0.0
1998-03-11,1111.33,1115.02,1106.42,1110.84,0.0
1998-04-11,1112.29,1127.18,1110.59,1118.67,0.0
1998-05-11,1117.84,1133.88,1109.55,1133.85,0.0
1998-06-11,1133.51,1141.3,1131.18,1141.01,0.0
1998-07-11,1141.01,1141.01,1141.01,1141.01,0.0
1998-08-11,1141.01,1141.01,1141.01,1141.01,0.0
1998-09-11,1140.86,1141.01,1123.17,1130.2,0.0
1998-10-11,1129.55,1135.37,1122.8,1128.26,0.0
1998-11-11,1130.98,1136.21,1117.4,1120.97,0.0
1998-12-11,1119.96,1126.57,1115.55,1117.69,0.0
,1117.69,1126.34,1116.76,1125.72,0.0
,1125.72,1125.72,1125.72,1125.72,0.0
,1125.72,1125.72,1125.72,1125.72,0.0
,1127.56,1138.72,1125.72,1135.86,0.0
,1135.15,1151.71,1129.67,1139.32,0.0
,1138.98,1144.52,1133.07,1144.48,0.0
,1145.06,1155.1,1144.42,1152.61,0.0
,1154.22,1163.55,1152.61,1163.55,0.0
,1163.55,1163.55,1163.55,1163.55,0.0
,1163.55,1163.55,1163.55,1163.55,0.0
,1163.85,1188.21,1163.55,1188.21,0.0
,1187.95,1191.3,1181.81,1182.99,0.0
,1183.42,1187.19,1179.37,1186.87,0.0
,1186.87,1186.87,1186.87,1186.87,0.0
,1187.42,1192.97,1186.83,1192.33,0.0
,1192.33,1192.33,1192.33,1192.33,0.0
,1192.33,1192.33,1192.33,1192.33,0.0
,1192.54,1192.54,1163.63,1163.63,0.0
1998-01-12,1162.36,1175.89,1150.31,1175.28,0.0
1998-02-12,1173.56,1175.28,1157.76,1171.25,0.0
1998-03-12,1171.07,1176.99,1149.61,1150.14,0.0
1998-04-12,1153.43,1176.74,1150.14,1176.74,0.0
1998-05-12,1176.74,1176.74,1176.74,1176.74,0.0
1998-06-12,1176.74,1176.74,1176.74,1176.74,0.0
1998-07-12,1177.33,1188.96,1176.71,1187.7,0.0
1998-08-12,1187.77,1193.53,1172.78,1181.38,0.0
1998-09-12,1180.71,1185.22,1175.89,1183.49,0.0
1998-10-12,1183.49,1183.77,1163.75,1165.02,0.0
1998-11-12,1164.69,1167.89,1153.19,1166.46,0.0
1998-12-12,1166.46,1166.46,1166.46,1166.46,0.0
,1166.46,1166.46,1166.46,1166.46,0.0
,1165.33,1166.46,1136.89,1141.2,0.0
,1143.21,1162.83,1141.2,1162.83,0.0
,1163.59,1166.29,1154.69,1161.94,0.0
,1162.73,1180.03,1161.94,1179.98,0.0
,1181.39,1188.89,1178.27,1188.03,0.0
,1188.03,1188.03,1188.03,1188.03,0.0
,1188.03,1188.03,1188.03,1188.03,0.0
,1190.84,1210.88,1188.03,1202.84,0.0
,1203.12,1209.22,1192.72,1203.57,0.0
,1206.71,1229.89,1203.57,1228.54,0.0
,1228.38,1229.72,1224.85,1226.27,0.0
,1226.27,1226.27,1226.27,1226.27,0.0
,1226.27,1226.27,1226.27,1226.27,0.0
,1226.27,1226.27,1226.27,1226.27,0.0
,1227.67,1231.52,1221.17,1225.49,0.0
,1225.49,1241.86,1220.78,1241.81,0.0
,1241.91,1244.95,1231.2,1231.93,0.0
,1232.57,1237.18,1224.96,1229.23,0.0
1999-01-01,1229.23,1229.23,1229.23,1229.23,0.0
1999-02-01,1229.23,1229.23,1229.23,1229.23,0.0
1999-03-01,1229.23,1229.23,1229.23,1229.23,0.0
1999-04-01,1229.23,1248.81,1219.1,1228.1,0.0
1999-05-01,1228.1,1246.11,1228.1,1244.78,0.0
1999-06-01,1247.62,1272.5,1244.78,1272.34,0.0
1999-07-01,1270.57,1272.34,1257.68,1269.73,0.0
1999-08-01,1272.33,1278.24,1261.82,1275.09,0.0
1999-09-01,1275.09,1275.09,1275.09,1275.09,0.0
1999-10-01,1275.09,1275.09,1275.09,1275.09,0.0
1999-11-01,1271.67,1276.22,1253.34,1263.88,0.0
1999-12-01,1263.88,1264.45,1238.29,1239.51,0.0
,1232.47,1247.75,1205.46,1234.4,0.0
,1235.5,1236.81,1209.54,1212.19,0.0
,1212.95,1243.26,1212.19,1243.26,0.0
,1243.26,1243.26,1243.26,1243.26,0.0
,1243.26,1243.26,1243.26,1243.26,0.0
,1243.26,1243.26,1243.26,1243.26,0.0
,1245.81,1253.27,1234.91,1252.0,0.0
,1256.56,1274.07,1251.54,1256.62,0.0
,1255.88,1256.94,1232.19,1235.16,0.0
,1232.19,1236.41,1217.97,1225.19,0.0
,1225.19,1225.19,1225.19,1225.19,0.0
,1225.19,1225.19,1225.19,1225.19,0.0
,1227.8,1233.98,1219.4,1233.98,0.0
,1236.5,1253.25,1233.98,1252.31,0.0
,1253.21,1262.61,1242.82,1243.17,0.0
,1246.06,1266.4,1243.17,1265.37,0.0
,1266.4,1280.37,1255.18,1279.64,0.0
,1279.64,1279.64,1279.64,1279.64,0.0
,1279.64,1279.64,1279.64,1279.64,0.0
1999-01-02,1280.93,1283.75,1271.31,1273.0,0.0
1999-02-02,1273.0,1273.49,1247.56,1261.99,0.0
1999-03-02,1260.54,1276.04,1255.27,1272.07,0.0
1999-04-02,1271.64,1272.23,1248.36,1248.49,0.0
1999-05-02,1249.31,1251.86,1232.28,1239.4,0.0
1999-06-02,1239.4,1239.4,1239.4,1239.4,0.0
1999-07-02,1239.4,1239.4,1239.4,1239.4,0.0
1999-08-02,1242.21,1246.93,1231.98,1243.77,0.0
1999-09-02,1243.59,1243.97,1215.63,1216.14,0.0
1999-10-02,1215.34,1226.78,1211.89,1223.55,0.0
1999-11-02,1225.81,1254.05,1223.19,1254.04,0.0
1999-12-02,1251.11,1254.04,1225.53,1230.13,0.0
,1230.13,1230.13,1230.13,1230.13,0.0
,1230.13,1230.13,1230.13,1230.13,0.0
,1230.13,1230.13,1230.13,1230.13,0.0
,1234.1,1252.17,1230.13,1241.87,0.0
,1237.49,1249.31,1220.92,1224.03,0.0
,1225.87,1239.13,1220.7,1237.28,0.0
,1238.47,1247.91,1232.03,1239.22,0.0
,1239.22,1239.22,1239.22,1239.22,0.0
,1239.22,1239.22,1239.22,1239.22,0.0
,1239.71,1272.22,1239.22,1272.14,0.0
,1273.64,1280.38,1263.36,1271.18,0.0
,1271.97,1283.84,1251.94,1253.41,0.0
,1252.16,1253.41,1225.01,1245.02,0.0
,1243.58,1246.73,1226.24,1238.33,0.0
,1238.33,1238.33,1238.33,1238.33,0.0
,1238.33,1238.33,1238.33,1238.33,0.0
1999-01-03,1238.12,1238.7,1221.88,1236.16,0.0
1999-02-03,1236.57,1248.31,1221.87,1225.5,0.0
1999-03-03,1226.39,1231.63,1216.03,1227.7,0.0
1999-04-03,1229.8,1247.74,1227.7,1246.64,0.0
1999-05-03,1249.61,1275.73,1246.64,1275.47,0.0
1999-06-03,1275.47,1275.47,1275.47,1275.47,0.0
1999-07-03,1275.47,1275.47,1275.47,1275.47,0.0
1999-08-03,1277.4,1282.74,1271.58,1282.73,0.0
1999-09-03,1282.75,1293.74,1275.11,1279.84,0.0
1999-10-03,1280.41,1287.02,1275.16,1286.84,0.0
1999-11-03,1287.58,1306.43,1286.84,1297.68,0.0
1999-12-03,1296.9,1304.42,1289.17,1294.59,0.0
,1294.59,1294.59,1294.59,1294.59,0.0
,1294.59,1294.59,1294.59,1294.59,0.0
,1295.18,1307.47,1291.03,1307.26,0.0
,1307.52,1311.11,1302.29,1306.38,0.0
,1306.37,1306.55,1292.63,1297.82,0.0
,1297.37,1317.62,1294.75,1316.55,0.0
,1317.85,1323.82,1298.92,1299.29,0.0
,1299.29,1299.29,1299.29,1299.29,0.0
,1299.29,1299.29,1299.29,1299.29,0.0
,1299.7,1303.84,1294.26,1297.01,0.0
,1296.25,1297.01,1257.46,1262.14,0.0
,1262.49,1269.02,1256.43,1268.59,0.0
,1270.75,1290.01,1268.59,1289.99,0.0
,1289.16,1289.99,1277.25,1282.8,0.0
,1282.8,1282.8,1282.8,1282.8,0.0
,1282.8,1282.8,1282.8,1282.8,0.0
,1284.34,1311.76,1282.8,1310.17,0.0
,1310.1,1310.17,1295.47,1300.75,0.0
,1303.13,1313.6,1285.87,1286.37,0.0
1999-01-04,1288.71,1294.54,1282.56,1293.72,0.0
1999-02-04,1293.72,1293.72,1293.72,1293.72,0.0
1999-03-04,1293.72,1293.72,1293.72,1293.72,0.0
1999-04-04,1293.72,1293.72,1293.72,1293.72,0.0
1999-05-04,1296.66,1321.21,1293.72,1321.12,0.0
1999-06-04,1320.48,1326.76,1311.07,1317.89,0.0
1999-07-04,1320.02,1329.58,1312.59,1326.89,0.0
1999-08-04,1326.95,1344.08,1321.6,1343.98,0.0
1999-09-04,1344.34,1351.22,1335.24,1348.35,0.0
1999-10-04,1348.35,1348.35,1348.35,1348.35,0.0
1999-11-04,1348.35,1348.35,1348.35,1348.35,0.0
1999-12-04,1341.86,1358.69,1333.48,1358.64,0.0
,1359.51,1362.1,1344.22,1349.82,0.0
,1352.09,1357.24,1326.41,1328.44,0.0
,1330.48,1332.41,1308.38,1322.86,0.0
,1322.27,1325.03,1311.4,1319.0,0.0
,1319.0,1319.0,1319.0,1319.0,0.0
,1319.0,1319.0,1319.0,1319.0,0.0
,1319.75,1340.1,1284.48,1289.48,0.0
,1290.65,1306.3,1284.21,1306.17,0.0
,1306.55,1336.12,1301.84,1336.12,0.0
,1341.44,1358.84,1336.12,1358.82,0.0
,1359.06,1363.65,1348.45,1356.85,0.0
,1356.85,1356.85,1356.85,1356.85,0.0
,1356.85,1356.85,1356.85,1356.85,0.0
,1358.44,1363.56,1353.72,1360.04,0.0
,1360.98,1371.56,1356.55,1362.8,0.0
,1363.42,1368.62,1348.29,1350.91,0.0
,1351.14,1356.75,1336.81,1342.83,0.0
,1345.62,1351.83,1314.58,1335.18,0.0
1999-01-05,1335.18,1335.18,1335.18,1335.18,0.0
1999-02-05,1335.18,1335.18,1335.18,1335.18,0.0
1999-03-05,1335.56,1354.63,1329.01,1354.63,0.0
1999-04-05,1354.24,1354.64,1330.64,1332.0,0.0
1999-05-05,1332.67,1347.32,1317.44,1347.31,0.0
1999-06-05,1334.32,1348.36,1322.56,1332.05,0.0
1999-07-05,1334.46,1345.99,1332.05,1345.0,0.0
1999-08-05,1345.0,1345.0,1345.0,1345.0,0.0
1999-09-05,1345.0,1345.0,1345.0,1345.0,0.0
1999-10-05,1345.77,1352.01,1334.0,1340.3,0.0
1999-11-05,1342.07,1360.0,1340.3,1355.61,0.0
1999-12-05,1357.42,1367.36,1333.1,1364.0,0.0
,1364.4,1375.98,1364.0,1367.56,0.0
,1365.57,1367.56,1332.63,1337.8,0.0
,1337.8,1337.8,1337.8,1337.8,0.0
,1337.8,1337.8,1337.8,1337.8,0.0
,1337.3,1339.95,1321.19,1339.49,0.0
,1340.29,1345.44,1323.46,1333.32,0.0
,1333.53,1344.23,1327.05,1344.23,0.0
,1344.9,1350.49,1338.83,1338.83,0.0
,1338.87,1340.88,1326.19,1330.29,0.0
,1330.29,1330.29,1330.29,1330.29,0.0
,1330.29,1330.29,1330.29,1330.29,0.0
,1330.92,1333.02,1303.53,1306.65,0.0
,1306.75,1317.52,1284.38,1284.4,0.0
,1286.23,1304.85,1278.43,1304.76,0.0
,1304.06,1304.06,1277.31,1281.41,0.0
,1283.04,1304.0,1281.41,1301.84,0.0
,1301.84,1301.84,1301.84,1301.84,0.0
,1301.84,1301.84,1301.84,1301.84,0.0
,1301.84,1301.84,1301.84,1301.84,0.0
1999-01-06,1301.35,1301.84,1281.44,1294.26,0.0
1999-02-06,1294.25,1297.1,1277.47,1294.81,0.0
1999-03-06,1295.11,1304.15,1294.2,1299.54,0.0
1999-04-06,1300.87,1327.75,1299.54,1327.75,0.0
1999-05-06,1327.75,1327.75,1327.75,1327.75,0.0
1999-06-06,1327.75,1327.75,1327.75,1327.75,0.0
1999-07-06,1328.28,1336.42,1325.89,1334.52,0.0
1999-08-06,1333.79,1334.52,1312.83,1317.33,0.0
1999-09-06,1318.39,1326.01,1314.73,1318.64,0.0
1999-10-06,1317.88,1318.64,1293.28,1302.82,0.0
1999-11-06,1303.48,1311.97,1287.88,1293.64,0.0
1999-12-06,1293.64,1293.64,1293.64,1293.64,0.0
,1293.64,1293.64,1293.64,1293.64,0.0
,1294.63,1301.99,1292.2,1294.0,0.0
,1299.3,1310.75,1294.0,1301.16,0.0
,1305.75,1332.83,1301.16,1330.41,0.0
,1328.42,1343.54,1322.75,1339.9,0.0
,1337.14,1344.48,1333.52,1342.84,0.0
,1342.84,1342.84,1342.84,1342.84,0.0
,1342.84,1342.84,1342.84,1342.84,0.0
,1343.55,1349.06,1337.63,1349.0,0.0
,1347.76,1351.12,1335.52,1335.88,0.0
,1335.06,1335.88,1322.55,1333.06,0.0
,1332.65,1333.06,1308.47,1315.78,0.0
,1317.44,1329.13,1312.64,1315.31,0.0
,1315.31,1315.31,1315.31,1315.31,0.0
,1315.31,1315.31,1315.31,1315.31,0.0
,1316.08,1338.68,1315.31,1331.35,0.0
,1331.45,1351.51,1328.4,1351.45,0.0
,1350.34,1372.93,1338.78,1372.71,0.0
1999-01-07,1372.67,1382.8,1360.8,1380.96,0.0
1999-02-07,1381.05,1391.22,1379.57,1391.22,0.0
1999-03-07,1391.22,1391.22,1391.22,1391.22,0.0
1999-04-07,1391.22,1391.22,1391.22,1391.22,0.0
1999-05-07,1391.22,1391.22,1391.22,1391.22,0.0
1999-06-07,1392.32,1405.29,1387.08,1388.12,0.0
1999-07-07,1388.52,1395.98,1384.95,1395.86,0.0
1999-08-07,1395.28,1403.25,1386.69,1394.42,0.0
1999-09-07,1394.42,1403.28,1394.42,1403.28,0.0
1999-10-07,1403.28,1403.28,1403.28,1403.28,0.0
1999-11-07,1403.28,1403.28,1403.28,1403.28,0.0
1999-12-07,1403.98,1406.82,1394.7,1399.1,0.0
,1397.56,1399.1,1386.84,1393.56,0.0
,1395.23,1400.05,1386.51,1398.17,0.0
,1398.95,1409.84,1398.17,1409.62,0.0
,1410.96,1418.78,1407.07,1418.78,0.0
,1418.78,1418.78,1418.78,1418.78,0.0
,1418.78,1418.78,1418.78,1418.78,0.0
,1419.32,1420.33,1404.56,1407.65,0.0
,1405.39,1407.65,1375.15,1377.1,0.0
,1378.0,1386.66,1372.63,1379.29,0.0
,1378.05,1379.29,1353.98,1360.97,0.0
,1362.55,1367.41,1349.91,1356.94,0.0
,1356.94,1356.94,1356.94,1356.94,0.0
,1356.94,1356.94,1356.94,1356.94,0.0
,1355.37,1358.61,1346.2,1347.76,0.0
,1351.01,1368.7,1347.76,1362.84,0.0
,1362.62,1370.39,1355.57,1365.4,0.0
,1361.8,1365.4,1332.64,1341.03,0.0
,1341.92,1350.87,1328.49,1328.72,0.0
,1328.72,1328.72,1328.72,1328.72,0.0
1999-01-08,1328.72,1328.72,1328.72,1328.72,0.0
1999-02-08,1332.29,1344.69,1325.21,1328.05,0.0
1999-03-08,1330.01,1336.13,1314.91,1322.18,0.0
1999-04-08,1322.36,1330.16,1304.5,1305.33,0.0
1999-05-08,1305.41,1313.71,1287.23,1313.71,0.0
1999-06-08,1312.66,1316.74,1293.19,1300.29,0.0
1999-07-08,1300.29,1300.29,1300.29,1300.29,0.0
1999-08-08,1300.29,1300.29,1300.29,1300.29,0.0
1999-09-08,1301.4,1306.68,1295.99,1297.8,0.0
1999-10-08,1296.94,1298.62,1267.73,1281.43,0.0
1999-11-08,1283.41,1301.94,1281.43,1301.93,0.0
1999-12-08,1301.52,1313.59,1298.1,1298.16,0.0
,1300.75,1327.72,1298.16,1327.68,0.0
,1327.68,1327.68,1327.68,1327.68,0.0
,1327.68,1327.68,1327.68,1327.68,0.0
,1328.26,1331.05,1320.51,1330.77,0.0
,1332.86,1344.16,1328.76,1344.16,0.0
,1343.55,1344.16,1332.13,1332.84,0.0
,1331.57,1332.84,1315.35,1323.59,0.0
,1324.85,1336.61,1323.59,1336.61,0.0
,1336.61,1336.61,1336.61,1336.61,0.0
,1336.61,1336.61,1336.61,1336.61,0.0
,1338.11,1360.24,1336.61,1360.22,0.0
,1359.58,1373.32,1353.63,1363.5,0.0
,1364.75,1382.84,1359.2,1381.79,0.0
,1381.42,1381.79,1361.53,1362.01,0.0
,1363.28,1365.63,1347.35,1348.27,0.0
,1348.27,1348.27,1348.27,1348.27,0.0
,1348.27,1348.27,1348.27,1348.27,0.0
,1348.01,1350.7,1322.8,1324.02,0.0
,1324.07,1333.27,1306.96,1320.41,0.0
1999-01-09,1320.86,1331.18,1320.39,1331.07,0.0
1999-02-09,1328.36,1331.07,1304.88,1319.11,0.0
1999-03-09,1322.77,1357.74,1319.11,1357.24,0.0
1999-04-09,1357.24,1357.24,1357.24,1357.24,0.0
1999-05-09,1357.24,1357.24,1357.24,1357.24,0.0
1999-06-09,1357.24,1357.24,1357.24,1357.24,0.0
1999-07-09,1356.43,1361.35,1349.56,1350.45,0.0
1999-08-09,1343.44,1355.18,1337.37,1344.15,0.0
1999-09-09,1344.98,1347.66,1333.94,1347.66,0.0
1999-10-09,1349.7,1357.71,1346.08,1351.66,0.0
1999-11-09,1351.66,1351.66,1351.66,1351.66,0.0
1999-12-09,1351.66,1351.66,1351.66,1351.66,0.0
,1350.8,1351.66,1341.72,1344.13,0.0
,1343.78,1344.18,1330.61,1336.29,0.0
,1337.17,1347.21,1317.97,1317.97,0.0
,1318.46,1322.51,1299.97,1318.48,0.0
,1319.68,1337.59,1318.48,1335.42,0.0
,1335.42,1335.42,1335.42,1335.42,0.0
,1335.42,1335.42,1335.42,1335.42,0.0
,1334.74,1338.38,1330.61,1335.53,0.0
,1334.2,1335.53,1301.97,1307.58,0.0
,1308.4,1316.18,1297.81,1310.51,0.0
,1311.92,1315.25,1277.3,1280.41,0.0
,1278.29,1281.17,1263.84,1277.36,0.0
,1277.36,1277.36,1277.36,1277.36,0.0
,1277.36,1277.36,1277.36,1277.36,0.0
,1280.89,1295.03,1277.36,1283.31,0.0
,1282.05,1285.55,1256.26,1282.2,0.0
,1281.99,1288.83,1268.16,1268.37,0.0
,1268.99,1291.31,1268.37,1282.71,0.0
1999-01-10,1281.5,1283.17,1265.78,1282.81,0.0
1999-02-10,1282.81,1282.81,1282.81,1282.81,0.0
1999-03-10,1282.81,1282.81,1282.81,1282.81,0.0
1999-04-10,1282.81,1304.6,1282.81,1304.6,0.0
1999-05-10,1304.47,1316.41,1286.44,1301.35,0.0
1999-06-10,1302.17,1325.46,1300.38,1325.4,0.0
1999-07-10,1325.02,1328.05,1314.13,1317.64,0.0
1999-08-10,1317.26,1336.61,1311.88,1336.02,0.0
1999-09-10,1336.02,1336.02,1336.02,1336.02,0.0
1999-10-10,1336.02,1336.02,1336.02,1336.02,0.0
1999-11-10,1336.02,1344.26,1324.4,1335.21,0.0
1999-12-10,1335.21,1335.77,1311.8,1313.04,0.0
,1313.04,1313.04,1282.8,1285.55,0.0
,1285.55,1289.59,1267.75,1283.42,0.0
,1283.42,1283.42,1245.39,1247.41,0.0
,1247.41,1247.41,1247.41,1247.41,0.0
,1247.41,1247.41,1247.41,1247.41,0.0
,1247.41,1254.13,1233.66,1254.13,0.0
,1254.13,1279.3,1254.13,1261.32,0.0
,1261.32,1289.44,1261.32,1289.43,0.0
,1289.43,1289.43,1265.61,1283.61,0.0
,1283.61,1308.89,1283.61,1301.65,0.0
,1301.65,1301.65,1301.65,1301.65,0.0
,1301.65,1301.65,1301.65,1301.65,0.0
,1301.65,1301.83,1286.08,1293.63,0.0
,1293.63,1303.44,1281.86,1281.91,0.0
,1281.91,1299.39,1280.48,1296.71,0.0
,1296.71,1342.47,1296.71,1342.44,0.0
,1342.44,1373.22,1342.44,1362.93,0.0
,1362.93,1362.93,1362.93,1362.93,0.0
,1362.93,1362.93,1362.93,1362.93,0.0
1999-01-11,1362.93,1367.37,1353.92,1354.12,0.0
1999-02-11,1354.12,1369.44,1346.49,1347.74,0.0
1999-03-11,1347.74,1360.44,1347.74,1354.93,0.0
1999-04-11,1354.93,1369.4,1354.93,1362.64,0.0
1999-05-11,1362.64,1387.49,1362.64,1370.23,0.0
1999-06-11,1370.23,1370.23,1370.23,1370.23,0.0
1999-07-11,1370.23,1370.23,1370.23,1370.23,0.0
1999-08-11,1370.23,1380.78,1363.73,1377.01,0.0
1999-09-11,1377.01,1383.81,1361.45,1365.28,0.0
1999-10-11,1365.28,1379.26,1360.19,1373.46,0.0
1999-11-11,1373.46,1382.12,1372.2,1381.46,0.0
1999-12-11,1381.46,1396.12,1367.97,1396.06,0.0
,1396.06,1396.06,1396.06,1396.06,0.0
,1396.06,1396.06,1396.06,1396.06,0.0
,1396.06,1398.59,1392.17,1394.39,0.0
,1394.39,1420.36,1394.39,1420.03,0.0
,1420.07,1423.55,1410.69,1410.71,0.0
,1410.71,1425.27,1410.71,1424.94,0.0
,1424.94,1424.94,1417.61,1422.0,0.0
,1422.0,1422.0,1422.0,1422.0,0.0
,1422.0,1422.0,1422.0,1422.0,0.0
,1422.0,1425.15,1412.3,1420.94,0.0
,1420.94,1424.1,1402.2,1404.64,0.0
,1404.64,1419.71,1399.17,1417.08,0.0
,1417.08,1417.08,1417.08,1417.08,0.0
,1417.08,1425.24,1416.14,1416.62,0.0
,1416.62,1416.62,1416.62,1416.62,0.0
,1416.62,1416.62,1416.62,1416.62,0.0
,1416.62,1416.62,1404.15,1407.83,0.0
,1407.83,1410.59,1386.95,1389.07,0.0
1999-01-12,1388.91,1400.12,1387.38,1397.72,0.0
1999-02-12,1397.72,1409.04,1397.72,1409.04,0.0
1999-03-12,1409.04,1447.42,1409.04,1433.3,0.0
1999-04-12,1433.3,1433.3,1433.3,1433.3,0.0
1999-05-12,1433.3,1433.3,1433.3,1433.3,0.0
1999-06-12,1433.3,1434.15,1418.25,1423.34,0.0
1999-07-12,1423.33,1426.81,1409.17,1409.17,0.0
1999-08-12,1409.17,1415.66,1403.88,1403.88,0.0
1999-09-12,1403.88,1418.46,1391.5,1408.11,0.0
1999-10-12,1408.11,1421.58,1405.65,1417.04,0.0
1999-11-12,1417.04,1417.04,1417.04,1417.04,0.0
1999-12-12,1417.04,1417.04,1417.04,1417.04,0.0
,1417.04,1421.58,1410.1,1415.22,0.0
,1415.22,1418.3,1401.59,1403.17,0.0
,1403.17,1417.34,1395.93,1413.33,0.0
,1413.32,1422.94,1408.35,1418.78,0.0
,1418.78,1431.77,1418.78,1421.05,0.0
,1421.05,1421.05,1421.05,1421.05,0.0
,1421.05,1421.05,1421.05,1421.05,0.0
,1421.05,1429.16,1411.1,1418.09,0.0
,1418.09,1436.47,1414.8,1433.43,0.0
,1433.43,1440.02,1429.05,1435.99,0.0
,1436.13,1461.44,1436.13,1458.34,0.0
,1458.34,1458.34,1458.34,1458.34,0.0
,1458.34,1458.34,1458.34,1458.34,0.0
,1458.34,1458.34,1458.34,1458.34,0.0
,1458.34,1463.19,1450.83,1457.09,0.0
,1457.09,1462.68,1452.78,1457.66,0.0
,1457.66,1467.47,1457.66,1463.46,0.0
,1463.46,1473.1,1462.6,1464.47,0.0
,1464.47,1472.42,1463.36,1469.25,0.0
2000-01-01,1469.25,1469.25,1469.25,1469.25,0.0
2000-02-01,1469.25,1469.25,1469.25,1469.25,0.0
2000-03-01,1469.25,1478.0,1438.36,1455.22,0.0
2000-04-01,1455.22,1455.22,1397.43,1399.42,0.0
2000-05-01,1399.42,1413.27,1377.68,1402.11,0.0
2000-06-01,1402.11,1411.9,1392.02,1403.45,0.0
2000-07-01,1403.45,1441.47,1400.73,1441.47,0.0
2000-08-01,1441.47,1441.47,1441.47,1441.47,0.0
2000-09-01,1441.47,1441.47,1441.47,1441.47,0.0
2000-10-01,1441.47,1464.36,1441.47,1457.6,0.0
2000-11-01,1457.6,1458.66,1434.42,1438.56,0.0
2000-12-01,1438.56,1442.6,1427.08,1432.25,0.0
,1432.25,1454.2,1432.25,1449.68,0.0
,1449.68,1473.0,1449.68,1465.15,0.0
,1465.15,1465.15,1465.15,1465.15,0.0
,1465.15,1465.15,1465.15,1465.15,0.0
,1465.15,1465.15,1465.15,1465.15,0.0
,1465.15,1465.15,1451.3,1455.14,0.0
,1455.14,1461.39,1448.68,1455.9,0.0
,1455.9,1465.71,1438.54,1445.57,0.0
,1445.57,1453.18,1439.6,1441.36,0.0
,1441.36,1441.36,1441.36,1441.36,0.0
,1441.36,1441.36,1441.36,1441.36,0.0
,1441.36,1454.09,1395.42,1401.91,0.0
,1401.53,1414.26,1388.49,1410.03,0.0
,1410.03,1412.73,1400.16,1404.09,0.0
,1404.09,1418.86,1380.71,1398.56,0.0
,1398.56,1398.56,1356.2,1360.16,0.0
,1360.16,1360.16,1360.16,1360.16,0.0
,1360.16,1360.16,1360.16,1360.16,0.0
,1360.16,1394.5,1350.05,1394.46,0.0
2000-01-02,1394.46,1412.49,1384.79,1409.28,0.0
2000-02-02,1409.28,1420.61,1403.49,1409.12,0.0
2000-03-02,1409.12,1425.78,1398.52,1424.97,0.0
2000-04-02,1424.97,1435.91,1420.63,1424.37,0.0
2000-05-02,1424.37,1424.37,1424.37,1424.37,0.0
2000-06-02,1424.37,1424.37,1424.37,1424.37,0.0
2000-07-02,1424.37,1427.15,1413.33,1423.0,0.0
2000-08-02,1424.24,1441.83,1424.24,1441.75,0.0
2000-09-02,1441.72,1444.55,1411.65,1411.71,0.0
2000-10-02,1411.7,1422.1,1406.43,1416.83,0.0
2000-11-02,1416.83,1416.83,1378.89,1387.12,0.0
2000-12-02,1387.12,1387.12,1387.12,1387.12,0.0
,1387.12,1387.12,1387.12,1387.12,0.0
,1387.12,1394.93,1380.53,1389.94,0.0
,1389.94,1407.72,1376.25,1402.05,0.0
,1402.05,1404.55,1385.58,1387.67,0.0
,1387.67,1399.88,1380.07,1388.25,0.0
,1388.26,1388.59,1345.32,1346.09,0.0
,1346.09,1346.09,1346.09,1346.09,0.0
,1346.09,1346.09,1346.09,1346.09,0.0
,1346.09,1346.09,1346.09,1346.09,0.0
,1346.09,1358.11,1331.88,1352.17,0.0
,1352.17,1370.11,1342.44,1360.69,0.0
,1360.69,1364.8,1329.88,1353.43,0.0
,1353.43,1362.14,1329.15,1333.36,0.0
,1333.36,1333.36,1333.36,1333.36,0.0
,1333.36,1333.36,1333.36,1333.36,0.0
,1333.36,1360.82,1325.02,1348.05,0.0
,1348.05,1369.63,1348.05,1366.42,0.0
2000-01-03,1366.42,1383.46,1366.42,1379.19,0.0
2000-02-03,1379.19,1386.56,1370.35,1381.76,0.0
2000-03-03,1381.76,1410.88,1381.76,1409.17,0.0
2000-04-03,1409.17,1409.17,1409.17,1409.17,0.0
2000-05-03,1409.17,1409.17,1409.17,1409.17,0.0
2000-06-03,1409.17,1409.74,1384.75,1391.28,0.0
2000-07-03,1391.28,1399.21,1349.99,1355.62,0.0
2000-08-03,1355.62,1373.79,1346.62,1366.7,0.0
2000-09-03,1366.7,1401.82,1357.59,1401.69,0.0
2000-10-03,1401.69,1413.46,1392.07,1395.07,0.0
2000-11-03,1395.07,1395.07,1395.07,1395.07,0.0
2000-12-03,1395.07,1395.07,1395.07,1395.07,0.0
,1395.07,1398.39,1364.84,1383.62,0.0
,1383.62,1395.38,1359.15,1359.15,0.0
,1359.15,1397.99,1356.99,1392.14,0.0
,1392.15,1458.47,1392.15,1458.47,0.0
,1458.47,1477.33,1453.27,1464.47,0.0
,1464.47,1464.47,1464.47,1464.47,0.0
,1464.47,1464.47,1464.47,1464.47,0.0
,1464.47,1470.3,1448.43,1456.63,0.0
,1456.63,1493.92,1446.06,1493.87,0.0
,1493.87,1505.08,1487.33,1500.64,0.0
,1500.64,1532.5,1492.39,1527.35,0.0
,1527.35,1552.87,1516.83,1527.46,0.0
,1527.46,1527.46,1527.46,1527.46,0.0
,1527.46,1527.46,1527.46,1527.46,0.0
,1527.46,1534.63,1518.46,1523.86,0.0
,1523.86,1527.36,1507.09,1507.73,0.0
,1507.73,1521.45,1497.45,1508.52,0.0
,1508.52,1517.38,1474.63,1487.92,0.0
,1487.92,1519.81,1484.38,1498.58,0.0
2000-01-04,1498.58,1498.58,1498.58,1498.58,0.0
2000-02-04,1498.58,1498.58,1498.58,1498.58,0.0
2000-03-04,1498.58,1507.19,1486.96,1505.97,0.0
2000-04-04,1505.98,1526.45,1416.41,1494.73,0.0
2000-05-04,1494.73,1506.55,1478.05,1487.37,0.0
2000-06-04,1487.37,1511.76,1487.37,1501.34,0.0
2000-07-04,1501.34,1518.68,1501.34,1516.35,0.0
2000-08-04,1516.35,1516.35,1516.35,1516.35,0.0
2000-09-04,1516.35,1516.35,1516.35,1516.35,0.0
2000-10-04,1516.35,1527.19,1503.35,1504.46,0.0
2000-11-04,1504.46,1512.8,1486.78,1500.59,0.0
2000-12-04,1500.59,1509.1,1466.15,1467.17,0.0
,1467.17,1477.52,1439.34,1440.51,0.0
,1440.51,1440.51,1339.4,1357.31,0.0
,1357.31,1357.31,1357.31,1357.31,0.0
,1357.31,1357.31,1357.31,1357.31,0.0
,1357.31,1401.53,1346.5,1401.44,0.0
,1401.44,1441.61,1397.81,1441.61,0.0
,1441.61,1447.69,1424.26,1427.47,0.0
,1427.47,1435.49,1422.08,1434.54,0.0
,1434.54,1434.54,1434.54,1434.54,0.0
,1434.54,1434.54,1434.54,1434.54,0.0
,1434.54,1434.54,1434.54,1434.54,0.0
,1434.54,1434.54,1407.13,1429.86,0.0
,1429.86,1477.67,1429.86,1477.14,0.0
,1477.14,1482.94,1456.98,1460.99,0.0
,1460.99,1469.21,1434.81,1464.92,0.0
,1464.92,1473.62,1448.15,1452.43,0.0
,1452.43,1452.43,1452.43,1452.43,0.0
,1452.43,1452.43,1452.43,1452.43,0.0
2000-01-05,1452.43,1481.51,1452.43,1468.25,0.0
2000-02-05,1468.25,1468.25,1445.22,1446.29,0.0
2000-03-05,1446.29,1446.29,1398.36,1415.1,0.0
2000-04-05,1415.1,1420.99,1404.94,1409.38,0.0
2000-05-05,1409.38,1436.03,1405.08,1432.63,0.0
2000-06-05,1432.63,1432.63,1432.63,1432.63,0.0
2000-07-05,1432.63,1432.63,1432.63,1432.63,0.0
2000-08-05,1432.63,1432.63,1417.05,1424.17,0.0
2000-09-05,1424.17,1430.28,1401.85,1412.14,0.0
2000-10-05,1412.14,1412.14,1375.14,1383.05,0.0
2000-11-05,1383.05,1410.26,1383.05,1407.81,0.0
2000-12-05,1407.81,1430.13,1407.81,1420.96,0.0
,1420.96,1420.96,1420.96,1420.96,0.0
,1420.96,1420.96,1420.96,1420.96,0.0
,1420.96,1452.39,1416.54,1452.36,0.0
,1452.36,1470.4,1450.76,1466.04,0.0
,1466.04,1466.04,1441.67,1447.8,0.0
,1447.8,1458.04,1436.59,1437.21,0.0
,1437.21,1437.21,1401.74,1406.95,0.0
,1406.95,1406.95,1406.95,1406.95,0.0
,1406.95,1406.95,1406.95,1406.95,0.0
,1406.95,1410.55,1368.73,1400.72,0.0
,1400.72,1404.04,1373.6,1373.86,0.0
,1373.86,1401.75,1361.09,1399.05,0.0
,1399.05,1411.65,1373.93,1381.52,0.0
,1381.52,1391.42,1369.75,1378.02,0.0
,1378.02,1378.02,1378.02,1378.02,0.0
,1378.02,1378.02,1378.02,1378.02,0.0
,1378.02,1378.02,1378.02,1378.02,0.0
,1378.02,1422.45,1378.02,1422.45,0.0
,1422.45,1434.49,1415.5,1420.6,0.0
2000-01-06,1420.6,1448.81,1420.6,1448.81,0.0
2000-02-06,1448.81,1483.23,1448.81,1477.26,0.0
2000-03-06,1477.26,1477.26,1477.26,1477.26,0.0
2000-04-06,1477.26,1477.26,1477.26,1477.26,0.0
2000-05-06,1477.26,1477.28,1464.68,1467.63,0.0
2000-06-06,1467.63,1471.36,1454.74,1457.84,0.0
2000-07-06,1457.84,1474.64,1455.06,1471.36,0.0
2000-08-06,1471.36,1475.65,1456.49,1461.67,0.0
2000-09-06,1461.67,1472.67,1454.96,1456.95,0.0
2000-10-06,1456.95,1456.95,1456.95,1456.95,0.0
2000-11-06,1456.95,1456.95,1456.95,1456.95,0.0
2000-12-06,1456.95,1462.93,1445.99,1446.0,0.0
,1446.0,1470.42,1442.38,1469.44,0.0
,1469.44,1483.62,1467.71,1470.54,0.0
,1470.54,1482.04,1464.62,1478.6,0.0
,1478.6,1480.77,1460.42,1464.46,0.0
,1464.46,1464.46,1464.46,1464.46,0.0
,1464.46,1464.46,1464.46,1464.46,0.0
,1464.46,1488.93,1459.05,1486.0,0.0
,1486.0,1487.32,1470.18,1475.95,0.0
,1475.95,1482.19,1468.0,1479.13,0.0
,1479.13,1479.13,1448.03,1452.18,0.0
,1452.18,1459.94,1438.31,1441.48,0.0
,1441.48,1441.48,1441.48,1441.48,0.0
,1441.48,1441.48,1441.48,1441.48,0.0
,1441.48,1459.66,1441.48,1455.25,0.0
,1455.25,1463.44,1450.55,1450.55,0.0
,1450.55,1467.6,1450.55,1454.82,0.0
,1454.82,1455.14,1434.63,1442.39,0.0
,1442.39,1454.68,1438.71,1454.6,0.0
2000-01-07,1454.6,1454.6,1454.6,1454.6,0.0
2000-02-07,1454.6,1454.6,1454.6,1454.6,0.0
2000-03-07,1454.6,1469.58,1450.85,1469.32,0.0
2000-04-07,1469.32,1469.32,1469.32,1469.32,0.0
2000-05-07,1469.32,1469.54,1442.45,1446.23,0.0
2000-06-07,1446.23,1461.65,1439.56,1456.67,0.0
2000-07-07,1456.67,1484.12,1456.67,1478.9,0.0
2000-08-07,1478.9,1478.9,1478.9,1478.9,0.0
2000-09-07,1478.9,1478.9,1478.9,1478.9,0.0
2000-10-07,1478.9,1486.56,1474.76,1475.62,0.0
2000-11-07,1475.62,1488.77,1470.48,1480.88,0.0
2000-12-07,1480.88,1497.69,1480.88,1492.92,0.0
,1492.92,1501.39,1489.65,1495.84,0.0
,1495.84,1509.99,1494.56,1509.98,0.0
,1509.98,1509.98,1509.98,1509.98,0.0
,1509.98,1509.98,1509.98,1509.98,0.0
,1509.98,1517.32,1505.26,1510.49,0.0
,1510.49,1510.49,1491.35,1493.74,0.0
,1493.74,1495.63,1479.92,1481.96,0.0
,1481.96,1501.92,1481.96,1495.47,0.0
,1495.47,1495.57,1477.91,1480.19,0.0
,1480.19,1480.19,1480.19,1480.19,0.0
,1480.19,1480.19,1480.19,1480.19,0.0
,1480.19,1485.88,1463.8,1464.29,0.0
,1464.29,1476.23,1464.29,1474.47,0.0
,1474.47,1474.47,1452.42,1452.42,0.0
,1452.42,1464.91,1445.33,1449.62,0.0
,1449.62,1456.68,1413.89,1419.89,0.0
,1419.89,1419.89,1419.89,1419.89,0.0
,1419.89,1419.89,1419.89,1419.89,0.0
,1419.89,1437.65,1418.71,1430.83,0.0
2000-01-08,1430.83,1443.54,1428.96,1438.1,0.0
2000-02-08,1438.1,1451.59,1433.49,1438.7,0.0
2000-03-08,1438.7,1454.19,1425.43,1452.56,0.0
2000-04-08,1452.56,1462.93,1451.31,1462.93,0.0
2000-05-08,1462.93,1462.93,1462.93,1462.93,0.0
2000-06-08,1462.93,1462.93,1462.93,1462.93,0.0
2000-07-08,1462.93,1480.8,1460.72,1479.32,0.0
2000-08-08,1479.32,1484.4,1472.53,1482.81,0.0
2000-09-08,1482.81,1490.37,1471.32,1472.87,0.0
2000-10-08,1472.87,1475.19,1459.85,1460.25,0.0
2000-11-08,1460.25,1475.72,1453.06,1471.84,0.0
2000-12-08,1471.84,1471.84,1471.84,1471.84,0.0
,1471.84,1471.84,1471.84,1471.84,0.0
,1471.84,1491.64,1468.56,1491.56,0.0
,1491.56,1493.12,1482.74,1484.43,0.0
,1484.43,1496.09,1475.74,1479.85,0.0
,1479.85,1499.32,1479.85,1496.07,0.0
,1496.07,1499.47,1488.99,1491.72,0.0
,1491.72,1491.72,1491.72,1491.72,0.0
,1491.72,1491.72,1491.72,1491.72,0.0
,1491.72,1502.84,1491.13,1499.48,0.0
,1499.48,1508.45,1497.42,1498.13,0.0
,1498.13,1507.2,1489.52,1505.97,0.0
,1505.97,1511.16,1501.25,1508.31,0.0
,1508.31,1513.47,1505.09,1506.46,0.0
,1506.46,1506.46,1506.46,1506.46,0.0
,1506.46,1506.46,1506.46,1506.46,0.0
,1506.46,1523.88,1506.46,1514.09,0.0
,1514.09,1514.89,1505.48,1509.84,0.0
,1509.84,1510.49,1500.09,1502.59,0.0
,1502.59,1525.21,1502.59,1517.68,0.0
2000-01-09,1517.68,1530.09,1515.53,1520.77,0.0
2000-02-09,1520.77,1520.77,1520.77,1520.77,0.0
2000-03-09,1520.77,1520.77,1520.77,1520.77,0.0
2000-04-09,1520.77,1520.77,1520.77,1520.77,0.0
2000-05-09,1520.77,1520.77,1503.75,1507.08,0.0
2000-06-09,1507.08,1512.61,1492.12,1492.25,0.0
2000-07-09,1492.25,1505.34,1492.25,1502.51,0.0
2000-08-09,1502.51,1502.51,1489.88,1494.5,0.0
2000-09-09,1494.5,1494.5,1494.5,1494.5,0.0
2000-10-09,1494.5,1494.5,1494.5,1494.5,0.0
2000-11-09,1494.5,1506.76,1483.01,1487.85,0.0
2000-12-09,1489.26,1496.93,1479.67,1481.99,0.0
,1481.99,1487.45,1473.61,1484.91,0.0
,1484.91,1494.16,1476.73,1480.87,0.0
,1480.87,1480.96,1460.22,1465.81,0.0
,1465.81,1465.81,1465.81,1465.81,0.0
,1465.81,1465.81,1465.81,1465.81,0.0
,1465.81,1467.77,1441.92,1444.51,0.0
,1444.51,1461.16,1444.51,1459.9,0.0
,1459.9,1460.49,1430.95,1451.34,0.0
,1451.34,1452.77,1436.3,1449.05,0.0
,1449.05,1449.05,1421.08,1448.72,0.0
,1448.72,1448.72,1448.72,1448.72,0.0
,1448.72,1448.72,1448.72,1448.72,0.0
,1448.72,1457.42,1435.93,1439.03,0.0
,1439.03,1448.04,1425.25,1427.21,0.0
,1427.21,1437.22,1419.44,1426.57,0.0
,1426.57,1461.69,1425.78,1458.29,0.0
,1458.29,1458.29,1436.29,1436.51,0.0
,1436.51,1436.51,1436.51,1436.51,0.0
2000-01-10,1436.51,1436.51,1436.51,1436.51,0.0
2000-02-10,1436.52,1445.6,1429.83,1436.23,0.0
2000-03-10,1436.23,1454.82,1425.28,1426.46,0.0
2000-04-10,1426.46,1439.99,1416.31,1434.32,0.0
2000-05-10,1434.32,1444.17,1431.8,1436.28,0.0
2000-06-10,1436.28,1443.3,1397.06,1408.99,0.0
2000-07-10,1408.99,1408.99,1408.99,1408.99,0.0
2000-08-10,1408.99,1408.99,1408.99,1408.99,0.0
2000-09-10,1408.99,1409.69,1392.48,1402.03,0.0
2000-10-10,1402.03,1408.83,1383.85,1385.94,0.0
2000-11-10,1387.02,1387.02,1349.67,1364.59,0.0
2000-12-10,1364.59,1374.93,1328.06,1329.78,0.0
,1329.78,1374.17,1326.81,1374.17,0.0
,1374.17,1374.17,1374.17,1374.17,0.0
,1374.17,1374.17,1374.17,1374.17,0.0
,1374.17,1379.48,1365.06,1374.62,0.0
,1374.62,1380.99,1342.34,1349.97,0.0
,1349.97,1356.65,1305.79,1342.13,0.0
,1342.13,1389.93,1342.13,1388.76,0.0
,1388.76,1408.47,1382.19,1396.93,0.0
,1396.93,1396.93,1396.93,1396.93,0.0
,1396.93,1396.93,1396.93,1396.93,0.0
,1396.93,1406.96,1387.75,1395.78,0.0
,1395.78,1415.64,1388.13,1398.13,0.0
,1398.13,1398.13,1362.21,1364.9,0.0
,1364.9,1372.72,1337.77,1364.44,0.0
,1364.44,1384.57,1364.13,1379.58,0.0
,1379.58,1379.58,1379.58,1379.58,0.0
,1379.58,1379.58,1379.58,1379.58,0.0
,1379.58,1406.36,1376.86,1398.66,0.0
,1398.66,1432.22,1398.66,1429.4,0.0
2000-01-11,1429.4,1429.6,1410.45,1421.22,0.0
2000-02-11,1421.22,1433.27,1421.13,1428.32,0.0
2000-03-11,1428.32,1433.21,1420.92,1426.69,0.0
2000-04-11,1426.69,1426.69,1426.69,1426.69,0.0
2000-05-11,1426.69,1426.69,1426.69,1426.69,0.0
2000-06-11,1426.69,1438.46,1426.69,1432.19,0.0
2000-07-11,1432.19,1436.22,1423.26,1431.87,0.0
2000-08-11,1431.87,1437.28,1408.78,1409.28,0.0
2000-09-11,1409.28,1409.28,1369.68,1400.14,0.0
2000-10-11,1400.14,1400.14,1365.97,1365.98,0.0
2000-11-11,1365.98,1365.98,1365.98,1365.98,0.0
2000-12-11,1365.98,1365.98,1365.98,1365.98,0.0
,1365.98,1365.98,1328.62,1351.26,0.0
,1351.26,1390.06,1351.26,1382.95,0.0
,1382.95,1395.96,1374.75,1390.04,0.0
,1389.81,1394.68,1370.4,1372.32,0.0
,1372.32,1384.85,1355.55,1367.72,0.0
,1367.72,1367.72,1367.72,1367.72,0.0
,1367.72,1367.72,1367.72,1367.72,0.0
,1367.72,1367.72,1341.67,1342.62,0.0
,1342.62,1355.87,1333.62,1347.35,0.0
,1347.35,1347.35,1321.89,1322.36,0.0
,1322.36,1322.36,1322.36,1322.36,0.0
,1322.36,1343.83,1322.36,1341.77,0.0
,1341.77,1341.77,1341.77,1341.77,0.0
,1341.77,1341.77,1341.77,1341.77,0.0
,1341.77,1362.5,1341.77,1348.97,0.0
,1348.97,1358.81,1334.97,1336.09,0.0
,1336.09,1352.38,1329.28,1341.93,0.0
,1341.91,1341.91,1294.9,1314.95,0.0
2000-01-12,1314.95,1334.67,1307.02,1315.23,0.0
2000-02-12,1315.23,1315.23,1315.23,1315.23,0.0
2000-03-12,1315.23,1315.23,1315.23,1315.23,0.0
2000-04-12,1315.18,1332.06,1310.23,1324.97,0.0
2000-05-12,1324.97,1376.56,1324.97,1376.54,0.0
2000-06-12,1376.54,1376.54,1346.15,1351.46,0.0
2000-07-12,1351.46,1353.5,1339.26,1343.55,0.0
2000-08-12,1343.55,1380.33,1343.55,1369.89,0.0
2000-09-12,1369.89,1369.89,1369.89,1369.89,0.0
2000-10-12,1369.89,1369.89,1369.89,1369.89,0.0
2000-11-12,1369.89,1389.05,1364.14,1380.2,0.0
2000-12-12,1380.2,1380.27,1370.27,1371.18,0.0
,1371.18,1385.82,1358.48,1359.99,0.0
,1359.99,1359.99,1340.48,1340.93,0.0
,1340.93,1340.93,1305.38,1312.15,0.0
,1312.15,1312.15,1312.15,1312.15,0.0
,1312.15,1312.15,1312.15,1312.15,0.0
,1312.15,1332.32,1312.15,1322.74,0.0
,1322.96,1346.44,1305.2,1305.6,0.0
,1305.6,1305.6,1261.16,1264.74,0.0
,1264.74,1285.31,1254.07,1274.86,0.0
,1274.86,1305.97,1274.86,1305.95,0.0
,1305.95,1305.95,1305.95,1305.95,0.0
,1305.95,1305.95,1305.95,1305.95,0.0
,1305.95,1305.95,1305.95,1305.95,0.0
,1305.97,1315.94,1301.64,1315.19,0.0
,1315.19,1332.03,1310.96,1328.92,0.0
,1328.92,1335.93,1325.78,1334.22,0.0
,1334.22,1340.1,1317.51,1320.28,0.0
,1320.28,1320.28,1320.28,1320.28,0.0
,1320.28,1320.28,1320.28,1320.28,0.0
2001-01-01,1320.28,1320.28,1320.28,1320.28,0.0
2001-02-01,1320.28,1320.28,1276.05,1283.27,0.0
2001-03-01,1283.27,1347.76,1274.62,1347.56,0.0
2001-04-01,1347.56,1350.24,1329.14,1333.34,0.0
2001-05-01,1333.34,1334.77,1294.95,1298.35,0.0
2001-06-01,1298.35,1298.35,1298.35,1298.35,0.0
2001-07-01,1298.35,1298.35,1298.35,1298.35,0.0
2001-08-01,1298.35,1298.35,1276.29,1295.86,0.0
2001-09-01,1295.86,1311.72,1295.14,1300.8,0.0
2001-10-01,1300.8,1313.76,1287.28,1313.27,0.0
2001-11-01,1313.27,1332.19,1300.8,1326.82,0.0
2001-12-01,1326.82,1333.21,1311.59,1318.55,0.0
,1318.55,1318.55,1318.55,1318.55,0.0
,1318.55,1318.55,1318.55,1318.55,0.0
,1318.55,1318.55,1318.55,1318.55,0.0
,1318.32,1327.81,1313.33,1326.65,0.0
,1326.65,1346.92,1325.41,1329.47,0.0
,1329.89,1352.71,1327.41,1347.97,0.0
,1347.97,1354.55,1336.74,1342.55,0.0
,1342.55,1342.55,1342.55,1342.55,0.0
,1342.55,1342.55,1342.55,1342.55,0.0
,1342.54,1353.62,1333.84,1342.9,0.0
,1342.9,1362.9,1339.63,1360.4,0.0
,1360.4,1369.75,1357.28,1364.3,0.0
,1364.3,1367.35,1354.63,1357.51,0.0
,1357.51,1357.51,1342.75,1354.95,0.0
,1354.95,1354.95,1354.95,1354.95,0.0
,1354.95,1354.95,1354.95,1354.95,0.0
,1354.92,1365.54,1350.36,1364.17,0.0
,1364.17,1375.68,1356.2,1373.73,0.0
,1373.73,1383.37,1364.66,1366.01,0.0
2001-01-02,1366.01,1373.5,1359.34,1373.47,0.0
2001-02-02,1373.47,1376.38,1348.72,1349.47,0.0
2001-03-02,1349.47,1349.47,1349.47,1349.47,0.0
2001-04-02,1349.47,1349.47,1349.47,1349.47,0.0
2001-05-02,1349.47,1354.56,1344.48,1354.31,0.0
2001-06-02,1354.31,1363.55,1350.04,1352.26,0.0
2001-07-02,1352.26,1352.26,1334.26,1340.89,0.0
2001-08-02,1341.1,1350.32,1332.42,1332.53,0.0
2001-09-02,1332.53,1332.53,1309.98,1314.76,0.0
2001-10-02,1314.76,1314.76,1314.76,1314.76,0.0
2001-11-02,1314.76,1314.76,1314.76,1314.76,0.0
2001-12-02,1314.76,1330.96,1313.64,1330.31,0.0
,1330.31,1336.62,1317.51,1318.8,0.0
,1318.8,1320.73,1304.72,1315.92,0.0
,1315.92,1331.29,1315.92,1326.61,0.0
,1326.61,1326.61,1293.18,1301.53,0.0
,1301.53,1301.53,1301.53,1301.53,0.0
,1301.53,1301.53,1301.53,1301.53,0.0
,1301.53,1301.53,1301.53,1301.53,0.0
,1301.53,1307.16,1278.44,1278.94,0.0
,1278.94,1282.97,1253.16,1255.27,0.0
,1255.27,1259.94,1228.33,1252.82,0.0
,1252.82,1252.82,1215.44,1245.86,0.0
,1245.86,1245.86,1245.86,1245.86,0.0
,1245.86,1245.86,1245.86,1245.86,0.0
,1245.86,1267.69,1241.71,1267.65,0.0
,1267.65,1272.76,1252.26,1257.94,0.0
,1257.94,1263.47,1229.65,1239.94,0.0
2001-01-03,1239.94,1241.36,1214.5,1241.23,0.0
2001-02-03,1241.23,1251.01,1219.74,1234.18,0.0
2001-03-03,1234.18,1234.18,1234.18,1234.18,0.0
2001-04-03,1234.18,1234.18,1234.18,1234.18,0.0
2001-05-03,1234.18,1242.55,1234.04,1241.41,0.0
2001-06-03,1241.41,1267.42,1241.41,1253.8,0.0
2001-07-03,1253.8,1263.86,1253.8,1261.89,0.0
2001-08-03,1261.89,1266.5,1257.6,1264.74,0.0
2001-09-03,1264.74,1264.74,1228.42,1233.42,0.0
2001-10-03,1233.42,1233.42,1233.42,1233.42,0.0
2001-11-03,1233.42,1233.42,1233.42,1233.42,0.0
2001-12-03,1233.42,1233.42,1176.78,1180.16,0.0
,1180.16,1197.83,1171.5,1197.66,0.0
,1197.66,1197.66,1155.35,1166.71,0.0
,1166.71,1182.04,1166.71,1173.56,0.0
,1173.56,1173.56,1148.64,1150.53,0.0
,1150.53,1150.53,1150.53,1150.53,0.0
,1150.53,1150.53,1150.53,1150.53,0.0
,1150.53,1173.5,1147.18,1170.81,0.0
,1170.81,1180.56,1142.19,1142.62,0.0
,1142.62,1149.39,1118.74,1122.14,0.0
,1122.14,1124.27,1081.19,1117.58,0.0
,1117.58,1141.83,1117.58,1139.83,0.0
,1139.83,1139.83,1139.83,1139.83,0.0
,1139.83,1139.83,1139.83,1139.83,0.0
,1139.83,1160.02,1139.83,1152.69,0.0
,1152.69,1183.35,1150.96,1182.17,0.0
,1182.17,1182.17,1147.83,1153.29,0.0
,1153.29,1161.69,1136.26,1147.95,0.0
,1147.95,1162.8,1143.83,1160.33,0.0
,1160.33,1160.33,1160.33,1160.33,0.0
2001-01-04,1160.33,1160.33,1160.33,1160.33,0.0
2001-02-04,1160.33,1169.51,1137.51,1145.87,0.0
2001-03-04,1145.87,1145.87,1100.19,1106.46,0.0
2001-04-04,1106.46,1117.5,1091.99,1103.25,0.0
2001-05-04,1103.25,1151.47,1103.25,1151.44,0.0
2001-06-04,1151.44,1151.44,1119.29,1128.43,0.0
2001-07-04,1128.43,1128.43,1128.43,1128.43,0.0
2001-08-04,1128.43,1128.43,1128.43,1128.43,0.0
2001-09-04,1128.43,1146.13,1126.38,1137.59,0.0
2001-10-04,1137.59,1173.92,1137.59,1168.38,0.0
2001-11-04,1179.37,1182.24,1160.26,1165.89,0.0
2001-12-04,1165.89,1183.51,1157.73,1183.5,0.0
,1183.5,1183.5,1183.5,1183.5,0.0
,1183.5,1183.5,1183.5,1183.5,0.0
,1183.5,1183.5,1183.5,1183.5,0.0
,1183.5,1184.64,1167.38,1179.68,0.0
,1179.68,1192.25,1168.9,1191.53,0.0
,1191.81,1248.42,1191.81,1238.16,0.0
,1238.32,1253.71,1233.39,1253.69,0.0
,1253.7,1253.7,1234.41,1242.98,0.0
,1242.98,1242.98,1242.98,1242.98,0.0
,1242.98,1242.98,1242.98,1242.98,0.0
,1242.98,1242.98,1217.47,1224.36,0.0
,1224.36,1233.54,1208.89,1209.47,0.0
,1209.47,1232.36,1207.38,1228.75,0.0
,1228.75,1248.3,1228.75,1234.52,0.0
,1234.52,1253.07,1234.52,1253.05,0.0
,1253.05,1253.05,1253.05,1253.05,0.0
,1253.05,1253.05,1253.05,1253.05,0.0
,1253.05,1269.3,1243.99,1249.46,0.0
2001-01-05,1249.46,1266.47,1243.55,1266.44,0.0
2001-02-05,1266.44,1272.93,1257.7,1267.43,0.0
2001-03-05,1267.43,1267.43,1239.88,1248.58,0.0
2001-04-05,1248.58,1267.51,1232.0,1266.61,0.0
2001-05-05,1266.61,1266.61,1266.61,1266.61,0.0
2001-06-05,1266.61,1266.61,1266.61,1266.61,0.0
2001-07-05,1266.61,1270.0,1259.19,1263.51,0.0
2001-08-05,1266.71,1267.01,1253.0,1261.2,0.0
2001-09-05,1261.2,1261.65,1247.83,1255.54,0.0
2001-10-05,1255.54,1268.14,1254.56,1255.18,0.0
2001-11-05,1255.18,1259.84,1240.79,1245.67,0.0
2001-12-05,1245.67,1245.67,1245.67,1245.67,0.0
,1245.67,1245.67,1245.67,1245.67,0.0
,1245.67,1249.68,1241.02,1248.92,0.0
,1248.92,1257.45,1245.36,1249.44,0.0
,1249.44,1286.39,1243.02,1284.99,0.0
,1284.99,1296.48,1282.65,1288.49,0.0
,1288.49,1292.06,1281.15,1291.96,0.0
,1291.96,1291.96,1291.96,1291.96,0.0
,1291.96,1291.96,1291.96,1291.96,0.0
,1291.96,1312.95,1287.87,1312.83,0.0
,1312.83,1315.93,1306.89,1309.38,0.0
,1309.38,1309.38,1288.7,1289.05,0.0
,1289.05,1295.04,1281.22,1293.17,0.0
,1293.17,1293.17,1276.42,1277.89,0.0
,1277.89,1277.89,1277.89,1277.89,0.0
,1277.89,1277.89,1277.89,1277.89,0.0
,1277.89,1277.89,1277.89,1277.89,0.0
,1277.89,1278.42,1265.41,1267.93,0.0
,1267.93,1267.93,1245.96,1248.08,0.0
,1248.08,1261.91,1248.07,1255.82,0.0
2001-01-06,1255.82,1265.34,1246.88,1260.67,0.0
2001-02-06,1260.67,1260.67,1260.67,1260.67,0.0
2001-03-06,1260.67,1260.67,1260.67,1260.67,0.0
2001-04-06,1260.67,1267.17,1256.36,1267.11,0.0
2001-05-06,1267.11,1286.62,1267.11,1283.57,0.0
2001-06-06,1283.57,1283.85,1269.01,1270.03,0.0
2001-07-06,1270.03,1277.08,1265.08,1276.96,0.0
2001-08-06,1276.96,1277.11,1259.99,1264.96,0.0
2001-09-06,1264.96,1264.96,1264.96,1264.96,0.0
2001-10-06,1264.96,1264.96,1264.96,1264.96,0.0
2001-11-06,1264.96,1264.96,1249.23,1254.39,0.0
2001-12-06,1254.39,1261.0,1235.75,1255.85,0.0
,1255.85,1259.75,1241.59,1241.6,0.0
,1241.6,1241.6,1218.9,1219.87,0.0
,1219.87,1221.5,1203.03,1214.36,0.0
,1214.36,1214.36,1214.36,1214.36,0.0
,1214.36,1214.36,1214.36,1214.36,0.0
,1214.36,1221.23,1208.33,1208.43,0.0
,1208.43,1226.11,1207.71,1212.58,0.0
,1212.58,1225.61,1210.07,1223.14,0.0
,1223.14,1240.24,1220.25,1237.04,0.0
,1237.04,1237.73,1221.41,1225.35,0.0
,1225.35,1225.35,1225.35,1225.35,0.0
,1225.35,1225.35,1225.35,1225.35,0.0
,1225.35,1231.5,1213.6,1218.6,0.0
,1218.6,1220.7,1204.64,1216.76,0.0
,1216.76,1219.92,1207.29,1211.07,0.0
,1211.07,1234.44,1211.07,1226.2,0.0
,1226.2,1237.29,1221.14,1224.42,0.0
,1224.42,1224.42,1224.42,1224.42,0.0
2001-01-07,1224.42,1224.42,1224.42,1224.42,0.0
2001-02-07,1224.42,1239.78,1224.03,1236.72,0.0
2001-03-07,1236.71,1236.71,1229.43,1234.45,0.0
2001-04-07,1234.45,1234.45,1234.45,1234.45,0.0
2001-05-07,1234.45,1234.45,1219.15,1219.24,0.0
2001-06-07,1219.24,1219.24,1188.74,1190.59,0.0
2001-07-07,1190.59,1190.59,1190.59,1190.59,0.0
2001-08-07,1190.59,1190.59,1190.59,1190.59,0.0
2001-09-07,1190.59,1201.76,1189.75,1198.78,0.0
2001-10-07,1198.78,1203.43,1179.93,1181.52,0.0
2001-11-07,1181.52,1184.93,1168.46,1180.18,0.0
2001-12-07,1180.18,1210.25,1180.18,1208.14,0.0
,1208.14,1218.54,1203.61,1215.68,0.0
,1215.68,1215.68,1215.68,1215.68,0.0
,1215.68,1215.68,1215.68,1215.68,0.0
,1215.68,1219.63,1200.05,1202.45,0.0
,1202.45,1215.36,1196.14,1214.44,0.0
,1214.44,1214.44,1198.33,1207.71,0.0
,1207.71,1225.04,1205.8,1215.02,0.0
,1215.02,1215.69,1207.04,1210.85,0.0
,1210.85,1210.85,1210.85,1210.85,0.0
,1210.85,1210.85,1210.85,1210.85,0.0
,1210.85,1215.22,1190.5,1191.03,0.0
,1191.03,1191.03,1165.54,1171.65,0.0
,1171.65,1190.52,1171.28,1190.49,0.0
,1189.95,1204.18,1182.65,1202.93,0.0
,1202.93,1209.26,1195.99,1205.82,0.0
,1205.82,1205.82,1205.82,1205.82,0.0
,1205.82,1205.82,1205.82,1205.82,0.0
,1206.48,1209.05,1200.41,1204.52,0.0
,1204.52,1222.74,1204.52,1211.23,0.0
2001-01-08,1214.3,1223.04,1212.33,1215.93,0.0
2001-02-08,1218.78,1226.27,1215.31,1220.75,0.0
2001-03-08,1219.75,1219.75,1205.31,1214.35,0.0
2001-04-08,1214.35,1214.35,1214.35,1214.35,0.0
2001-05-08,1214.35,1214.35,1214.35,1214.35,0.0
2001-06-08,1211.9,1211.9,1197.35,1200.48,0.0
2001-07-08,1200.47,1207.56,1195.64,1204.4,0.0
2001-08-08,1203.02,1206.79,1181.27,1183.53,0.0
2001-09-08,1182.76,1184.71,1174.68,1183.43,0.0
2001-10-08,1182.7,1193.33,1169.55,1190.16,0.0
2001-11-08,1190.16,1190.16,1190.16,1190.16,0.0
2001-12-08,1190.16,1190.16,1190.16,1190.16,0.0
,1190.84,1193.82,1185.12,1191.29,0.0
,1191.5,1198.79,1184.26,1186.73,0.0
,1187.17,1191.21,1177.61,1178.02,0.0
,1176.38,1181.8,1166.08,1181.66,0.0
,1177.45,1177.45,1156.07,1161.97,0.0
,1161.97,1161.97,1161.97,1161.97,0.0
,1161.97,1161.97,1161.97,1161.97,0.0
,1161.99,1171.41,1160.94,1171.41,0.0
,1171.48,1179.85,1156.56,1157.26,0.0
,1159.31,1168.56,1153.34,1165.31,0.0
,1165.18,1169.86,1160.96,1162.09,0.0
,1164.19,1185.15,1162.79,1184.93,0.0
,1184.93,1184.93,1184.93,1184.93,0.0
,1184.93,1184.93,1184.93,1184.93,0.0
,1184.41,1186.85,1178.07,1179.21,0.0
,1179.26,1179.66,1161.17,1161.51,0.0
,1162.83,1166.97,1147.38,1148.56,0.0
,1148.6,1151.75,1124.87,1129.03,0.0
,1128.21,1141.83,1126.38,1133.58,0.0
2001-01-09,1133.58,1133.58,1133.58,1133.58,0.0
2001-02-09,1133.58,1133.58,1133.58,1133.58,0.0
2001-03-09,1133.58,1133.58,1133.58,1133.58,0.0
2001-04-09,1133.38,1155.4,1129.06,1132.94,0.0
2001-05-09,1133.48,1135.52,1114.86,1131.74,0.0
2001-06-09,1128.95,1128.95,1105.83,1106.4,0.0
2001-07-09,1104.79,1105.82,1082.12,1085.78,0.0
2001-08-09,1085.78,1085.78,1085.78,1085.78,0.0
2001-09-09,1085.78,1085.78,1085.78,1085.78,0.0
2001-10-09,1084.49,1096.94,1073.15,1092.54,0.0
2001-11-09,1092.54,1092.54,1092.54,1092.54,0.0
2001-12-09,1092.54,1092.54,1092.54,1092.54,0.0
,1092.54,1092.54,1092.54,1092.54,0.0
,1092.54,1092.54,1092.54,1092.54,0.0
,1092.54,1092.54,1092.54,1092.54,0.0
,1092.54,1092.54,1092.54,1092.54,0.0
,1082.97,1090.23,1037.46,1038.77,0.0
,1040.08,1046.42,1029.25,1032.74,0.0
,1035.74,1038.91,984.62,1016.1,0.0
,1012.98,1012.98,984.49,984.54,0.0
,975.98,984.54,944.75,965.8,0.0
,965.8,965.8,965.8,965.8,0.0
,965.8,965.8,965.8,965.8,0.0
,969.73,1008.44,969.73,1003.45,0.0
,1003.88,1017.14,998.33,1012.27,0.0
,1013.53,1020.29,1002.62,1007.04,0.0
,1006.29,1018.92,998.24,1018.61,0.0
,1019.73,1040.94,1019.73,1040.94,0.0
,1040.94,1040.94,1040.94,1040.94,0.0
,1040.94,1040.94,1040.94,1040.94,0.0
2001-01-10,1040.2,1040.2,1026.76,1038.55,0.0
2001-02-10,1038.44,1051.33,1034.47,1051.33,0.0
2001-03-10,1048.8,1075.38,1041.48,1072.28,0.0
2001-04-10,1075.29,1084.12,1067.82,1069.62,0.0
2001-05-10,1068.67,1072.35,1053.5,1071.38,0.0
2001-06-10,1071.38,1071.38,1071.38,1071.38,0.0
2001-07-10,1071.38,1071.38,1071.38,1071.38,0.0
2001-08-10,1071.37,1071.37,1056.88,1062.44,0.0
2001-09-10,1062.1,1063.37,1053.83,1056.75,0.0
2001-10-10,1056.71,1081.62,1052.7,1080.99,0.0
2001-11-10,1082.44,1099.16,1082.44,1097.43,0.0
2001-12-10,1095.96,1095.96,1072.15,1091.65,0.0
,1091.65,1091.65,1091.65,1091.65,0.0
,1091.65,1091.65,1091.65,1091.65,0.0
,1088.83,1090.54,1078.19,1089.98,0.0
,1090.91,1101.66,1087.13,1097.54,0.0
,1100.95,1107.12,1076.57,1077.09,0.0
,1077.39,1077.94,1064.54,1068.61,0.0
,1067.84,1075.52,1057.24,1073.48,0.0
,1073.48,1073.48,1073.48,1073.48,0.0
,1073.48,1073.48,1073.48,1073.48,0.0
,1072.35,1090.57,1070.32,1089.9,0.0
,1091.89,1098.99,1081.53,1084.78,0.0
,1085.43,1090.26,1079.98,1085.2,0.0
,1082.42,1100.09,1065.64,1100.09,0.0
,1099.23,1110.61,1094.24,1104.61,0.0
,1104.61,1104.61,1104.61,1104.61,0.0
,1104.61,1104.61,1104.61,1104.61,0.0
,1103.95,1103.95,1078.3,1078.3,0.0
,1075.56,1075.56,1053.61,1059.79,0.0
,1062.29,1074.79,1057.55,1059.78,0.0
2001-01-11,1060.98,1085.61,1054.31,1084.1,0.0
2001-02-11,1084.1,1089.63,1075.58,1087.2,0.0
2001-03-11,1087.2,1087.2,1087.2,1087.2,0.0
2001-04-11,1087.2,1087.2,1087.2,1087.2,0.0
2001-05-11,1087.2,1106.72,1087.2,1102.84,0.0
2001-06-11,1102.84,1119.73,1095.36,1118.86,0.0
2001-07-11,1116.29,1126.62,1112.98,1115.8,0.0
2001-08-11,1118.36,1135.75,1115.42,1118.54,0.0
2001-09-11,1118.18,1123.02,1111.13,1120.31,0.0
2001-10-11,1120.31,1120.31,1120.31,1120.31,0.0
2001-11-11,1120.31,1120.31,1120.31,1120.31,0.0
2001-12-11,1119.71,1121.71,1098.32,1118.33,0.0
,1122.23,1139.14,1122.23,1139.09,0.0
,1141.31,1148.28,1132.87,1141.21,0.0
,1139.61,1146.46,1135.06,1142.24,0.0
,1142.49,1143.52,1129.92,1138.65,0.0
,1138.65,1138.65,1138.65,1138.65,0.0
,1138.65,1138.65,1138.65,1138.65,0.0
,1140.45,1151.06,1140.08,1151.06,0.0
,1149.95,1152.45,1142.17,1142.66,0.0
,1141.32,1141.32,1129.78,1137.03,0.0
,1137.03,1137.03,1137.03,1137.03,0.0
,1137.62,1151.05,1135.9,1150.34,0.0
,1150.34,1150.34,1150.34,1150.34,0.0
,1150.34,1150.34,1150.34,1150.34,0.0
,1151.81,1157.88,1146.17,1157.42,0.0
,1156.07,1163.38,1140.81,1149.5,0.0
,1148.1,1148.1,1128.29,1128.52,0.0
,1130.02,1140.4,1125.51,1140.2,0.0
,1140.19,1143.57,1135.89,1139.45,0.0
2001-01-12,1139.45,1139.45,1139.45,1139.45,0.0
2001-02-12,1139.45,1139.45,1139.45,1139.45,0.0
2001-03-12,1137.53,1137.53,1125.78,1129.9,0.0
2001-04-12,1131.75,1144.8,1128.86,1144.8,0.0
2001-05-12,1143.77,1173.62,1143.77,1170.35,0.0
2001-06-12,1170.22,1173.35,1164.43,1167.1,0.0
2001-07-12,1166.81,1166.81,1152.66,1158.31,0.0
2001-08-12,1158.31,1158.31,1158.31,1158.31,0.0
2001-09-12,1158.31,1158.31,1158.31,1158.31,0.0
2001-10-12,1156.54,1158.14,1139.66,1139.93,0.0
2001-11-12,1141.18,1150.89,1134.32,1136.76,0.0
2001-12-12,1136.83,1141.58,1126.01,1137.07,0.0
,1133.2,1133.2,1117.85,1119.38,0.0
,1119.38,1128.28,1114.53,1123.09,0.0
,1123.09,1123.09,1123.09,1123.09,0.0
,1123.09,1123.09,1123.09,1123.09,0.0
,1123.09,1137.36,1122.34,1134.36,0.0
,1135.41,1145.1,1135.41,1142.92,0.0
,1140.12,1152.44,1134.75,1149.56,0.0
,1147.86,1151.42,1139.93,1139.93,0.0
,1142.23,1147.83,1140.42,1144.89,0.0
,1144.89,1144.89,1144.89,1144.89,0.0
,1144.89,1144.89,1144.89,1144.89,0.0
,1145.19,1147.83,1144.62,1144.65,0.0
,1144.65,1144.65,1144.65,1144.65,0.0
,1145.06,1159.18,1145.06,1149.37,0.0
,1149.99,1157.13,1149.99,1157.13,0.0
,1158.35,1164.64,1157.8,1161.02,0.0
,1161.02,1161.02,1161.02,1161.02,0.0
,1161.02,1161.02,1161.02,1161.02,0.0
,1160.19,1161.16,1148.04,1148.08,0.0
2002-01-01,1148.08,1148.08,1148.08,1148.08,0.0
2002-02-01,1149.97,1154.67,1136.23,1154.67,0.0
2002-03-01,1155.72,1165.27,1154.01,1165.27,0.0
2002-04-01,1167.1,1176.55,1163.42,1172.51,0.0
2002-05-01,1172.51,1172.51,1172.51,1172.51,0.0
2002-06-01,1172.51,1172.51,1172.51,1172.51,0.0
2002-07-01,1173.96,1176.97,1163.55,1164.89,0.0
2002-08-01,1165.22,1167.6,1157.46,1160.71,0.0
2002-09-01,1162.29,1174.26,1151.89,1155.14,0.0
2002-10-01,1155.17,1159.93,1150.85,1156.55,0.0
2002-11-01,1157.31,1159.41,1145.45,1145.6,0.0
2002-12-01,1145.6,1145.6,1145.6,1145.6,0.0
,1145.6,1145.6,1145.6,1145.6,0.0
,1144.4,1145.34,1138.15,1138.41,0.0
,1138.74,1148.81,1136.88,1146.19,0.0
,1143.72,1143.72,1127.49,1127.57,0.0
,1130.31,1139.27,1130.31,1138.88,0.0
,1133.04,1135.38,1124.45,1127.58,0.0
,1127.58,1127.58,1127.58,1127.58,0.0
,1127.58,1127.58,1127.58,1127.58,0.0
,1127.58,1127.58,1127.58,1127.58,0.0
,1129.32,1135.26,1117.91,1119.31,0.0
,1120.13,1131.94,1117.43,1128.18,0.0
,1130.42,1139.5,1130.42,1132.15,0.0
,1131.35,1138.31,1127.82,1133.28,0.0
,1133.28,1133.28,1133.28,1133.28,0.0
,1133.28,1133.28,1133.28,1133.28,0.0
,1134.94,1138.63,1126.66,1133.06,0.0
,1133.23,1137.47,1098.74,1100.64,0.0
,1101.33,1113.79,1081.66,1113.57,0.0
,1114.78,1130.21,1113.3,1130.2,0.0
2002-01-02,1129.4,1129.4,1118.51,1122.2,0.0
2002-02-02,1122.2,1122.2,1122.2,1122.2,0.0
2002-03-02,1122.2,1122.2,1122.2,1122.2,0.0
2002-04-02,1122.09,1122.09,1092.25,1094.44,0.0
2002-05-02,1093.34,1100.96,1082.58,1090.02,0.0
2002-06-02,1091.95,1093.58,1077.78,1083.51,0.0
2002-07-02,1083.2,1094.03,1078.44,1080.17,0.0
2002-08-02,1081.63,1096.3,1079.91,1096.22,0.0
2002-09-02,1096.22,1096.22,1096.22,1096.22,0.0
2002-10-02,1096.22,1096.22,1096.22,1096.22,0.0
2002-11-02,1095.52,1112.01,1094.68,1111.94,0.0
2002-12-02,1110.58,1112.68,1102.98,1107.5,0.0
,1109.08,1120.56,1108.9,1118.51,0.0
,1119.25,1124.72,1112.3,1116.48,0.0
,1116.72,1117.09,1103.23,1104.18,0.0
,1104.18,1104.18,1104.18,1104.18,0.0
,1104.18,1104.18,1104.18,1104.18,0.0
,1104.18,1104.18,1104.18,1104.18,0.0
,1102.16,1102.16,1082.24,1083.34,0.0
,1084.68,1098.32,1074.36,1097.98,0.0
,1096.28,1101.5,1080.24,1080.95,0.0
,1080.53,1093.93,1074.39,1089.84,0.0
,1089.84,1089.84,1089.84,1089.84,0.0
,1089.84,1089.84,1089.84,1089.84,0.0
,1090.83,1112.71,1090.83,1109.43,0.0
,1110.35,1115.05,1101.72,1109.38,0.0
,1111.23,1123.06,1102.26,1109.89,0.0
,1110.8,1121.57,1106.73,1106.73,0.0
2002-01-03,1108.74,1131.79,1108.74,1131.78,0.0
2002-02-03,1131.78,1131.78,1131.78,1131.78,0.0
2002-03-03,1131.78,1131.78,1131.78,1131.78,0.0
2002-04-03,1130.93,1153.84,1130.93,1153.84,0.0
2002-05-03,1153.02,1157.74,1144.78,1146.14,0.0
2002-06-03,1145.86,1165.29,1145.11,1162.77,0.0
2002-07-03,1164.65,1167.94,1150.69,1157.54,0.0
2002-08-03,1161.14,1172.76,1159.77,1164.31,0.0
2002-09-03,1164.31,1164.31,1164.31,1164.31,0.0
2002-10-03,1164.31,1164.31,1164.31,1164.31,0.0
2002-11-03,1164.0,1173.03,1159.58,1168.26,0.0
2002-12-03,1162.44,1165.58,1154.34,1165.58,0.0
,1162.98,1162.88,1151.01,1154.09,0.0
,1154.18,1157.83,1151.08,1153.04,0.0
,1153.45,1166.48,1153.45,1166.16,0.0
,1166.16,1166.16,1166.16,1166.16,0.0
,1166.16,1166.16,1166.16,1166.16,0.0
,1167.45,1172.73,1159.14,1165.55,0.0
,1166.26,1173.94,1166.26,1170.29,0.0
,1170.19,1170.19,1151.61,1151.85,0.0
,1151.55,1155.1,1139.48,1153.59,0.0
,1153.33,1156.49,1144.6,1148.7,0.0
,1148.7,1148.7,1148.7,1148.7,0.0
,1148.7,1148.7,1148.7,1148.7,0.0
,1149.28,1151.04,1131.87,1131.87,0.0
,1131.61,1147.0,1131.61,1138.49,0.0
,1137.45,1146.95,1135.33,1144.58,0.0
,1146.29,1154.45,1144.98,1147.39,0.0
,1147.39,1147.39,1147.39,1147.39,0.0
,1147.39,1147.39,1147.39,1147.39,0.0
,1147.39,1147.39,1147.39,1147.39,0.0
2002-01-04,1145.96,1147.84,1132.87,1146.54,0.0
2002-02-04,1143.01,1143.01,1135.71,1136.76,0.0
2002-03-04,1137.55,1138.85,1119.68,1125.4,0.0
2002-04-04,1124.96,1130.45,1120.06,1126.34,0.0
2002-05-04,1127.67,1133.31,1119.49,1122.73,0.0
2002-06-04,1122.73,1122.73,1122.73,1122.73,0.0
2002-07-04,1122.73,1122.73,1122.73,1122.73,0.0
2002-08-04,1118.41,1125.41,1111.79,1125.29,0.0
2002-09-04,1125.53,1128.29,1116.73,1117.8,0.0
2002-10-04,1119.14,1131.76,1118.41,1130.47,0.0
2002-11-04,1130.35,1130.35,1102.42,1103.69,0.0
2002-12-04,1105.38,1112.77,1102.74,1111.01,0.0
,1111.01,1111.01,1111.01,1111.01,0.0
,1111.01,1111.01,1111.01,1111.01,0.0
,1111.68,1114.86,1099.41,1102.55,0.0
,1106.01,1129.4,1106.01,1128.37,0.0
,1130.17,1133.0,1123.37,1126.07,0.0
,1125.87,1130.49,1109.29,1124.47,0.0
,1127.44,1128.82,1122.59,1125.17,0.0
,1125.17,1125.17,1125.17,1125.17,0.0
,1125.17,1125.17,1125.17,1125.17,0.0
,1122.68,1122.68,1105.62,1107.83,0.0
,1107.89,1111.17,1098.94,1100.96,0.0
,1101.93,1108.46,1092.51,1093.14,0.0
,1091.94,1094.36,1084.81,1091.48,0.0
,1092.79,1096.77,1076.31,1076.32,0.0
,1076.32,1076.32,1076.32,1076.32,0.0
,1076.32,1076.32,1076.32,1076.32,0.0
,1076.89,1078.95,1063.62,1065.45,0.0
,1065.43,1082.62,1063.46,1076.92,0.0
2002-01-05,1076.4,1088.32,1065.29,1086.46,0.0
2002-02-05,1086.12,1091.42,1079.46,1084.56,0.0
2002-03-05,1084.2,1084.2,1068.89,1073.43,0.0
2002-04-05,1073.43,1073.43,1073.43,1073.43,0.0
2002-05-05,1073.43,1073.43,1073.43,1073.43,0.0
2002-06-05,1073.01,1075.96,1052.65,1052.67,0.0
2002-07-05,1054.09,1058.67,1048.96,1049.49,0.0
2002-08-05,1055.97,1088.92,1055.97,1088.85,0.0
2002-09-05,1086.82,1086.82,1072.23,1073.01,0.0
2002-10-05,1074.25,1075.43,1053.93,1054.99,0.0
2002-11-05,1054.99,1054.99,1054.99,1054.99,0.0
2002-12-05,1054.99,1054.99,1054.99,1054.99,0.0
,1056.26,1074.84,1053.9,1074.56,0.0
,1076.15,1097.71,1076.15,1097.28,0.0
,1096.83,1104.23,1088.94,1091.07,0.0
,1092.49,1099.29,1089.17,1098.23,0.0
,1099.78,1106.59,1096.77,1106.59,0.0
,1106.59,1106.59,1106.59,1106.59,0.0
,1106.59,1106.59,1106.59,1106.59,0.0
,1104.1,1104.1,1090.61,1091.88,0.0
,1092.46,1099.55,1079.08,1079.88,0.0
,1078.83,1086.02,1075.64,1086.02,0.0
,1086.62,1097.1,1080.55,1097.08,0.0
,1094.66,1095.99,1082.19,1083.82,0.0
,1083.82,1083.82,1083.82,1083.82,0.0
,1083.82,1083.82,1083.82,1083.82,0.0
,1083.82,1083.82,1083.82,1083.82,0.0
,1084.58,1085.98,1070.31,1074.55,0.0
,1072.47,1074.83,1067.66,1067.66,0.0
,1065.09,1069.5,1054.26,1064.66,0.0
,1065.82,1079.93,1065.82,1067.14,0.0
2002-01-06,1067.14,1067.14,1067.14,1067.14,0.0
2002-02-06,1067.14,1067.14,1067.14,1067.14,0.0
2002-03-06,1066.77,1070.74,1039.9,1040.68,0.0
2002-04-06,1040.43,1046.06,1030.52,1040.69,0.0
2002-05-06,1041.12,1050.11,1038.84,1049.9,0.0
2002-06-06,1049.33,1049.33,1026.91,1029.15,0.0
2002-07-06,1025.06,1033.02,1012.49,1027.53,0.0
2002-08-06,1027.53,1027.53,1027.53,1027.53,0.0
2002-09-06,1027.53,1027.53,1027.53,1027.53,0.0
2002-10-06,1027.16,1038.18,1025.45,1030.74,0.0
2002-11-06,1031.54,1039.04,1012.94,1013.6,0.0
2002-12-06,1012.91,1021.85,1002.58,1020.26,0.0
,1019.45,1023.47,1008.12,1009.56,0.0
,1007.48,1009.13,981.63,1007.27,0.0
,1007.27,1007.27,1007.27,1007.27,0.0
,1007.27,1007.27,1007.27,1007.27,0.0
,1009.28,1036.17,1009.28,1036.17,0.0
,1035.11,1040.83,1030.92,1037.14,0.0
,1035.76,1037.61,1017.88,1019.99,0.0
,1019.76,1023.33,1004.59,1006.29,0.0
,1004.48,1005.89,985.65,989.14,0.0
,989.14,989.14,989.14,989.14,0.0
,989.14,989.14,989.14,989.14,0.0
,988.82,1002.11,970.85,992.72,0.0
,998.31,1005.88,974.21,976.14,0.0
,970.61,977.43,952.92,973.53,0.0
,974.56,990.67,963.74,990.64,0.0
,990.19,1001.79,988.31,989.82,0.0
,989.82,989.82,989.82,989.82,0.0
,989.82,989.82,989.82,989.82,0.0
2002-01-07,989.15,994.46,967.43,968.65,0.0
2002-02-07,967.97,968.59,945.54,948.09,0.0
2002-03-07,946.03,954.3,934.87,953.99,0.0
2002-04-07,953.99,953.99,953.99,953.99,0.0
2002-05-07,956.03,989.07,956.03,989.03,0.0
2002-06-07,989.03,989.03,989.03,989.03,0.0
2002-07-07,989.03,989.03,989.03,989.03,0.0
2002-08-07,987.88,993.56,972.91,976.98,0.0
2002-09-07,976.91,979.63,951.71,952.83,0.0
2002-10-07,954.63,956.34,920.29,920.47,0.0
2002-11-07,919.86,929.16,900.94,927.37,0.0
2002-12-07,929.06,934.31,913.71,921.39,0.0
,921.39,921.39,921.39,921.39,0.0
,921.39,921.39,921.39,921.39,0.0
,920.99,920.99,876.46,917.93,0.0
,916.96,918.65,897.13,900.94,0.0
,901.05,926.52,895.03,906.04,0.0
,905.25,907.8,880.6,881.56,0.0
,877.75,877.75,842.07,847.75,0.0
,847.75,847.75,847.75,847.75,0.0
,847.75,847.75,847.75,847.75,0.0
,847.76,854.13,813.26,819.85,0.0
,819.9,827.69,796.13,797.7,0.0
,797.71,844.29,775.68,843.43,0.0
,843.42,853.83,816.11,838.68,0.0
,840.67,852.85,835.92,852.84,0.0
,852.84,852.84,852.84,852.84,0.0
,852.84,852.84,852.84,852.84,0.0
,855.2,898.96,855.2,898.96,0.0
,895.9,909.81,884.7,902.78,0.0
,901.2,911.64,889.88,911.62,0.0
2002-01-08,910.7,910.7,882.48,884.66,0.0
2002-02-08,884.4,884.72,853.95,864.24,0.0
2002-03-08,864.24,864.24,864.24,864.24,0.0
2002-04-08,864.24,864.24,864.24,864.24,0.0
2002-05-08,863.6,864.07,833.44,834.6,0.0
2002-06-08,837.09,874.44,837.09,859.57,0.0
2002-07-08,863.57,878.74,854.15,876.77,0.0
2002-08-08,876.49,905.84,875.17,905.46,0.0
2002-09-08,902.53,913.95,890.77,908.64,0.0
2002-10-08,908.64,908.64,908.64,908.64,0.0
2002-11-08,908.64,908.64,908.64,908.64,0.0
2002-12-08,908.54,908.54,892.38,903.8,0.0
,902.82,911.71,883.62,884.21,0.0
,884.91,920.21,876.2,919.62,0.0
,920.25,933.29,918.17,930.25,0.0
,928.64,935.38,916.21,928.77,0.0
,928.77,928.77,928.77,928.77,0.0
,928.77,928.77,928.77,928.77,0.0
,928.71,951.17,927.21,950.7,0.0
,949.05,949.05,931.86,937.43,0.0
,939.03,951.59,931.32,949.36,0.0
,949.52,965.0,946.43,962.7,0.0
,960.59,960.59,937.17,940.86,0.0
,940.86,940.86,940.86,940.86,0.0
,940.86,940.86,940.86,940.86,0.0
,941.77,950.8,930.42,947.95,0.0
,947.96,955.82,930.36,934.82,0.0
,932.72,932.72,913.21,917.87,0.0
,914.65,924.59,903.33,917.8,0.0
,916.49,928.15,910.17,916.07,0.0
,916.07,916.07,916.07,916.07,0.0
2002-01-09,916.07,916.07,916.07,916.07,0.0
2002-02-09,916.07,916.07,916.07,916.07,0.0
2002-03-09,914.18,914.18,877.51,878.02,0.0
2002-04-09,878.65,896.1,875.73,893.4,0.0
2002-05-09,890.32,890.32,870.5,879.15,0.0
2002-06-09,883.2,899.07,883.2,893.92,0.0
2002-07-09,893.92,893.92,893.92,893.92,0.0
2002-08-09,893.92,893.92,893.92,893.92,0.0
2002-09-09,893.39,907.34,882.92,902.96,0.0
2002-10-09,903.33,909.89,900.5,909.58,0.0
2002-11-09,910.63,924.02,908.47,909.45,0.0
2002-12-09,908.36,908.36,884.84,886.91,0.0
,886.36,892.75,877.05,889.81,0.0
,889.81,889.81,889.81,889.81,0.0
,889.81,889.81,889.81,889.81,0.0
,889.08,891.84,878.91,891.1,0.0
,893.12,902.68,872.38,873.52,0.0
,870.71,878.45,857.39,869.46,0.0
,867.14,867.14,843.09,843.32,0.0
,844.47,849.32,839.09,845.39,0.0
,845.39,845.39,845.39,845.39,0.0
,845.39,845.39,845.39,845.39,0.0
,843.68,843.68,825.76,833.7,0.0
,832.05,833.32,817.38,819.29,0.0
,819.27,844.22,818.46,839.66,0.0
,841.26,856.6,841.26,854.95,0.0
,853.75,854.95,826.84,827.37,0.0
,827.37,827.37,827.37,827.37,0.0
,827.37,827.37,827.37,827.37,0.0
,825.77,825.77,800.2,815.28,0.0
2002-01-10,816.78,847.93,812.82,847.91,0.0
2002-02-10,843.77,851.93,826.5,827.91,0.0
2002-03-10,827.71,840.02,817.25,818.95,0.0
2002-04-10,820.21,825.9,794.1,800.58,0.0
2002-05-10,800.58,800.58,800.58,800.58,0.0
2002-06-10,800.58,800.58,800.58,800.58,0.0
2002-07-10,799.98,808.21,782.96,785.28,0.0
2002-08-10,785.57,808.86,779.5,798.55,0.0
2002-09-10,796.92,796.92,775.8,776.76,0.0
2002-10-10,777.07,806.51,768.63,803.92,0.0
2002-11-10,806.05,843.27,806.05,835.32,0.0
2002-12-10,835.32,835.32,835.32,835.32,0.0
,835.32,835.32,835.32,835.32,0.0
,833.86,844.39,828.37,841.44,0.0
,847.62,881.27,847.62,881.27,0.0
,875.37,875.37,856.28,860.02,0.0
,862.22,885.35,862.22,879.2,0.0
,879.05,886.68,866.58,884.39,0.0
,884.39,884.39,884.39,884.39,0.0
,884.39,884.39,884.39,884.39,0.0
,882.07,900.69,873.06,899.72,0.0
,896.45,896.45,882.4,890.16,0.0
,889.59,896.14,873.82,896.14,0.0
,896.95,902.94,879.0,882.5,0.0
,882.48,897.71,877.03,897.65,0.0
,897.65,897.65,897.65,897.65,0.0
,897.65,897.65,897.65,897.65,0.0
,900.82,907.44,886.15,890.23,0.0
,889.88,890.64,867.91,882.15,0.0
,883.13,895.28,879.19,890.71,0.0
,891.1,898.83,879.75,885.76,0.0
2002-01-11,884.33,903.42,877.71,900.96,0.0
2002-02-11,900.96,900.96,900.96,900.96,0.0
2002-03-11,900.96,900.96,900.96,900.96,0.0
2002-04-11,905.57,924.58,905.45,908.35,0.0
2002-05-11,906.79,915.83,904.91,915.39,0.0
2002-06-11,916.51,925.66,905.0,923.76,0.0
2002-07-11,923.19,923.19,898.68,902.65,0.0
2002-08-11,902.2,910.11,891.62,894.74,0.0
2002-09-11,894.74,894.74,894.74,894.74,0.0
2002-10-11,894.74,894.74,894.74,894.74,0.0
2002-11-11,894.09,894.09,874.63,876.19,0.0
2002-12-11,877.39,894.3,877.39,882.95,0.0
,882.06,892.51,872.05,882.53,0.0
,887.29,904.27,887.29,904.27,0.0
,901.87,910.21,895.35,909.83,0.0
,909.83,909.83,909.83,909.83,0.0
,909.83,909.83,909.83,909.83,0.0
,909.84,915.91,899.48,900.36,0.0
,899.37,905.45,893.09,896.74,0.0
,897.1,915.01,894.93,914.15,0.0
,914.4,935.13,914.4,933.76,0.0
,932.83,937.28,928.41,930.55,0.0
,930.55,930.55,930.55,930.55,0.0
,930.55,930.55,930.55,930.55,0.0
,930.69,937.15,923.31,932.87,0.0
,929.95,929.95,912.1,913.31,0.0
,917.34,940.41,917.34,938.87,0.0
,938.87,938.87,938.87,938.87,0.0
,939.83,941.82,935.58,936.31,0.0
,936.31,936.31,936.31,936.31,0.0
2002-01-12,936.31,936.31,936.31,936.31,0.0
2002-02-12,941.57,954.28,927.72,934.53,0.0
2002-03-12,932.89,932.89,918.73,920.75,0.0
2002-04-12,917.51,925.25,909.51,917.58,0.0
2002-05-12,919.59,921.49,905.9,906.55,0.0
2002-06-12,903.9,915.48,895.96,912.23,0.0
2002-07-12,912.23,912.23,912.23,912.23,0.0
2002-08-12,912.23,912.23,912.23,912.23,0.0
2002-09-12,910.96,910.96,891.97,892.0,0.0
2002-10-12,892.86,904.95,892.71,904.45,0.0
2002-11-12,903.57,909.94,896.48,904.96,0.0
2002-12-12,906.34,908.37,897.0,901.58,0.0
,899.4,899.4,888.48,889.48,0.0
,889.48,889.48,889.48,889.48,0.0
,889.48,889.48,889.48,889.48,0.0
,890.31,910.42,890.31,910.4,0.0
,910.21,911.22,901.74,902.99,0.0
,900.9,900.9,887.82,891.12,0.0
,890.02,899.19,880.32,884.25,0.0
,884.36,897.79,884.36,895.76,0.0
,895.76,895.76,895.76,895.76,0.0
,895.76,895.76,895.76,895.76,0.0
,895.74,902.43,892.26,897.38,0.0
,896.2,896.6,892.29,892.47,0.0
,892.47,892.47,892.47,892.47,0.0
,892.86,903.89,887.48,889.66,0.0
,888.72,890.46,873.62,875.4,0.0
,875.4,875.4,875.4,875.4,0.0
,875.4,875.4,875.4,875.4,0.0
,875.44,882.1,870.23,879.39,0.0
,879.08,881.93,869.45,879.82,0.0
2003-01-01,879.82,879.82,879.82,879.82,0.0
2003-02-01,881.44,909.03,881.44,909.03,0.0
2003-03-01,908.49,911.25,903.07,908.59,0.0
2003-04-01,908.59,908.59,908.59,908.59,0.0
2003-05-01,908.59,908.59,908.59,908.59,0.0
2003-06-01,909.04,931.77,909.04,929.01,0.0
2003-07-01,929.57,930.81,919.93,922.93,0.0
2003-08-01,921.69,921.69,908.32,909.93,0.0
2003-09-01,911.09,928.31,911.09,927.57,0.0
2003-10-01,927.58,932.89,917.66,927.57,0.0
2003-11-01,927.57,927.57,927.57,927.57,0.0
2003-12-01,927.57,927.57,927.57,927.57,0.0
,929.29,935.05,922.05,926.26,0.0
,926.15,931.66,921.72,931.66,0.0
,932.17,932.59,916.7,918.22,0.0
,918.41,926.03,911.98,914.6,0.0
,911.05,911.05,899.02,901.78,0.0
,901.78,901.78,901.78,901.78,0.0
,901.78,901.78,901.78,901.78,0.0
,901.78,901.78,901.78,901.78,0.0
,901.79,906.0,887.62,887.62,0.0
,887.6,889.74,877.64,878.36,0.0
,880.81,890.25,876.89,887.34,0.0
,886.28,886.28,859.71,861.4,0.0
,861.4,861.4,861.4,861.4,0.0
,861.4,861.4,861.4,861.4,0.0
,859.81,863.95,844.25,847.48,0.0
,848.34,860.76,848.34,858.54,0.0
,857.78,868.72,845.86,864.36,0.0
,864.84,865.48,843.74,844.61,0.0
,842.6,858.33,840.34,855.7,0.0
2003-01-02,855.7,855.7,855.7,855.7,0.0
2003-02-02,855.7,855.7,855.7,855.7,0.0
2003-03-02,856.52,864.64,856.29,860.32,0.0
2003-04-02,858.02,858.02,840.19,848.2,0.0
2003-05-02,849.96,861.63,842.11,843.59,0.0
2003-06-02,843.0,844.23,833.25,838.15,0.0
2003-07-02,839.29,845.73,826.7,829.69,0.0
2003-08-02,829.69,829.69,829.69,829.69,0.0
2003-09-02,829.69,829.69,829.69,829.69,0.0
2003-10-02,830.08,837.16,823.53,835.97,0.0
2003-11-02,836.53,843.02,825.09,829.2,0.0
2003-12-02,828.96,832.12,818.49,818.68,0.0
,818.75,821.25,806.29,817.37,0.0
,818.32,834.89,815.03,834.89,0.0
,834.89,834.89,834.89,834.89,0.0
,834.89,834.89,834.89,834.89,0.0
,834.89,834.89,834.89,834.89,0.0
,836.43,852.87,836.43,851.17,0.0
,850.63,850.63,838.79,845.13,0.0
,846.01,849.37,836.56,837.1,0.0
,837.81,852.28,831.48,848.17,0.0
,848.17,848.17,848.17,848.17,0.0
,848.17,848.17,848.17,848.17,0.0
,847.29,847.29,832.16,832.58,0.0
,830.54,839.55,818.54,838.57,0.0
,837.73,840.1,826.68,827.55,0.0
,829.24,842.19,827.71,837.28,0.0
,837.7,847.0,837.31,841.15,0.0
2003-01-03,841.15,841.15,841.15,841.15,0.0
2003-02-03,841.15,841.15,841.15,841.15,0.0
2003-03-03,841.96,852.34,832.74,834.81,0.0
2003-04-03,834.87,835.43,821.96,821.99,0.0
2003-05-03,821.64,829.87,819.0,829.85,0.0
2003-06-03,828.82,829.56,819.85,822.1,0.0
2003-07-03,819.82,829.55,811.23,828.89,0.0
2003-08-03,828.89,828.89,828.89,828.89,0.0
2003-09-03,828.89,828.89,828.89,828.89,0.0
2003-10-03,826.12,826.12,806.57,807.48,0.0
2003-11-03,808.34,814.25,800.3,800.73,0.0
2003-12-03,799.89,804.19,788.9,804.19,0.0
,806.48,832.02,806.48,831.9,0.0
,831.89,841.39,828.26,833.27,0.0
,833.27,833.27,833.27,833.27,0.0
,833.27,833.27,833.27,833.27,0.0
,832.09,862.79,827.17,862.79,0.0
,862.78,866.94,857.36,866.45,0.0
,865.85,874.99,861.21,874.02,0.0
,872.8,879.6,859.01,875.84,0.0
,879.12,895.9,877.65,895.9,0.0
,895.9,895.9,895.9,895.9,0.0
,895.9,895.9,895.9,895.9,0.0
,895.79,895.79,862.02,864.23,0.0
,864.89,879.87,862.59,874.74,0.0
,874.54,875.8,866.47,869.95,0.0
,868.56,874.15,858.09,868.52,0.0
,866.71,869.88,860.83,863.5,0.0
,863.5,863.5,863.5,863.5,0.0
,863.5,863.5,863.5,863.5,0.0
,863.18,863.18,843.68,848.18,0.0
2003-01-04,849.05,861.28,847.85,858.48,0.0
2003-02-04,862.57,884.57,862.57,880.9,0.0
2003-03-04,882.07,885.89,876.12,876.45,0.0
2003-04-04,877.06,882.73,874.23,878.85,0.0
2003-05-04,878.85,878.85,878.85,878.85,0.0
2003-06-04,878.85,878.85,878.85,878.85,0.0
2003-07-04,884.48,904.89,879.78,879.93,0.0
2003-08-04,880.01,883.11,874.68,878.29,0.0
2003-09-04,878.65,887.35,865.72,865.99,0.0
2003-10-04,866.61,871.78,862.76,871.58,0.0
2003-11-04,874.2,883.34,865.92,868.3,0.0
2003-12-04,868.3,868.3,868.3,868.3,0.0
,868.3,868.3,868.3,868.3,0.0
,868.51,885.26,868.51,885.23,0.0
,884.78,891.27,881.85,890.81,0.0
,893.82,896.77,877.93,879.91,0.0
,879.2,893.83,879.2,893.58,0.0
,893.58,893.58,893.58,893.58,0.0
,893.58,893.58,893.58,893.58,0.0
,893.58,893.58,893.58,893.58,0.0
,893.66,898.01,888.17,892.01,0.0
,890.63,911.74,886.7,911.37,0.0
,911.5,919.74,909.89,919.02,0.0
,917.21,917.21,906.69,911.43,0.0
,910.57,911.13,897.52,898.81,0.0
,898.81,898.81,898.81,898.81,0.0
,898.81,898.81,898.81,898.81,0.0
,899.19,918.15,899.19,914.84,0.0
,915.78,924.24,911.1,917.84,0.0
,917.34,922.01,911.7,916.92,0.0
2003-01-05,916.8,919.68,902.83,916.3,0.0
2003-02-05,915.08,930.56,912.35,930.08,0.0
2003-03-05,930.08,930.08,930.08,930.08,0.0
2003-04-05,930.08,930.08,930.08,930.08,0.0
2003-05-05,930.57,933.88,924.55,926.55,0.0
2003-06-05,926.38,939.61,926.38,934.39,0.0
2003-07-05,932.75,937.22,926.41,929.62,0.0
2003-08-05,927.91,929.34,919.72,920.27,0.0
2003-09-05,921.85,933.77,921.85,933.41,0.0
2003-10-05,933.41,933.41,933.41,933.41,0.0
2003-11-05,933.41,933.41,933.41,933.41,0.0
2003-12-05,933.05,946.84,929.3,945.11,0.0
,943.72,947.51,938.91,942.3,0.0
,943.18,947.29,935.24,939.28,0.0
,940.47,948.23,938.79,946.67,0.0
,946.5,948.65,938.6,944.3,0.0
,944.3,944.3,944.3,944.3,0.0
,944.3,944.3,944.3,944.3,0.0
,942.46,942.46,920.23,920.77,0.0
,921.62,925.34,912.05,919.73,0.0
,919.01,923.85,914.91,923.42,0.0
,923.53,935.3,922.54,931.87,0.0
,931.68,935.2,927.42,933.22,0.0
,933.22,933.22,933.22,933.22,0.0
,933.22,933.22,933.22,933.22,0.0
,933.22,933.22,933.22,933.22,0.0
,932.16,952.76,927.33,951.48,0.0
,951.78,959.39,950.12,953.22,0.0
,953.57,962.08,946.23,949.64,0.0
,950.7,965.38,950.7,963.59,0.0
,963.59,963.59,963.59,963.59,0.0
2003-01-06,963.59,963.59,963.59,963.59,0.0
2003-02-06,965.31,979.11,965.31,967.0,0.0
2003-03-06,967.07,973.02,964.47,971.56,0.0
2003-04-06,971.69,987.85,970.72,986.24,0.0
2003-05-06,983.94,990.14,978.13,990.14,0.0
2003-06-06,993.89,1007.69,986.01,987.76,0.0
2003-07-06,987.76,987.76,987.76,987.76,0.0
2003-08-06,987.76,987.76,987.76,987.76,0.0
2003-09-06,986.82,986.82,972.59,975.93,0.0
2003-10-06,977.25,984.84,976.78,984.84,0.0
2003-11-06,984.38,997.48,981.61,997.48,0.0
2003-12-06,998.84,1002.74,991.27,998.51,0.0
,999.02,1000.92,984.27,988.61,0.0
,988.61,988.61,988.61,988.61,0.0
,988.61,988.61,988.61,988.61,0.0
,989.67,1010.86,989.67,1010.74,0.0
,1011.35,1015.33,1007.04,1011.66,0.0
,1011.14,1015.12,1004.61,1010.09,0.0
,1010.05,1011.22,993.08,994.7,0.0
,996.13,1002.09,993.36,995.69,0.0
,995.69,995.69,995.69,995.69,0.0
,995.69,995.69,995.69,995.69,0.0
,995.25,995.25,977.4,981.64,0.0
,980.68,987.84,979.08,983.45,0.0
,983.58,991.64,974.86,975.32,0.0
,976.42,986.53,973.8,985.82,0.0
,986.08,988.88,974.29,976.22,0.0
,976.22,976.22,976.22,976.22,0.0
,976.22,976.22,976.22,976.22,0.0
,977.35,983.61,973.6,974.5,0.0
2003-01-07,973.83,983.26,962.1,982.32,0.0
2003-02-07,983.34,993.78,983.34,993.75,0.0
2003-03-07,992.55,995.0,983.34,985.7,0.0
2003-04-07,985.7,985.7,985.7,985.7,0.0
2003-05-07,985.7,985.7,985.7,985.7,0.0
2003-06-07,985.7,985.7,985.7,985.7,0.0
2003-07-07,989.78,1005.56,989.78,1004.42,0.0
2003-08-07,1004.44,1008.92,998.73,1007.84,0.0
2003-09-07,1007.76,1010.43,998.17,1002.21,0.0
2003-10-07,1000.24,1000.24,983.63,988.7,0.0
2003-11-07,989.53,1000.86,989.53,998.14,0.0
2003-12-07,998.14,998.14,998.14,998.14,0.0
,998.14,998.14,998.14,998.14,0.0
,1001.08,1015.41,1001.08,1003.86,0.0
,1006.39,1009.61,996.67,1000.42,0.0
,1002.64,1003.47,989.3,994.09,0.0
,994.0,994.0,978.6,981.73,0.0
,984.26,994.25,981.7,993.32,0.0
,993.32,993.32,993.32,993.32,0.0
,993.32,993.32,993.32,993.32,0.0
,992.91,992.91,975.63,978.8,0.0
,980.42,990.29,976.08,988.11,0.0
,988.68,989.86,979.79,988.61,0.0
,990.58,998.89,981.07,981.6,0.0
,981.81,998.71,977.42,998.68,0.0
,998.68,998.68,998.68,998.68,0.0
,998.68,998.68,998.68,998.68,0.0
,999.0,1000.68,993.59,996.52,0.0
,997.11,998.64,984.15,989.28,0.0
,989.5,992.62,985.96,987.49,0.0
,990.12,1004.59,988.85,990.31,0.0
2003-01-08,989.73,989.9,978.86,980.15,0.0
2003-02-08,980.15,980.15,980.15,980.15,0.0
2003-03-08,980.15,980.15,980.15,980.15,0.0
2003-04-08,979.92,985.75,966.79,982.82,0.0
2003-05-08,982.41,982.61,964.97,965.46,0.0
2003-06-08,964.25,975.74,960.84,967.08,0.0
2003-07-08,966.93,974.89,963.82,974.12,0.0
2003-08-08,975.25,980.57,973.83,977.59,0.0
2003-09-08,977.59,977.59,977.59,977.59,0.0
2003-10-08,977.59,977.59,977.59,977.59,0.0
2003-11-08,977.98,985.46,974.21,980.59,0.0
2003-12-08,981.34,990.41,979.9,990.35,0.0
,991.2,992.5,980.85,984.03,0.0
,984.3,991.91,980.36,990.51,0.0
,990.19,992.39,986.44,990.67,0.0
,990.67,990.67,990.67,990.67,0.0
,990.67,990.67,990.67,990.67,0.0
,991.18,1000.35,991.18,999.74,0.0
,1000.65,1003.3,995.3,1002.35,0.0
,1000.84,1003.54,996.62,1000.3,0.0
,1001.67,1009.53,999.33,1003.27,0.0
,1005.43,1011.01,992.62,993.06,0.0
,993.06,993.06,993.06,993.06,0.0
,993.06,993.06,993.06,993.06,0.0
,992.94,993.71,987.91,993.71,0.0
,992.47,997.93,983.57,996.73,0.0
,995.95,998.05,993.33,996.79,0.0
,997.43,1004.12,991.42,1002.84,0.0
,1002.2,1008.85,999.52,1008.01,0.0
,1008.01,1008.01,1008.01,1008.01,0.0
,1008.01,1008.01,1008.01,1008.01,0.0
2003-01-09,1008.01,1008.01,1008.01,1008.01,0.0
2003-02-09,1008.96,1022.59,1005.67,1021.99,0.0
2003-03-09,1023.33,1029.34,1022.45,1026.27,0.0
2003-04-09,1025.99,1029.17,1022.19,1027.97,0.0
2003-05-09,1027.11,1029.21,1018.19,1021.39,0.0
2003-06-09,1021.39,1021.39,1021.39,1021.39,0.0
2003-07-09,1021.39,1021.39,1021.39,1021.39,0.0
2003-08-09,1021.93,1032.41,1021.93,1031.64,0.0
2003-09-09,1031.15,1031.15,1021.14,1023.17,0.0
2003-10-09,1021.51,1021.51,1009.74,1010.92,0.0
2003-11-09,1011.58,1020.88,1011.58,1016.42,0.0
2003-12-09,1014.55,1019.65,1007.71,1018.63,0.0
,1018.63,1018.63,1018.63,1018.63,0.0
,1018.63,1018.63,1018.63,1018.63,0.0
,1018.68,1019.79,1013.59,1014.81,0.0
,1015.03,1029.66,1015.03,1029.32,0.0
,1028.98,1031.34,1024.53,1025.97,0.0
,1025.84,1040.16,1025.75,1039.58,0.0
,1040.13,1040.29,1031.89,1036.3,0.0
,1036.3,1036.3,1036.3,1036.3,0.0
,1036.3,1036.3,1036.3,1036.3,0.0
,1032.8,1032.8,1018.3,1022.82,0.0
,1023.27,1030.12,1021.54,1029.03,0.0
,1029.16,1029.83,1008.93,1009.38,0.0
,1010.19,1015.97,1003.26,1003.27,0.0
,1003.45,1003.45,996.08,996.85,0.0
,996.85,996.85,996.85,996.85,0.0
,996.85,996.85,996.85,996.85,0.0
,998.09,1006.89,995.31,1006.58,0.0
,1005.14,1005.14,990.36,995.97,0.0
2003-01-10,997.12,1018.22,997.12,1018.22,0.0
2003-02-10,1017.78,1021.87,1013.38,1020.24,0.0
2003-03-10,1024.93,1039.31,1024.93,1029.85,0.0
2003-04-10,1029.85,1029.85,1029.85,1029.85,0.0
2003-05-10,1029.85,1029.85,1029.85,1029.85,0.0
2003-06-10,1030.25,1036.48,1029.15,1034.35,0.0
2003-07-10,1032.81,1039.25,1026.19,1039.25,0.0
2003-08-10,1040.05,1040.08,1030.96,1033.78,0.0
2003-09-10,1036.42,1048.28,1034.92,1038.73,0.0
2003-10-10,1038.83,1040.84,1035.74,1038.06,0.0
2003-11-10,1038.06,1038.06,1038.06,1038.06,0.0
2003-12-10,1038.06,1038.06,1038.06,1038.06,0.0
,1039.29,1048.9,1039.29,1045.35,0.0
,1044.58,1049.49,1040.84,1049.48,0.0
,1052.82,1053.79,1043.15,1046.76,0.0
,1045.47,1052.94,1044.04,1050.07,0.0
,1049.75,1051.9,1036.57,1039.32,0.0
,1039.32,1039.32,1039.32,1039.32,0.0
,1039.32,1039.32,1039.32,1039.32,0.0
,1039.4,1044.69,1036.13,1044.68,0.0
,1045.24,1048.57,1042.5,1046.03,0.0
,1046.02,1046.02,1028.39,1030.36,0.0
,1028.23,1035.44,1025.87,1033.77,0.0
,1030.79,1030.79,1018.32,1028.91,0.0
,1028.91,1028.91,1028.91,1028.91,0.0
,1028.91,1028.91,1028.91,1028.91,0.0
,1030.57,1037.75,1029.19,1031.13,0.0
,1032.75,1046.79,1032.75,1046.79,0.0
,1046.0,1049.83,1043.35,1048.11,0.0
,1050.3,1052.82,1043.82,1046.94,0.0
,1047.82,1053.09,1047.82,1050.71,0.0
2003-01-11,1050.71,1050.71,1050.71,1050.71,0.0
2003-02-11,1050.71,1050.71,1050.71,1050.71,0.0
2003-03-11,1051.84,1061.44,1051.84,1059.02,0.0
2003-04-11,1057.93,1058.12,1051.7,1053.25,0.0
2003-05-11,1053.31,1054.54,1044.88,1051.81,0.0
2003-06-11,1053.51,1058.94,1046.93,1058.05,0.0
2003-07-11,1059.22,1062.39,1052.17,1053.21,0.0
2003-08-11,1053.21,1053.21,1053.21,1053.21,0.0
2003-09-11,1053.21,1053.21,1053.21,1053.21,0.0
2003-10-11,1053.44,1053.65,1045.58,1047.11,0.0
2003-11-11,1046.88,1048.23,1043.46,1046.57,0.0
2003-12-11,1047.02,1059.1,1046.74,1058.53,0.0
,1058.56,1059.62,1052.96,1058.41,0.0
,1058.19,1063.65,1048.11,1050.35,0.0
,1050.35,1050.35,1050.35,1050.35,0.0
,1050.35,1050.35,1050.35,1050.35,0.0
,1049.04,1049.04,1035.28,1043.63,0.0
,1043.7,1048.77,1034.0,1034.15,0.0
,1034.61,1043.95,1034.15,1042.44,0.0
,1041.13,1046.48,1033.42,1033.65,0.0
,1035.25,1037.57,1031.2,1035.28,0.0
,1035.28,1035.28,1035.28,1035.28,0.0
,1035.28,1035.28,1035.28,1035.28,0.0
,1036.44,1052.08,1036.44,1052.08,0.0
,1052.11,1058.05,1049.31,1053.89,0.0
,1055.25,1058.45,1048.28,1058.45,0.0
,1058.45,1058.45,1058.45,1058.45,0.0
,1057.89,1060.63,1056.77,1058.2,0.0
,1058.2,1058.2,1058.2,1058.2,0.0
,1058.2,1058.2,1058.2,1058.2,0.0
2003-01-12,1059.64,1070.47,1059.64,1070.12,0.0
2003-02-12,1069.48,1071.22,1065.22,1066.62,0.0
2003-03-12,1067.68,1074.3,1064.63,1064.73,0.0
2003-04-12,1065.35,1070.37,1063.15,1069.72,0.0
2003-05-12,1067.32,1068.41,1060.09,1061.5,0.0
2003-06-12,1061.5,1061.5,1061.5,1061.5,0.0
2003-07-12,1061.5,1061.5,1061.5,1061.5,0.0
2003-08-12,1061.49,1069.59,1060.93,1069.3,0.0
2003-09-12,1070.08,1071.94,1059.16,1060.18,0.0
2003-10-12,1060.65,1063.02,1053.41,1059.05,0.0
2003-11-12,1059.25,1073.63,1059.25,1071.21,0.0
2003-12-12,1071.98,1074.76,1067.64,1074.14,0.0
,1074.14,1074.14,1074.14,1074.14,0.0
,1074.14,1074.14,1074.14,1074.14,0.0
,1077.77,1082.79,1068.0,1068.04,0.0
,1068.09,1075.94,1068.06,1075.13,0.0
,1074.64,1076.54,1071.14,1076.48,0.0
,1076.8,1089.5,1076.8,1089.18,0.0
,1089.36,1091.06,1084.19,1088.66,0.0
,1088.66,1088.66,1088.66,1088.66,0.0
,1088.66,1088.66,1088.66,1088.66,0.0
,1088.64,1092.94,1086.14,1092.94,0.0
,1092.34,1096.95,1091.73,1096.02,0.0
,1095.25,1096.4,1092.73,1094.04,0.0
,1094.04,1094.04,1094.04,1094.04,0.0
,1094.23,1098.47,1094.23,1095.89,0.0
,1095.89,1095.89,1095.89,1095.89,0.0
,1095.89,1095.89,1095.89,1095.89,0.0
,1096.4,1109.48,1096.4,1109.48,0.0
,1109.19,1109.75,1106.41,1109.64,0.0
,1109.49,1112.56,1106.21,1111.92,0.0
2004-01-01,1111.92,1111.92,1111.92,1111.92,0.0
2004-02-01,1112.64,1118.85,1105.08,1108.48,0.0
2004-03-01,1108.48,1108.48,1108.48,1108.48,0.0
2004-04-01,1108.48,1108.48,1108.48,1108.48,0.0
2004-05-01,1110.62,1122.22,1110.62,1122.22,0.0
2004-06-01,1121.58,1124.46,1118.44,1123.67,0.0
2004-07-01,1123.62,1126.33,1116.45,1126.33,0.0
2004-08-01,1127.67,1131.92,1124.91,1131.92,0.0
2004-09-01,1131.34,1131.36,1120.9,1121.86,0.0
2004-10-01,1121.86,1121.86,1121.86,1121.86,0.0
2004-11-01,1121.86,1121.86,1121.86,1121.86,0.0
2004-12-01,1122.53,1127.85,1120.9,1127.23,0.0
,1127.18,1129.07,1115.19,1121.22,0.0
,1122.52,1130.75,1122.52,1130.52,0.0
,1129.25,1137.11,1124.5,1132.05,0.0
,1132.23,1139.83,1132.23,1139.83,0.0
,1139.83,1139.83,1139.83,1139.83,0.0
,1139.83,1139.83,1139.83,1139.83,0.0
,1139.83,1139.83,1139.83,1139.83,0.0
,1140.62,1142.93,1135.4,1138.77,0.0
,1138.18,1149.21,1134.62,1147.62,0.0
,1148.01,1150.51,1143.01,1143.94,0.0
,1145.11,1150.31,1136.85,1141.55,0.0
,1141.55,1141.55,1141.55,1141.55,0.0
,1141.55,1141.55,1141.55,1141.55,0.0
,1141.01,1155.38,1141.0,1155.37,0.0
,1154.4,1155.2,1144.05,1144.05,0.0
,1145.33,1149.14,1126.5,1128.48,0.0
,1128.5,1134.39,1122.38,1134.11,0.0
,1134.17,1134.17,1127.73,1131.13,0.0
,1131.13,1131.13,1131.13,1131.13,0.0
2004-01-02,1131.13,1131.13,1131.13,1131.13,0.0
2004-02-02,1131.88,1142.58,1127.87,1135.26,0.0
2004-03-02,1135.15,1137.44,1131.33,1136.03,0.0
2004-04-02,1133.6,1133.6,1124.74,1126.52,0.0
2004-05-02,1126.49,1131.17,1124.44,1128.59,0.0
2004-06-02,1129.29,1142.79,1128.39,1142.76,0.0
2004-07-02,1142.76,1142.76,1142.76,1142.76,0.0
2004-08-02,1142.76,1142.76,1142.76,1142.76,0.0
2004-09-02,1142.74,1144.46,1139.21,1139.81,0.0
2004-10-02,1139.6,1147.02,1138.7,1145.54,0.0
2004-11-02,1145.35,1158.89,1142.33,1157.76,0.0
2004-12-02,1156.91,1157.61,1151.44,1152.11,0.0
,1152.71,1156.88,1143.23,1145.81,0.0
,1145.81,1145.81,1145.81,1145.81,0.0
,1145.81,1145.81,1145.81,1145.81,0.0
,1145.81,1145.81,1145.81,1145.81,0.0
,1147.75,1158.98,1147.75,1156.99,0.0
,1157.4,1157.4,1149.42,1151.82,0.0
,1154.24,1158.57,1146.83,1147.06,0.0
,1148.88,1149.81,1139.0,1144.11,0.0
,1144.11,1144.11,1144.11,1144.11,0.0
,1144.11,1144.11,1144.11,1144.11,0.0
,1144.88,1146.69,1136.98,1140.99,0.0
,1139.97,1144.54,1134.43,1139.09,0.0
,1139.82,1145.24,1138.71,1143.67,0.0
,1141.18,1147.23,1138.62,1144.91,0.0
,1145.8,1151.68,1141.8,1144.94,0.0
,1144.94,1144.94,1144.94,1144.94,0.0
,1144.94,1144.94,1144.94,1144.94,0.0
2004-01-03,1146.25,1157.45,1146.25,1155.97,0.0
2004-02-03,1155.89,1156.54,1147.31,1149.1,0.0
2004-03-03,1148.28,1152.44,1143.78,1151.03,0.0
2004-04-03,1151.07,1154.97,1149.81,1154.87,0.0
2004-05-03,1152.44,1163.23,1148.71,1156.86,0.0
2004-06-03,1156.86,1156.86,1156.86,1156.86,0.0
2004-07-03,1156.86,1156.86,1156.86,1156.86,0.0
2004-08-03,1157.24,1159.94,1146.97,1147.2,0.0
2004-09-03,1147.32,1147.32,1136.84,1140.58,0.0
2004-10-03,1141.02,1141.45,1122.53,1123.89,0.0
2004-11-03,1122.84,1125.96,1105.87,1106.78,0.0
2004-12-03,1109.04,1120.63,1109.04,1120.57,0.0
,1120.57,1120.57,1120.57,1120.57,0.0
,1120.57,1120.57,1120.57,1120.57,0.0
,1119.68,1119.68,1103.36,1104.49,0.0
,1105.87,1113.82,1102.61,1110.7,0.0
,1112.78,1125.76,1112.78,1123.75,0.0
,1123.45,1125.5,1113.25,1122.32,0.0
,1122.02,1122.72,1109.69,1109.78,0.0
,1109.78,1109.78,1109.78,1109.78,0.0
,1109.78,1109.78,1109.78,1109.78,0.0
,1108.17,1108.17,1089.49,1095.4,0.0
,1096.8,1101.52,1091.57,1093.95,0.0
,1094.7,1098.39,1087.06,1091.33,0.0
,1092.17,1110.38,1092.17,1109.19,0.0
,1108.74,1115.27,1106.13,1108.06,0.0
,1108.06,1108.06,1108.06,1108.06,0.0
,1108.06,1108.06,1108.06,1108.06,0.0
,1109.91,1124.37,1109.91,1122.47,0.0
,1121.63,1127.6,1119.66,1127.0,0.0
,1126.94,1130.83,1121.46,1126.21,0.0
2004-01-04,1126.2,1135.67,1126.2,1132.17,0.0
2004-02-04,1135.87,1144.81,1135.87,1141.81,0.0
2004-03-04,1141.81,1141.81,1141.81,1141.81,0.0
2004-04-04,1141.81,1141.81,1141.81,1141.81,0.0
2004-05-04,1141.64,1150.57,1141.64,1150.57,0.0
2004-06-04,1148.93,1148.93,1143.3,1148.16,0.0
2004-07-04,1147.06,1147.06,1138.41,1140.53,0.0
2004-08-04,1145.01,1148.97,1134.52,1139.32,0.0
2004-09-04,1139.32,1139.32,1139.32,1139.32,0.0
2004-10-04,1139.32,1139.32,1139.32,1139.32,0.0
2004-11-04,1139.32,1139.32,1139.32,1139.32,0.0
2004-12-04,1139.87,1147.29,1139.87,1145.2,0.0
,1146.21,1147.81,1127.7,1129.44,0.0
,1127.83,1132.52,1122.15,1128.17,0.0
,1128.1,1134.08,1120.75,1128.84,0.0
,1129.65,1136.8,1126.79,1134.61,0.0
,1134.61,1134.61,1134.61,1134.61,0.0
,1134.61,1134.61,1134.61,1134.61,0.0
,1134.56,1136.18,1129.84,1135.82,0.0
,1136.14,1139.26,1118.09,1118.15,0.0
,1118.16,1125.72,1116.03,1124.09,0.0
,1123.5,1142.77,1121.92,1139.93,0.0
,1141.92,1141.92,1134.81,1140.6,0.0
,1140.6,1140.6,1140.6,1140.6,0.0
,1140.6,1140.6,1140.6,1140.6,0.0
,1140.37,1145.08,1132.91,1135.53,0.0
,1135.91,1146.84,1135.91,1138.11,0.0
,1137.57,1137.57,1121.7,1122.41,0.0
,1122.34,1128.8,1108.02,1113.89,0.0
,1114.44,1119.26,1107.23,1107.3,0.0
2004-01-05,1107.3,1107.3,1107.3,1107.3,0.0
2004-02-05,1107.3,1107.3,1107.3,1107.3,0.0
2004-03-05,1109.1,1118.72,1109.1,1117.49,0.0
2004-04-05,1117.65,1127.74,1112.89,1119.55,0.0
2004-05-05,1119.9,1125.07,1117.86,1121.53,0.0
2004-06-05,1121.53,1121.53,1106.3,1113.99,0.0
2004-07-05,1113.99,1117.33,1098.63,1098.7,0.0
2004-08-05,1098.7,1098.7,1098.7,1098.7,0.0
2004-09-05,1098.7,1098.7,1098.7,1098.7,0.0
2004-10-05,1097.11,1097.11,1079.63,1087.12,0.0
2004-11-05,1088.14,1095.69,1088.14,1095.45,0.0
2004-12-05,1094.47,1097.55,1076.32,1097.28,0.0
,1096.1,1102.77,1091.76,1096.44,0.0
,1096.01,1102.37,1088.24,1095.7,0.0
,1095.7,1095.7,1095.7,1095.7,0.0
,1095.7,1095.7,1095.7,1095.7,0.0
,1092.8,1092.8,1079.36,1084.1,0.0
,1085.66,1094.14,1085.66,1091.49,0.0
,1093.69,1105.93,1088.49,1088.68,0.0
,1089.08,1092.62,1085.43,1089.19,0.0
,1090.69,1099.7,1089.78,1093.56,0.0
,1093.56,1093.56,1093.56,1093.56,0.0
,1093.56,1093.56,1093.56,1093.56,0.0
,1094.84,1101.71,1091.77,1095.41,0.0
,1094.98,1113.8,1090.74,1113.05,0.0
,1112.37,1116.71,1109.91,1114.94,0.0
,1116.04,1123.95,1114.86,1121.28,0.0
,1121.37,1122.69,1118.1,1120.68,0.0
,1120.68,1120.68,1120.68,1120.68,0.0
,1120.68,1120.68,1120.68,1120.68,0.0
,1120.68,1120.68,1120.68,1120.68,0.0
2004-01-06,1119.48,1122.7,1113.32,1121.2,0.0
2004-02-06,1121.72,1128.1,1118.64,1124.99,0.0
2004-03-06,1124.22,1125.31,1116.56,1116.64,0.0
2004-04-06,1116.65,1129.17,1116.65,1122.5,0.0
2004-05-06,1122.5,1122.5,1122.5,1122.5,0.0
2004-06-06,1122.5,1122.5,1122.5,1122.5,0.0
2004-07-06,1123.75,1140.54,1123.7,1140.42,0.0
2004-08-06,1139.23,1142.18,1135.45,1142.18,0.0
2004-09-06,1141.09,1141.09,1131.17,1131.33,0.0
2004-10-06,1132.31,1136.47,1132.31,1136.47,0.0
2004-11-06,1136.47,1136.47,1136.47,1136.47,0.0
2004-12-06,1136.47,1136.47,1136.47,1136.47,0.0
,1136.47,1136.47,1136.47,1136.47,0.0
,1135.21,1135.21,1122.16,1125.29,0.0
,1126.55,1137.36,1126.55,1132.01,0.0
,1131.89,1135.28,1130.55,1133.56,0.0
,1132.83,1133.45,1126.88,1132.05,0.0
,1131.55,1139.08,1129.82,1135.02,0.0
,1135.02,1135.02,1135.02,1135.02,0.0
,1135.02,1135.02,1135.02,1135.02,0.0
,1135.43,1138.05,1129.64,1130.3,0.0
,1130.05,1135.05,1124.37,1134.41,0.0
,1134.12,1145.16,1131.73,1144.06,0.0
,1143.76,1146.34,1139.94,1140.65,0.0
,1140.73,1145.97,1134.24,1134.43,0.0
,1134.43,1134.43,1134.43,1134.43,0.0
,1134.43,1134.43,1134.43,1134.43,0.0
,1136.6,1142.6,1131.62,1133.35,0.0
,1132.96,1138.26,1131.81,1136.2,0.0
,1136.57,1144.22,1133.62,1140.84,0.0
2004-01-07,1140.73,1140.8,1123.06,1128.94,0.0
2004-02-07,1128.46,1129.18,1123.26,1125.38,0.0
2004-03-07,1125.38,1125.38,1125.38,1125.38,0.0
2004-04-07,1125.38,1125.38,1125.38,1125.38,0.0
2004-05-07,1125.38,1125.38,1125.38,1125.38,0.0
2004-06-07,1123.58,1123.58,1113.21,1116.21,0.0
2004-07-07,1115.7,1122.37,1114.92,1118.33,0.0
2004-08-07,1116.72,1119.12,1108.72,1109.11,0.0
2004-09-07,1110.62,1115.57,1110.48,1112.81,0.0
2004-10-07,1112.81,1112.81,1112.81,1112.81,0.0
2004-11-07,1112.81,1112.81,1112.81,1112.81,0.0
2004-12-07,1111.57,1116.11,1106.71,1114.35,0.0
,1114.87,1116.3,1112.99,1115.14,0.0
,1112.5,1119.6,1107.83,1111.47,0.0
,1112.08,1114.67,1106.6,1106.69,0.0
,1107.93,1112.17,1101.07,1101.39,0.0
,1101.39,1101.39,1101.39,1101.39,0.0
,1101.39,1101.39,1101.39,1101.39,0.0
,1102.41,1105.52,1096.55,1100.9,0.0
,1101.1,1108.88,1099.1,1108.67,0.0
,1111.53,1116.27,1093.88,1093.88,0.0
,1093.87,1099.69,1084.16,1096.84,0.0
,1094.79,1094.79,1083.49,1086.2,0.0
,1086.2,1086.2,1086.2,1086.2,0.0
,1086.2,1086.2,1086.2,1086.2,0.0
,1086.62,1089.82,1078.78,1084.07,0.0
,1084.92,1096.65,1084.92,1094.83,0.0
,1093.88,1098.84,1082.17,1095.42,0.0
,1097.09,1103.71,1095.82,1100.43,0.0
,1100.37,1103.73,1096.96,1101.72,0.0
,1101.72,1101.72,1101.72,1101.72,0.0
2004-01-08,1101.72,1101.72,1101.72,1101.72,0.0
2004-02-08,1100.35,1108.6,1097.34,1106.62,0.0
2004-03-08,1106.32,1106.32,1099.2,1099.69,0.0
2004-04-08,1098.67,1102.45,1092.4,1098.63,0.0
2004-05-08,1098.68,1098.83,1079.98,1080.7,0.0
2004-06-08,1078.55,1078.55,1062.23,1063.97,0.0
2004-07-08,1063.97,1063.97,1063.97,1063.97,0.0
2004-08-08,1063.97,1063.97,1063.97,1063.97,0.0
2004-09-08,1064.8,1069.46,1064.15,1065.22,0.0
2004-10-08,1066.22,1079.04,1066.22,1079.04,0.0
2004-11-08,1074.7,1077.32,1065.92,1075.79,0.0
2004-12-08,1073.88,1073.88,1062.82,1063.23,0.0
,1064.45,1067.58,1060.72,1064.8,0.0
,1064.8,1064.8,1064.8,1064.8,0.0
,1064.8,1064.8,1064.8,1064.8,0.0
,1065.06,1080.66,1065.06,1079.34,0.0
,1079.35,1086.96,1079.35,1081.71,0.0
,1080.6,1095.17,1078.93,1095.17,0.0
,1094.99,1094.99,1086.28,1091.23,0.0
,1090.89,1100.26,1089.57,1098.35,0.0
,1098.35,1098.35,1098.35,1098.35,0.0
,1098.35,1098.35,1098.35,1098.35,0.0
,1098.99,1101.4,1094.73,1095.68,0.0
,1096.47,1100.94,1092.82,1096.19,0.0
,1096.15,1106.29,1093.24,1104.96,0.0
,1104.26,1106.78,1102.43,1105.09,0.0
,1105.33,1109.68,1104.61,1107.77,0.0
,1107.77,1107.77,1107.77,1107.77,0.0
,1107.77,1107.77,1107.77,1107.77,0.0
,1106.41,1106.54,1099.15,1099.15,0.0
,1099.21,1104.24,1094.72,1104.24,0.0
2004-01-09,1103.22,1109.25,1099.11,1105.91,0.0
2004-02-09,1105.6,1119.11,1105.6,1118.31,0.0
2004-03-09,1116.09,1120.8,1113.57,1113.63,0.0
2004-04-09,1113.63,1113.63,1113.63,1113.63,0.0
2004-05-09,1113.63,1113.63,1113.63,1113.63,0.0
2004-06-09,1113.63,1113.63,1113.63,1113.63,0.0
2004-07-09,1114.81,1124.08,1114.81,1121.3,0.0
2004-08-09,1119.65,1123.05,1116.27,1116.27,0.0
2004-09-09,1117.12,1121.3,1113.62,1118.38,0.0
2004-10-09,1118.49,1125.26,1114.39,1123.92,0.0
2004-11-09,1123.92,1123.92,1123.92,1123.92,0.0
2004-12-09,1123.92,1123.92,1123.92,1123.92,0.0
,1124.71,1129.78,1123.35,1125.82,0.0
,1125.81,1129.46,1124.72,1128.33,0.0
,1127.5,1127.5,1119.74,1120.37,0.0
,1120.5,1126.06,1120.5,1123.5,0.0
,1123.9,1130.48,1123.9,1128.55,0.0
,1128.55,1128.55,1128.55,1128.55,0.0
,1128.55,1128.55,1128.55,1128.55,0.0
,1127.78,1127.78,1120.34,1122.2,0.0
,1122.83,1131.54,1122.8,1129.3,0.0
,1127.95,1127.95,1112.67,1113.56,0.0
,1113.61,1113.61,1108.05,1108.36,0.0
,1108.58,1113.81,1108.51,1110.11,0.0
,1110.11,1110.11,1110.11,1110.11,0.0
,1110.11,1110.11,1110.11,1110.11,0.0
,1109.05,1109.05,1103.24,1103.52,0.0
,1104.24,1111.77,1101.29,1110.06,0.0
,1109.89,1114.8,1107.36,1114.8,0.0
,1114.67,1116.31,1109.61,1114.58,0.0
2004-01-10,1115.96,1131.64,1115.96,1131.5,0.0
2004-02-10,1131.5,1131.5,1131.5,1131.5,0.0
2004-03-10,1131.5,1131.5,1131.5,1131.5,0.0
2004-04-10,1133.16,1140.19,1133.16,1135.17,0.0
2004-05-10,1134.81,1137.87,1132.03,1134.48,0.0
2004-06-10,1134.16,1142.05,1132.94,1142.05,0.0
2004-07-10,1141.68,1141.68,1130.46,1130.65,0.0
2004-08-10,1129.83,1132.92,1120.19,1122.14,0.0
2004-09-10,1122.14,1122.14,1122.14,1122.14,0.0
2004-10-10,1122.14,1122.14,1122.14,1122.14,0.0
2004-11-10,1122.92,1126.2,1122.83,1124.39,0.0
2004-12-10,1122.94,1124.23,1115.77,1121.84,0.0
,1124.56,1127.01,1109.63,1113.65,0.0
,1113.55,1114.97,1102.06,1103.29,0.0
,1104.44,1113.17,1102.14,1108.2,0.0
,1108.2,1108.2,1108.2,1108.2,0.0
,1108.2,1108.2,1108.2,1108.2,0.0
,1107.83,1114.46,1103.33,1114.02,0.0
,1114.79,1118.03,1103.15,1103.23,0.0
,1102.86,1104.09,1094.25,1103.66,0.0
,1104.42,1108.96,1098.47,1106.49,0.0
,1106.37,1108.32,1095.29,1095.74,0.0
,1095.74,1095.74,1095.74,1095.74,0.0
,1095.74,1095.74,1095.74,1095.74,0.0
,1095.15,1096.81,1090.19,1094.8,0.0
,1094.81,1111.1,1094.81,1111.09,0.0
,1110.66,1126.29,1107.43,1125.4,0.0
,1125.34,1130.67,1120.57,1127.44,0.0
,1127.41,1131.44,1124.62,1130.2,0.0
,1130.2,1130.2,1130.2,1130.2,0.0
,1130.2,1130.2,1130.2,1130.2,0.0
2004-01-11,1130.26,1133.43,1127.53,1130.51,0.0
2004-02-11,1130.85,1140.48,1128.12,1130.56,0.0
2004-03-11,1130.54,1147.6,1130.54,1143.2,0.0
2004-04-11,1142.39,1161.67,1142.34,1161.67,0.0
2004-05-11,1161.67,1170.87,1160.36,1166.17,0.0
2004-06-11,1166.17,1166.17,1166.17,1166.17,0.0
2004-07-11,1166.17,1166.17,1166.17,1166.17,0.0
2004-08-11,1165.82,1166.86,1162.32,1164.89,0.0
2004-09-11,1164.97,1168.97,1162.48,1164.08,0.0
2004-10-11,1163.75,1169.35,1162.51,1162.91,0.0
2004-11-11,1164.02,1174.82,1164.02,1173.48,0.0
2004-12-11,1174.18,1184.17,1171.39,1184.17,0.0
,1184.17,1184.17,1184.17,1184.17,0.0
,1184.17,1184.17,1184.17,1184.17,0.0
,1183.81,1184.48,1179.85,1183.81,0.0
,1182.58,1182.58,1175.32,1175.43,0.0
,1176.63,1188.46,1176.63,1181.94,0.0
,1181.78,1184.9,1180.09,1183.55,0.0
,1183.52,1184.0,1169.17,1170.34,0.0
,1170.34,1170.34,1170.34,1170.34,0.0
,1170.34,1170.34,1170.34,1170.34,0.0
,1169.99,1178.18,1167.89,1177.24,0.0
,1176.63,1179.52,1171.41,1176.94,0.0
,1178.07,1182.46,1178.07,1181.76,0.0
,1181.76,1181.76,1181.76,1181.76,0.0
,1181.43,1186.62,1181.08,1182.65,0.0
,1182.65,1182.65,1182.65,1182.65,0.0
,1182.65,1182.65,1182.65,1182.65,0.0
,1183.34,1186.94,1172.37,1178.57,0.0
,1177.73,1178.66,1173.81,1173.82,0.0
2004-01-12,1173.78,1191.37,1173.78,1191.37,0.0
2004-02-12,1190.68,1194.81,1186.66,1190.33,0.0
2004-03-12,1191.35,1197.46,1187.7,1191.17,0.0
2004-04-12,1191.17,1191.17,1191.17,1191.17,0.0
2004-05-12,1191.17,1191.17,1191.17,1191.17,0.0
2004-06-12,1190.84,1192.41,1185.18,1190.25,0.0
2004-07-12,1190.44,1192.19,1177.07,1177.07,0.0
2004-08-12,1177.75,1184.05,1176.8,1182.81,0.0
2004-09-12,1181.18,1190.51,1173.76,1189.24,0.0
2004-10-12,1187.45,1191.45,1185.24,1188.0,0.0
2004-11-12,1188.0,1188.0,1188.0,1188.0,0.0
2004-12-12,1188.0,1188.0,1188.0,1188.0,0.0
,1189.87,1198.77,1189.87,1198.68,0.0
,1197.97,1205.29,1197.84,1203.38,0.0
,1203.32,1206.61,1199.44,1205.72,0.0
,1205.3,1207.97,1198.41,1203.21,0.0
,1202.26,1203.17,1193.44,1194.2,0.0
,1194.2,1194.2,1194.2,1194.2,0.0
,1194.2,1194.2,1194.2,1194.2,0.0
,1195.39,1203.64,1193.36,1194.65,0.0
,1195.2,1205.93,1195.2,1205.45,0.0
,1204.78,1211.42,1203.81,1209.57,0.0
,1209.16,1213.66,1208.71,1210.13,0.0
,1210.13,1210.13,1210.13,1210.13,0.0
,1210.13,1210.13,1210.13,1210.13,0.0
,1210.13,1210.13,1210.13,1210.13,0.0
,1211.2,1214.17,1204.92,1204.92,0.0
,1205.12,1213.54,1205.12,1213.54,0.0
,1212.72,1213.95,1210.95,1213.45,0.0
,1213.48,1216.47,1213.41,1213.55,0.0
,1213.92,1217.33,1211.65,1211.92,0.0
2005-01-01,1211.92,1211.92,1211.92,1211.92,0.0
2005-02-01,1211.92,1211.92,1211.92,1211.92,0.0
2005-03-01,1213.43,1217.9,1200.3,1202.08,0.0
2005-04-01,1202.9,1205.84,1185.39,1188.05,0.0
2005-05-01,1187.75,1192.75,1183.72,1183.74,0.0
2005-06-01,1184.41,1191.63,1183.23,1187.89,0.0
2005-07-01,1189.2,1192.2,1182.11,1186.19,0.0
2005-08-01,1186.19,1186.19,1186.19,1186.19,0.0
2005-09-01,1186.19,1186.19,1186.19,1186.19,0.0
2005-10-01,1185.78,1194.78,1184.8,1190.25,0.0
2005-11-01,1188.49,1188.49,1180.43,1182.99,0.0
2005-12-01,1184.39,1187.98,1175.64,1187.7,0.0
,1187.64,1187.64,1175.61,1177.45,0.0
,1178.21,1185.21,1178.21,1184.52,0.0
,1184.52,1184.52,1184.52,1184.52,0.0
,1184.52,1184.52,1184.52,1184.52,0.0
,1184.52,1184.52,1184.52,1184.52,0.0
,1183.64,1195.98,1180.1,1195.98,0.0
,1195.51,1195.51,1184.37,1184.63,0.0
,1182.52,1182.52,1173.39,1175.41,0.0
,1175.82,1179.55,1167.82,1167.87,0.0
,1167.87,1167.87,1167.87,1167.87,0.0
,1167.87,1167.87,1167.87,1167.87,0.0
,1168.59,1173.17,1163.75,1163.75,0.0
,1165.31,1174.3,1165.31,1168.41,0.0
,1170.67,1175.99,1170.67,1174.07,0.0
,1173.55,1177.5,1170.15,1174.55,0.0
,1175.05,1175.63,1166.3,1171.36,0.0
,1171.36,1171.36,1171.36,1171.36,0.0
,1171.36,1171.36,1171.36,1171.36,0.0
,1173.3,1182.07,1173.3,1181.27,0.0
2005-01-02,1181.26,1190.39,1180.95,1189.41,0.0
2005-02-02,1189.78,1195.25,1188.92,1193.19,0.0
2005-03-02,1191.84,1191.84,1185.63,1189.89,0.0
2005-04-02,1189.83,1203.47,1189.67,1203.03,0.0
2005-05-02,1203.03,1203.03,1203.03,1203.03,0.0
2005-06-02,1203.03,1203.03,1203.03,1203.03,0.0
2005-07-02,1202.91,1204.15,1199.27,1201.72,0.0
2005-08-02,1201.33,1205.1,1200.16,1202.3,0.0
2005-09-02,1202.66,1203.83,1191.54,1191.99,0.0
2005-10-02,1192.64,1198.75,1191.54,1197.01,0.0
2005-11-02,1196.34,1208.38,1193.28,1205.3,0.0
2005-12-02,1205.3,1205.3,1205.3,1205.3,0.0
,1205.3,1205.3,1205.3,1205.3,0.0
,1205.14,1206.93,1203.58,1206.14,0.0
,1206.34,1212.44,1205.52,1210.11,0.0
,1209.27,1212.44,1205.06,1210.33,0.0
,1210.32,1211.33,1200.74,1200.75,0.0
,1201.05,1202.92,1197.34,1201.58,0.0
,1201.58,1201.58,1201.58,1201.58,0.0
,1201.58,1201.58,1201.58,1201.58,0.0
,1201.58,1201.58,1201.58,1201.58,0.0
,1199.81,1202.48,1184.16,1184.16,0.0
,1185.08,1193.52,1185.08,1190.8,0.0
,1190.5,1200.42,1187.8,1200.2,0.0
,1200.17,1212.15,1199.6,1211.36,0.0
,1211.36,1211.36,1211.36,1211.36,0.0
,1211.36,1211.36,1211.36,1211.36,0.0
,1210.2,1210.22,1198.13,1203.59,0.0
2005-01-03,1204.72,1212.25,1204.72,1210.41,0.0
2005-02-03,1209.21,1215.79,1204.22,1210.08,0.0
2005-03-03,1210.57,1215.72,1204.45,1210.47,0.0
2005-04-03,1212.69,1224.76,1212.69,1222.11,0.0
2005-05-03,1222.11,1222.11,1222.11,1222.11,0.0
2005-06-03,1222.11,1222.11,1222.11,1222.11,0.0
2005-07-03,1222.84,1229.1,1222.42,1225.31,0.0
2005-08-03,1224.83,1225.69,1218.57,1219.43,0.0
2005-09-03,1219.13,1219.4,1206.66,1207.01,0.0
2005-10-03,1207.48,1211.23,1201.41,1209.25,0.0
2005-11-03,1209.52,1213.04,1198.15,1200.08,0.0
2005-12-03,1200.08,1200.08,1200.08,1200.08,0.0
,1200.08,1200.08,1200.08,1200.08,0.0
,1200.46,1206.83,1199.51,1206.83,0.0
,1207.56,1210.54,1197.75,1197.75,0.0
,1197.11,1197.11,1185.61,1188.07,0.0
,1188.09,1193.28,1186.34,1190.21,0.0
,1190.32,1191.98,1182.78,1189.65,0.0
,1189.65,1189.65,1189.65,1189.65,0.0
,1189.65,1189.65,1189.65,1189.65,0.0
,1189.52,1189.52,1178.82,1183.78,0.0
,1183.83,1189.5,1171.63,1171.71,0.0
,1171.4,1176.26,1168.7,1172.53,0.0
,1172.55,1180.11,1171.42,1171.42,0.0
,1171.42,1171.42,1171.42,1171.42,0.0
,1171.42,1171.42,1171.42,1171.42,0.0
,1171.42,1171.42,1171.42,1171.42,0.0
,1172.42,1179.91,1172.42,1174.28,0.0
,1174.24,1179.39,1163.69,1165.35,0.0
,1166.06,1181.54,1166.06,1181.41,0.0
,1181.54,1184.53,1179.49,1180.58,0.0
2005-01-04,1181.44,1189.8,1169.91,1172.92,0.0
2005-02-04,1172.92,1172.92,1172.92,1172.92,0.0
2005-03-04,1172.92,1172.92,1172.92,1172.92,0.0
2005-04-04,1172.79,1178.6,1167.72,1176.11,0.0
2005-05-04,1176.52,1183.56,1176.52,1181.39,0.0
2005-06-04,1181.63,1189.33,1181.63,1184.07,0.0
2005-07-04,1184.23,1191.88,1183.81,1191.14,0.0
2005-08-04,1191.22,1191.75,1181.13,1181.2,0.0
2005-09-04,1181.2,1181.2,1181.2,1181.2,0.0
2005-10-04,1181.2,1181.2,1181.2,1181.2,0.0
2005-11-04,1181.34,1184.07,1178.69,1181.21,0.0
2005-12-04,1180.86,1190.17,1171.04,1187.76,0.0
,1187.2,1187.2,1171.4,1173.79,0.0
,1173.74,1174.67,1161.7,1162.05,0.0
,1160.11,1161.43,1141.92,1142.61,0.0
,1142.61,1142.61,1142.61,1142.61,0.0
,1142.61,1142.61,1142.61,1142.61,0.0
,1142.4,1148.92,1139.8,1145.98,0.0
,1147.07,1154.67,1147.07,1152.78,0.0
,1154.09,1155.5,1136.15,1137.5,0.0
,1139.3,1159.95,1139.3,1159.95,0.0
,1158.41,1159.25,1142.95,1152.12,0.0
,1152.12,1152.12,1152.12,1152.12,0.0
,1152.12,1152.12,1152.12,1152.12,0.0
,1153.46,1164.05,1153.46,1162.1,0.0
,1161.81,1164.8,1151.74,1151.74,0.0
,1151.04,1159.87,1144.42,1156.38,0.0
,1155.56,1155.56,1143.22,1143.22,0.0
,1144.79,1156.97,1139.19,1156.85,0.0
,1156.85,1156.85,1156.85,1156.85,0.0
2005-01-05,1156.85,1156.85,1156.85,1156.85,0.0
2005-02-05,1156.98,1162.87,1154.71,1162.16,0.0
2005-03-05,1161.7,1166.89,1156.71,1161.17,0.0
2005-04-05,1161.57,1176.01,1161.57,1175.65,0.0
2005-05-05,1175.48,1178.62,1166.83,1172.63,0.0
2005-06-05,1173.64,1177.75,1170.5,1171.35,0.0
2005-07-05,1171.35,1171.35,1171.35,1171.35,0.0
2005-08-05,1171.35,1171.35,1171.35,1171.35,0.0
2005-09-05,1171.24,1178.87,1169.38,1178.84,0.0
2005-10-05,1177.65,1177.65,1162.98,1166.22,0.0
2005-11-05,1166.66,1171.77,1157.71,1171.11,0.0
2005-12-05,1171.1,1173.37,1157.76,1159.36,0.0
,1160.07,1163.75,1146.18,1154.05,0.0
,1154.05,1154.05,1154.05,1154.05,0.0
,1154.05,1154.05,1154.05,1154.05,0.0
,1153.64,1165.75,1153.64,1165.69,0.0
,1164.73,1174.35,1159.86,1173.8,0.0
,1174.43,1187.9,1174.43,1185.56,0.0
,1185.72,1191.09,1184.49,1191.08,0.0
,1191.14,1191.22,1185.19,1189.28,0.0
,1189.28,1189.28,1189.28,1189.28,0.0
,1189.28,1189.28,1189.28,1189.28,0.0
,1189.05,1197.44,1188.76,1193.86,0.0
,1193.2,1195.29,1189.87,1194.07,0.0
,1193.22,1193.22,1185.96,1190.01,0.0
,1190.69,1198.95,1190.69,1197.62,0.0
,1197.26,1199.56,1195.28,1198.78,0.0
,1198.78,1198.78,1198.78,1198.78,0.0
,1198.78,1198.78,1198.78,1198.78,0.0
,1198.78,1198.78,1198.78,1198.78,0.0
,1198.3,1198.32,1191.5,1191.5,0.0
2005-01-06,1191.07,1205.64,1191.03,1202.27,0.0
2005-02-06,1202.27,1204.67,1198.42,1204.29,0.0
2005-03-06,1203.27,1205.09,1194.55,1196.02,0.0
2005-04-06,1196.02,1196.02,1196.02,1196.02,0.0
2005-05-06,1196.02,1196.02,1196.02,1196.02,0.0
2005-06-06,1196.06,1198.78,1192.75,1197.51,0.0
2005-07-06,1197.63,1208.85,1197.26,1197.26,0.0
2005-08-06,1198.54,1201.97,1193.33,1194.67,0.0
2005-09-06,1194.47,1201.86,1191.09,1200.93,0.0
2005-10-06,1200.87,1202.79,1192.64,1198.11,0.0
2005-11-06,1198.11,1198.11,1198.11,1198.11,0.0
2005-12-06,1198.11,1198.11,1198.11,1198.11,0.0
,1197.64,1206.03,1194.51,1200.82,0.0
,1200.64,1207.53,1200.18,1203.91,0.0
,1204.93,1208.08,1198.66,1206.58,0.0
,1206.55,1212.1,1205.47,1210.96,0.0
,1213.19,1219.55,1213.19,1216.96,0.0
,1216.96,1216.96,1216.96,1216.96,0.0
,1216.96,1216.96,1216.96,1216.96,0.0
,1216.12,1219.1,1210.65,1216.1,0.0
,1215.93,1217.13,1211.86,1213.61,0.0
,1214.34,1219.59,1211.69,1213.88,0.0
,1214.19,1216.45,1200.72,1200.73,0.0
,1200.7,1200.9,1191.45,1191.57,0.0
,1191.57,1191.57,1191.57,1191.57,0.0
,1191.57,1191.57,1191.57,1191.57,0.0
,1191.33,1194.33,1188.3,1190.69,0.0
,1191.37,1202.54,1191.37,1201.57,0.0
,1202.13,1204.07,1198.7,1199.85,0.0
,1199.93,1203.27,1190.51,1191.33,0.0
2005-01-07,1192.5,1197.89,1192.5,1194.44,0.0
2005-02-07,1194.44,1194.44,1194.44,1194.44,0.0
2005-03-07,1194.44,1194.44,1194.44,1194.44,0.0
2005-04-07,1194.44,1194.44,1194.44,1194.44,0.0
2005-05-07,1193.87,1206.34,1192.49,1204.99,0.0
2005-06-07,1204.83,1206.11,1194.78,1194.94,0.0
2005-07-07,1193.73,1198.46,1183.55,1197.87,0.0
2005-08-07,1197.88,1212.73,1197.2,1211.86,0.0
2005-09-07,1211.86,1211.86,1211.86,1211.86,0.0
2005-10-07,1211.86,1211.86,1211.86,1211.86,0.0
2005-11-07,1212.11,1220.03,1212.11,1219.44,0.0
2005-12-07,1219.26,1225.54,1216.6,1222.21,0.0
,1221.96,1224.46,1219.64,1223.29,0.0
,1224.14,1233.16,1224.14,1226.5,0.0
,1226.98,1229.53,1223.5,1227.92,0.0
,1227.92,1227.92,1227.92,1227.92,0.0
,1227.92,1227.92,1227.92,1227.92,0.0
,1226.72,1226.72,1221.13,1221.13,0.0
,1222.47,1230.34,1222.47,1229.35,0.0
,1227.36,1236.56,1222.91,1235.2,0.0
,1235.83,1235.83,1224.7,1227.04,0.0
,1226.58,1234.19,1226.15,1233.68,0.0
,1233.68,1233.68,1233.68,1233.68,0.0
,1233.68,1233.68,1233.68,1233.68,0.0
,1233.44,1238.36,1228.15,1229.03,0.0
,1229.38,1234.42,1229.28,1231.16,0.0
,1231.33,1237.64,1230.15,1236.79,0.0
,1236.91,1245.15,1235.81,1243.72,0.0
,1243.39,1245.04,1234.18,1234.18,0.0
,1234.18,1234.18,1234.18,1234.18,0.0
,1234.18,1234.18,1234.18,1234.18,0.0
2005-01-08,1234.86,1239.1,1233.8,1235.35,0.0
2005-02-08,1235.7,1244.69,1235.7,1244.12,0.0
2005-03-08,1243.09,1245.86,1240.57,1245.04,0.0
2005-04-08,1243.8,1243.8,1235.15,1235.86,0.0
2005-05-08,1235.32,1235.32,1225.62,1226.42,0.0
2005-06-08,1226.42,1226.42,1226.42,1226.42,0.0
2005-07-08,1226.42,1226.42,1226.42,1226.42,0.0
2005-08-08,1226.72,1232.28,1222.67,1223.13,0.0
2005-09-08,1223.42,1234.11,1223.42,1231.38,0.0
2005-10-08,1231.49,1242.69,1226.58,1229.13,0.0
2005-11-08,1229.07,1237.81,1228.33,1237.81,0.0
2005-12-08,1235.57,1235.57,1225.87,1230.39,0.0
,1230.39,1230.39,1230.39,1230.39,0.0
,1230.39,1230.39,1230.39,1230.39,0.0
,1230.4,1236.24,1226.2,1233.87,0.0
,1233.15,1233.43,1219.05,1219.34,0.0
,1219.44,1225.63,1218.07,1220.24,0.0
,1219.62,1222.64,1215.93,1219.02,0.0
,1219.52,1225.08,1219.52,1219.71,0.0
,1219.71,1219.71,1219.71,1219.71,0.0
,1219.71,1219.71,1219.71,1219.71,0.0
,1220.54,1228.96,1216.47,1221.73,0.0
,1221.77,1223.04,1214.44,1217.59,0.0
,1217.57,1224.15,1209.37,1209.59,0.0
,1209.96,1213.73,1209.57,1212.37,0.0
,1212.4,1212.4,1204.23,1205.1,0.0
,1205.1,1205.1,1205.1,1205.1,0.0
,1205.1,1205.1,1205.1,1205.1,0.0
,1204.2,1214.28,1201.53,1212.28,0.0
,1211.06,1211.06,1201.07,1208.41,0.0
,1208.48,1220.36,1204.4,1220.33,0.0
2005-01-09,1219.71,1227.29,1216.18,1221.59,0.0
2005-02-09,1221.92,1224.45,1217.75,1218.02,0.0
2005-03-09,1218.02,1218.02,1218.02,1218.02,0.0
2005-04-09,1218.02,1218.02,1218.02,1218.02,0.0
2005-05-09,1218.02,1218.02,1218.02,1218.02,0.0
2005-06-09,1219.52,1233.61,1219.52,1233.39,0.0
2005-07-09,1233.02,1237.06,1230.93,1236.36,0.0
2005-08-09,1235.89,1235.89,1229.51,1231.67,0.0
2005-09-09,1232.06,1243.13,1232.06,1241.48,0.0
2005-10-09,1241.48,1241.48,1241.48,1241.48,0.0
2005-11-09,1241.48,1241.48,1241.48,1241.48,0.0
2005-12-09,1241.5,1242.6,1239.15,1240.56,0.0
,1240.57,1240.57,1231.2,1231.2,0.0
,1231.25,1234.74,1226.16,1227.16,0.0
,1227.77,1231.88,1224.85,1227.73,0.0
,1228.42,1237.95,1228.42,1237.91,0.0
,1237.91,1237.91,1237.91,1237.91,0.0
,1237.91,1237.91,1237.91,1237.91,0.0
,1237.64,1237.64,1227.65,1231.02,0.0
,1231.27,1236.49,1220.07,1221.34,0.0
,1221.52,1221.52,1209.89,1210.2,0.0
,1209.98,1216.64,1205.35,1214.62,0.0
,1214.18,1218.83,1209.8,1215.29,0.0
,1215.29,1215.29,1215.29,1215.29,0.0
,1215.29,1215.29,1215.29,1215.29,0.0
,1216.05,1222.56,1211.84,1215.63,0.0
,1215.92,1220.17,1211.11,1215.66,0.0
,1216.81,1220.97,1212.72,1216.89,0.0
,1216.71,1228.7,1211.54,1227.68,0.0
,1227.39,1229.57,1225.22,1228.81,0.0
2005-01-10,1228.81,1228.81,1228.81,1228.81,0.0
2005-02-10,1228.81,1228.81,1228.81,1228.81,0.0
2005-03-10,1228.86,1233.34,1225.15,1226.7,0.0
2005-04-10,1226.61,1229.88,1214.02,1214.47,0.0
2005-05-10,1214.37,1214.37,1196.25,1196.39,0.0
2005-06-10,1196.7,1202.14,1181.92,1191.49,0.0
2005-07-10,1192.23,1199.71,1191.46,1195.9,0.0
2005-08-10,1195.9,1195.9,1195.9,1195.9,0.0
2005-09-10,1195.9,1195.9,1195.9,1195.9,0.0
2005-10-10,1196.02,1196.52,1186.12,1187.33,0.0
2005-11-10,1187.52,1193.02,1183.16,1184.87,0.0
2005-12-10,1184.37,1190.02,1173.65,1177.68,0.0
,1177.29,1179.56,1168.2,1176.84,0.0
,1177.33,1187.13,1175.44,1186.57,0.0
,1186.57,1186.57,1186.57,1186.57,0.0
,1186.57,1186.57,1186.57,1186.57,0.0
,1186.44,1191.21,1184.48,1190.1,0.0
,1189.98,1189.98,1178.13,1178.14,0.0
,1177.3,1195.76,1170.55,1195.76,0.0
,1195.07,1197.3,1173.35,1177.8,0.0
,1178.17,1186.46,1174.92,1179.59,0.0
,1179.59,1179.59,1179.59,1179.59,0.0
,1179.59,1179.59,1179.59,1179.59,0.0
,1181.16,1199.39,1181.16,1199.38,0.0
,1198.55,1201.3,1189.29,1196.54,0.0
,1196.06,1204.01,1191.38,1191.38,0.0
,1191.1,1192.65,1178.89,1178.9,0.0
,1180.54,1198.41,1180.54,1198.41,0.0
,1198.41,1198.41,1198.41,1198.41,0.0
,1198.41,1198.41,1198.41,1198.41,0.0
,1198.91,1211.43,1198.91,1207.01,0.0
2005-01-11,1205.85,1207.34,1201.66,1202.76,0.0
2005-02-11,1202.13,1215.17,1201.07,1214.76,0.0
2005-03-11,1216.2,1224.7,1216.2,1219.94,0.0
2005-04-11,1220.29,1222.52,1214.45,1220.14,0.0
2005-05-11,1220.14,1220.14,1220.14,1220.14,0.0
2005-06-11,1220.14,1220.14,1220.14,1220.14,0.0
2005-07-11,1220.34,1224.18,1217.29,1222.81,0.0
2005-08-11,1222.26,1222.26,1216.08,1218.59,0.0
2005-09-11,1218.39,1226.59,1216.53,1220.65,0.0
2005-10-11,1220.75,1232.41,1215.05,1230.96,0.0
2005-11-11,1231.36,1235.7,1230.72,1234.72,0.0
2005-12-11,1234.72,1234.72,1234.72,1234.72,0.0
,1234.72,1234.72,1234.72,1234.72,0.0
,1234.66,1237.2,1231.78,1233.71,0.0
,1233.76,1237.94,1226.41,1229.01,0.0
,1229.36,1232.24,1227.18,1231.21,0.0
,1231.92,1242.96,1231.92,1242.8,0.0
,1244.29,1249.58,1240.71,1248.27,0.0
,1248.27,1248.27,1248.27,1248.27,0.0
,1248.27,1248.27,1248.27,1248.27,0.0
,1248.2,1255.89,1246.9,1254.85,0.0
,1254.06,1261.9,1251.4,1261.23,0.0
,1261.19,1270.64,1259.51,1265.61,0.0
,1265.61,1265.61,1265.61,1265.61,0.0
,1265.88,1268.78,1265.54,1268.25,0.0
,1268.25,1268.25,1268.25,1268.25,0.0
,1268.25,1268.25,1268.25,1268.25,0.0
,1268.42,1268.42,1257.17,1257.46,0.0
,1258.02,1266.18,1257.48,1257.48,0.0
,1257.3,1260.93,1249.39,1249.48,0.0
2005-01-12,1251.49,1266.17,1251.49,1264.67,0.0
2005-02-12,1263.56,1266.85,1261.42,1265.08,0.0
2005-03-12,1265.08,1265.08,1265.08,1265.08,0.0
2005-04-12,1265.08,1265.08,1265.08,1265.08,0.0
2005-05-12,1264.57,1264.57,1258.12,1262.09,0.0
2005-06-12,1263.34,1272.89,1262.83,1263.7,0.0
2005-07-12,1264.27,1264.85,1253.02,1257.37,0.0
2005-08-12,1257.48,1263.36,1250.91,1255.84,0.0
2005-09-12,1256.12,1263.08,1254.24,1259.37,0.0
2005-10-12,1259.37,1259.37,1259.37,1259.37,0.0
2005-11-12,1259.37,1259.37,1259.37,1259.37,0.0
2005-12-12,1259.86,1263.86,1255.52,1260.43,0.0
,1259.96,1272.11,1258.56,1267.43,0.0
,1267.19,1275.8,1267.07,1272.74,0.0
,1273.14,1275.17,1267.74,1270.94,0.0
,1271.16,1275.24,1267.32,1267.32,0.0
,1267.32,1267.32,1267.32,1267.32,0.0
,1267.32,1267.32,1267.32,1267.32,0.0
,1267.26,1270.51,1259.28,1259.92,0.0
,1260.01,1263.86,1257.21,1259.62,0.0
,1259.87,1269.37,1259.87,1262.79,0.0
,1262.91,1268.19,1262.5,1268.12,0.0
,1268.38,1269.76,1265.92,1268.66,0.0
,1268.66,1268.66,1268.66,1268.66,0.0
,1268.66,1268.66,1268.66,1268.66,0.0
,1268.66,1268.66,1268.66,1268.66,0.0
,1268.96,1271.83,1256.54,1256.54,0.0
,1257.13,1261.1,1256.65,1258.17,0.0
,1258.15,1260.61,1254.18,1254.42,0.0
,1252.23,1252.23,1246.59,1248.29,0.0
,1248.29,1248.29,1248.29,1248.29,0.0
2006-01-01,1248.29,1248.29,1248.29,1248.29,0.0
2006-02-01,1248.29,1248.29,1248.29,1248.29,0.0
2006-03-01,1249.37,1270.22,1245.74,1268.8,0.0
2006-04-01,1268.89,1275.37,1267.74,1273.46,0.0
2006-05-01,1273.54,1276.91,1270.3,1273.48,0.0
2006-06-01,1274.61,1286.09,1274.61,1285.45,0.0
2006-07-01,1285.45,1285.45,1285.45,1285.45,0.0
2006-08-01,1285.45,1285.45,1285.45,1285.45,0.0
2006-09-01,1285.56,1290.78,1284.82,1290.15,0.0
2006-10-01,1288.93,1289.94,1283.76,1289.69,0.0
2006-11-01,1289.72,1294.9,1288.12,1294.18,0.0
2006-12-01,1293.83,1293.83,1285.04,1286.06,0.0
,1286.07,1288.96,1282.78,1287.61,0.0
,1287.61,1287.61,1287.61,1287.61,0.0
,1287.61,1287.61,1287.61,1287.61,0.0
,1287.61,1287.61,1287.61,1287.61,0.0
,1285.83,1285.83,1278.61,1282.93,0.0
,1278.91,1282.43,1272.08,1277.93,0.0
,1278.96,1287.79,1278.6,1285.04,0.0
,1284.52,1284.57,1260.92,1261.49,0.0
,1261.49,1261.49,1261.49,1261.49,0.0
,1261.49,1261.49,1261.49,1261.49,0.0
,1261.98,1268.19,1261.7,1263.82,0.0
,1264.59,1271.47,1264.59,1266.86,0.0
,1267.81,1271.87,1259.42,1264.68,0.0
,1265.57,1276.44,1265.57,1273.83,0.0
,1275.4,1286.38,1275.18,1283.72,0.0
,1283.72,1283.72,1283.72,1283.72,0.0
,1283.72,1283.72,1283.72,1283.72,0.0
,1283.78,1287.94,1283.51,1285.2,0.0
,1284.97,1285.13,1276.85,1280.08,0.0
2006-01-02,1279.19,1283.33,1277.57,1282.46,0.0
2006-02-02,1281.82,1281.82,1267.72,1270.84,0.0
2006-03-02,1269.45,1270.87,1261.02,1264.03,0.0
2006-04-02,1264.03,1264.03,1264.03,1264.03,0.0
2006-05-02,1264.03,1264.03,1264.03,1264.03,0.0
2006-06-02,1263.85,1267.04,1261.62,1265.02,0.0
2006-07-02,1264.82,1265.78,1253.61,1254.78,0.0
2006-08-02,1256.55,1266.47,1255.0,1265.65,0.0
2006-09-02,1266.37,1274.56,1262.8,1263.78,0.0
2006-10-02,1263.82,1269.89,1254.98,1266.99,0.0
2006-11-02,1266.99,1266.99,1266.99,1266.99,0.0
2006-12-02,1266.99,1266.99,1266.99,1266.99,0.0
,1266.13,1266.26,1258.34,1262.86,0.0
,1263.12,1278.21,1260.8,1275.53,0.0
,1274.64,1281.0,1271.06,1280.0,0.0
,1280.42,1289.39,1280.18,1289.38,0.0
,1288.64,1289.47,1284.07,1287.24,0.0
,1287.24,1287.24,1287.24,1287.24,0.0
,1287.24,1287.24,1287.24,1287.24,0.0
,1287.24,1287.24,1287.24,1287.24,0.0
,1287.14,1291.92,1281.33,1283.04,0.0
,1283.03,1294.17,1283.03,1292.67,0.0
,1292.52,1293.84,1285.14,1287.79,0.0
,1287.72,1292.11,1285.62,1289.43,0.0
,1289.43,1289.43,1289.43,1289.43,0.0
,1289.43,1289.43,1289.43,1289.43,0.0
,1289.79,1297.57,1289.79,1294.12,0.0
,1293.24,1293.24,1278.66,1280.66,0.0
2006-01-03,1281.65,1291.8,1281.65,1291.24,0.0
2006-02-03,1290.25,1290.98,1283.21,1289.14,0.0
2006-03-03,1287.28,1297.33,1284.2,1287.23,0.0
2006-04-03,1287.23,1287.23,1287.23,1287.23,0.0
2006-05-03,1287.23,1287.23,1287.23,1287.23,0.0
2006-06-03,1287.3,1288.23,1275.67,1278.26,0.0
2006-07-03,1277.88,1277.88,1271.11,1275.88,0.0
2006-08-03,1275.41,1280.33,1268.42,1278.47,0.0
2006-09-03,1278.93,1282.74,1272.23,1272.23,0.0
2006-10-03,1272.94,1284.37,1271.11,1281.58,0.0
2006-11-03,1281.58,1281.58,1281.58,1281.58,0.0
2006-12-03,1281.58,1281.58,1281.58,1281.58,0.0
,1282.45,1287.37,1281.67,1284.13,0.0
,1283.29,1298.14,1282.67,1297.48,0.0
,1297.71,1304.4,1294.97,1303.02,0.0
,1303.75,1310.45,1303.75,1305.33,0.0
,1306.66,1309.79,1305.32,1307.25,0.0
,1307.25,1307.25,1307.25,1307.25,0.0
,1307.25,1307.25,1307.25,1307.25,0.0
,1307.69,1310.0,1303.59,1305.08,0.0
,1305.0,1310.88,1295.82,1297.23,0.0
,1295.81,1305.97,1295.81,1305.04,0.0
,1304.14,1304.71,1298.11,1301.67,0.0
,1301.71,1306.53,1298.89,1302.95,0.0
,1302.95,1302.95,1302.95,1302.95,0.0
,1302.95,1302.95,1302.95,1302.95,0.0
,1302.18,1303.74,1299.09,1301.61,0.0
,1301.3,1306.24,1291.84,1293.23,0.0
,1293.87,1305.6,1293.87,1302.89,0.0
,1303.0,1310.15,1296.72,1300.25,0.0
,1300.6,1303.0,1294.83,1294.83,0.0
2006-01-04,1294.83,1294.83,1294.83,1294.83,0.0
2006-02-04,1294.83,1294.83,1294.83,1294.83,0.0
2006-03-04,1302.88,1309.19,1296.65,1297.81,0.0
2006-04-04,1297.84,1307.55,1294.71,1305.93,0.0
2006-05-04,1306.52,1312.81,1304.82,1311.56,0.0
2006-06-04,1311.44,1311.99,1302.44,1309.04,0.0
2006-07-04,1309.56,1314.07,1294.18,1295.5,0.0
2006-08-04,1295.5,1295.5,1295.5,1295.5,0.0
2006-09-04,1295.5,1295.5,1295.5,1295.5,0.0
2006-10-04,1295.51,1300.74,1293.17,1296.62,0.0
2006-11-04,1296.6,1300.71,1282.96,1286.57,0.0
2006-12-04,1286.89,1290.93,1286.45,1288.12,0.0
,1287.75,1292.09,1283.37,1289.12,0.0
,1289.12,1289.12,1289.12,1289.12,0.0
,1289.12,1289.12,1289.12,1289.12,0.0
,1289.12,1289.12,1289.12,1289.12,0.0
,1289.08,1292.45,1280.74,1285.33,0.0
,1285.97,1309.02,1285.97,1307.65,0.0
,1307.94,1310.39,1302.79,1309.93,0.0
,1309.74,1318.16,1306.38,1311.46,0.0
,1313.58,1317.67,1306.59,1311.28,0.0
,1311.28,1311.28,1311.28,1311.28,0.0
,1311.28,1311.28,1311.28,1311.28,0.0
,1310.15,1310.29,1303.79,1308.11,0.0
,1308.43,1310.79,1299.17,1301.74,0.0
,1302.84,1310.97,1302.84,1305.41,0.0
,1304.56,1315.0,1295.57,1309.72,0.0
,1306.77,1316.04,1306.16,1310.61,0.0
,1310.61,1310.61,1310.61,1310.61,0.0
,1310.61,1310.61,1310.61,1310.61,0.0
2006-01-05,1311.1,1317.21,1303.46,1305.19,0.0
2006-02-05,1306.18,1313.66,1306.18,1313.21,0.0
2006-03-05,1313.34,1313.47,1303.92,1307.85,0.0
2006-04-05,1308.25,1315.14,1308.25,1312.25,0.0
2006-05-05,1313.92,1326.53,1313.92,1325.76,0.0
2006-06-05,1325.76,1325.76,1325.76,1325.76,0.0
2006-07-05,1325.76,1325.76,1325.76,1325.76,0.0
2006-08-05,1325.78,1326.7,1322.87,1324.66,0.0
2006-09-05,1324.0,1326.6,1322.48,1325.14,0.0
2006-10-05,1324.57,1325.51,1317.44,1322.85,0.0
2006-11-05,1322.63,1322.63,1303.45,1305.92,0.0
2006-12-05,1305.88,1305.88,1290.38,1291.24,0.0
,1291.24,1291.24,1291.24,1291.24,0.0
,1291.24,1291.24,1291.24,1291.24,0.0
,1291.19,1294.81,1284.51,1294.5,0.0
,1294.67,1297.88,1288.51,1292.08,0.0
,1291.73,1291.73,1267.31,1270.32,0.0
,1270.25,1274.89,1261.75,1261.81,0.0
,1261.86,1272.15,1256.28,1267.03,0.0
,1267.03,1267.03,1267.03,1267.03,0.0
,1267.03,1267.03,1267.03,1267.03,0.0
,1266.47,1268.77,1252.98,1262.07,0.0
,1262.06,1273.67,1256.15,1256.58,0.0
,1256.56,1264.53,1245.34,1258.57,0.0
,1258.41,1273.26,1258.41,1272.88,0.0
,1272.71,1280.54,1272.5,1280.16,0.0
,1280.16,1280.16,1280.16,1280.16,0.0
,1280.16,1280.16,1280.16,1280.16,0.0
,1280.16,1280.16,1280.16,1280.16,0.0
,1280.04,1280.04,1259.84,1259.84,0.0
,1259.38,1270.09,1259.38,1270.09,0.0
2006-01-06,1270.05,1285.71,1269.19,1285.71,0.0
2006-02-06,1286.58,1290.68,1280.22,1288.22,0.0
2006-03-06,1288.22,1288.22,1288.22,1288.22,0.0
2006-04-06,1288.22,1288.22,1288.22,1288.22,0.0
2006-05-06,1288.16,1288.16,1264.66,1265.29,0.0
2006-06-06,1265.23,1269.88,1254.46,1263.85,0.0
2006-07-06,1263.61,1272.47,1255.77,1256.15,0.0
2006-08-06,1256.08,1259.85,1235.18,1257.93,0.0
2006-09-06,1258.18,1262.58,1250.03,1252.3,0.0
2006-10-06,1252.3,1252.3,1252.3,1252.3,0.0
2006-11-06,1252.3,1252.3,1252.3,1252.3,0.0
2006-12-06,1252.27,1255.22,1236.2,1236.4,0.0
,1236.08,1243.37,1222.52,1223.69,0.0
,1223.66,1231.46,1219.29,1230.04,0.0
,1230.01,1258.64,1230.01,1256.16,0.0
,1255.89,1256.27,1246.33,1251.54,0.0
,1251.54,1251.54,1251.54,1251.54,0.0
,1251.54,1251.54,1251.54,1251.54,0.0
,1252.51,1255.93,1237.17,1240.14,0.0
,1240.12,1249.01,1238.87,1240.12,0.0
,1240.09,1257.96,1240.09,1252.2,0.0
,1251.92,1251.92,1241.53,1245.6,0.0
,1245.59,1253.13,1241.43,1244.5,0.0
,1244.5,1244.5,1244.5,1244.5,0.0
,1244.5,1244.5,1244.5,1244.5,0.0
,1244.88,1250.92,1243.68,1250.56,0.0
,1250.55,1253.37,1238.94,1239.2,0.0
,1238.99,1247.06,1237.59,1246.0,0.0
,1245.94,1272.88,1245.94,1272.87,0.0
,1272.86,1276.3,1270.2,1270.2,0.0
2006-01-07,1270.2,1270.2,1270.2,1270.2,0.0
2006-02-07,1270.2,1270.2,1270.2,1270.2,0.0
2006-03-07,1270.06,1280.38,1270.06,1280.19,0.0
2006-04-07,1280.19,1280.19,1280.19,1280.19,0.0
2006-05-07,1280.05,1280.05,1265.91,1270.91,0.0
2006-06-07,1270.58,1278.32,1270.58,1274.08,0.0
2006-07-07,1273.25,1275.38,1263.13,1265.48,0.0
2006-08-07,1265.48,1265.48,1265.48,1265.48,0.0
2006-09-07,1265.48,1265.48,1265.48,1265.48,0.0
2006-10-07,1265.46,1274.06,1264.46,1267.34,0.0
2006-11-07,1267.26,1273.64,1259.65,1272.52,0.0
2006-12-07,1272.39,1273.31,1257.29,1258.6,0.0
,1258.58,1258.58,1241.43,1242.29,0.0
,1242.25,1242.7,1228.45,1236.2,0.0
,1236.2,1236.2,1236.2,1236.2,0.0
,1236.2,1236.2,1236.2,1236.2,0.0
,1236.23,1240.07,1231.49,1234.49,0.0
,1234.48,1239.86,1224.54,1236.86,0.0
,1236.74,1261.81,1236.74,1259.81,0.0
,1260.21,1262.56,1249.13,1249.13,0.0
,1249.12,1250.96,1238.72,1240.29,0.0
,1240.29,1240.29,1240.29,1240.29,0.0
,1240.29,1240.29,1240.29,1240.29,0.0
,1240.25,1262.5,1240.25,1260.91,0.0
,1261.1,1272.39,1257.19,1268.88,0.0
,1268.87,1273.89,1261.94,1268.4,0.0
,1268.2,1275.85,1261.92,1263.2,0.0
,1263.15,1280.42,1263.15,1278.55,0.0
,1278.55,1278.55,1278.55,1278.55,0.0
,1278.55,1278.55,1278.55,1278.55,0.0
,1278.53,1278.66,1274.31,1276.66,0.0
2006-01-08,1275.76,1275.76,1265.71,1270.92,0.0
2006-02-08,1270.73,1283.42,1270.73,1278.55,0.0
2006-03-08,1278.22,1283.96,1271.25,1280.27,0.0
2006-04-08,1280.26,1292.92,1273.82,1279.36,0.0
2006-05-08,1279.36,1279.36,1279.36,1279.36,0.0
2006-06-08,1279.36,1279.36,1279.36,1279.36,0.0
2006-07-08,1279.31,1279.31,1273.0,1275.77,0.0
2006-08-08,1275.67,1282.75,1268.37,1271.48,0.0
2006-09-08,1271.13,1283.74,1264.73,1265.95,0.0
2006-10-08,1265.72,1272.55,1261.3,1271.81,0.0
2006-11-08,1271.64,1271.64,1262.08,1266.74,0.0
2006-12-08,1266.74,1266.74,1266.74,1266.74,0.0
,1266.74,1266.74,1266.74,1266.74,0.0
,1266.67,1278.9,1266.67,1268.21,0.0
,1268.19,1286.23,1268.19,1285.58,0.0
,1285.27,1296.21,1285.27,1295.43,0.0
,1295.37,1300.78,1292.71,1297.48,0.0
,1297.97,1302.3,1293.57,1302.3,0.0
,1302.3,1302.3,1302.3,1302.3,0.0
,1302.3,1302.3,1302.3,1302.3,0.0
,1301.09,1301.09,1295.51,1297.52,0.0
,1297.25,1302.49,1294.44,1298.82,0.0
,1298.73,1301.5,1289.49,1292.99,0.0
,1292.97,1297.23,1291.4,1296.06,0.0
,1295.92,1298.88,1292.39,1295.09,0.0
,1295.09,1295.09,1295.09,1295.09,0.0
,1295.09,1295.09,1295.09,1295.09,0.0
,1295.25,1305.02,1293.97,1301.78,0.0
,1301.57,1305.02,1295.29,1304.28,0.0
,1303.7,1306.74,1302.15,1304.27,0.0
,1304.25,1306.11,1302.45,1303.82,0.0
2006-01-09,1303.8,1312.03,1303.8,1311.01,0.0
2006-02-09,1311.01,1311.01,1311.01,1311.01,0.0
2006-03-09,1311.01,1311.01,1311.01,1311.01,0.0
2006-04-09,1311.01,1311.01,1311.01,1311.01,0.0
2006-05-09,1310.94,1314.67,1308.82,1313.25,0.0
2006-06-09,1313.04,1313.04,1299.28,1300.26,0.0
2006-07-09,1300.21,1301.25,1292.13,1294.02,0.0
2006-08-09,1294.64,1300.14,1294.43,1298.92,0.0
2006-09-09,1298.92,1298.92,1298.92,1298.92,0.0
2006-10-09,1298.92,1298.92,1298.92,1298.92,0.0
2006-11-09,1298.86,1302.36,1290.93,1299.54,0.0
2006-12-09,1299.53,1314.28,1299.53,1313.11,0.0
,1312.74,1319.92,1311.12,1318.07,0.0
,1318.0,1318.0,1313.25,1316.28,0.0
,1317.48,1324.65,1317.48,1319.87,0.0
,1319.87,1319.87,1319.87,1319.87,0.0
,1319.87,1319.87,1319.87,1319.87,0.0
,1319.85,1324.87,1318.16,1321.18,0.0
,1321.17,1322.04,1312.17,1318.31,0.0
,1318.28,1328.53,1318.28,1325.18,0.0
,1324.89,1328.19,1315.45,1318.03,0.0
,1317.74,1317.74,1310.94,1314.78,0.0
,1314.78,1314.78,1314.78,1314.78,0.0
,1314.78,1314.78,1314.78,1314.78,0.0
,1316.7,1329.35,1311.58,1326.37,0.0
,1326.35,1336.6,1325.3,1336.34,0.0
,1336.12,1340.08,1333.54,1336.59,0.0
,1336.56,1340.28,1333.75,1339.15,0.0
,1338.86,1339.88,1335.64,1335.85,0.0
,1335.85,1335.85,1335.85,1335.85,0.0
2006-01-10,1335.85,1335.85,1335.85,1335.85,0.0
2006-02-10,1335.82,1338.54,1330.28,1331.32,0.0
2006-03-10,1331.17,1338.31,1327.1,1334.11,0.0
2006-04-10,1333.81,1350.22,1331.48,1350.22,0.0
2006-05-10,1349.84,1353.79,1347.75,1353.22,0.0
2006-06-10,1352.42,1352.42,1344.21,1349.58,0.0
2006-07-10,1349.58,1349.58,1349.58,1349.58,0.0
2006-08-10,1349.58,1349.58,1349.58,1349.58,0.0
2006-09-10,1349.07,1352.69,1346.55,1350.66,0.0
2006-10-10,1350.62,1354.23,1348.6,1353.42,0.0
2006-11-10,1353.28,1353.97,1343.57,1349.95,0.0
2006-12-10,1349.94,1363.76,1349.94,1362.83,0.0
,1362.82,1366.63,1360.5,1365.62,0.0
,1365.62,1365.62,1365.62,1365.62,0.0
,1365.62,1365.62,1365.62,1365.62,0.0
,1365.61,1370.2,1364.48,1369.05,0.0
,1367.71,1367.71,1356.87,1364.05,0.0
,1363.93,1372.87,1360.95,1365.96,0.0
,1365.95,1368.09,1362.06,1366.96,0.0
,1366.94,1368.66,1362.1,1368.6,0.0
,1368.6,1368.6,1368.6,1368.6,0.0
,1368.6,1368.6,1368.6,1368.6,0.0
,1368.58,1377.4,1363.94,1377.02,0.0
,1375.49,1377.78,1372.42,1377.38,0.0
,1377.36,1383.61,1376.0,1382.22,0.0
,1382.21,1389.45,1379.47,1389.08,0.0
,1388.89,1388.89,1375.85,1377.34,0.0
,1377.34,1377.34,1377.34,1377.34,0.0
,1377.34,1377.34,1377.34,1377.34,0.0
,1377.3,1381.22,1373.46,1377.93,0.0
,1378.23,1381.21,1372.19,1377.94,0.0
2006-01-11,1377.76,1381.95,1366.26,1367.81,0.0
2006-02-11,1367.44,1368.39,1362.21,1367.34,0.0
2006-03-11,1367.31,1371.68,1360.98,1364.3,0.0
2006-04-11,1364.3,1364.3,1364.3,1364.3,0.0
2006-05-11,1364.3,1364.3,1364.3,1364.3,0.0
2006-06-11,1364.27,1381.4,1364.27,1379.78,0.0
2006-07-11,1379.75,1388.19,1379.19,1382.84,0.0
2006-08-11,1382.5,1388.61,1376.29,1385.72,0.0
2006-09-11,1385.43,1388.92,1377.31,1378.33,0.0
2006-10-11,1378.35,1381.04,1375.6,1380.9,0.0
2006-11-11,1380.9,1380.9,1380.9,1380.9,0.0
2006-12-11,1380.9,1380.9,1380.9,1380.9,0.0
,1380.58,1387.61,1378.8,1384.42,0.0
,1384.36,1394.49,1379.07,1393.22,0.0
,1392.91,1401.35,1392.13,1396.57,0.0
,1396.53,1403.76,1396.53,1399.76,0.0
,1398.51,1401.21,1394.55,1401.2,0.0
,1401.2,1401.2,1401.2,1401.2,0.0
,1401.2,1401.2,1401.2,1401.2,0.0
,1401.17,1404.37,1397.85,1400.5,0.0
,1400.43,1403.49,1399.99,1402.81,0.0
,1402.69,1407.89,1402.26,1406.09,0.0
,1406.09,1406.09,1406.09,1406.09,0.0
,1405.94,1405.94,1399.25,1400.95,0.0
,1400.95,1400.95,1400.95,1400.95,0.0
,1400.95,1400.95,1400.95,1400.95,0.0
,1400.18,1400.43,1381.44,1381.9,0.0
,1381.61,1387.91,1377.83,1386.72,0.0
,1386.11,1401.14,1386.11,1399.48,0.0
,1399.47,1406.3,1393.83,1400.63,0.0
2006-01-12,1400.6,1402.46,1385.93,1396.71,0.0
2006-02-12,1396.71,1396.71,1396.71,1396.71,0.0
2006-03-12,1396.71,1396.71,1396.71,1396.71,0.0
2006-04-12,1396.67,1411.23,1396.67,1409.12,0.0
2006-05-12,1409.1,1415.27,1408.78,1414.76,0.0
2006-06-12,1414.4,1415.93,1411.05,1412.9,0.0
2006-07-12,1412.86,1418.27,1406.8,1407.29,0.0
2006-08-12,1407.27,1414.09,1403.67,1409.84,0.0
2006-09-12,1409.84,1409.84,1409.84,1409.84,0.0
2006-10-12,1409.84,1409.84,1409.84,1409.84,0.0
2006-11-12,1409.81,1415.6,1408.56,1413.04,0.0
2006-12-12,1413.0,1413.78,1404.75,1411.56,0.0
,1411.32,1416.64,1411.05,1413.21,0.0
,1413.16,1427.23,1413.16,1425.49,0.0
,1425.48,1431.63,1425.48,1427.09,0.0
,1427.09,1427.09,1427.09,1427.09,0.0
,1427.09,1427.09,1427.09,1427.09,0.0
,1427.08,1431.81,1420.65,1422.48,0.0
,1422.42,1428.3,1414.88,1425.55,0.0
,1425.51,1429.05,1423.51,1423.53,0.0
,1423.2,1426.4,1415.9,1418.3,0.0
,1418.1,1418.82,1410.28,1410.76,0.0
,1410.76,1410.76,1410.76,1410.76,0.0
,1410.76,1410.76,1410.76,1410.76,0.0
,1410.76,1410.76,1410.76,1410.76,0.0
,1410.75,1417.91,1410.45,1416.9,0.0
,1416.63,1427.72,1416.63,1426.84,0.0
,1426.77,1427.26,1422.05,1424.73,0.0
,1424.71,1427.0,1416.72,1418.3,0.0
,1418.3,1418.3,1418.3,1418.3,0.0
,1418.3,1418.3,1418.3,1418.3,0.0
2007-01-01,1418.3,1418.3,1418.3,1418.3,0.0
2007-02-01,1418.3,1418.3,1418.3,1418.3,0.0
2007-03-01,1418.03,1429.42,1407.86,1416.63,0.0
2007-04-01,1416.6,1421.84,1408.22,1418.34,0.0
2007-05-01,1417.58,1417.58,1405.75,1409.71,0.0
2007-06-01,1409.71,1409.71,1409.71,1409.71,0.0
2007-07-01,1409.71,1409.71,1409.71,1409.71,0.0
2007-08-01,1409.26,1414.98,1403.97,1412.84,0.0
2007-09-01,1412.85,1415.61,1405.42,1412.11,0.0
2007-10-01,1411.94,1415.99,1404.33,1414.85,0.0
2007-11-01,1414.84,1427.12,1414.84,1423.82,0.0
2007-12-01,1423.66,1431.23,1422.58,1430.73,0.0
,1430.73,1430.73,1430.73,1430.73,0.0
,1430.73,1430.73,1430.73,1430.73,0.0
,1430.73,1430.73,1430.73,1430.73,0.0
,1430.42,1433.93,1428.62,1431.9,0.0
,1431.77,1435.27,1428.57,1430.62,0.0
,1430.59,1433.3,1424.21,1426.37,0.0
,1426.35,1431.57,1425.19,1430.5,0.0
,1430.5,1430.5,1430.5,1430.5,0.0
,1430.5,1430.5,1430.5,1430.5,0.0
,1430.47,1431.39,1420.4,1422.95,0.0
,1422.78,1431.33,1421.66,1427.99,0.0
,1427.96,1440.14,1427.96,1440.13,0.0
,1440.12,1440.69,1422.34,1423.9,0.0
,1424.91,1427.27,1416.96,1422.18,0.0
,1422.18,1422.18,1422.18,1422.18,0.0
,1422.18,1422.18,1422.18,1422.18,0.0
,1422.03,1426.94,1418.46,1420.62,0.0
,1420.61,1428.82,1420.61,1428.82,0.0
,1428.65,1441.61,1424.78,1438.24,0.0
2007-01-02,1437.9,1446.64,1437.9,1445.94,0.0
2007-02-02,1446.72,1449.33,1444.49,1448.39,0.0
2007-03-02,1448.39,1448.39,1448.39,1448.39,0.0
2007-04-02,1448.39,1448.39,1448.39,1448.39,0.0
2007-05-02,1448.33,1449.38,1443.85,1446.99,0.0
2007-06-02,1446.98,1450.19,1443.4,1448.0,0.0
2007-07-02,1447.41,1452.99,1446.44,1450.02,0.0
2007-08-02,1449.99,1450.45,1442.81,1448.31,0.0
2007-09-02,1448.25,1452.45,1433.44,1438.06,0.0
2007-10-02,1438.06,1438.06,1438.06,1438.06,0.0
2007-11-02,1438.06,1438.06,1438.06,1438.06,0.0
2007-12-02,1438.0,1439.11,1431.44,1433.37,0.0
,1433.22,1444.41,1433.22,1444.26,0.0
,1443.91,1457.65,1443.91,1455.3,0.0
,1455.15,1457.97,1453.19,1456.81,0.0
,1456.77,1456.77,1451.57,1455.54,0.0
,1455.54,1455.54,1455.54,1455.54,0.0
,1455.54,1455.54,1455.54,1455.54,0.0
,1455.54,1455.54,1455.54,1455.54,0.0
,1455.53,1460.53,1449.2,1459.68,0.0
,1459.6,1459.6,1452.02,1457.63,0.0
,1457.29,1461.57,1450.51,1456.38,0.0
,1456.22,1456.22,1448.36,1451.19,0.0
,1451.19,1451.19,1451.19,1451.19,0.0
,1451.19,1451.19,1451.19,1451.19,0.0
,1451.04,1456.95,1445.48,1449.37,0.0
,1449.25,1449.25,1389.83,1399.04,0.0
,1398.64,1415.89,1396.65,1406.82,0.0
2007-01-03,1406.8,1409.46,1380.87,1403.17,0.0
2007-02-03,1403.16,1403.4,1386.87,1387.17,0.0
2007-03-03,1387.17,1387.17,1387.17,1387.17,0.0
2007-04-03,1387.17,1387.17,1387.17,1387.17,0.0
2007-05-03,1387.11,1391.86,1373.97,1374.12,0.0
2007-06-03,1374.06,1397.9,1374.06,1395.41,0.0
2007-07-03,1395.02,1401.16,1390.64,1391.97,0.0
2007-08-03,1391.88,1407.93,1391.88,1401.89,0.0
2007-09-03,1403.49,1410.15,1397.3,1402.85,0.0
2007-10-03,1402.85,1402.85,1402.85,1402.85,0.0
2007-11-03,1402.85,1402.85,1402.85,1402.85,0.0
2007-12-03,1402.8,1409.34,1398.4,1406.6,0.0
,1406.23,1406.23,1377.71,1377.95,0.0
,1377.86,1388.09,1363.98,1387.17,0.0
,1387.11,1395.73,1385.16,1392.28,0.0
,1392.24,1397.51,1383.63,1386.95,0.0
,1386.95,1386.95,1386.95,1386.95,0.0
,1386.95,1386.95,1386.95,1386.95,0.0
,1387.78,1403.2,1387.78,1402.06,0.0
,1402.04,1411.53,1400.7,1410.94,0.0
,1410.92,1437.77,1409.75,1435.04,0.0
,1434.74,1437.66,1429.88,1434.54,0.0
,1434.19,1438.89,1433.21,1436.11,0.0
,1436.11,1436.11,1436.11,1436.11,0.0
,1436.11,1436.11,1436.11,1436.11,0.0
,1436.25,1437.65,1423.28,1437.5,0.0
,1437.49,1437.49,1425.54,1428.61,0.0
,1428.35,1428.35,1414.07,1417.23,0.0
,1417.17,1426.24,1413.27,1422.53,0.0
,1422.52,1429.22,1408.9,1420.86,0.0
,1420.86,1420.86,1420.86,1420.86,0.0
2007-01-04,1420.86,1420.86,1420.86,1420.86,0.0
2007-02-04,1420.83,1425.49,1416.37,1424.55,0.0
2007-03-04,1427.79,1440.57,1427.79,1437.77,0.0
2007-04-04,1437.75,1440.16,1435.08,1439.37,0.0
2007-05-04,1438.94,1444.88,1436.67,1443.76,0.0
2007-06-04,1443.76,1443.76,1443.76,1443.76,0.0
2007-07-04,1443.76,1443.76,1443.76,1443.76,0.0
2007-08-04,1443.76,1443.76,1443.76,1443.76,0.0
2007-09-04,1443.77,1448.1,1443.28,1444.61,0.0
2007-10-04,1444.58,1448.73,1443.99,1448.39,0.0
2007-11-04,1448.23,1448.39,1436.15,1438.87,0.0
2007-12-04,1438.77,1448.02,1433.91,1447.8,0.0
,1447.68,1453.11,1444.15,1452.85,0.0
,1452.85,1452.85,1452.85,1452.85,0.0
,1452.85,1452.85,1452.85,1452.85,0.0
,1452.84,1468.62,1452.84,1468.47,0.0
,1468.51,1474.35,1467.15,1471.48,0.0
,1471.47,1476.57,1466.41,1472.5,0.0
,1472.48,1474.23,1464.47,1470.73,0.0
,1470.69,1484.74,1470.69,1484.35,0.0
,1484.35,1484.35,1484.35,1484.35,0.0
,1484.35,1484.35,1484.35,1484.35,0.0
,1484.33,1487.32,1480.19,1480.93,0.0
,1481.43,1483.82,1473.74,1480.41,0.0
,1480.28,1496.59,1480.28,1495.42,0.0
,1495.27,1498.02,1491.17,1494.25,0.0
,1494.21,1497.32,1488.67,1494.07,0.0
,1494.07,1494.07,1494.07,1494.07,0.0
,1494.07,1494.07,1494.07,1494.07,0.0
,1494.75,1497.16,1482.29,1482.37,0.0
2007-01-05,1483.0,1487.27,1476.7,1486.3,0.0
2007-02-05,1486.13,1499.1,1486.13,1495.92,0.0
2007-03-05,1495.56,1503.34,1495.56,1502.39,0.0
2007-04-05,1502.35,1510.34,1501.8,1505.62,0.0
2007-05-05,1505.62,1505.62,1505.62,1505.62,0.0
2007-06-05,1505.62,1505.62,1505.62,1505.62,0.0
2007-07-05,1505.57,1511.0,1505.54,1509.48,0.0
2007-08-05,1509.36,1509.36,1500.66,1507.72,0.0
2007-09-05,1507.32,1513.8,1503.77,1512.58,0.0
2007-10-05,1504.84,1508.43,1491.42,1491.47,0.0
2007-11-05,1491.75,1506.24,1491.75,1505.85,0.0
2007-12-05,1505.85,1505.85,1505.85,1505.85,0.0
,1505.85,1505.85,1505.85,1505.85,0.0
,1505.76,1510.45,1498.34,1503.15,0.0
,1503.11,1514.83,1500.43,1501.19,0.0
,1500.75,1514.15,1500.75,1514.14,0.0
,1514.01,1517.14,1509.29,1512.75,0.0
,1512.74,1522.75,1512.74,1522.75,0.0
,1522.75,1522.75,1522.75,1522.75,0.0
,1522.75,1522.75,1522.75,1522.75,0.0
,1522.71,1529.87,1522.71,1525.1,0.0
,1525.03,1529.24,1522.05,1524.12,0.0
,1524.09,1532.43,1521.9,1522.28,0.0
,1522.1,1529.31,1505.18,1507.51,0.0
,1507.5,1517.41,1507.5,1515.73,0.0
,1515.73,1515.73,1515.73,1515.73,0.0
,1515.73,1515.73,1515.73,1515.73,0.0
,1515.73,1515.73,1515.73,1515.73,0.0
,1515.55,1521.8,1512.02,1518.11,0.0
,1517.6,1530.23,1510.06,1530.23,0.0
,1530.19,1535.56,1528.26,1530.62,0.0
2007-01-06,1532.99,1540.56,1532.24,1536.34,0.0
2007-02-06,1536.34,1536.34,1536.34,1536.34,0.0
2007-03-06,1536.34,1536.34,1536.34,1536.34,0.0
2007-04-06,1536.28,1540.53,1532.31,1539.18,0.0
2007-05-06,1539.12,1539.12,1525.62,1530.95,0.0
2007-06-06,1530.57,1530.57,1514.13,1517.38,0.0
2007-07-06,1517.36,1517.36,1490.37,1490.72,0.0
2007-08-06,1490.71,1507.76,1487.41,1507.67,0.0
2007-09-06,1507.67,1507.67,1507.67,1507.67,0.0
2007-10-06,1507.67,1507.67,1507.67,1507.67,0.0
2007-11-06,1507.64,1515.53,1503.35,1509.12,0.0
2007-12-06,1507.59,1511.33,1492.97,1493.0,0.0
,1492.65,1515.7,1492.65,1515.67,0.0
,1515.58,1526.45,1515.58,1522.97,0.0
,1525.46,1538.71,1525.46,1532.91,0.0
,1532.91,1532.91,1532.91,1532.91,0.0
,1532.91,1532.91,1532.91,1532.91,0.0
,1532.9,1535.44,1529.31,1531.05,0.0
,1531.02,1535.85,1525.67,1533.7,0.0
,1533.68,1537.32,1512.36,1512.84,0.0
,1512.5,1522.9,1504.75,1522.19,0.0
,1520.92,1520.92,1500.74,1502.56,0.0
,1502.56,1502.56,1502.56,1502.56,0.0
,1502.56,1502.56,1502.56,1502.56,0.0
,1502.68,1514.29,1492.68,1497.74,0.0
,1497.68,1506.12,1490.54,1492.89,0.0
,1492.62,1506.8,1484.18,1506.34,0.0
,1506.32,1514.84,1503.41,1505.71,0.0
,1505.7,1517.53,1493.61,1503.35,0.0
,1503.35,1503.35,1503.35,1503.35,0.0
2007-01-07,1503.35,1503.35,1503.35,1503.35,0.0
2007-02-07,1504.66,1519.45,1504.66,1519.43,0.0
2007-03-07,1519.12,1526.01,1519.12,1524.87,0.0
2007-04-07,1524.87,1524.87,1524.87,1524.87,0.0
2007-05-07,1524.86,1526.57,1517.72,1525.4,0.0
2007-06-07,1524.96,1532.4,1520.47,1530.44,0.0
2007-07-07,1530.44,1530.44,1530.44,1530.44,0.0
2007-08-07,1530.44,1530.44,1530.44,1530.44,0.0
2007-09-07,1530.43,1534.26,1527.45,1531.85,0.0
2007-10-07,1530.59,1530.59,1510.01,1510.12,0.0
2007-11-07,1509.93,1519.34,1506.1,1518.76,0.0
2007-12-07,1518.74,1547.92,1518.74,1547.7,0.0
,1547.68,1555.1,1544.85,1552.5,0.0
,1552.5,1552.5,1552.5,1552.5,0.0
,1552.5,1552.5,1552.5,1552.5,0.0
,1552.09,1555.9,1546.69,1549.52,0.0
,1549.96,1555.32,1547.74,1549.37,0.0
,1549.2,1549.2,1533.67,1546.17,0.0
,1546.13,1555.2,1546.13,1553.08,0.0
,1553.19,1553.19,1529.2,1534.1,0.0
,1534.1,1534.1,1534.1,1534.1,0.0
,1534.1,1534.1,1534.1,1534.1,0.0
,1534.06,1547.23,1534.06,1541.57,0.0
,1538.36,1538.36,1508.62,1511.04,0.0
,1511.03,1524.31,1503.73,1518.09,0.0
,1515.95,1515.95,1465.3,1482.66,0.0
,1482.44,1488.53,1458.95,1458.95,0.0
,1458.95,1458.95,1458.95,1458.95,0.0
,1458.95,1458.95,1458.95,1458.95,0.0
,1458.93,1477.88,1454.32,1473.91,0.0
,1473.9,1488.3,1454.25,1455.27,0.0
2007-01-08,1455.18,1468.38,1439.59,1465.81,0.0
2007-02-08,1465.46,1476.43,1460.58,1472.2,0.0
2007-03-08,1472.18,1473.23,1432.8,1433.06,0.0
2007-04-08,1433.06,1433.06,1433.06,1433.06,0.0
2007-05-08,1433.06,1433.06,1433.06,1433.06,0.0
2007-06-08,1433.04,1467.67,1427.39,1467.67,0.0
2007-07-08,1467.62,1488.3,1455.8,1476.71,0.0
2007-08-08,1476.22,1503.89,1476.22,1497.49,0.0
2007-09-08,1497.21,1497.21,1453.09,1453.09,0.0
2007-10-08,1450.05,1462.02,1429.74,1453.64,0.0
2007-11-08,1453.64,1453.64,1453.64,1453.64,0.0
2007-12-08,1453.64,1453.64,1453.64,1453.64,0.0
,1453.42,1466.29,1451.54,1452.92,0.0
,1452.87,1456.74,1426.2,1426.54,0.0
,1426.15,1440.78,1404.36,1406.7,0.0
,1406.64,1415.97,1370.6,1411.27,0.0
,1411.26,1450.33,1411.26,1445.94,0.0
,1445.94,1445.94,1445.94,1445.94,0.0
,1445.94,1445.94,1445.94,1445.94,0.0
,1446.17,1451.75,1430.54,1445.55,0.0
,1444.55,1455.32,1439.76,1447.12,0.0
,1447.03,1464.86,1447.03,1464.07,0.0
,1464.05,1472.06,1453.88,1462.5,0.0
,1462.34,1479.4,1460.54,1479.37,0.0
,1479.37,1479.37,1479.37,1479.37,0.0
,1479.37,1479.37,1479.37,1479.37,0.0
,1479.36,1479.36,1465.98,1466.79,0.0
,1466.72,1466.72,1432.01,1432.36,0.0
,1432.01,1463.76,1432.01,1463.76,0.0
,1463.67,1468.43,1451.25,1457.64,0.0
,1457.61,1481.47,1457.61,1473.99,0.0
2007-01-09,1473.99,1473.99,1473.99,1473.99,0.0
2007-02-09,1473.99,1473.99,1473.99,1473.99,0.0
2007-03-09,1473.99,1473.99,1473.99,1473.99,0.0
2007-04-09,1473.96,1496.4,1472.15,1489.42,0.0
2007-05-09,1488.76,1488.76,1466.34,1472.29,0.0
2007-06-09,1472.03,1481.49,1467.41,1478.55,0.0
2007-07-09,1475.02,1475.02,1449.07,1453.55,0.0
2007-08-09,1453.55,1453.55,1453.55,1453.55,0.0
2007-09-09,1453.55,1453.55,1453.55,1453.55,0.0
2007-10-09,1453.5,1462.25,1439.29,1451.7,0.0
2007-11-09,1451.69,1472.48,1451.69,1471.49,0.0
2007-12-09,1471.1,1479.5,1465.75,1471.56,0.0
,1471.47,1489.58,1471.47,1483.95,0.0
,1482.4,1485.99,1473.18,1484.25,0.0
,1484.25,1484.25,1484.25,1484.25,0.0
,1484.25,1484.25,1484.25,1484.25,0.0
,1484.24,1484.24,1471.82,1476.65,0.0
,1476.63,1519.89,1476.63,1519.78,0.0
,1519.75,1538.74,1519.75,1529.03,0.0
,1528.69,1529.14,1516.42,1518.75,0.0
,1520.11,1530.89,1520.11,1525.75,0.0
,1525.75,1525.75,1525.75,1525.75,0.0
,1525.75,1525.75,1525.75,1525.75,0.0
,1526.21,1530.18,1516.15,1517.73,0.0
,1516.34,1518.27,1507.13,1517.21,0.0
,1518.62,1529.39,1518.62,1525.42,0.0
,1527.32,1532.46,1525.81,1531.38,0.0
,1531.24,1533.74,1521.99,1526.75,0.0
,1526.75,1526.75,1526.75,1526.75,0.0
,1526.75,1526.75,1526.75,1526.75,0.0
2007-01-10,1527.29,1549.02,1527.25,1547.04,0.0
2007-02-10,1546.96,1548.01,1540.37,1546.63,0.0
2007-03-10,1545.8,1545.84,1536.34,1539.59,0.0
2007-04-10,1539.91,1544.02,1537.63,1542.84,0.0
2007-05-10,1543.84,1561.91,1543.84,1557.59,0.0
2007-06-10,1557.59,1557.59,1557.59,1557.59,0.0
2007-07-10,1557.59,1557.59,1557.59,1557.59,0.0
2007-08-10,1556.51,1556.51,1549.0,1552.58,0.0
2007-09-10,1553.18,1565.26,1551.82,1565.15,0.0
2007-10-10,1564.98,1565.42,1555.46,1562.47,0.0
2007-11-10,1564.72,1576.09,1546.72,1554.41,0.0
2007-12-10,1555.41,1563.03,1554.09,1561.8,0.0
,1561.8,1561.8,1561.8,1561.8,0.0
,1561.8,1561.8,1561.8,1561.8,0.0
,1562.25,1564.74,1540.81,1548.71,0.0
,1547.81,1547.81,1536.29,1538.53,0.0
,1544.44,1550.66,1526.01,1541.24,0.0
,1539.29,1542.79,1531.76,1540.08,0.0
,1540.0,1540.0,1500.26,1500.63,0.0
,1500.63,1500.63,1500.63,1500.63,0.0
,1500.63,1500.63,1500.63,1500.63,0.0
,1497.79,1508.06,1490.4,1506.33,0.0
,1509.3,1520.01,1503.61,1519.59,0.0
,1516.61,1517.06,1489.56,1515.88,0.0
,1516.15,1523.24,1500.46,1514.4,0.0
,1522.17,1535.53,1520.18,1535.28,0.0
,1535.28,1535.28,1535.28,1535.28,0.0
,1535.28,1535.28,1535.28,1535.28,0.0
,1536.92,1544.67,1536.43,1540.98,0.0
,1539.42,1539.42,1529.55,1531.02,0.0
,1532.15,1552.76,1529.4,1549.38,0.0
2007-01-11,1545.79,1545.79,1506.66,1508.44,0.0
2007-02-11,1511.07,1513.15,1492.53,1509.65,0.0
2007-03-11,1509.65,1509.65,1509.65,1509.65,0.0
2007-04-11,1509.65,1509.65,1509.65,1509.65,0.0
2007-05-11,1505.61,1510.84,1489.95,1502.17,0.0
2007-06-11,1505.33,1520.77,1499.07,1520.27,0.0
2007-07-11,1515.46,1515.46,1475.04,1475.62,0.0
2007-08-11,1475.27,1482.5,1450.31,1474.77,0.0
2007-09-11,1467.59,1474.09,1448.51,1453.7,0.0
2007-10-11,1453.7,1453.7,1453.7,1453.7,0.0
2007-11-11,1453.7,1453.7,1453.7,1453.7,0.0
2007-12-11,1453.66,1464.94,1438.53,1439.18,0.0
,1441.35,1481.37,1441.35,1481.05,0.0
,1483.4,1492.14,1466.47,1470.58,0.0
,1468.04,1472.67,1443.49,1451.15,0.0
,1453.09,1462.18,1444.3,1458.74,0.0
,1458.74,1458.74,1458.74,1458.74,0.0
,1458.74,1458.74,1458.74,1458.74,0.0
,1456.7,1456.7,1430.42,1433.27,0.0
,1434.51,1452.64,1419.28,1439.7,0.0
,1434.71,1436.4,1415.64,1416.77,0.0
,1416.77,1416.77,1416.77,1416.77,0.0
,1417.62,1440.86,1417.62,1440.7,0.0
,1440.7,1440.7,1440.7,1440.7,0.0
,1440.7,1440.7,1440.7,1440.7,0.0
,1440.74,1446.09,1406.1,1407.22,0.0
,1409.59,1429.49,1407.43,1428.23,0.0
,1432.95,1471.62,1432.95,1469.02,0.0
,1467.41,1473.81,1458.36,1469.72,0.0
,1471.83,1488.94,1470.89,1481.14,0.0
2007-01-12,1481.14,1481.14,1481.14,1481.14,0.0
2007-02-12,1481.14,1481.14,1481.14,1481.14,0.0
2007-03-12,1479.63,1481.16,1470.08,1472.42,0.0
2007-04-12,1471.34,1471.34,1460.75,1462.79,0.0
2007-05-12,1465.22,1486.09,1465.22,1485.01,0.0
2007-06-12,1484.59,1508.02,1482.19,1507.34,0.0
2007-07-12,1508.6,1510.63,1502.66,1504.66,0.0
2007-08-12,1504.66,1504.66,1504.66,1504.66,0.0
2007-09-12,1504.66,1504.66,1504.66,1504.66,0.0
2007-10-12,1505.11,1518.27,1504.96,1515.96,0.0
2007-11-12,1516.68,1523.57,1475.99,1477.65,0.0
2007-12-12,1487.58,1511.96,1468.23,1486.59,0.0
,1483.27,1489.4,1469.21,1488.41,0.0
,1486.19,1486.67,1467.78,1467.95,0.0
,1467.95,1467.95,1467.95,1467.95,0.0
,1467.95,1467.95,1467.95,1467.95,0.0
,1465.05,1465.05,1445.43,1445.9,0.0
,1445.92,1460.16,1435.65,1454.98,0.0
,1454.7,1464.42,1445.31,1453.0,0.0
,1456.42,1461.53,1447.22,1460.12,0.0
,1463.19,1485.4,1463.19,1484.46,0.0
,1484.46,1484.46,1484.46,1484.46,0.0
,1484.46,1484.46,1484.46,1484.46,0.0
,1484.55,1497.63,1484.55,1496.45,0.0
,1496.45,1496.45,1496.45,1496.45,0.0
,1495.12,1498.85,1488.2,1497.66,0.0
,1495.05,1495.05,1475.86,1476.27,0.0
,1479.83,1488.01,1471.7,1478.49,0.0
,1478.49,1478.49,1478.49,1478.49,0.0
,1478.49,1478.49,1478.49,1478.49,0.0
,1475.25,1475.83,1465.13,1468.36,0.0
2008-01-01,1468.36,1468.36,1468.36,1468.36,0.0
2008-02-01,1467.97,1471.77,1442.07,1447.16,0.0
2008-03-01,1447.55,1456.8,1443.73,1447.16,0.0
2008-04-01,1444.01,1444.01,1411.19,1411.63,0.0
2008-05-01,1411.63,1411.63,1411.63,1411.63,0.0
2008-06-01,1411.63,1411.63,1411.63,1411.63,0.0
2008-07-01,1414.07,1423.87,1403.45,1416.18,0.0
2008-08-01,1415.71,1430.28,1388.3,1390.19,0.0
2008-09-01,1390.25,1409.19,1379.15,1409.13,0.0
2008-10-01,1406.78,1429.09,1395.31,1420.33,0.0
2008-11-01,1419.91,1419.91,1394.83,1401.02,0.0
2008-12-01,1401.02,1401.02,1401.02,1401.02,0.0
,1401.02,1401.02,1401.02,1401.02,0.0
,1402.91,1417.89,1402.91,1416.25,0.0
,1411.88,1411.88,1380.6,1380.95,0.0
,1377.41,1391.99,1364.27,1373.2,0.0
,1374.79,1377.72,1330.67,1333.25,0.0
,1333.9,1350.28,1312.51,1325.19,0.0
,1325.19,1325.19,1325.19,1325.19,0.0
,1325.19,1325.19,1325.19,1325.19,0.0
,1325.19,1325.19,1325.19,1325.19,0.0
,1312.94,1322.09,1274.29,1310.5,0.0
,1310.41,1339.09,1270.05,1338.6,0.0
,1340.13,1355.15,1334.31,1352.07,0.0
,1357.32,1368.56,1327.5,1330.61,0.0
,1330.61,1330.61,1330.61,1330.61,0.0
,1330.61,1330.61,1330.61,1330.61,0.0
,1330.7,1353.97,1322.26,1353.96,0.0
,1355.94,1364.93,1350.19,1362.3,0.0
,1362.22,1385.86,1352.95,1355.81,0.0
,1351.98,1385.62,1334.08,1378.55,0.0
2008-01-02,1378.6,1396.02,1375.93,1395.42,0.0
2008-02-02,1395.42,1395.42,1395.42,1395.42,0.0
2008-03-02,1395.42,1395.42,1395.42,1395.42,0.0
2008-04-02,1395.38,1395.38,1379.69,1380.82,0.0
2008-05-02,1380.28,1380.28,1336.64,1336.64,0.0
2008-06-02,1339.48,1351.96,1324.34,1326.45,0.0
2008-07-02,1324.01,1347.16,1316.75,1336.91,0.0
2008-08-02,1336.88,1341.22,1321.06,1331.29,0.0
2008-09-02,1331.29,1331.29,1331.29,1331.29,0.0
2008-10-02,1331.29,1331.29,1331.29,1331.29,0.0
2008-11-02,1331.92,1341.4,1320.32,1339.13,0.0
2008-12-02,1340.55,1362.1,1339.36,1348.86,0.0
,1353.12,1369.23,1350.78,1367.21,0.0
,1367.33,1368.16,1347.31,1348.86,0.0
,1347.52,1350.0,1338.13,1349.99,0.0
,1349.99,1349.99,1349.99,1349.99,0.0
,1349.99,1349.99,1349.99,1349.99,0.0
,1349.99,1349.99,1349.99,1349.99,0.0
,1355.86,1367.28,1345.05,1348.78,0.0
,1348.39,1363.71,1336.55,1360.03,0.0
,1362.21,1367.94,1339.34,1342.53,0.0
,1344.22,1354.3,1327.04,1353.11,0.0
,1353.11,1353.11,1353.11,1353.11,0.0
,1353.11,1353.11,1353.11,1353.11,0.0
,1352.75,1374.36,1346.03,1371.8,0.0
,1371.76,1387.34,1363.29,1381.29,0.0
,1378.95,1388.34,1372.0,1380.02,0.0
,1378.16,1378.16,1363.16,1367.68,0.0
,1364.07,1364.07,1325.42,1330.63,0.0
2008-01-03,1330.63,1330.63,1330.63,1330.63,0.0
2008-02-03,1330.63,1330.63,1330.63,1330.63,0.0
2008-03-03,1330.45,1335.13,1320.04,1331.34,0.0
2008-04-03,1329.58,1331.03,1307.39,1326.75,0.0
2008-05-03,1327.69,1344.19,1320.22,1333.7,0.0
2008-06-03,1332.2,1332.2,1303.42,1304.34,0.0
2008-07-03,1301.53,1313.24,1282.43,1293.37,0.0
2008-08-03,1293.37,1293.37,1293.37,1293.37,0.0
2008-09-03,1293.37,1293.37,1293.37,1293.37,0.0
2008-10-03,1293.16,1295.01,1272.66,1273.37,0.0
2008-11-03,1274.4,1320.65,1274.4,1320.65,0.0
2008-12-03,1321.13,1333.26,1307.86,1308.77,0.0
,1305.26,1321.68,1282.11,1315.48,0.0
,1316.05,1321.47,1274.86,1288.14,0.0
,1288.14,1288.14,1288.14,1288.14,0.0
,1288.14,1288.14,1288.14,1288.14,0.0
,1283.21,1287.5,1256.98,1276.6,0.0
,1277.16,1330.74,1277.16,1330.74,0.0
,1330.97,1341.51,1298.42,1298.42,0.0
,1299.67,1330.67,1295.22,1329.51,0.0
,1329.51,1329.51,1329.51,1329.51,0.0
,1329.51,1329.51,1329.51,1329.51,0.0
,1329.51,1329.51,1329.51,1329.51,0.0
,1330.29,1359.68,1330.29,1349.88,0.0
,1349.07,1357.47,1341.21,1352.99,0.0
,1352.45,1352.45,1336.41,1341.13,0.0
,1340.34,1345.62,1325.66,1325.76,0.0
,1327.02,1334.87,1312.95,1315.22,0.0
,1315.22,1315.22,1315.22,1315.22,0.0
,1315.22,1315.22,1315.22,1315.22,0.0
,1315.92,1328.52,1312.81,1322.7,0.0
2008-01-04,1326.41,1370.18,1326.41,1370.18,0.0
2008-02-04,1369.96,1377.95,1361.55,1367.53,0.0
2008-03-04,1365.69,1375.66,1358.68,1369.31,0.0
2008-04-04,1369.85,1380.91,1362.83,1370.4,0.0
2008-05-04,1370.4,1370.4,1370.4,1370.4,0.0
2008-06-04,1370.4,1370.4,1370.4,1370.4,0.0
2008-07-04,1373.69,1386.74,1369.02,1372.54,0.0
2008-08-04,1370.16,1370.16,1360.62,1365.54,0.0
2008-09-04,1365.5,1368.39,1349.97,1354.49,0.0
2008-10-04,1355.37,1367.24,1350.11,1360.55,0.0
2008-11-04,1357.98,1357.98,1331.21,1332.83,0.0
2008-12-04,1332.83,1332.83,1332.83,1332.83,0.0
,1332.83,1332.83,1332.83,1332.83,0.0
,1332.2,1335.64,1326.16,1328.32,0.0
,1331.72,1337.72,1324.35,1334.43,0.0
,1337.02,1365.49,1337.02,1364.71,0.0
,1363.37,1368.6,1357.25,1365.56,0.0
,1369.0,1395.9,1369.0,1390.33,0.0
,1390.33,1390.33,1390.33,1390.33,0.0
,1390.33,1390.33,1390.33,1390.33,0.0
,1387.72,1390.23,1379.25,1388.17,0.0
,1386.43,1386.43,1369.84,1375.94,0.0
,1378.4,1387.87,1372.24,1379.93,0.0
,1380.52,1397.72,1371.09,1388.82,0.0
,1387.88,1399.11,1379.98,1397.84,0.0
,1397.84,1397.84,1397.84,1397.84,0.0
,1397.84,1397.84,1397.84,1397.84,0.0
,1397.96,1402.9,1394.4,1396.37,0.0
,1395.61,1397.0,1386.7,1390.94,0.0
,1391.22,1404.57,1384.25,1385.59,0.0
2008-01-05,1385.97,1410.07,1383.07,1409.34,0.0
2008-02-05,1409.16,1422.72,1406.25,1413.9,0.0
2008-03-05,1413.9,1413.9,1413.9,1413.9,0.0
2008-04-05,1413.9,1413.9,1413.9,1413.9,0.0
2008-05-05,1415.34,1415.7,1404.37,1407.49,0.0
2008-06-05,1405.6,1421.57,1397.1,1418.26,0.0
2008-07-05,1417.49,1419.54,1391.16,1392.57,0.0
2008-08-05,1394.29,1402.35,1389.39,1397.68,0.0
2008-09-05,1394.9,1394.9,1384.11,1388.28,0.0
2008-10-05,1388.28,1388.28,1388.28,1388.28,0.0
2008-11-05,1388.28,1388.28,1388.28,1388.28,0.0
2008-12-05,1389.4,1404.06,1386.2,1403.58,0.0
,1404.4,1406.3,1396.26,1403.04,0.0
,1405.65,1420.19,1405.65,1408.66,0.0
,1408.36,1424.4,1406.87,1423.57,0.0
,1423.89,1425.82,1414.35,1425.35,0.0
,1425.35,1425.35,1425.35,1425.35,0.0
,1425.35,1425.35,1425.35,1425.35,0.0
,1425.28,1440.24,1421.63,1426.63,0.0
,1424.49,1424.49,1409.09,1413.4,0.0
,1414.06,1419.12,1388.81,1390.71,0.0
,1390.83,1399.07,1390.23,1394.35,0.0
,1392.2,1392.2,1373.72,1375.93,0.0
,1375.93,1375.93,1375.93,1375.93,0.0
,1375.93,1375.93,1375.93,1375.93,0.0
,1375.93,1375.93,1375.93,1375.93,0.0
,1375.97,1387.4,1373.07,1385.35,0.0
,1386.54,1391.25,1378.16,1390.84,0.0
,1390.5,1406.32,1388.59,1398.26,0.0
,1398.36,1404.46,1398.08,1400.38,0.0
,1400.38,1400.38,1400.38,1400.38,0.0
2008-01-06,1400.38,1400.38,1400.38,1400.38,0.0
2008-02-06,1399.62,1399.62,1377.79,1385.67,0.0
2008-03-06,1386.42,1393.12,1370.12,1377.65,0.0
2008-04-06,1376.26,1388.18,1371.74,1377.2,0.0
2008-05-06,1377.48,1404.05,1377.48,1404.05,0.0
2008-06-06,1400.06,1400.06,1359.9,1360.68,0.0
2008-07-06,1360.68,1360.68,1360.68,1360.68,0.0
2008-08-06,1360.68,1360.68,1360.68,1360.68,0.0
2008-09-06,1360.83,1370.63,1350.62,1361.76,0.0
2008-10-06,1358.98,1366.84,1351.56,1358.44,0.0
2008-11-06,1357.09,1357.09,1335.47,1335.49,0.0
2008-12-06,1335.78,1353.03,1331.29,1339.87,0.0
,1341.81,1360.03,1341.71,1360.03,0.0
,1360.03,1360.03,1360.03,1360.03,0.0
,1360.03,1360.03,1360.03,1360.03,0.0
,1358.85,1364.7,1352.07,1360.14,0.0
,1360.71,1366.59,1350.54,1350.93,0.0
,1349.59,1349.59,1333.4,1337.81,0.0
,1336.89,1347.66,1330.5,1342.83,0.0
,1341.02,1341.02,1314.46,1317.93,0.0
,1317.93,1317.93,1317.93,1317.93,0.0
,1317.93,1317.93,1317.93,1317.93,0.0
,1319.77,1323.78,1315.31,1318.0,0.0
,1317.23,1326.02,1304.42,1314.29,0.0
,1314.54,1335.63,1314.54,1321.97,0.0
,1316.29,1316.29,1283.15,1283.15,0.0
,1283.6,1289.45,1272.0,1278.38,0.0
,1278.38,1278.38,1278.38,1278.38,0.0
,1278.38,1278.38,1278.38,1278.38,0.0
,1278.06,1290.31,1274.86,1280.0,0.0
2008-01-07,1276.69,1285.31,1260.68,1284.91,0.0
2008-02-07,1285.82,1292.17,1261.51,1261.52,0.0
2008-03-07,1262.96,1271.48,1252.01,1262.9,0.0
2008-04-07,1262.9,1262.9,1262.9,1262.9,0.0
2008-05-07,1262.9,1262.9,1262.9,1262.9,0.0
2008-06-07,1262.9,1262.9,1262.9,1262.9,0.0
2008-07-07,1266.62,1273.95,1240.68,1252.31,0.0
2008-08-07,1251.84,1274.17,1242.84,1273.7,0.0
2008-09-07,1273.38,1277.36,1244.57,1244.69,0.0
2008-10-07,1245.25,1257.65,1236.76,1253.39,0.0
2008-11-07,1248.66,1257.27,1225.35,1239.49,0.0
2008-12-07,1239.49,1239.49,1239.49,1239.49,0.0
,1239.49,1239.49,1239.49,1239.49,0.0
,1241.61,1253.5,1225.01,1228.3,0.0
,1226.83,1234.35,1200.44,1214.91,0.0
,1214.65,1245.52,1211.39,1245.36,0.0
,1246.31,1262.31,1241.49,1260.32,0.0
,1258.22,1262.23,1251.81,1260.68,0.0
,1260.68,1260.68,1260.68,1260.68,0.0
,1260.68,1260.68,1260.68,1260.68,0.0
,1261.82,1267.74,1255.7,1260.0,0.0
,1257.08,1277.42,1248.83,1277.0,0.0
,1278.87,1291.17,1276.06,1282.19,0.0
,1283.22,1283.22,1251.48,1252.54,0.0
,1253.51,1263.23,1251.75,1257.76,0.0
,1257.76,1257.76,1257.76,1257.76,0.0
,1257.76,1257.76,1257.76,1257.76,0.0
,1256.55,1260.09,1234.37,1234.37,0.0
,1236.38,1263.2,1236.38,1263.2,0.0
,1264.52,1284.33,1264.52,1284.26,0.0
,1281.37,1284.93,1265.97,1267.38,0.0
2008-01-08,1269.42,1270.52,1254.54,1260.31,0.0
2008-02-08,1260.31,1260.31,1260.31,1260.31,0.0
2008-03-08,1260.31,1260.31,1260.31,1260.31,0.0
2008-04-08,1260.16,1260.49,1247.45,1249.01,0.0
2008-05-08,1254.87,1284.88,1254.67,1284.88,0.0
2008-06-08,1283.99,1291.67,1276.0,1289.19,0.0
2008-07-08,1286.51,1286.51,1264.29,1266.07,0.0
2008-08-08,1266.29,1297.85,1262.11,1296.32,0.0
2008-09-08,1296.32,1296.32,1296.32,1296.32,0.0
2008-10-08,1296.32,1296.32,1296.32,1296.32,0.0
2008-11-08,1294.42,1313.15,1291.41,1305.32,0.0
2008-12-08,1304.79,1304.79,1285.64,1289.59,0.0
,1288.64,1294.03,1274.86,1285.83,0.0
,1282.11,1300.11,1276.84,1292.93,0.0
,1293.85,1302.05,1290.74,1298.2,0.0
,1298.2,1298.2,1298.2,1298.2,0.0
,1298.2,1298.2,1298.2,1298.2,0.0
,1298.14,1300.22,1274.51,1278.6,0.0
,1276.65,1276.65,1263.11,1266.69,0.0
,1267.34,1276.01,1261.16,1274.54,0.0
,1271.07,1281.4,1265.22,1277.72,0.0
,1277.59,1293.09,1277.59,1292.2,0.0
,1292.2,1292.2,1292.2,1292.2,0.0
,1292.2,1292.2,1292.2,1292.2,0.0
,1290.47,1290.47,1264.87,1266.84,0.0
,1267.03,1275.65,1263.21,1271.51,0.0
,1271.29,1285.05,1270.03,1281.66,0.0
,1283.79,1300.68,1283.79,1300.68,0.0
,1296.49,1297.59,1282.74,1282.83,0.0
,1282.83,1282.83,1282.83,1282.83,0.0
,1282.83,1282.83,1282.83,1282.83,0.0
2008-01-09,1282.83,1282.83,1282.83,1282.83,0.0
2008-02-09,1287.83,1303.04,1272.2,1277.58,0.0
2008-03-09,1276.61,1280.6,1265.59,1274.98,0.0
2008-04-09,1271.8,1271.8,1232.83,1236.83,0.0
2008-05-09,1233.21,1244.94,1217.23,1242.31,0.0
2008-06-09,1242.31,1242.31,1242.31,1242.31,0.0
2008-07-09,1242.31,1242.31,1242.31,1242.31,0.0
2008-08-09,1249.5,1274.42,1247.12,1267.79,0.0
2008-09-09,1267.98,1268.66,1224.51,1224.51,0.0
2008-10-09,1227.5,1243.9,1221.6,1232.04,0.0
2008-11-09,1229.04,1249.98,1211.54,1249.05,0.0
2008-12-09,1245.88,1255.09,1233.81,1251.7,0.0
,1251.7,1251.7,1251.7,1251.7,0.0
,1251.7,1251.7,1251.7,1251.7,0.0
,1250.92,1250.92,1192.7,1192.7,0.0
,1188.31,1214.07,1169.28,1213.6,0.0
,1210.34,1210.34,1155.88,1156.39,0.0
,1157.08,1211.14,1133.5,1206.51,0.0
,1213.11,1265.12,1213.11,1255.08,0.0
,1255.08,1255.08,1255.08,1255.08,0.0
,1255.08,1255.08,1255.08,1255.08,0.0
,1255.37,1255.37,1205.61,1207.09,0.0
,1207.61,1221.15,1187.06,1188.22,0.0
,1188.79,1197.41,1179.79,1185.87,0.0
,1187.87,1220.03,1187.87,1209.18,0.0
,1204.47,1215.77,1187.54,1213.27,0.0
,1213.27,1213.27,1213.27,1213.27,0.0
,1213.27,1213.27,1213.27,1213.27,0.0
,1209.07,1209.07,1106.42,1106.42,0.0
,1113.78,1168.03,1113.78,1164.74,0.0
2008-01-10,1164.17,1167.03,1140.77,1161.06,0.0
2008-02-10,1160.64,1160.64,1111.43,1114.28,0.0
2008-03-10,1115.16,1153.82,1098.14,1099.23,0.0
2008-04-10,1099.23,1099.23,1099.23,1099.23,0.0
2008-05-10,1099.23,1099.23,1099.23,1099.23,0.0
2008-06-10,1097.56,1097.56,1007.97,1056.89,0.0
2008-07-10,1057.6,1072.91,996.23,996.23,0.0
2008-08-10,988.91,1021.06,970.97,984.94,0.0
2008-09-10,988.42,1005.25,909.19,909.92,0.0
2008-10-10,902.31,936.36,839.8,899.22,0.0
2008-11-10,899.22,899.22,899.22,899.22,0.0
2008-12-10,899.22,899.22,899.22,899.22,0.0
,912.75,1006.93,912.75,1003.35,0.0
,1009.97,1044.31,972.07,998.01,0.0
,994.6,994.6,903.99,907.84,0.0
,909.53,947.71,865.83,946.43,0.0
,942.29,984.64,918.74,940.55,0.0
,940.55,940.55,940.55,940.55,0.0
,940.55,940.55,940.55,940.55,0.0
,943.51,985.4,943.51,985.4,0.0
,980.4,985.44,952.47,955.05,0.0
,951.67,951.67,875.81,896.78,0.0
,899.08,922.83,858.44,908.11,0.0
,895.22,896.3,852.85,876.77,0.0
,876.77,876.77,876.77,876.77,0.0
,876.77,876.77,876.77,876.77,0.0
,874.28,893.78,846.75,848.92,0.0
,858.75,940.51,845.27,940.51,0.0
,939.51,969.97,922.26,930.09,0.0
,939.38,963.23,928.5,954.09,0.0
,953.11,984.38,944.59,968.75,0.0
2008-01-11,968.75,968.75,968.75,968.75,0.0
2008-02-11,968.75,968.75,968.75,968.75,0.0
2008-03-11,968.67,975.57,958.82,966.3,0.0
2008-04-11,971.31,1007.51,971.31,1005.75,0.0
2008-05-11,1001.84,1001.84,949.86,952.77,0.0
2008-06-11,952.4,952.4,899.73,904.88,0.0
2008-07-11,907.44,931.46,906.9,930.99,0.0
2008-08-11,930.99,930.99,930.99,930.99,0.0
2008-09-11,930.99,930.99,930.99,930.99,0.0
2008-10-11,936.75,951.95,907.47,919.21,0.0
2008-11-11,917.15,917.15,884.9,898.95,0.0
2008-12-11,893.39,893.39,850.48,852.3,0.0
,853.13,913.01,818.69,911.29,0.0
,904.36,916.88,869.88,873.29,0.0
,873.29,873.29,873.29,873.29,0.0
,873.29,873.29,873.29,873.29,0.0
,873.23,882.29,848.98,850.75,0.0
,852.34,865.9,826.84,859.12,0.0
,859.03,864.57,806.18,806.58,0.0
,805.87,820.52,747.78,752.44,0.0
,755.84,801.2,741.02,800.03,0.0
,800.03,800.03,800.03,800.03,0.0
,800.03,800.03,800.03,800.03,0.0
,801.2,865.6,801.2,851.81,0.0
,853.4,868.94,834.99,857.39,0.0
,852.9,887.68,841.37,887.68,0.0
,887.68,887.68,887.68,887.68,0.0
,886.89,896.25,881.21,896.24,0.0
,896.24,896.24,896.24,896.24,0.0
,896.24,896.24,896.24,896.24,0.0
2008-01-12,888.61,888.61,815.69,816.21,0.0
2008-02-12,817.94,850.54,817.94,848.81,0.0
2008-03-12,843.6,873.12,827.6,870.74,0.0
2008-04-12,869.75,875.6,833.6,845.22,0.0
2008-05-12,844.43,879.42,818.41,876.07,0.0
2008-06-12,876.07,876.07,876.07,876.07,0.0
2008-07-12,876.07,876.07,876.07,876.07,0.0
2008-08-12,882.71,918.57,882.71,909.7,0.0
2008-09-12,906.48,916.26,885.38,888.67,0.0
2008-10-12,892.17,908.27,885.45,899.24,0.0
2008-11-12,898.35,904.63,868.73,873.59,0.0
2008-12-12,871.79,883.24,851.35,879.73,0.0
,879.73,879.73,879.73,879.73,0.0
,879.73,879.73,879.73,879.73,0.0
,881.07,884.63,857.72,868.57,0.0
,871.53,914.66,871.53,913.18,0.0
,908.16,918.85,895.94,904.42,0.0
,905.98,911.02,877.44,885.28,0.0
,886.96,905.47,883.02,887.88,0.0
,887.88,887.88,887.88,887.88,0.0
,887.88,887.88,887.88,887.88,0.0
,887.2,887.37,857.09,871.63,0.0
,874.31,880.44,860.1,863.16,0.0
,863.87,869.79,861.44,868.15,0.0
,868.15,868.15,868.15,868.15,0.0
,869.51,873.74,866.52,872.8,0.0
,872.8,872.8,872.8,872.8,0.0
,872.8,872.8,872.8,872.8,0.0
,872.37,873.7,857.07,869.42,0.0
,870.58,891.12,870.58,890.64,0.0
,890.59,910.32,889.67,903.25,0.0
2009-01-01,903.25,903.25,903.25,903.25,0.0
2009-02-01,902.99,934.73,899.35,931.8,0.0
2009-03-01,931.8,931.8,931.8,931.8,0.0
2009-04-01,931.8,931.8,931.8,931.8,0.0
2009-05-01,929.17,936.63,919.53,927.45,0.0
2009-06-01,931.17,943.85,927.28,934.7,0.0
2009-07-01,927.45,927.45,902.37,906.65,0.0
2009-08-01,905.73,910.0,896.81,909.73,0.0
2009-09-01,909.91,911.93,888.31,890.35,0.0
2009-10-01,890.35,890.35,890.35,890.35,0.0
2009-11-01,890.35,890.35,890.35,890.35,0.0
2009-12-01,890.4,890.4,864.32,870.26,0.0
,869.79,877.02,862.02,871.79,0.0
,867.28,867.28,836.93,842.62,0.0
,841.99,851.59,817.04,843.74,0.0
,844.45,858.13,830.66,850.12,0.0
,850.12,850.12,850.12,850.12,0.0
,850.12,850.12,850.12,850.12,0.0
,850.12,850.12,850.12,850.12,0.0
,849.64,849.64,804.47,805.22,0.0
,806.77,841.72,804.3,840.24,0.0
,839.74,839.74,811.29,827.5,0.0
,822.16,838.61,806.07,831.95,0.0
,831.95,831.95,831.95,831.95,0.0
,831.95,831.95,831.95,831.95,0.0
,832.5,852.53,827.69,836.57,0.0
,837.3,850.45,835.4,845.71,0.0
,845.73,877.86,845.73,874.09,0.0
,868.89,868.89,844.15,845.14,0.0
,845.69,851.66,821.67,825.88,0.0
,825.88,825.88,825.88,825.88,0.0
2009-01-02,825.88,825.88,825.88,825.88,0.0
2009-02-02,823.09,830.78,812.87,825.44,0.0
2009-03-02,825.69,842.6,821.98,838.51,0.0
2009-04-02,837.77,851.85,829.18,832.23,0.0
2009-05-02,831.75,850.55,819.91,845.85,0.0
2009-06-02,846.09,870.75,845.42,868.6,0.0
2009-07-02,868.6,868.6,868.6,868.6,0.0
2009-08-02,868.6,868.6,868.6,868.6,0.0
2009-09-02,868.24,875.01,861.65,869.89,0.0
2009-10-02,866.87,868.05,822.99,827.16,0.0
2009-11-02,827.41,838.22,822.3,833.74,0.0
2009-12-02,829.91,835.48,808.06,835.19,0.0
,833.95,839.43,825.21,826.84,0.0
,826.84,826.84,826.84,826.84,0.0
,826.84,826.84,826.84,826.84,0.0
,826.84,826.84,826.84,826.84,0.0
,818.61,818.61,789.17,789.17,0.0
,791.06,796.17,780.43,788.42,0.0
,787.91,797.58,777.03,778.94,0.0
,775.87,778.69,754.25,770.05,0.0
,770.05,770.05,770.05,770.05,0.0
,770.05,770.05,770.05,770.05,0.0
,773.25,777.85,742.37,743.33,0.0
,744.69,775.49,744.69,773.14,0.0
,770.64,780.12,752.89,764.9,0.0
,765.76,779.42,751.75,752.83,0.0
,749.93,751.27,734.52,735.09,0.0
,735.09,735.09,735.09,735.09,0.0
2009-01-03,735.09,735.09,735.09,735.09,0.0
2009-02-03,729.57,729.57,699.7,700.82,0.0
2009-03-03,704.44,711.67,692.3,696.33,0.0
2009-04-03,698.6,724.12,698.6,712.87,0.0
2009-05-03,708.27,708.27,677.93,682.55,0.0
2009-06-03,684.04,699.09,666.79,683.38,0.0
2009-07-03,683.38,683.38,683.38,683.38,0.0
2009-08-03,683.38,683.38,683.38,683.38,0.0
2009-09-03,680.76,695.27,672.88,676.53,0.0
2009-10-03,679.28,719.6,679.28,719.6,0.0
2009-11-03,719.59,731.92,713.85,721.36,0.0
2009-12-03,720.89,752.63,714.76,750.74,0.0
,751.97,758.29,742.46,756.55,0.0
,756.55,756.55,756.55,756.55,0.0
,756.55,756.55,756.55,756.55,0.0
,758.84,774.53,753.37,753.89,0.0
,753.88,778.12,749.93,778.12,0.0
,776.01,803.04,765.64,794.35,0.0
,797.92,803.24,781.82,784.04,0.0
,784.58,788.91,766.2,768.54,0.0
,768.54,768.54,768.54,768.54,0.0
,768.54,768.54,768.54,768.54,0.0
,772.31,823.37,772.31,822.92,0.0
,820.6,823.65,805.48,806.25,0.0
,806.81,826.78,791.37,813.88,0.0
,814.06,832.98,814.06,832.86,0.0
,828.68,828.68,813.43,815.94,0.0
,815.94,815.94,815.94,815.94,0.0
,815.94,815.94,815.94,815.94,0.0
,809.07,809.07,779.81,787.53,0.0
,790.88,810.48,790.88,797.87,0.0
2009-01-04,793.59,813.62,783.32,811.08,0.0
2009-02-04,814.53,845.61,814.53,834.38,0.0
2009-03-04,835.13,842.5,826.7,842.5,0.0
2009-04-04,842.5,842.5,842.5,842.5,0.0
2009-05-04,842.5,842.5,842.5,842.5,0.0
2009-06-04,839.75,839.75,822.79,835.48,0.0
2009-07-04,834.12,834.12,814.53,815.55,0.0
2009-08-04,816.76,828.42,814.84,825.16,0.0
2009-09-04,829.29,856.91,829.29,856.56,0.0
2009-10-04,856.56,856.56,856.56,856.56,0.0
2009-11-04,856.56,856.56,856.56,856.56,0.0
2009-12-04,856.56,856.56,856.56,856.56,0.0
,855.33,864.31,845.35,858.73,0.0
,856.88,856.88,840.25,841.5,0.0
,839.44,852.93,835.58,852.06,0.0
,854.54,870.35,847.04,865.3,0.0
,865.18,875.63,860.87,869.6,0.0
,869.6,869.6,869.6,869.6,0.0
,869.6,869.6,869.6,869.6,0.0
,868.27,868.27,832.39,832.39,0.0
,831.25,850.09,826.83,850.08,0.0
,847.26,861.78,840.57,843.55,0.0
,844.62,852.87,835.45,851.92,0.0
,853.91,871.8,853.91,866.23,0.0
,866.23,866.23,866.23,866.23,0.0
,866.23,866.23,866.23,866.23,0.0
,862.82,868.83,854.65,857.51,0.0
,854.48,864.48,847.12,855.16,0.0
,856.85,882.06,856.85,873.64,0.0
,876.59,888.7,868.51,872.81,0.0
2009-01-05,872.74,880.48,866.1,877.52,0.0
2009-02-05,877.52,877.52,877.52,877.52,0.0
2009-03-05,877.52,877.52,877.52,877.52,0.0
2009-04-05,879.21,907.85,879.21,907.24,0.0
2009-05-05,906.1,907.7,897.34,903.8,0.0
2009-06-05,903.95,920.28,903.95,919.53,0.0
2009-07-05,919.58,929.58,901.36,907.39,0.0
2009-08-05,909.03,930.17,909.03,929.23,0.0
2009-09-05,929.23,929.23,929.23,929.23,0.0
2009-10-05,929.23,929.23,929.23,929.23,0.0
2009-11-05,922.99,922.99,908.68,909.24,0.0
2009-12-05,910.52,915.57,896.46,908.35,0.0
,905.4,905.4,882.8,883.92,0.0
,884.24,898.36,882.52,893.07,0.0
,892.76,896.97,878.94,882.88,0.0
,882.88,882.88,882.88,882.88,0.0
,882.88,882.88,882.88,882.88,0.0
,886.07,910.0,886.07,909.71,0.0
,909.67,916.39,905.22,908.13,0.0
,908.62,924.6,901.37,903.47,0.0
,900.42,900.42,879.61,888.33,0.0
,888.68,896.65,883.75,887.0,0.0
,887.0,887.0,887.0,887.0,0.0
,887.0,887.0,887.0,887.0,0.0
,887.0,887.0,887.0,887.0,0.0
,883.57,911.76,881.46,910.33,0.0
,909.95,913.84,891.87,893.06,0.0
,892.96,909.45,887.6,906.83,0.0
,907.02,920.02,903.56,919.14,0.0
,919.14,919.14,919.14,919.14,0.0
,919.14,919.14,919.14,919.14,0.0
2009-01-06,923.26,947.77,923.26,942.87,0.0
2009-02-06,941.88,949.38,938.46,944.74,0.0
2009-03-06,942.51,942.51,923.85,931.76,0.0
2009-04-06,932.49,942.47,929.32,942.46,0.0
2009-05-06,945.67,951.69,934.13,940.09,0.0
2009-06-06,940.09,940.09,940.09,940.09,0.0
2009-07-06,940.09,940.09,940.09,940.09,0.0
2009-08-06,938.12,946.33,926.44,939.14,0.0
2009-09-06,940.35,946.92,936.15,942.43,0.0
2009-10-06,942.73,949.77,927.97,939.15,0.0
2009-11-06,939.04,956.23,939.04,944.89,0.0
2009-12-06,943.44,946.3,935.66,946.21,0.0
,946.21,946.21,946.21,946.21,0.0
,946.21,946.21,946.21,946.21,0.0
,942.45,942.45,919.65,923.72,0.0
,925.6,928.0,911.6,911.97,0.0
,911.89,918.44,903.78,910.71,0.0
,910.86,921.93,907.94,918.37,0.0
,919.96,927.09,915.8,921.23,0.0
,921.23,921.23,921.23,921.23,0.0
,921.23,921.23,921.23,921.23,0.0
,918.13,918.13,893.04,893.04,0.0
,893.46,898.69,888.86,895.1,0.0
,896.31,910.85,896.31,900.94,0.0
,899.45,921.42,896.27,920.26,0.0
,918.84,922.0,913.03,918.9,0.0
,918.9,918.9,918.9,918.9,0.0
,918.9,918.9,918.9,918.9,0.0
,919.86,927.99,916.18,927.23,0.0
,927.15,930.01,912.86,919.32,0.0
2009-01-07,920.82,931.92,920.82,923.33,0.0
2009-02-07,921.24,921.24,896.42,896.42,0.0
2009-03-07,896.42,896.42,896.42,896.42,0.0
2009-04-07,896.42,896.42,896.42,896.42,0.0
2009-05-07,896.42,896.42,896.42,896.42,0.0
2009-06-07,894.27,898.72,886.36,898.72,0.0
2009-07-07,898.6,898.6,879.93,881.03,0.0
2009-08-07,881.9,886.8,869.32,879.56,0.0
2009-09-07,881.28,887.86,878.45,882.68,0.0
2009-10-07,880.03,883.57,872.81,879.13,0.0
2009-11-07,879.13,879.13,879.13,879.13,0.0
2009-12-07,879.13,879.13,879.13,879.13,0.0
,879.57,901.05,875.32,901.05,0.0
,900.77,905.84,896.5,905.84,0.0
,910.15,933.95,910.15,932.68,0.0
,930.17,943.96,927.45,940.74,0.0
,940.56,941.89,934.65,940.38,0.0
,940.38,940.38,940.38,940.38,0.0
,940.38,940.38,940.38,940.38,0.0
,942.07,951.62,940.99,951.13,0.0
,951.97,956.53,943.22,954.58,0.0
,953.4,959.83,947.75,954.07,0.0
,953.87,979.42,953.27,976.29,0.0
,972.16,979.79,965.95,979.26,0.0
,979.26,979.26,979.26,979.26,0.0
,979.26,979.26,979.26,979.26,0.0
,978.63,982.49,972.29,982.18,0.0
,981.48,982.35,969.35,979.62,0.0
,977.66,977.76,968.65,975.15,0.0
,976.01,996.68,976.01,986.75,0.0
,986.8,993.18,982.85,987.48,0.0
2009-01-08,987.48,987.48,987.48,987.48,0.0
2009-02-08,987.48,987.48,987.48,987.48,0.0
2009-03-08,990.22,1003.61,990.22,1002.63,0.0
2009-04-08,1001.41,1007.12,996.68,1005.65,0.0
2009-05-08,1005.41,1006.64,994.31,1002.72,0.0
2009-06-08,1004.06,1008.0,992.49,997.08,0.0
2009-07-08,999.83,1018.0,999.83,1010.48,0.0
2009-08-08,1010.48,1010.48,1010.48,1010.48,0.0
2009-09-08,1010.48,1010.48,1010.48,1010.48,0.0
2009-10-08,1008.89,1010.12,1000.99,1007.1,0.0
2009-11-08,1005.77,1005.77,992.4,994.35,0.0
2009-12-08,994.0,1012.78,993.36,1005.81,0.0
,1005.86,1013.14,1000.82,1012.73,0.0
,1012.23,1012.6,994.6,1004.09,0.0
,1004.09,1004.09,1004.09,1004.09,0.0
,1004.09,1004.09,1004.09,1004.09,0.0
,998.18,998.18,978.51,979.73,0.0
,980.62,991.2,980.62,989.67,0.0
,986.88,999.61,980.62,996.46,0.0
,996.41,1008.92,996.39,1007.37,0.0
,1009.06,1027.59,1009.06,1026.13,0.0
,1026.13,1026.13,1026.13,1026.13,0.0
,1026.13,1026.13,1026.13,1026.13,0.0
,1026.59,1035.82,1022.48,1025.57,0.0
,1026.63,1037.75,1026.21,1028.0,0.0
,1027.35,1032.47,1021.57,1028.12,0.0
,1027.81,1033.33,1016.2,1030.98,0.0
,1031.62,1039.47,1023.13,1028.93,0.0
,1028.93,1028.93,1028.93,1028.93,0.0
,1028.93,1028.93,1028.93,1028.93,0.0
,1025.21,1025.21,1014.62,1020.62,0.0
2009-01-09,1019.52,1028.45,996.28,998.04,0.0
2009-02-09,996.07,1000.34,991.97,994.75,0.0
2009-03-09,996.12,1003.43,992.25,1003.24,0.0
2009-04-09,1003.84,1016.48,1001.65,1016.4,0.0
2009-05-09,1016.4,1016.4,1016.4,1016.4,0.0
2009-06-09,1016.4,1016.4,1016.4,1016.4,0.0
2009-07-09,1016.4,1016.4,1016.4,1016.4,0.0
2009-08-09,1018.67,1026.07,1018.67,1025.39,0.0
2009-09-09,1025.36,1036.34,1023.97,1033.37,0.0
2009-10-09,1032.99,1044.14,1028.04,1044.14,0.0
2009-11-09,1043.92,1048.18,1038.4,1042.73,0.0
2009-12-09,1042.73,1042.73,1042.73,1042.73,0.0
,1042.73,1042.73,1042.73,1042.73,0.0
,1040.15,1049.74,1035.0,1049.34,0.0
,1049.03,1056.04,1043.42,1052.63,0.0
,1053.99,1068.76,1052.87,1068.76,0.0
,1067.87,1074.77,1061.2,1065.49,0.0
,1066.6,1071.52,1064.27,1068.3,0.0
,1068.3,1068.3,1068.3,1068.3,0.0
,1068.3,1068.3,1068.3,1068.3,0.0
,1067.14,1067.28,1057.46,1064.66,0.0
,1066.35,1073.81,1066.35,1071.66,0.0
,1072.69,1080.15,1060.39,1060.87,0.0
,1062.56,1066.29,1045.85,1050.78,0.0
,1049.48,1053.47,1041.17,1044.38,0.0
,1044.38,1044.38,1044.38,1044.38,0.0
,1044.38,1044.38,1044.38,1044.38,0.0
,1045.38,1065.13,1045.38,1062.98,0.0
,1063.69,1069.62,1057.83,1060.61,0.0
,1061.02,1063.4,1046.47,1057.08,0.0
2009-01-10,1054.91,1054.91,1029.45,1029.85,0.0
2009-02-10,1029.71,1030.6,1019.95,1025.21,0.0
2009-03-10,1025.21,1025.21,1025.21,1025.21,0.0
2009-04-10,1025.21,1025.21,1025.21,1025.21,0.0
2009-05-10,1026.87,1042.58,1025.92,1040.46,0.0
2009-06-10,1042.02,1060.55,1042.02,1054.72,0.0
2009-07-10,1053.65,1058.02,1050.1,1057.58,0.0
2009-08-10,1060.03,1070.67,1060.03,1065.48,0.0
2009-09-10,1065.28,1071.51,1063.0,1071.49,0.0
2009-10-10,1071.49,1071.49,1071.49,1071.49,0.0
2009-11-10,1071.49,1071.49,1071.49,1071.49,0.0
2009-12-10,1071.63,1079.46,1071.63,1076.19,0.0
,1074.96,1075.3,1066.71,1073.19,0.0
,1078.68,1093.17,1078.68,1092.02,0.0
,1090.36,1096.56,1086.41,1096.56,0.0
,1094.67,1094.67,1081.53,1087.68,0.0
,1087.68,1087.68,1087.68,1087.68,0.0
,1087.68,1087.68,1087.68,1087.68,0.0
,1088.22,1100.17,1086.48,1097.91,0.0
,1098.64,1098.64,1086.16,1091.06,0.0
,1090.36,1101.36,1080.77,1081.4,0.0
,1080.96,1095.21,1074.31,1092.91,0.0
,1095.62,1095.83,1075.49,1079.6,0.0
,1079.6,1079.6,1079.6,1079.6,0.0
,1079.6,1079.6,1079.6,1079.6,0.0
,1080.36,1091.75,1065.23,1066.95,0.0
,1067.54,1072.48,1060.62,1063.41,0.0
,1061.51,1063.26,1042.19,1042.63,0.0
,1043.69,1066.83,1043.69,1066.11,0.0
,1065.41,1065.41,1033.38,1036.19,0.0
,1036.19,1036.19,1036.19,1036.19,0.0
2009-01-11,1036.19,1036.19,1036.19,1036.19,0.0
2009-02-11,1036.18,1052.18,1029.38,1042.88,0.0
2009-03-11,1040.92,1046.36,1033.94,1045.41,0.0
2009-04-11,1047.14,1061.0,1045.15,1046.5,0.0
2009-05-11,1047.3,1066.65,1047.3,1066.63,0.0
2009-06-11,1064.95,1071.48,1059.32,1069.3,0.0
2009-07-11,1069.3,1069.3,1069.3,1069.3,0.0
2009-08-11,1069.3,1069.3,1069.3,1069.3,0.0
2009-09-11,1072.31,1093.19,1072.31,1093.08,0.0
2009-10-11,1091.86,1096.42,1087.4,1093.01,0.0
2009-11-11,1096.04,1105.37,1093.81,1098.51,0.0
2009-12-11,1098.31,1101.97,1084.9,1087.24,0.0
,1087.59,1097.79,1085.33,1093.48,0.0
,1093.48,1093.48,1093.48,1093.48,0.0
,1093.48,1093.48,1093.48,1093.48,0.0
,1094.13,1113.69,1094.13,1109.3,0.0
,1109.22,1110.52,1102.19,1110.32,0.0
,1109.44,1111.1,1102.7,1109.8,0.0
,1106.44,1106.44,1088.4,1094.9,0.0
,1094.66,1094.66,1086.81,1091.38,0.0
,1091.38,1091.38,1091.38,1091.38,0.0
,1091.38,1091.38,1091.38,1091.38,0.0
,1094.86,1112.38,1094.86,1106.24,0.0
,1105.83,1107.56,1097.63,1105.65,0.0
,1106.49,1111.18,1104.75,1110.63,0.0
,1110.63,1110.63,1110.63,1110.63,0.0
,1105.47,1105.47,1083.74,1091.49,0.0
,1091.49,1091.49,1091.49,1091.49,0.0
,1091.49,1091.49,1091.49,1091.49,0.0
,1091.07,1097.24,1086.25,1095.63,0.0
2009-01-12,1098.89,1112.28,1098.89,1108.86,0.0
2009-02-12,1109.03,1115.58,1105.29,1109.24,0.0
2009-03-12,1110.59,1117.28,1098.74,1099.92,0.0
2009-04-12,1100.43,1119.13,1096.52,1105.98,0.0
2009-05-12,1105.98,1105.98,1105.98,1105.98,0.0
2009-06-12,1105.98,1105.98,1105.98,1105.98,0.0
2009-07-12,1105.52,1110.72,1100.83,1103.25,0.0
2009-08-12,1103.04,1103.04,1088.61,1091.94,0.0
2009-09-12,1091.07,1097.04,1085.89,1095.95,0.0
2009-10-12,1098.69,1106.25,1098.69,1102.35,0.0
2009-11-12,1103.96,1108.5,1101.34,1106.41,0.0
2009-12-12,1106.41,1106.41,1106.41,1106.41,0.0
,1106.41,1106.41,1106.41,1106.41,0.0
,1107.84,1114.76,1107.84,1114.11,0.0
,1114.11,1114.11,1105.35,1107.93,0.0
,1108.61,1116.21,1107.96,1109.18,0.0
,1106.36,1106.36,1095.88,1096.08,0.0
,1097.86,1103.74,1093.88,1102.47,0.0
,1102.47,1102.47,1102.47,1102.47,0.0
,1102.47,1102.47,1102.47,1102.47,0.0
,1105.31,1117.68,1105.31,1114.05,0.0
,1114.51,1120.27,1114.51,1118.02,0.0
,1118.84,1121.58,1116.0,1120.59,0.0
,1121.08,1126.48,1121.08,1126.48,0.0
,1126.48,1126.48,1126.48,1126.48,0.0
,1126.48,1126.48,1126.48,1126.48,0.0
,1126.48,1126.48,1126.48,1126.48,0.0
,1127.53,1130.38,1123.51,1127.78,0.0
,1128.55,1130.38,1126.08,1126.2,0.0
,1125.53,1126.42,1121.94,1126.42,0.0
,1126.6,1127.64,1114.81,1115.1,0.0
2010-01-01,1115.1,1115.1,1115.1,1115.1,0.0
2010-02-01,1115.1,1115.1,1115.1,1115.1,0.0
2010-03-01,1115.1,1115.1,1115.1,1115.1,0.0
2010-04-01,1116.56,1133.87,1116.56,1132.99,0.0
2010-05-01,1132.66,1136.63,1129.66,1136.52,0.0
2010-06-01,1135.71,1139.19,1133.95,1137.14,0.0
2010-07-01,1136.27,1142.46,1131.32,1141.69,0.0
2010-08-01,1140.52,1145.39,1136.22,1144.98,0.0
2010-09-01,1144.98,1144.98,1144.98,1144.98,0.0
2010-10-01,1144.98,1144.98,1144.98,1144.98,0.0
2010-11-01,1145.96,1149.74,1142.02,1146.98,0.0
2010-12-01,1143.81,1143.81,1131.77,1136.22,0.0
,1137.31,1148.4,1133.18,1145.68,0.0
,1145.68,1150.41,1143.8,1148.46,0.0
,1147.72,1147.77,1131.39,1136.03,0.0
,1136.03,1136.03,1136.03,1136.03,0.0
,1136.03,1136.03,1136.03,1136.03,0.0
,1136.03,1136.03,1136.03,1136.03,0.0
,1136.03,1150.45,1135.77,1150.23,0.0
,1147.95,1147.95,1129.25,1138.04,0.0
,1138.68,1141.58,1114.84,1116.48,0.0
,1115.49,1115.49,1090.18,1091.76,0.0
,1091.76,1091.76,1091.76,1091.76,0.0
,1091.76,1091.76,1091.76,1091.76,0.0
,1092.4,1102.97,1092.4,1096.78,0.0
,1095.8,1103.69,1089.86,1092.17,0.0
,1091.94,1099.51,1083.11,1097.5,0.0
,1096.93,1100.22,1078.46,1084.53,0.0
,1087.61,1096.45,1071.59,1073.87,0.0
,1073.87,1073.87,1073.87,1073.87,0.0
,1073.87,1073.87,1073.87,1073.87,0.0
2010-01-02,1073.89,1089.38,1073.89,1089.19,0.0
2010-02-02,1090.05,1104.73,1087.96,1103.32,0.0
2010-03-02,1100.67,1102.72,1093.97,1097.28,0.0
2010-04-02,1097.25,1097.25,1062.78,1063.11,0.0
2010-05-02,1064.12,1067.13,1044.5,1066.19,0.0
2010-06-02,1066.19,1066.19,1066.19,1066.19,0.0
2010-07-02,1066.19,1066.19,1066.19,1066.19,0.0
2010-08-02,1065.51,1071.2,1056.51,1056.74,0.0
2010-09-02,1060.06,1079.28,1060.06,1070.52,0.0
2010-10-02,1069.68,1073.67,1059.34,1068.13,0.0
2010-11-02,1067.1,1080.04,1060.59,1078.47,0.0
2010-12-02,1075.95,1077.81,1062.97,1075.51,0.0
,1075.51,1075.51,1075.51,1075.51,0.0
,1075.51,1075.51,1075.51,1075.51,0.0
,1075.51,1075.51,1075.51,1075.51,0.0
,1079.13,1095.67,1079.13,1094.87,0.0
,1096.14,1101.03,1094.72,1099.51,0.0
,1099.03,1108.24,1097.48,1106.75,0.0
,1105.49,1112.42,1100.8,1109.17,0.0
,1109.17,1109.17,1109.17,1109.17,0.0
,1109.17,1109.17,1109.17,1109.17,0.0
,1110.0,1112.29,1105.38,1108.01,0.0
,1107.49,1108.58,1092.18,1094.6,0.0
,1095.89,1106.42,1095.5,1105.24,0.0
,1101.24,1103.5,1086.02,1102.94,0.0
,1103.1,1107.24,1097.56,1104.49,0.0
,1104.49,1104.49,1104.49,1104.49,0.0
,1104.49,1104.49,1104.49,1104.49,0.0
2010-01-03,1105.36,1116.11,1105.36,1115.71,0.0
2010-02-03,1117.01,1123.46,1116.51,1118.31,0.0
2010-03-03,1119.36,1125.64,1116.58,1118.79,0.0
2010-04-03,1119.12,1123.73,1116.66,1122.97,0.0
2010-05-03,1125.12,1139.38,1125.12,1138.7,0.0
2010-06-03,1138.7,1138.7,1138.7,1138.7,0.0
2010-07-03,1138.7,1138.7,1138.7,1138.7,0.0
2010-08-03,1138.4,1141.05,1136.77,1138.5,0.0
2010-09-03,1137.56,1145.37,1134.9,1140.45,0.0
2010-10-03,1140.22,1148.26,1140.09,1145.61,0.0
2010-11-03,1143.96,1150.24,1138.99,1150.24,0.0
2010-12-03,1151.71,1153.41,1146.97,1149.99,0.0
,1149.99,1149.99,1149.99,1149.99,0.0
,1149.99,1149.99,1149.99,1149.99,0.0
,1148.53,1150.98,1141.45,1150.51,0.0
,1150.83,1160.28,1150.35,1159.46,0.0
,1159.94,1169.84,1159.94,1166.21,0.0
,1166.13,1167.77,1161.16,1165.83,0.0
,1166.68,1169.2,1155.33,1159.9,0.0
,1159.9,1159.9,1159.9,1159.9,0.0
,1159.9,1159.9,1159.9,1159.9,0.0
,1157.25,1167.82,1152.88,1165.81,0.0
,1166.47,1174.72,1163.83,1174.17,0.0
,1172.7,1173.04,1166.01,1167.72,0.0
,1170.03,1180.69,1165.09,1165.73,0.0
,1167.58,1173.93,1161.48,1166.59,0.0
,1166.59,1166.59,1166.59,1166.59,0.0
,1166.59,1166.59,1166.59,1166.59,0.0
,1167.71,1174.85,1167.71,1173.22,0.0
,1173.75,1177.83,1168.92,1173.27,0.0
,1171.75,1174.56,1165.77,1169.43,0.0
2010-01-04,1171.23,1181.43,1170.69,1178.1,0.0
2010-02-04,1178.1,1178.1,1178.1,1178.1,0.0
2010-03-04,1178.1,1178.1,1178.1,1178.1,0.0
2010-04-04,1178.1,1178.1,1178.1,1178.1,0.0
2010-05-04,1178.71,1187.73,1178.71,1187.44,0.0
2010-06-04,1186.01,1191.8,1182.77,1189.44,0.0
2010-07-04,1188.23,1189.6,1177.25,1182.45,0.0
2010-08-04,1181.75,1188.55,1175.12,1186.44,0.0
2010-09-04,1187.47,1194.66,1187.15,1194.37,0.0
2010-10-04,1194.37,1194.37,1194.37,1194.37,0.0
2010-11-04,1194.37,1194.37,1194.37,1194.37,0.0
2010-12-04,1194.94,1199.2,1194.71,1196.48,0.0
,1195.94,1199.04,1188.82,1197.3,0.0
,1198.69,1210.65,1198.69,1210.65,0.0
,1210.77,1213.92,1208.5,1211.67,0.0
,1210.17,1210.17,1186.77,1192.13,0.0
,1192.13,1192.13,1192.13,1192.13,0.0
,1192.13,1192.13,1192.13,1192.13,0.0
,1192.06,1197.87,1183.68,1197.52,0.0
,1199.04,1208.58,1199.04,1207.17,0.0
,1207.16,1210.99,1198.85,1205.94,0.0
,1202.52,1210.27,1190.19,1208.67,0.0
,1207.87,1217.28,1205.1,1217.28,0.0
,1217.28,1217.28,1217.28,1217.28,0.0
,1217.28,1217.28,1217.28,1217.28,0.0
,1217.07,1219.8,1211.07,1212.05,0.0
,1209.92,1211.38,1181.62,1183.71,0.0
,1184.59,1195.05,1181.81,1191.36,0.0
,1193.3,1209.36,1193.3,1206.78,0.0
,1206.77,1207.99,1186.32,1186.69,0.0
2010-01-05,1186.69,1186.69,1186.69,1186.69,0.0
2010-02-05,1186.69,1186.69,1186.69,1186.69,0.0
2010-03-05,1188.58,1205.13,1188.58,1202.26,0.0
2010-04-05,1197.5,1197.5,1168.12,1173.6,0.0
2010-05-05,1169.24,1175.95,1158.15,1165.87,0.0
2010-06-05,1164.38,1167.58,1065.79,1128.15,0.0
2010-07-05,1127.04,1135.13,1094.15,1110.88,0.0
2010-08-05,1110.88,1110.88,1110.88,1110.88,0.0
2010-09-05,1110.88,1110.88,1110.88,1110.88,0.0
2010-10-05,1122.27,1163.85,1122.27,1159.73,0.0
2010-11-05,1156.39,1170.48,1147.71,1155.79,0.0
2010-12-05,1155.43,1172.87,1155.43,1171.67,0.0
,1170.04,1173.57,1156.14,1157.44,0.0
,1157.19,1157.19,1126.14,1135.68,0.0
,1135.68,1135.68,1135.68,1135.68,0.0
,1135.68,1135.68,1135.68,1135.68,0.0
,1136.52,1141.88,1114.96,1136.94,0.0
,1138.78,1148.66,1117.2,1120.8,0.0
,1119.57,1124.27,1100.66,1115.05,0.0
,1107.34,1107.34,1071.58,1071.59,0.0
,1067.26,1090.16,1055.9,1087.69,0.0
,1087.69,1087.69,1087.69,1087.69,0.0
,1087.69,1087.69,1087.69,1087.69,0.0
,1084.78,1089.95,1072.7,1073.65,0.0
,1067.42,1074.75,1040.78,1074.03,0.0
,1075.51,1090.75,1065.59,1067.95,0.0
,1074.27,1103.52,1074.27,1103.06,0.0
,1102.59,1102.59,1084.78,1089.41,0.0
,1089.41,1089.41,1089.41,1089.41,0.0
,1089.41,1089.41,1089.41,1089.41,0.0
,1089.41,1089.41,1089.41,1089.41,0.0
2010-01-06,1087.3,1094.77,1069.89,1070.71,0.0
2010-02-06,1073.01,1098.56,1072.03,1098.38,0.0
2010-03-06,1098.82,1105.67,1091.81,1102.83,0.0
2010-04-06,1098.43,1098.43,1060.5,1064.88,0.0
2010-05-06,1064.88,1064.88,1064.88,1064.88,0.0
2010-06-06,1064.88,1064.88,1064.88,1064.88,0.0
2010-07-06,1065.84,1071.36,1049.86,1050.47,0.0
2010-08-06,1050.81,1063.15,1042.17,1062.0,0.0
2010-09-06,1062.75,1077.74,1052.25,1055.69,0.0
2010-10-06,1058.77,1087.85,1058.77,1086.84,0.0
2010-11-06,1082.65,1092.25,1077.12,1091.6,0.0
2010-12-06,1091.6,1091.6,1091.6,1091.6,0.0
,1091.6,1091.6,1091.6,1091.6,0.0
,1095.0,1105.91,1089.03,1089.63,0.0
,1091.21,1115.59,1091.21,1115.23,0.0
,1114.02,1118.74,1107.13,1114.61,0.0
,1115.98,1117.72,1105.87,1116.04,0.0
,1116.16,1121.01,1113.93,1117.51,0.0
,1117.51,1117.51,1117.51,1117.51,0.0
,1117.51,1117.51,1117.51,1117.51,0.0
,1122.79,1131.23,1108.24,1113.2,0.0
,1113.9,1118.5,1094.18,1095.31,0.0
,1095.57,1099.64,1085.31,1092.04,0.0
,1090.93,1090.93,1071.6,1073.69,0.0
,1075.1,1083.56,1067.89,1076.76,0.0
,1076.76,1076.76,1076.76,1076.76,0.0
,1076.76,1076.76,1076.76,1076.76,0.0
,1077.5,1082.6,1071.45,1074.57,0.0
,1071.1,1071.1,1035.18,1041.24,0.0
,1040.56,1048.08,1028.33,1030.71,0.0
2010-01-07,1031.1,1033.58,1010.91,1027.37,0.0
2010-02-07,1027.65,1032.95,1015.93,1022.58,0.0
2010-03-07,1022.58,1022.58,1022.58,1022.58,0.0
2010-04-07,1022.58,1022.58,1022.58,1022.58,0.0
2010-05-07,1022.58,1022.58,1022.58,1022.58,0.0
2010-06-07,1028.09,1042.5,1018.35,1028.06,0.0
2010-07-07,1028.54,1060.89,1028.54,1060.27,0.0
2010-08-07,1062.92,1071.25,1058.24,1070.25,0.0
2010-09-07,1070.5,1078.16,1068.1,1077.96,0.0
2010-10-07,1077.96,1077.96,1077.96,1077.96,0.0
2010-11-07,1077.96,1077.96,1077.96,1077.96,0.0
2010-12-07,1077.23,1080.78,1070.45,1078.75,0.0
,1080.65,1099.46,1080.65,1095.34,0.0
,1095.61,1099.08,1087.68,1095.17,0.0
,1094.46,1098.66,1080.53,1096.48,0.0
,1093.85,1093.85,1063.32,1064.88,0.0
,1064.88,1064.88,1064.88,1064.88,0.0
,1064.88,1064.88,1064.88,1064.88,0.0
,1066.85,1074.7,1061.11,1071.25,0.0
,1064.53,1083.94,1056.88,1083.48,0.0
,1086.67,1088.96,1065.25,1069.59,0.0
,1072.14,1097.5,1072.14,1093.67,0.0
,1092.17,1103.73,1087.88,1102.66,0.0
,1102.66,1102.66,1102.66,1102.66,0.0
,1102.66,1102.66,1102.66,1102.66,0.0
,1102.89,1115.01,1101.3,1115.01,0.0
,1117.36,1120.95,1109.78,1113.84,0.0
,1112.84,1114.66,1103.11,1106.13,0.0
,1108.07,1115.9,1092.82,1101.53,0.0
,1098.44,1106.44,1088.01,1101.6,0.0
,1101.6,1101.6,1101.6,1101.6,0.0
2010-01-08,1101.6,1101.6,1101.6,1101.6,0.0
2010-02-08,1107.53,1127.3,1107.53,1125.86,0.0
2010-03-08,1125.34,1125.44,1116.76,1120.46,0.0
2010-04-08,1121.06,1128.75,1119.46,1127.24,0.0
2010-05-08,1125.78,1126.56,1118.81,1125.81,0.0
2010-06-08,1122.07,1123.06,1107.17,1121.64,0.0
2010-07-08,1121.64,1121.64,1121.64,1121.64,0.0
2010-08-08,1121.64,1121.64,1121.64,1121.64,0.0
2010-09-08,1122.8,1129.24,1120.91,1127.79,0.0
2010-10-08,1122.92,1127.16,1111.58,1121.06,0.0
2010-11-08,1116.89,1116.89,1088.55,1089.47,0.0
2010-12-08,1081.48,1086.72,1076.69,1083.61,0.0
,1082.22,1086.25,1079.0,1079.25,0.0
,1079.25,1079.25,1079.25,1079.25,0.0
,1079.25,1079.25,1079.25,1079.25,0.0
,1077.49,1082.62,1069.49,1079.38,0.0
,1081.16,1100.14,1081.16,1092.54,0.0
,1092.08,1099.77,1085.76,1094.16,0.0
,1092.44,1092.44,1070.66,1075.63,0.0
,1075.63,1075.63,1063.91,1071.69,0.0
,1071.69,1071.69,1071.69,1071.69,0.0
,1071.69,1071.69,1071.69,1071.69,0.0
,1073.36,1081.58,1067.08,1067.36,0.0
,1063.2,1063.2,1046.68,1051.87,0.0
,1048.98,1059.38,1039.83,1055.33,0.0
,1056.28,1061.45,1045.4,1047.22,0.0
,1049.27,1065.21,1039.7,1064.59,0.0
,1064.59,1064.59,1064.59,1064.59,0.0
,1064.59,1064.59,1064.59,1064.59,0.0
,1062.9,1064.4,1048.79,1048.92,0.0
,1046.88,1055.14,1040.88,1049.33,0.0
2010-01-09,1049.72,1081.3,1049.72,1080.29,0.0
2010-02-09,1080.66,1090.1,1080.39,1090.1,0.0
2010-03-09,1093.61,1105.1,1093.61,1104.51,0.0
2010-04-09,1104.51,1104.51,1104.51,1104.51,0.0
2010-05-09,1104.51,1104.51,1104.51,1104.51,0.0
2010-06-09,1104.51,1104.51,1104.51,1104.51,0.0
2010-07-09,1102.6,1102.6,1091.15,1091.84,0.0
2010-08-09,1092.36,1103.26,1092.36,1098.87,0.0
2010-09-09,1101.15,1110.27,1101.15,1104.18,0.0
2010-10-09,1104.57,1110.88,1103.92,1109.55,0.0
2010-11-09,1109.55,1109.55,1109.55,1109.55,0.0
2010-12-09,1109.55,1109.55,1109.55,1109.55,0.0
,1113.38,1123.87,1113.38,1121.9,0.0
,1121.16,1127.36,1115.58,1121.1,0.0
,1119.43,1126.46,1114.63,1125.07,0.0
,1123.89,1125.44,1118.88,1124.66,0.0
,1126.39,1131.47,1122.43,1125.59,0.0
,1125.59,1125.59,1125.59,1125.59,0.0
,1125.59,1125.59,1125.59,1125.59,0.0
,1126.57,1144.86,1126.57,1142.71,0.0
,1142.82,1148.59,1136.22,1139.78,0.0
,1139.49,1144.38,1131.58,1134.28,0.0
,1131.1,1136.77,1122.79,1124.83,0.0
,1131.69,1148.9,1131.69,1148.67,0.0
,1148.67,1148.67,1148.67,1148.67,0.0
,1148.67,1148.67,1148.67,1148.67,0.0
,1148.64,1149.92,1142.0,1142.16,0.0
,1142.31,1150.0,1132.09,1147.7,0.0
,1146.75,1148.63,1140.26,1144.73,0.0
,1145.97,1157.16,1136.08,1141.2,0.0
2010-01-10,1143.49,1150.3,1139.42,1146.24,0.0
2010-02-10,1146.24,1146.24,1146.24,1146.24,0.0
2010-03-10,1146.24,1146.24,1146.24,1146.24,0.0
2010-04-10,1144.96,1148.16,1131.87,1137.03,0.0
2010-05-10,1140.68,1162.76,1140.68,1160.75,0.0
2010-06-10,1159.81,1162.33,1154.85,1159.97,0.0
2010-07-10,1161.57,1163.87,1151.41,1158.06,0.0
2010-08-10,1158.36,1167.73,1155.58,1165.15,0.0
2010-09-10,1165.15,1165.15,1165.15,1165.15,0.0
2010-10-10,1165.15,1165.15,1165.15,1165.15,0.0
2010-11-10,1165.32,1168.68,1162.02,1165.32,0.0
2010-12-10,1164.28,1172.58,1155.71,1169.77,0.0
,1171.32,1184.38,1171.32,1178.1,0.0
,1177.82,1178.89,1166.71,1173.81,0.0
,1177.47,1181.2,1167.12,1176.19,0.0
,1176.19,1176.19,1176.19,1176.19,0.0
,1176.19,1176.19,1176.19,1176.19,0.0
,1176.83,1185.53,1174.55,1184.71,0.0
,1178.64,1178.64,1159.71,1165.9,0.0
,1166.74,1182.94,1166.74,1178.17,0.0
,1179.82,1189.43,1171.17,1180.26,0.0
,1180.52,1183.93,1178.99,1183.08,0.0
,1183.08,1183.08,1183.08,1183.08,0.0
,1183.08,1183.08,1183.08,1183.08,0.0
,1184.74,1196.14,1184.74,1185.62,0.0
,1184.88,1187.11,1177.72,1185.64,0.0
,1183.84,1183.84,1171.7,1182.45,0.0
,1184.47,1189.53,1177.1,1183.78,0.0
,1183.87,1185.46,1179.7,1183.26,0.0
,1183.26,1183.26,1183.26,1183.26,0.0
,1183.26,1183.26,1183.26,1183.26,0.0
2010-01-11,1185.71,1195.81,1177.65,1184.38,0.0
2010-02-11,1187.86,1195.88,1187.86,1193.57,0.0
2010-03-11,1193.79,1198.3,1183.56,1197.96,0.0
2010-04-11,1198.34,1221.25,1198.34,1221.06,0.0
2010-05-11,1221.2,1227.08,1220.29,1225.85,0.0
2010-06-11,1225.85,1225.85,1225.85,1225.85,0.0
2010-07-11,1225.85,1225.85,1225.85,1225.85,0.0
2010-08-11,1223.24,1224.57,1217.55,1223.25,0.0
2010-09-11,1223.59,1226.84,1208.94,1213.4,0.0
2010-10-11,1213.14,1218.75,1204.33,1218.71,0.0
2010-11-11,1213.04,1215.45,1204.49,1213.54,0.0
2010-12-11,1209.07,1210.5,1194.08,1199.21,0.0
,1199.21,1199.21,1199.21,1199.21,0.0
,1199.21,1199.21,1199.21,1199.21,0.0
,1200.44,1207.43,1197.15,1197.75,0.0
,1194.79,1194.79,1173.0,1178.34,0.0
,1178.33,1183.56,1175.82,1178.59,0.0
,1183.75,1200.29,1183.75,1196.69,0.0
,1196.12,1199.97,1189.44,1199.73,0.0
,1199.73,1199.73,1199.73,1199.73,0.0
,1199.73,1199.73,1199.73,1199.73,0.0
,1198.07,1198.94,1184.58,1197.84,0.0
,1192.51,1192.51,1176.91,1180.73,0.0
,1183.7,1198.62,1183.7,1198.35,0.0
,1198.35,1198.35,1198.35,1198.35,0.0
,1194.16,1194.16,1186.93,1189.4,0.0
,1189.4,1189.4,1189.4,1189.4,0.0
,1189.4,1189.4,1189.4,1189.4,0.0
,1189.08,1190.34,1173.64,1187.76,0.0
,1182.96,1187.4,1174.14,1180.55,0.0
2010-01-12,1186.6,1207.61,1186.6,1206.07,0.0
2010-02-12,1206.81,1221.89,1206.81,1221.53,0.0
2010-03-12,1219.93,1225.57,1216.82,1224.71,0.0
2010-04-12,1224.71,1224.71,1224.71,1224.71,0.0
2010-05-12,1224.71,1224.71,1224.71,1224.71,0.0
2010-06-12,1223.87,1225.8,1220.67,1223.12,0.0
2010-07-12,1227.25,1235.05,1223.25,1223.75,0.0
2010-08-12,1225.02,1228.93,1219.5,1228.28,0.0
2010-09-12,1230.14,1234.71,1226.85,1233.0,0.0
2010-10-12,1233.85,1240.4,1232.58,1240.4,0.0
2010-11-12,1240.4,1240.4,1240.4,1240.4,0.0
2010-12-12,1240.4,1240.4,1240.4,1240.4,0.0
,1242.52,1246.73,1240.34,1240.46,0.0
,1241.84,1246.59,1238.17,1241.59,0.0
,1241.58,1244.25,1234.01,1235.23,0.0
,1236.34,1243.75,1232.85,1242.87,0.0
,1243.63,1245.81,1239.87,1243.91,0.0
,1243.91,1243.91,1243.91,1243.91,0.0
,1243.91,1243.91,1243.91,1243.91,0.0
,1245.76,1250.2,1241.51,1247.08,0.0
,1249.43,1255.82,1249.43,1254.6,0.0
,1254.94,1259.39,1254.94,1258.84,0.0
,1257.53,1258.59,1254.05,1256.77,0.0
,1256.77,1256.77,1256.77,1256.77,0.0
,1256.77,1256.77,1256.77,1256.77,0.0
,1256.77,1256.77,1256.77,1256.77,0.0
,1254.66,1258.43,1251.48,1257.54,0.0
,1259.1,1259.9,1256.22,1258.51,0.0
,1258.78,1262.6,1258.78,1259.78,0.0
,1259.44,1261.09,1256.32,1257.88,0.0
,1256.76,1259.34,1254.19,1257.64,0.0
2011-01-01,1257.64,1257.64,1257.64,1257.64,0.0
2011-02-01,1257.64,1257.64,1257.64,1257.64,0.0
2011-03-01,1257.62,1276.17,1257.62,1271.89,0.0
2011-04-01,1272.95,1274.12,1262.66,1270.2,0.0
2011-05-01,1268.78,1277.63,1265.36,1276.56,0.0
2011-06-01,1276.29,1278.17,1270.43,1273.85,0.0
2011-07-01,1274.41,1276.83,1261.7,1271.5,0.0
2011-08-01,1271.5,1271.5,1271.5,1271.5,0.0
2011-09-01,1271.5,1271.5,1271.5,1271.5,0.0
2011-10-01,1270.84,1271.52,1262.18,1269.75,0.0
2011-11-01,1272.58,1277.25,1269.62,1274.48,0.0
2011-12-01,1275.65,1286.87,1275.65,1285.96,0.0
,1285.78,1286.7,1280.47,1283.76,0.0
,1282.9,1293.24,1281.24,1293.24,0.0
,1293.24,1293.24,1293.24,1293.24,0.0
,1293.24,1293.24,1293.24,1293.24,0.0
,1293.24,1293.24,1293.24,1293.24,0.0
,1293.22,1296.06,1290.16,1295.02,0.0
,1294.52,1294.6,1278.92,1281.92,0.0
,1280.85,1283.35,1271.26,1280.26,0.0
,1283.63,1291.21,1282.07,1283.35,0.0
,1283.35,1283.35,1283.35,1283.35,0.0
,1283.35,1283.35,1283.35,1283.35,0.0
,1283.29,1291.93,1282.47,1290.84,0.0
,1288.17,1291.26,1281.07,1291.18,0.0
,1291.97,1299.74,1291.97,1296.63,0.0
,1297.51,1301.29,1294.41,1299.54,0.0
,1299.63,1302.67,1275.1,1276.34,0.0
,1276.34,1276.34,1276.34,1276.34,0.0
,1276.34,1276.34,1276.34,1276.34,0.0
,1276.5,1287.17,1276.5,1286.12,0.0
2011-01-02,1289.14,1308.86,1289.14,1307.59,0.0
2011-02-02,1305.91,1307.61,1302.62,1304.03,0.0
2011-03-02,1302.77,1308.6,1294.83,1307.1,0.0
2011-04-02,1307.01,1311.0,1301.67,1310.87,0.0
2011-05-02,1310.87,1310.87,1310.87,1310.87,0.0
2011-06-02,1310.87,1310.87,1310.87,1310.87,0.0
2011-07-02,1311.85,1322.85,1311.85,1319.05,0.0
2011-08-02,1318.76,1324.87,1316.03,1324.57,0.0
2011-09-02,1322.48,1324.54,1314.89,1320.88,0.0
2011-10-02,1318.13,1322.78,1311.74,1321.87,0.0
2011-11-02,1318.66,1330.79,1316.08,1329.15,0.0
2011-12-02,1329.15,1329.15,1329.15,1329.15,0.0
,1329.15,1329.15,1329.15,1329.15,0.0
,1328.73,1332.96,1326.9,1332.32,0.0
,1330.43,1330.43,1324.61,1328.01,0.0
,1329.51,1337.61,1329.51,1336.32,0.0
,1334.37,1341.5,1331.0,1340.43,0.0
,1340.38,1344.07,1338.12,1343.01,0.0
,1343.01,1343.01,1343.01,1343.01,0.0
,1343.01,1343.01,1343.01,1343.01,0.0
,1343.01,1343.01,1343.01,1343.01,0.0
,1338.91,1338.91,1312.33,1315.44,0.0
,1315.44,1317.91,1299.55,1307.4,0.0
,1307.09,1310.91,1294.26,1306.1,0.0
,1307.34,1320.61,1307.34,1319.88,0.0
,1319.88,1319.88,1319.88,1319.88,0.0
,1319.88,1319.88,1319.88,1319.88,0.0
,1321.61,1329.38,1320.55,1327.22,0.0
2011-01-03,1328.64,1332.09,1306.14,1306.33,0.0
2011-02-03,1305.47,1314.19,1302.58,1308.44,0.0
2011-03-03,1312.37,1332.28,1312.37,1330.97,0.0
2011-04-03,1330.73,1331.08,1312.59,1321.15,0.0
2011-05-03,1321.15,1321.15,1321.15,1321.15,0.0
2011-06-03,1321.15,1321.15,1321.15,1321.15,0.0
2011-07-03,1322.72,1327.68,1303.99,1310.13,0.0
2011-08-03,1311.05,1325.74,1306.86,1321.82,0.0
2011-09-03,1319.92,1323.21,1312.27,1320.02,0.0
2011-10-03,1315.72,1315.72,1294.21,1295.11,0.0
2011-11-03,1293.43,1308.35,1291.99,1304.28,0.0
2011-12-03,1304.28,1304.28,1304.28,1304.28,0.0
,1304.28,1304.28,1304.28,1304.28,0.0
,1301.19,1301.19,1286.37,1296.39,0.0
,1288.46,1288.46,1261.12,1281.87,0.0
,1279.46,1280.91,1249.05,1256.88,0.0
,1261.61,1278.88,1261.61,1273.72,0.0
,1276.71,1288.88,1276.18,1279.2,0.0
,1279.2,1279.2,1279.2,1279.2,0.0
,1279.2,1279.2,1279.2,1279.2,0.0
,1281.65,1300.58,1281.65,1298.38,0.0
,1298.29,1299.35,1292.7,1293.77,0.0
,1292.19,1300.51,1284.05,1297.54,0.0
,1300.61,1311.34,1297.74,1309.66,0.0
,1311.8,1319.18,1310.15,1313.8,0.0
,1313.8,1313.8,1313.8,1313.8,0.0
,1313.8,1313.8,1313.8,1313.8,0.0
,1315.45,1319.74,1310.19,1310.19,0.0
,1309.37,1319.45,1305.26,1319.44,0.0
,1321.89,1331.74,1321.89,1328.26,0.0
,1327.44,1329.77,1325.03,1325.83,0.0
2011-01-04,1329.48,1337.85,1328.89,1332.41,0.0
2011-02-04,1332.41,1332.41,1332.41,1332.41,0.0
2011-03-04,1332.41,1332.41,1332.41,1332.41,0.0
2011-04-04,1333.56,1336.74,1329.1,1332.87,0.0
2011-05-04,1332.03,1338.21,1330.03,1332.63,0.0
2011-06-04,1335.94,1339.38,1331.09,1335.54,0.0
2011-07-04,1334.82,1338.8,1326.56,1333.51,0.0
2011-08-04,1336.16,1339.46,1322.94,1328.17,0.0
2011-09-04,1328.17,1328.17,1328.17,1328.17,0.0
2011-10-04,1328.17,1328.17,1328.17,1328.17,0.0
2011-11-04,1329.01,1333.77,1321.06,1324.46,0.0
2011-12-04,1321.96,1321.96,1309.51,1314.16,0.0
,1314.03,1321.35,1309.19,1314.41,0.0
,1311.13,1316.79,1302.42,1314.52,0.0
,1314.54,1322.88,1313.68,1319.68,0.0
,1319.68,1319.68,1319.68,1319.68,0.0
,1319.68,1319.68,1319.68,1319.68,0.0
,1313.35,1313.35,1294.7,1305.14,0.0
,1305.99,1312.7,1303.97,1312.62,0.0
,1319.12,1332.66,1319.12,1330.36,0.0
,1333.23,1337.49,1332.83,1337.38,0.0
,1337.38,1337.38,1337.38,1337.38,0.0
,1337.38,1337.38,1337.38,1337.38,0.0
,1337.38,1337.38,1337.38,1337.38,0.0
,1337.14,1337.55,1331.47,1335.25,0.0
,1336.75,1349.55,1336.75,1347.24,0.0
,1348.43,1357.49,1344.25,1355.66,0.0
,1353.86,1361.71,1353.6,1360.48,0.0
,1360.14,1364.56,1358.69,1363.61,0.0
,1363.61,1363.61,1363.61,1363.61,0.0
2011-01-05,1363.61,1363.61,1363.61,1363.61,0.0
2011-02-05,1365.21,1370.58,1358.59,1361.22,0.0
2011-03-05,1359.76,1360.84,1349.52,1356.62,0.0
2011-04-05,1355.9,1355.9,1341.5,1347.32,0.0
2011-05-05,1344.16,1348.0,1329.17,1335.1,0.0
2011-06-05,1340.24,1354.36,1335.58,1340.2,0.0
2011-07-05,1340.2,1340.2,1340.2,1340.2,0.0
2011-08-05,1340.2,1340.2,1340.2,1340.2,0.0
2011-09-05,1340.2,1349.44,1338.64,1346.29,0.0
2011-10-05,1348.34,1359.44,1348.34,1357.16,0.0
2011-11-05,1354.51,1354.51,1336.36,1342.08,0.0
2011-12-05,1339.39,1351.05,1332.03,1348.65,0.0
,1348.69,1350.47,1333.36,1337.77,0.0
,1337.77,1337.77,1337.77,1337.77,0.0
,1337.77,1337.77,1337.77,1337.77,0.0
,1334.77,1343.33,1327.32,1329.47,0.0
,1326.1,1330.42,1318.51,1328.98,0.0
,1328.54,1341.82,1326.59,1340.68,0.0
,1342.4,1346.82,1336.36,1343.6,0.0
,1342.0,1342.0,1330.67,1333.27,0.0
,1333.27,1333.27,1333.27,1333.27,0.0
,1333.27,1333.27,1333.27,1333.27,0.0
,1333.07,1333.07,1312.88,1317.37,0.0
,1317.7,1323.72,1313.87,1316.28,0.0
,1316.36,1325.86,1311.8,1320.47,0.0
,1320.64,1328.51,1314.41,1325.69,0.0
,1325.69,1334.62,1325.69,1331.1,0.0
,1331.1,1331.1,1331.1,1331.1,0.0
,1331.1,1331.1,1331.1,1331.1,0.0
,1331.1,1331.1,1331.1,1331.1,0.0
,1331.1,1345.2,1331.1,1345.2,0.0
2011-01-06,1345.2,1345.2,1313.71,1314.55,0.0
2011-02-06,1314.55,1318.03,1305.61,1312.94,0.0
2011-03-06,1312.94,1312.94,1297.9,1300.16,0.0
2011-04-06,1300.16,1300.16,1300.16,1300.16,0.0
2011-05-06,1300.16,1300.16,1300.16,1300.16,0.0
2011-06-06,1300.26,1300.26,1284.72,1286.17,0.0
2011-07-06,1286.31,1296.22,1284.74,1284.94,0.0
2011-08-06,1284.63,1287.04,1277.42,1279.56,0.0
2011-09-06,1279.63,1294.54,1279.63,1289.0,0.0
2011-10-06,1288.6,1288.6,1268.28,1270.98,0.0
2011-11-06,1270.98,1270.98,1270.98,1270.98,0.0
2011-12-06,1270.98,1270.98,1270.98,1270.98,0.0
,1271.31,1277.04,1265.64,1271.83,0.0
,1272.22,1292.5,1272.22,1287.87,0.0
,1287.87,1287.87,1261.9,1265.42,0.0
,1265.53,1274.11,1258.07,1267.64,0.0
,1268.58,1279.82,1267.4,1271.5,0.0
,1271.5,1271.5,1271.5,1271.5,0.0
,1271.5,1271.5,1271.5,1271.5,0.0
,1271.5,1280.42,1267.56,1278.36,0.0
,1278.4,1297.62,1278.4,1295.52,0.0
,1295.48,1298.61,1286.79,1287.14,0.0
,1286.6,1286.6,1262.87,1283.5,0.0
,1283.04,1283.93,1267.24,1268.45,0.0
,1268.45,1268.45,1268.45,1268.45,0.0
,1268.45,1268.45,1268.45,1268.45,0.0
,1268.44,1284.91,1267.53,1280.1,0.0
,1280.21,1296.8,1280.21,1296.67,0.0
,1296.85,1309.21,1296.85,1307.41,0.0
,1307.64,1321.97,1307.64,1320.64,0.0
2011-01-07,1320.64,1341.01,1318.18,1339.67,0.0
2011-02-07,1339.67,1339.67,1339.67,1339.67,0.0
2011-03-07,1339.67,1339.67,1339.67,1339.67,0.0
2011-04-07,1339.67,1339.67,1339.67,1339.67,0.0
2011-05-07,1339.59,1340.89,1334.3,1337.88,0.0
2011-06-07,1337.56,1340.94,1330.92,1339.22,0.0
2011-07-07,1339.62,1356.48,1339.62,1353.22,0.0
2011-08-07,1352.39,1352.39,1333.71,1343.8,0.0
2011-09-07,1343.8,1343.8,1343.8,1343.8,0.0
2011-10-07,1343.8,1343.8,1343.8,1343.8,0.0
2011-11-07,1343.31,1343.31,1316.42,1319.49,0.0
2011-12-07,1319.61,1327.17,1313.33,1313.64,0.0
,1314.45,1331.48,1314.45,1317.72,0.0
,1317.74,1326.88,1306.51,1308.87,0.0
,1308.87,1317.7,1307.52,1316.14,0.0
,1316.14,1316.14,1316.14,1316.14,0.0
,1316.14,1316.14,1316.14,1316.14,0.0
,1315.94,1315.94,1295.92,1305.44,0.0
,1307.07,1328.14,1307.07,1326.73,0.0
,1328.66,1330.43,1323.65,1325.84,0.0
,1325.65,1347.0,1325.65,1343.8,0.0
,1343.8,1346.1,1336.95,1345.02,0.0
,1345.02,1345.02,1345.02,1345.02,0.0
,1345.02,1345.02,1345.02,1345.02,0.0
,1344.32,1344.32,1331.09,1337.43,0.0
,1337.39,1338.51,1329.59,1331.94,0.0
,1331.91,1331.91,1303.49,1304.89,0.0
,1304.84,1316.32,1299.16,1300.67,0.0
,1300.12,1304.16,1282.86,1292.28,0.0
,1292.28,1292.28,1292.28,1292.28,0.0
,1292.28,1292.28,1292.28,1292.28,0.0
2011-01-08,1292.59,1307.38,1274.73,1286.94,0.0
2011-02-08,1286.56,1286.56,1254.03,1254.05,0.0
2011-03-08,1254.25,1261.2,1234.56,1260.34,0.0
2011-04-08,1260.23,1260.23,1199.54,1200.07,0.0
2011-05-08,1200.28,1218.11,1168.09,1199.38,0.0
2011-06-08,1199.38,1199.38,1199.38,1199.38,0.0
2011-07-08,1199.38,1199.38,1199.38,1199.38,0.0
2011-08-08,1198.48,1198.48,1119.28,1119.46,0.0
2011-09-08,1120.23,1172.88,1101.54,1172.53,0.0
2011-10-08,1171.77,1171.77,1118.01,1120.76,0.0
2011-11-08,1121.3,1186.29,1121.3,1172.64,0.0
2011-12-08,1172.87,1189.04,1170.74,1178.81,0.0
,1178.81,1178.81,1178.81,1178.81,0.0
,1178.81,1178.81,1178.81,1178.81,0.0
,1178.86,1204.49,1178.86,1204.49,0.0
,1204.22,1204.22,1180.53,1192.76,0.0
,1192.89,1208.47,1184.36,1193.89,0.0
,1189.62,1189.62,1131.03,1140.65,0.0
,1140.47,1154.54,1122.05,1123.53,0.0
,1123.53,1123.53,1123.53,1123.53,0.0
,1123.53,1123.53,1123.53,1123.53,0.0
,1123.55,1145.49,1121.09,1123.82,0.0
,1124.36,1162.35,1122.91,1162.35,0.0
,1162.16,1178.56,1156.3,1177.6,0.0
,1176.69,1190.68,1155.47,1159.27,0.0
,1158.85,1181.23,1135.91,1176.8,0.0
,1176.8,1176.8,1176.8,1176.8,0.0
,1176.8,1176.8,1176.8,1176.8,0.0
,1177.91,1210.28,1177.91,1210.08,0.0
,1209.76,1220.1,1195.77,1212.92,0.0
,1213.0,1230.71,1209.35,1218.89,0.0
2011-01-09,1219.12,1229.29,1203.85,1204.42,0.0
2011-02-09,1203.9,1203.9,1170.56,1173.97,0.0
2011-03-09,1173.97,1173.97,1173.97,1173.97,0.0
2011-04-09,1173.97,1173.97,1173.97,1173.97,0.0
2011-05-09,1173.97,1173.97,1173.97,1173.97,0.0
2011-06-09,1173.97,1173.97,1140.13,1165.24,0.0
2011-07-09,1165.85,1198.62,1165.85,1198.62,0.0
2011-08-09,1197.98,1204.4,1183.34,1185.9,0.0
2011-09-09,1185.37,1185.37,1148.37,1154.23,0.0
2011-10-09,1154.23,1154.23,1154.23,1154.23,0.0
2011-11-09,1154.23,1154.23,1154.23,1154.23,0.0
2011-12-09,1153.5,1162.52,1136.07,1162.27,0.0
,1162.59,1176.41,1157.44,1172.87,0.0
,1173.32,1202.38,1162.73,1188.68,0.0
,1189.44,1209.11,1189.44,1209.11,0.0
,1209.21,1220.06,1204.46,1216.01,0.0
,1216.01,1216.01,1216.01,1216.01,0.0
,1216.01,1216.01,1216.01,1216.01,1000000.0
,1214.99,1214.99,1188.36,1204.09,0.0
,1204.5,1220.39,1201.29,1202.09,0.0
,1203.63,1206.3,1166.21,1166.76,0.0
,1164.55,1164.55,1114.22,1129.56,0.0
,1128.82,1141.72,1121.36,1136.43,0.0
,1136.43,1136.43,1136.43,1136.43,0.0
,1136.43,1136.43,1136.43,1136.43,0.0
,1136.91,1164.19,1131.07,1162.95,0.0
,1163.32,1195.86,1163.32,1175.38,0.0
,1175.39,1184.71,1150.4,1151.06,0.0
,1151.74,1175.87,1139.93,1160.4,0.0
,1159.93,1159.93,1131.34,1131.42,0.0
2011-01-10,1131.42,1131.42,1131.42,1131.42,0.0
2011-02-10,1131.42,1131.42,1131.42,1131.42,0.0
2011-03-10,1131.21,1138.99,1098.92,1099.23,0.0
2011-04-10,1097.42,1125.12,1074.77,1123.95,0.0
2011-05-10,1124.03,1146.07,1115.68,1144.03,0.0
2011-06-10,1144.11,1165.55,1134.95,1164.97,0.0
2011-07-10,1165.03,1171.4,1150.26,1155.46,0.0
2011-08-10,1155.46,1155.46,1155.46,1155.46,0.0
2011-09-10,1155.46,1155.46,1155.46,1155.46,0.0
2011-10-10,1158.15,1194.91,1158.15,1194.89,0.0
2011-11-10,1194.6,1199.24,1187.3,1195.54,0.0
2011-12-10,1196.19,1220.25,1196.19,1207.25,0.0
,1206.96,1207.46,1190.58,1203.66,0.0
,1205.65,1224.61,1205.65,1224.58,0.0
,1224.58,1224.58,1224.58,1224.58,0.0
,1224.58,1224.58,1224.58,1224.58,0.0
,1224.47,1224.47,1198.55,1200.86,0.0
,1200.75,1233.1,1191.48,1225.38,0.0
,1223.46,1229.64,1206.31,1209.88,0.0
,1209.92,1219.53,1197.34,1215.39,0.0
,1215.39,1239.03,1215.39,1238.25,0.0
,1238.25,1238.25,1238.25,1238.25,0.0
,1238.25,1238.25,1238.25,1238.25,0.0
,1238.72,1256.55,1238.72,1254.19,0.0
,1254.19,1254.19,1226.79,1229.05,0.0
,1229.17,1246.28,1221.06,1242.0,0.0
,1243.97,1292.66,1243.97,1284.59,0.0
,1284.39,1287.08,1277.01,1285.09,0.0
,1285.09,1285.09,1285.09,1285.09,0.0
,1285.09,1285.09,1285.09,1285.09,0.0
,1284.96,1284.96,1253.16,1253.3,0.0
2011-01-11,1251.0,1251.0,1215.42,1218.28,0.0
2011-02-11,1219.62,1242.48,1219.62,1237.9,0.0
2011-03-11,1238.25,1263.21,1234.81,1261.15,0.0
2011-04-11,1260.82,1260.82,1238.92,1253.23,0.0
2011-05-11,1253.23,1253.23,1253.23,1253.23,0.0
2011-06-11,1253.23,1253.23,1253.23,1253.23,0.0
2011-07-11,1253.21,1261.7,1240.75,1261.12,0.0
2011-08-11,1261.12,1277.55,1254.99,1275.92,0.0
2011-09-11,1275.18,1275.18,1226.64,1229.1,0.0
2011-10-11,1229.59,1246.22,1227.7,1239.69,0.0
2011-11-11,1240.12,1266.98,1240.12,1263.85,0.0
2011-12-11,1263.85,1263.85,1263.85,1263.85,0.0
,1263.85,1263.85,1263.85,1263.85,0.0
,1263.85,1263.85,1246.68,1251.78,0.0
,1251.7,1264.25,1244.34,1257.81,0.0
,1257.81,1259.61,1235.67,1236.91,0.0
,1236.56,1237.73,1209.43,1216.13,0.0
,1216.19,1223.51,1211.36,1215.65,0.0
,1215.65,1215.65,1215.65,1215.65,0.0
,1215.65,1215.65,1215.65,1215.65,0.0
,1215.62,1215.62,1183.16,1192.98,0.0
,1192.98,1196.81,1181.65,1188.04,0.0
,1187.48,1187.48,1161.79,1161.79,0.0
,1161.79,1161.79,1161.79,1161.79,0.0
,1161.41,1172.66,1158.66,1158.67,0.0
,1158.67,1158.67,1158.67,1158.67,0.0
,1158.67,1158.67,1158.67,1158.67,0.0
,1158.67,1197.35,1158.67,1192.55,0.0
,1192.56,1203.67,1191.8,1195.19,0.0
,1196.72,1247.11,1196.72,1246.96,0.0
2011-01-12,1246.91,1251.09,1239.73,1244.58,0.0
2011-02-12,1246.03,1260.08,1243.35,1244.28,0.0
2011-03-12,1244.28,1244.28,1244.28,1244.28,0.0
2011-04-12,1244.28,1244.28,1244.28,1244.28,0.0
2011-05-12,1244.33,1266.73,1244.33,1257.08,0.0
2011-06-12,1257.19,1266.03,1253.03,1258.47,0.0
2011-07-12,1258.14,1267.06,1244.8,1261.01,0.0
2011-08-12,1260.87,1260.87,1231.47,1234.35,0.0
2011-09-12,1234.48,1258.25,1234.48,1255.19,0.0
2011-10-12,1255.19,1255.19,1255.19,1255.19,0.0
2011-11-12,1255.19,1255.19,1255.19,1255.19,0.0
2011-12-12,1255.05,1255.05,1227.25,1236.47,0.0
,1236.83,1249.86,1219.43,1225.73,0.0
,1225.73,1225.73,1209.47,1211.82,0.0
,1212.12,1225.6,1212.12,1215.75,0.0
,1216.09,1231.04,1215.2,1219.66,0.0
,1219.66,1219.66,1219.66,1219.66,0.0
,1219.66,1219.66,1219.66,1219.66,0.0
,1219.74,1224.57,1202.37,1205.35,0.0
,1205.72,1242.82,1205.72,1241.3,0.0
,1241.25,1245.09,1229.51,1243.72,0.0
,1243.72,1255.22,1243.72,1254.0,0.0
,1254.0,1265.42,1254.0,1265.33,0.0
,1265.33,1265.33,1265.33,1265.33,0.0
,1265.33,1265.33,1265.33,1265.33,0.0
,1265.33,1265.33,1265.33,1265.33,0.0
,1265.02,1269.37,1262.3,1265.43,0.0
,1265.38,1265.85,1248.64,1249.64,0.0
,1249.75,1263.54,1249.75,1263.02,0.0
,1262.82,1264.12,1257.46,1257.6,0.0
,1257.6,1257.6,1257.6,1257.6,0.0
2012-01-01,1257.6,1257.6,1257.6,1257.6,0.0
2012-02-01,1257.6,1257.6,1257.6,1257.6,0.0
2012-03-01,1258.86,1284.62,1258.86,1277.06,0.0
2012-04-01,1277.03,1278.73,1268.1,1277.3,0.0
2012-05-01,1277.3,1283.05,1265.26,1281.06,0.0
2012-06-01,1280.93,1281.84,1273.34,1277.81,0.0
2012-07-01,1277.81,1277.81,1277.81,1277.81,0.0
2012-08-01,1277.81,1277.81,1277.81,1277.81,0.0
2012-09-01,1277.83,1281.99,1274.55,1280.7,0.0
2012-10-01,1280.77,1296.46,1280.77,1292.08,0.0
2012-11-01,1292.02,1293.8,1285.41,1292.48,0.0
2012-12-01,1292.48,1296.82,1285.77,1295.5,0.0
,1294.82,1294.82,1277.58,1289.09,0.0
,1289.09,1289.09,1289.09,1289.09,0.0
,1289.09,1289.09,1289.09,1289.09,0.0
,1290.9,1296.9,1285.9,1295.6,0.0
,1290.22,1303.0,1290.22,1293.67,0.0
,1296.4,1308.9,1291.1,1307.6,0.0
,1308.07,1315.49,1308.07,1314.5,0.0
,1314.1,1316.4,1309.6,1315.1,0.0
,1315.1,1315.1,1315.1,1315.1,0.0
,1315.1,1315.1,1315.1,1315.1,0.0
,1315.29,1322.28,1309.89,1316.0,0.0
,1315.96,1315.96,1306.06,1314.65,0.0
,1314.4,1328.3,1307.65,1326.06,0.0
,1326.28,1333.47,1313.6,1318.43,0.0
,1318.25,1320.06,1311.72,1316.33,0.0
,1316.33,1316.33,1316.33,1316.33,0.0
,1316.33,1316.33,1316.33,1316.33,0.0
,1316.16,1316.16,1300.49,1313.01,0.0
,1313.53,1321.41,1306.69,1312.41,0.0
2012-01-02,1312.45,1330.52,1312.45,1324.09,0.0
2012-02-02,1324.24,1329.19,1321.57,1325.54,0.0
2012-03-02,1326.21,1345.34,1326.21,1344.9,0.0
2012-04-02,1344.9,1344.9,1344.9,1344.9,0.0
2012-05-02,1344.9,1344.9,1344.9,1344.9,0.0
2012-06-02,1344.32,1344.36,1337.52,1344.33,0.0
2012-07-02,1344.33,1349.24,1335.92,1347.05,0.0
2012-08-02,1347.04,1351.0,1341.95,1349.96,0.0
2012-09-02,1349.97,1354.32,1344.63,1351.95,0.0
2012-10-02,1351.21,1351.21,1337.35,1342.64,0.0
2012-11-02,1342.64,1342.64,1342.64,1342.64,0.0
2012-12-02,1342.64,1342.64,1342.64,1342.64,0.0
,1343.06,1353.35,1343.06,1351.77,0.0
,1351.3,1351.3,1340.83,1350.5,0.0
,1350.52,1355.87,1340.8,1343.23,0.0
,1342.61,1359.02,1341.22,1358.04,0.0
,1358.06,1363.4,1357.24,1361.23,0.0
,1361.23,1361.23,1361.23,1361.23,0.0
,1361.23,1361.23,1361.23,1361.23,0.0
,1371.4,1371.4,1364.6,1365.1,0.0
,1361.22,1367.76,1358.11,1362.21,0.0
,1362.11,1362.7,1355.53,1357.66,0.0
,1357.53,1364.24,1352.28,1363.46,0.0
,1363.46,1368.92,1363.46,1365.74,0.0
,1365.74,1365.74,1365.74,1365.74,0.0
,1365.74,1365.74,1365.74,1365.74,0.0
,1365.2,1371.94,1354.92,1367.59,0.0
,1367.56,1373.09,1365.97,1372.18,0.0
,1372.2,1378.04,1363.81,1365.68,0.0
2012-01-03,1365.9,1376.17,1365.9,1374.09,0.0
2012-02-03,1374.09,1374.53,1366.42,1369.63,0.0
2012-03-03,1369.63,1369.63,1369.63,1369.63,0.0
2012-04-03,1369.63,1369.63,1369.63,1369.63,0.0
2012-05-03,1369.59,1369.59,1359.13,1364.33,0.0
2012-06-03,1363.63,1363.63,1340.03,1343.36,0.0
2012-07-03,1343.39,1354.85,1343.39,1352.63,0.0
2012-08-03,1352.65,1368.72,1352.65,1365.91,0.0
2012-09-03,1365.97,1374.76,1365.97,1370.87,0.0
2012-10-03,1370.87,1370.87,1370.87,1370.87,0.0
2012-11-03,1370.87,1370.87,1370.87,1370.87,0.0
2012-12-03,1370.78,1373.04,1366.69,1371.09,0.0
,1371.92,1396.13,1371.92,1395.95,0.0
,1395.95,1399.42,1389.97,1394.28,0.0
,1394.17,1402.63,1392.78,1402.6,0.0
,1402.55,1405.88,1401.47,1404.17,0.0
,1404.17,1404.17,1404.17,1404.17,0.0
,1404.17,1404.17,1404.17,1404.17,0.0
,1404.17,1414.0,1402.43,1409.75,0.0
,1409.59,1409.59,1397.68,1405.52,0.0
,1405.52,1407.75,1400.64,1402.89,0.0
,1402.89,1402.89,1388.73,1392.78,0.0
,1392.78,1399.18,1386.87,1397.11,0.0
,1397.11,1397.11,1397.11,1397.11,0.0
,1397.11,1397.11,1397.11,1397.11,0.0
,1397.11,1416.58,1397.11,1416.51,0.0
,1416.55,1419.15,1411.95,1412.52,0.0
,1412.52,1413.65,1397.2,1405.54,0.0
,1405.39,1405.39,1391.56,1403.28,0.0
,1403.31,1410.89,1401.42,1408.47,0.0
,1408.47,1408.47,1408.47,1408.47,0.0
2012-01-04,1408.47,1408.47,1408.47,1408.47,0.0
2012-02-04,1408.47,1422.38,1404.46,1419.04,0.0
2012-03-04,1418.98,1419.0,1404.62,1413.38,0.0
2012-04-04,1413.09,1413.09,1394.09,1398.96,0.0
2012-05-04,1398.79,1401.6,1392.92,1398.08,0.0
2012-06-04,1396.6,1398.9,1395.6,1396.9,0.0
2012-07-04,1396.9,1396.9,1396.9,1396.9,0.0
2012-08-04,1396.9,1396.9,1396.9,1396.9,0.0
2012-09-04,1397.45,1397.45,1378.24,1382.2,0.0
2012-10-04,1382.18,1383.01,1357.38,1358.59,0.0
2012-11-04,1358.98,1374.71,1358.98,1368.71,0.0
2012-12-04,1368.77,1388.13,1368.77,1387.57,0.0
,1387.61,1387.61,1369.85,1370.26,0.0
,1370.26,1370.26,1370.26,1370.26,0.0
,1370.26,1370.26,1370.26,1370.26,0.0
,1370.27,1379.66,1365.38,1369.57,0.0
,1369.57,1392.76,1369.57,1390.78,0.0
,1390.78,1390.78,1383.29,1385.14,0.0
,1385.08,1390.46,1370.3,1376.92,0.0
,1376.96,1387.4,1376.96,1378.53,0.0
,1378.53,1378.53,1378.53,1378.53,0.0
,1377.1,1378.9,1376.4,1377.4,0.0
,1378.53,1378.53,1358.79,1366.94,0.0
,1366.97,1375.57,1366.82,1371.97,0.0
,1372.11,1391.37,1372.11,1390.69,0.0
,1390.64,1402.09,1387.28,1399.98,0.0
,1400.19,1406.64,1397.31,1403.36,0.0
,1403.36,1403.36,1403.36,1403.36,0.0
,1403.36,1403.36,1403.36,1403.36,0.0
,1403.26,1403.26,1394.0,1397.91,0.0
2012-01-05,1397.86,1415.32,1395.73,1405.82,0.0
2012-02-05,1405.5,1405.5,1393.92,1402.31,0.0
2012-03-05,1402.32,1403.07,1388.71,1391.57,0.0
2012-04-05,1391.51,1391.51,1367.96,1369.1,0.0
2012-05-05,1369.1,1369.1,1369.1,1369.1,0.0
2012-06-05,1369.1,1369.1,1369.1,1369.1,0.0
2012-07-05,1368.79,1373.91,1363.94,1369.58,0.0
2012-08-05,1369.16,1369.16,1347.75,1363.72,0.0
2012-09-05,1363.2,1363.73,1343.13,1354.58,0.0
2012-10-05,1354.58,1365.88,1354.58,1357.99,0.0
2012-11-05,1358.11,1365.66,1348.89,1353.39,0.0
2012-12-05,1353.39,1353.39,1353.39,1353.39,0.0
,1353.39,1353.39,1353.39,1353.39,0.0
,1351.93,1351.93,1336.61,1338.35,0.0
,1338.36,1344.94,1328.41,1330.66,0.0
,1330.78,1341.78,1324.79,1324.8,0.0
,1324.82,1326.36,1304.86,1304.86,0.0
,1305.05,1312.24,1291.98,1295.22,0.0
,1295.22,1295.22,1295.22,1295.22,0.0
,1295.22,1295.22,1295.22,1295.22,0.0
,1295.73,1316.39,1295.73,1315.99,0.0
,1316.09,1328.49,1310.04,1316.63,0.0
,1316.02,1320.71,1296.53,1318.86,0.0
,1318.72,1324.14,1310.5,1320.68,0.0
,1320.81,1324.2,1314.23,1317.82,0.0
,1317.82,1317.82,1317.82,1317.82,0.0
,1317.82,1317.82,1317.82,1317.82,0.0
,1325.4,1330.1,1321.1,1321.6,0.0
,1318.9,1334.93,1318.9,1332.42,0.0
,1331.25,1331.25,1310.76,1313.32,0.0
,1313.09,1319.74,1298.9,1310.33,0.0
2012-01-06,1309.87,1309.87,1277.25,1278.04,0.0
2012-02-06,1278.04,1278.04,1278.04,1278.04,0.0
2012-03-06,1278.04,1278.04,1278.04,1278.04,0.0
2012-04-06,1278.29,1282.55,1266.74,1278.18,0.0
2012-05-06,1277.82,1287.62,1274.16,1285.5,0.0
2012-06-06,1288.5,1318.9,1287.1,1318.1,0.0
2012-07-06,1316.15,1329.05,1312.68,1314.99,0.0
2012-08-06,1314.99,1325.81,1307.77,1325.66,0.0
2012-09-06,1325.66,1325.66,1325.66,1325.66,0.0
2012-10-06,1325.66,1325.66,1325.66,1325.66,0.0
2012-11-06,1325.72,1335.52,1307.73,1308.93,0.0
2012-12-06,1309.4,1324.31,1306.62,1324.18,0.0
,1324.02,1327.28,1310.51,1314.88,0.0
,1314.88,1333.68,1314.14,1329.1,0.0
,1329.19,1343.32,1329.19,1342.84,0.0
,1342.84,1342.84,1342.84,1342.84,0.0
,1342.84,1342.84,1342.84,1342.84,0.0
,1342.42,1348.22,1334.46,1344.78,0.0
,1344.83,1363.46,1344.83,1357.98,0.0
,1358.04,1361.57,1346.45,1355.69,0.0
,1355.43,1358.27,1324.41,1325.51,0.0
,1325.92,1337.82,1325.92,1335.02,0.0
,1335.02,1335.02,1335.02,1335.02,0.0
,1335.02,1335.02,1335.02,1335.02,0.0
,1334.9,1334.9,1309.27,1313.72,0.0
,1314.09,1324.24,1310.3,1319.99,0.0
,1320.71,1334.4,1320.71,1331.85,0.0
,1331.52,1331.52,1313.29,1329.04,0.0
,1330.12,1362.17,1330.12,1362.16,0.0
,1362.16,1362.16,1362.16,1362.16,0.0
2012-01-07,1362.16,1362.16,1362.16,1362.16,0.0
2012-02-07,1362.33,1366.35,1355.7,1365.51,0.0
2012-03-07,1365.75,1374.81,1363.53,1374.02,0.0
2012-04-07,1373.6,1375.6,1369.6,1370.9,0.0
2012-05-07,1373.72,1373.85,1363.02,1367.58,0.0
2012-06-07,1367.09,1367.09,1348.03,1354.68,0.0
2012-07-07,1354.68,1354.68,1354.68,1354.68,0.0
2012-08-07,1354.68,1354.68,1354.68,1354.68,0.0
2012-09-07,1354.66,1354.87,1346.65,1352.46,0.0
2012-10-07,1352.96,1361.54,1336.27,1341.47,0.0
2012-11-07,1341.4,1345.0,1333.25,1341.45,0.0
2012-12-07,1341.29,1341.29,1325.41,1334.76,0.0
,1334.81,1357.7,1334.81,1356.78,0.0
,1356.78,1356.78,1356.78,1356.78,0.0
,1356.78,1356.78,1356.78,1356.78,0.0
,1356.5,1357.26,1348.51,1353.64,0.0
,1353.68,1365.36,1345.07,1363.67,0.0
,1363.58,1375.26,1358.96,1372.78,0.0
,1373.01,1380.39,1371.21,1376.51,0.0
,1376.51,1376.51,1362.19,1362.66,0.0
,1362.66,1362.66,1362.66,1362.66,0.0
,1362.66,1362.66,1362.66,1362.66,0.0
,1362.34,1362.34,1337.56,1350.52,0.0
,1350.52,1351.53,1329.24,1338.31,0.0
,1338.35,1343.98,1331.5,1337.89,0.0
,1338.17,1363.13,1338.17,1360.02,0.0
,1360.05,1389.19,1360.05,1385.97,0.0
,1385.97,1385.97,1385.97,1385.97,0.0
,1385.97,1385.97,1385.97,1385.97,0.0
,1385.94,1391.74,1381.37,1385.3,0.0
,1385.27,1387.16,1379.17,1379.32,0.0
2012-01-08,1379.32,1385.03,1373.35,1375.32,0.0
2012-02-08,1375.13,1375.13,1354.65,1365.0,0.0
2012-03-08,1365.45,1394.16,1365.45,1390.99,0.0
2012-04-08,1390.99,1390.99,1390.99,1390.99,0.0
2012-05-08,1390.99,1390.99,1390.99,1390.99,0.0
2012-06-08,1391.04,1399.63,1391.04,1394.23,0.0
2012-07-08,1394.46,1407.14,1394.46,1401.35,0.0
2012-08-08,1401.23,1404.14,1396.13,1402.22,0.0
2012-09-08,1402.26,1405.95,1398.8,1402.8,0.0
2012-10-08,1402.58,1405.98,1395.62,1405.87,0.0
2012-11-08,1405.87,1405.87,1405.87,1405.87,0.0
2012-12-08,1405.87,1405.87,1405.87,1405.87,0.0
,1405.87,1405.87,1397.32,1404.11,0.0
,1404.36,1410.03,1400.6,1403.93,0.0
,1403.89,1407.73,1401.83,1405.53,0.0
,1405.57,1417.44,1404.15,1415.51,0.0
,1415.84,1418.71,1414.67,1418.16,0.0
,1418.16,1418.16,1418.16,1418.16,0.0
,1418.16,1418.16,1418.16,1418.16,0.0
,1416.6,1419.6,1411.4,1417.1,0.0
,1418.13,1426.68,1410.86,1413.17,0.0
,1413.09,1416.12,1406.78,1413.49,0.0
,1413.49,1413.49,1400.5,1402.08,0.0
,1401.99,1413.46,1398.04,1411.13,0.0
,1411.13,1411.13,1411.13,1411.13,0.0
,1411.13,1411.13,1411.13,1411.13,0.0
,1411.13,1416.17,1409.11,1410.44,0.0
,1410.44,1413.63,1405.59,1409.3,0.0
,1409.32,1413.95,1406.57,1410.49,0.0
,1410.08,1410.08,1397.01,1399.48,0.0
,1400.07,1413.09,1398.96,1406.58,0.0
2012-01-09,1406.58,1406.58,1406.58,1406.58,0.0
2012-02-09,1406.58,1406.58,1406.58,1406.58,0.0
2012-03-09,1402.6,1410.9,1398.4,1408.1,0.0
2012-04-09,1406.54,1409.31,1396.56,1404.94,0.0
2012-05-09,1404.94,1408.81,1401.25,1403.44,0.0
2012-06-09,1404.9,1433.6,1404.1,1432.4,0.0
2012-07-09,1432.5,1439.1,1431.4,1438.9,0.0
2012-08-09,1438.9,1438.9,1438.9,1438.9,0.0
2012-09-09,1438.9,1438.9,1438.9,1438.9,0.0
2012-10-09,1437.92,1438.74,1428.98,1429.08,0.0
2012-11-09,1429.13,1437.76,1429.13,1433.56,0.0
2012-12-09,1433.56,1439.15,1432.99,1436.56,0.0
,1436.56,1463.76,1435.34,1459.99,0.0
,1460.07,1474.51,1460.07,1465.77,0.0
,1465.77,1465.77,1465.77,1465.77,0.0
,1465.77,1465.77,1465.77,1465.77,0.0
,1465.42,1465.63,1457.55,1461.19,0.0
,1461.19,1461.47,1456.13,1459.32,0.0
,1459.5,1465.15,1457.88,1461.05,0.0
,1461.05,1461.23,1449.98,1460.26,0.0
,1460.34,1467.07,1459.51,1460.15,0.0
,1460.15,1460.15,1460.15,1460.15,0.0
,1460.15,1460.15,1460.15,1460.15,0.0
,1459.76,1460.72,1452.06,1456.89,0.0
,1456.94,1463.24,1441.59,1441.59,0.0
,1441.6,1441.6,1430.53,1433.32,0.0
,1433.36,1450.2,1433.36,1447.15,0.0
,1447.13,1447.13,1435.6,1440.67,0.0
,1440.67,1440.67,1440.67,1440.67,0.0
,1440.67,1440.67,1440.67,1440.67,0.0
2012-01-10,1440.9,1457.14,1440.9,1444.49,0.0
2012-02-10,1444.99,1451.52,1439.01,1445.75,0.0
2012-03-10,1446.05,1454.3,1441.99,1450.99,0.0
2012-04-10,1451.08,1463.14,1451.08,1461.4,0.0
2012-05-10,1461.4,1470.96,1456.89,1460.93,0.0
2012-06-10,1460.93,1460.93,1460.93,1460.93,0.0
2012-07-10,1460.93,1460.93,1460.93,1460.93,0.0
2012-08-10,1460.93,1460.93,1453.1,1455.88,0.0
2012-09-10,1455.9,1455.9,1441.18,1441.48,0.0
2012-10-10,1441.48,1442.52,1430.64,1432.56,0.0
2012-11-10,1432.82,1443.9,1432.82,1432.84,0.0
2012-12-10,1432.84,1438.43,1425.53,1428.59,0.0
,1428.59,1428.59,1428.59,1428.59,0.0
,1428.59,1428.59,1428.59,1428.59,0.0
,1428.75,1441.31,1427.24,1440.13,0.0
,1440.31,1455.51,1440.31,1454.92,0.0
,1454.22,1462.2,1453.35,1460.91,0.0
,1460.94,1464.02,1452.63,1457.34,0.0
,1457.34,1457.34,1429.85,1433.19,0.0
,1433.19,1433.19,1433.19,1433.19,0.0
,1433.19,1433.19,1433.19,1433.19,0.0
,1433.21,1435.46,1422.06,1433.82,0.0
,1433.74,1433.74,1407.56,1413.11,0.0
,1413.2,1420.04,1407.1,1408.75,0.0
,1409.74,1421.12,1405.14,1412.97,0.0
,1412.97,1417.09,1403.28,1411.94,0.0
,1411.94,1411.94,1411.94,1411.94,0.0
,1411.94,1411.94,1411.94,1411.94,0.0
,1408.1,1410.9,1401.4,1404.4,0.0
,1404.6,1416.6,1397.9,1415.6,0.0
,1410.99,1418.76,1405.95,1412.16,0.0
2012-01-11,1412.2,1428.35,1412.2,1427.59,0.0
2012-02-11,1427.59,1434.27,1412.91,1414.2,0.0
2012-03-11,1414.2,1414.2,1414.2,1414.2,0.0
2012-04-11,1414.2,1414.2,1414.2,1414.2,0.0
2012-05-11,1414.02,1419.9,1408.13,1417.26,0.0
2012-06-11,1417.26,1433.38,1417.26,1428.39,0.0
2012-07-11,1428.27,1428.27,1388.14,1394.53,0.0
2012-08-11,1394.53,1401.23,1377.51,1377.51,0.0
2012-09-11,1377.55,1391.39,1373.03,1379.85,0.0
2012-10-11,1379.85,1379.85,1379.85,1379.85,0.0
2012-11-11,1379.85,1379.85,1379.85,1379.85,0.0
2012-12-11,1379.86,1384.87,1377.19,1380.03,0.0
,1380.03,1388.81,1371.39,1374.53,0.0
,1374.64,1380.13,1352.5,1355.49,0.0
,1355.41,1360.62,1348.05,1353.33,0.0
,1353.36,1362.03,1343.35,1359.88,0.0
,1359.88,1359.88,1359.88,1359.88,0.0
,1359.88,1359.88,1359.88,1359.88,0.0
,1366.4,1387.4,1363.6,1382.4,0.0
,1386.82,1389.77,1377.04,1387.81,0.0
,1387.79,1391.25,1386.39,1391.03,0.0
,1392.6,1395.4,1391.9,1393.4,0.0
,1391.03,1409.16,1391.03,1409.15,0.0
,1409.15,1409.15,1409.15,1409.15,0.0
,1409.15,1409.15,1409.15,1409.15,0.0
,1409.15,1409.15,1397.68,1406.29,0.0
,1406.29,1409.01,1398.03,1398.94,0.0
,1398.77,1410.31,1385.43,1409.93,0.0
,1409.96,1419.7,1409.04,1415.95,0.0
,1415.95,1418.86,1411.63,1416.18,0.0
2012-01-12,1416.18,1416.18,1416.18,1416.18,0.0
2012-02-12,1416.18,1416.18,1416.18,1416.18,0.0
2012-03-12,1416.34,1423.73,1408.46,1409.46,0.0
2012-04-12,1409.46,1413.14,1403.65,1407.05,0.0
2012-05-12,1407.05,1415.56,1398.23,1409.28,0.0
2012-06-12,1409.43,1413.95,1405.93,1413.94,0.0
2012-07-12,1413.95,1420.34,1410.9,1418.07,0.0
2012-08-12,1418.07,1418.07,1418.07,1418.07,0.0
2012-09-12,1418.07,1418.07,1418.07,1418.07,0.0
2012-10-12,1418.07,1421.64,1415.64,1418.55,0.0
2012-11-12,1418.55,1434.27,1418.55,1427.84,0.0
2012-12-12,1427.84,1438.59,1426.76,1428.48,0.0
,1428.48,1431.36,1416.0,1419.45,0.0
,1419.45,1419.45,1411.88,1413.58,0.0
,1413.58,1413.58,1413.58,1413.58,0.0
,1413.58,1413.58,1413.58,1413.58,0.0
,1413.54,1430.67,1413.54,1430.36,0.0
,1430.47,1448.0,1430.47,1446.79,0.0
,1446.79,1447.75,1435.8,1435.81,0.0
,1435.81,1443.7,1432.82,1443.69,0.0
,1443.67,1443.67,1422.58,1430.15,0.0
,1430.15,1430.15,1430.15,1430.15,0.0
,1430.15,1430.15,1430.15,1430.15,0.0
,1430.15,1430.15,1424.66,1426.66,0.0
,1426.66,1426.66,1426.66,1426.66,1000000.0
,1426.66,1429.42,1416.43,1419.83,0.0
,1419.83,1422.8,1401.8,1418.1,0.0
,1418.1,1418.1,1401.58,1402.43,0.0
,1402.43,1402.43,1402.43,1402.43,0.0
,1402.43,1402.43,1402.43,1402.43,0.0
,1402.43,1426.74,1398.11,1426.19,0.0
2013-01-01,1426.19,1426.19,1426.19,1426.19,1000000.0
2013-02-01,1426.19,1462.43,1426.19,1462.42,3425000000.0
2013-03-01,1462.42,1465.47,1455.53,1459.37,3261000000.0
2013-04-01,1459.37,1467.94,1458.99,1466.47,3140000000.0
2013-05-01,1466.47,1466.47,1466.47,1466.47,0.0
2013-06-01,1466.47,1466.47,1466.47,1466.47,0.0
2013-07-01,1464.57,1464.57,1456.62,1461.89,2915000000.0
2013-08-01,1461.89,1461.89,1451.64,1457.15,3042000000.0
2013-09-01,1457.15,1464.73,1457.15,1461.02,3032000000.0
2013-10-01,1461.02,1472.29,1461.02,1472.12,3053000000.0
2013-11-01,1472.12,1472.75,1467.58,1472.05,2928000000.0
2013-12-01,1472.05,1472.05,1472.05,1472.05,0.0
,1472.05,1472.05,1472.05,1472.05,0.0
,1472.05,1472.05,1465.71,1470.68,3203000000.0
,1470.67,1473.31,1463.86,1472.34,2713000000.0
,1472.33,1473.96,1467.6,1472.63,3097000000.0
,1472.63,1485.16,1472.63,1480.94,2757000000.0
,1479.6,1485.6,1475.4,1483.6,0.0
,1483.6,1483.6,1483.6,1483.6,0.0
,1483.6,1483.6,1483.6,1483.6,0.0
,1485.5,1488.4,1483.1,1487.4,0.0
,1487.3,1495.9,1479.9,1494.1,0.0
,1492.56,1496.13,1489.9,1494.81,2809000000.0
,1494.81,1502.27,1489.73,1494.82,3232000000.0
,1494.82,1503.26,1494.82,1502.96,3052000000.0
,1502.96,1502.96,1502.96,1502.96,0.0
,1502.96,1502.96,1502.96,1502.96,0.0
,1502.98,1503.23,1496.33,1500.18,3243000000.0
,1500.18,1509.35,1498.09,1507.84,3158000000.0
,1507.58,1509.94,1500.11,1501.96,3110000000.0
,1501.96,1504.19,1496.76,1498.11,3154000000.0
2013-01-02,1498.11,1514.41,1498.11,1513.17,2609000000.0
2013-02-02,1513.17,1513.17,1513.17,1513.17,0.0
2013-03-02,1513.17,1513.17,1513.17,1513.17,0.0
2013-04-02,1513.17,1513.17,1495.02,1495.71,2935000000.0
2013-05-02,1495.71,1514.96,1495.71,1511.29,3157000000.0
2013-06-02,1511.29,1512.49,1504.78,1512.12,2661000000.0
2013-07-02,1511.44,1512.86,1498.63,1509.39,2814000000.0
2013-08-02,1511.96,1518.31,1511.96,1517.93,2755000000.0
2013-09-02,1517.93,1517.93,1517.93,1517.93,0.0
2013-10-02,1517.93,1517.93,1517.93,1517.93,0.0
2013-11-02,1517.93,1518.29,1513.61,1517.01,2548000000.0
2013-12-02,1517.01,1522.29,1515.68,1519.43,2564000000.0
,1519.43,1524.69,1515.93,1520.33,2917000000.0
,1520.33,1523.14,1514.02,1521.38,2845000000.0
,1522.06,1524.24,1514.14,1519.79,3049000000.0
,1519.79,1519.79,1519.79,1519.79,0.0
,1519.79,1519.79,1519.79,1519.79,0.0
,1518.6,1520.6,1517.4,1518.6,0.0
,1518.4,1530.8,1517.1,1530.4,0.0
,1530.05,1530.05,1511.41,1511.95,2823000000.0
,1511.95,1511.95,1497.29,1502.42,3111000000.0
,1505.33,1515.64,1505.33,1515.6,3010000000.0
,1515.6,1515.6,1515.6,1515.6,0.0
,1515.6,1515.6,1515.6,1515.6,0.0
,1513.885,1514.0,1513.68,1513.998,0.0
,1513.944,1513.977,1486.542,1486.543,0.0
,1496.822,1496.84,1496.82,1496.833,0.0
,1515.907,1515.92,1515.906,1515.918,0.0
2013-01-03,1515.919,1519.969,1503.599,1518.2,0.0
2013-02-03,1518.2,1518.2,1518.2,1518.2,0.0
2013-03-03,1518.2,1518.2,1518.199,1518.199,0.0
2013-04-03,1518.199,1525.239,1512.289,1525.2,0.0
2013-05-03,1525.199,1543.42,1525.199,1539.79,0.0
2013-06-03,1539.79,1545.158,1538.146,1541.459,0.0
2013-07-03,1541.459,1545.77,1541.459,1544.259,0.0
2013-08-03,1544.258,1552.47,1542.935,1551.169,0.0
2013-09-03,1551.169,1551.169,1551.169,1551.169,0.0
2013-10-03,1551.169,1551.169,1551.169,1551.169,0.0
2013-11-03,1551.169,1556.239,1547.359,1556.209,0.0
2013-12-03,1556.21,1556.749,1548.237,1552.47,0.0
,1552.468,1556.38,1548.243,1554.509,0.0
,1554.384,1563.298,1554.384,1563.229,0.0
,1563.229,1563.229,1555.727,1560.689,0.0
,1560.689,1560.689,1560.689,1560.689,0.0
,1560.689,1560.689,1560.689,1560.689,0.0
,1560.69,1560.69,1545.115,1552.1,0.0
,1552.1,1557.199,1538.57,1548.34,0.0
,1548.339,1561.433,1548.339,1558.71,0.0
,1558.709,1558.709,1543.538,1545.799,0.0
,1545.792,1557.719,1545.792,1556.889,0.0
,1556.889,1556.889,1556.889,1556.889,0.0
,1556.889,1556.889,1556.889,1556.889,0.0
,1556.889,1564.889,1546.255,1551.689,0.0
,1551.69,1560.83,1551.69,1559.31,0.0
,1563.749,1564.019,1551.898,1562.85,0.0
,1562.849,1570.23,1561.078,1569.18,0.0
,1569.18,1569.18,1569.18,1569.18,0.0
,1569.18,1569.18,1569.18,1569.18,0.0
,1569.18,1569.18,1569.18,1569.18,0.0
2013-01-04,1569.18,1570.528,1558.479,1562.16,0.0
2013-02-04,1562.159,1573.629,1562.159,1570.24,0.0
2013-03-04,1570.239,1571.437,1549.798,1553.679,0.0
2013-04-04,1553.679,1562.569,1552.519,1559.97,0.0
2013-05-04,1559.969,1559.97,1539.492,1553.269,0.0
2013-06-04,1553.269,1553.269,1553.269,1553.269,0.0
2013-07-04,1553.269,1553.269,1553.269,1553.269,0.0
2013-08-04,1553.6,1568.4,1548.9,1565.6,0.0
2013-09-04,1563.068,1573.86,1560.918,1568.599,0.0
2013-10-04,1568.593,1588.973,1568.593,1587.719,0.0
2013-11-04,1587.719,1597.214,1586.169,1593.359,0.0
2013-12-04,1593.36,1593.36,1579.968,1585.057,0.0
,1585.057,1585.057,1585.057,1585.057,0.0
,1585.057,1585.057,1585.057,1585.057,0.0
,1579.34,1580.499,1552.273,1552.359,0.0
,1552.359,1575.299,1552.359,1574.559,0.0
,1574.559,1574.559,1546.168,1549.988,0.0
,1552.009,1554.304,1541.045,1551.087,0.0
,1543.5,1555.4,1541.1,1552.6,0.0
,1552.6,1552.6,1552.6,1552.6,0.0
,1552.6,1552.6,1552.6,1552.6,0.0
,1555.174,1565.503,1548.184,1562.489,0.0
,1562.489,1579.539,1562.489,1578.769,0.0
,1578.191,1582.989,1575.79,1578.779,0.0
,1578.786,1592.58,1578.786,1585.16,0.0
,1585.16,1585.749,1577.557,1582.23,0.0
,1582.23,1582.23,1582.23,1582.23,0.0
,1582.23,1582.23,1582.23,1582.23,0.0
,1582.23,1596.629,1582.23,1593.599,0.0
,1593.58,1597.56,1586.496,1597.559,0.0
2013-01-05,1597.56,1597.56,1581.276,1582.699,0.0
2013-02-05,1582.696,1598.558,1582.696,1597.579,0.0
2013-03-05,1597.58,1618.419,1597.579,1614.409,0.0
2013-04-05,1614.409,1614.409,1614.409,1614.409,0.0
2013-05-05,1614.409,1614.409,1614.409,1614.409,0.0
2013-06-05,1614.399,1619.75,1614.209,1617.5,0.0
2013-07-05,1617.548,1626.009,1616.635,1625.96,0.0
2013-08-05,1625.95,1632.728,1622.696,1632.679,0.0
2013-09-05,1632.679,1635.0,1623.089,1626.659,0.0
2013-10-05,1629.6,1633.6,1623.1,1632.1,0.0
2013-11-05,1632.1,1632.1,1632.1,1632.1,0.0
2013-12-05,1632.1,1632.1,1632.1,1632.1,0.0
,1631.952,1635.979,1626.74,1633.76,0.0
,1633.76,1650.959,1633.747,1650.34,0.0
,1649.037,1661.46,1646.677,1658.77,0.0
,1656.9,1660.4,1647.9,1651.5,0.0
,1650.367,1660.589,1650.367,1659.548,0.0
,1659.548,1659.548,1659.548,1659.548,0.0
,1659.548,1659.548,1659.548,1659.548,0.0
,1664.4,1672.4,1661.6,1665.6,0.0
,1665.8,1674.9,1661.9,1667.9,0.0
,1679.564,1683.39,1648.368,1658.769,19795000.0763
,1658.773,1659.897,1634.363,1654.863,51994998.9319
,1654.888,1656.685,1652.39,1653.375,8145000.4578
,1653.375,1653.375,1653.375,1653.375,0.0
,1652.177,1656.9,1652.177,1653.384,4335000.0381
,1653.384,1655.397,1645.861,1653.872,34314998.6267
,1653.877,1674.197,1653.672,1656.397,43819999.6948
,1656.37,1657.9,1639.494,1647.181,47240001.6785
,1647.193,1661.997,1642.186,1654.477,45395000.4578
,1654.489,1659.188,1628.661,1628.661,42459999.0845
2013-01-06,1628.661,1628.661,1628.661,1628.661,0.0
2013-02-06,1631.192,1633.996,1627.998,1632.197,4769999.9809
2013-03-06,1632.177,1640.098,1622.087,1635.581,20879999.1608
2013-04-06,1635.48,1646.7,1623.173,1630.99,50325000.7629
2013-05-06,1630.876,1633.0,1606.47,1610.689,55779998.7793
2013-06-06,1610.689,1624.966,1597.686,1622.692,56630001.0681
2013-07-06,1622.677,1644.693,1619.17,1640.668,48944999.6948
2013-08-06,1640.668,1640.668,1640.668,1640.668,0.0
2013-09-06,1637.698,1639.196,1635.463,1638.994,4519999.9809
2013-10-06,1638.967,1649.191,1638.461,1642.462,45770000.4578
2013-11-06,1642.494,1642.999,1622.463,1628.49,49435001.3733
2013-12-06,1628.49,1638.473,1609.962,1610.466,40900001.5259
,1610.674,1639.995,1597.97,1638.298,49090000.1526
,1638.286,1640.99,1623.475,1624.273,53735000.6104
,1624.273,1624.273,1624.273,1624.273,0.0
,1624.892,1628.384,1624.26,1628.275,2734999.8951
,1628.274,1645.285,1627.462,1639.973,47220001.2207
,1639.992,1654.199,1637.972,1651.494,54705001.8311
,1651.463,1654.691,1626.162,1626.861,64190002.4414
,1627.068,1628.093,1583.163,1590.875,57659999.8474
,1590.676,1602.978,1576.486,1589.487,48990001.6785
,1589.487,1589.487,1589.487,1589.487,0.0
,1589.979,1592.481,1584.662,1590.969,5255000.1144
,1590.999,1591.192,1559.677,1576.391,57759998.3215
,1576.364,1593.983,1564.894,1583.076,48259998.3215
,1583.183,1606.973,1579.361,1600.688,45444999.6948
,1600.673,1619.984,1600.673,1611.676,43069999.6948
,1611.681,1620.16,1600.186,1603.484,41450000.7629
,1603.484,1603.484,1603.484,1603.484,0.0
,1603.478,1607.697,1603.478,1605.192,4414999.9619
2013-01-07,1605.179,1626.668,1599.663,1614.198,44055000.3052
2013-02-07,1614.182,1624.19,1606.175,1613.462,44840000.1526
2013-03-07,1613.5,1618.688,1599.96,1615.971,39134998.3215
2013-04-07,1615.961,1629.998,1614.964,1628.168,35775001.5259
2013-05-07,1628.499,1636.493,1614.16,1634.984,45009998.3215
2013-06-07,1634.984,1634.984,1634.984,1634.984,0.0
2013-07-07,1634.168,1636.694,1633.993,1636.391,4494999.8856
2013-08-07,1636.397,1645.184,1631.974,1642.963,40639999.3896
2013-09-07,1642.993,1654.185,1641.162,1651.971,38580001.8311
2013-10-07,1651.96,1668.699,1646.667,1667.161,47154998.7793
2013-11-07,1667.171,1676.699,1665.962,1672.864,41150001.5259
2013-12-07,1672.879,1679.197,1671.368,1675.377,35615001.6785
,1675.377,1675.377,1675.377,1675.377,0.0
,1674.862,1676.899,1674.861,1676.879,3579999.9237
,1676.885,1684.388,1675.862,1682.092,35139999.3896
,1682.099,1684.198,1671.477,1676.7,35369998.9319
,1676.674,1685.193,1670.676,1678.667,41169998.1689
,1678.697,1693.177,1676.664,1684.985,38784999.8474
,1685.0,1695.162,1680.163,1694.676,34139999.3896
,1694.676,1694.676,1694.676,1694.676,0.0
,1695.677,1697.2,1695.66,1696.167,4275000.0954
,1696.169,1698.979,1690.486,1696.474,35569999.6948
,1696.475,1700.375,1690.991,1693.995,35915000.9155
,1693.976,1699.971,1682.462,1687.493,38255001.0681
,1687.483,1691.298,1676.68,1690.48,38500000.0
,1690.462,1693.5,1675.469,1691.679,33729999.5422
,1691.679,1691.679,1691.679,1691.679,0.0
,1691.688,1692.689,1690.973,1691.469,3755000.1144
,1691.469,1692.192,1681.47,1687.962,39294998.1689
,1687.673,1692.962,1682.169,1688.989,37229999.5422
,1688.968,1698.199,1684.662,1689.686,42630001.0681
2013-01-08,1689.682,1707.479,1689.461,1705.476,38450000.7629
2013-02-08,1705.483,1708.67,1699.661,1707.172,35189998.6267
2013-03-08,1707.172,1707.172,1707.172,1707.172,0.0
2013-04-08,1706.686,1707.48,1705.166,1706.568,3349999.9046
2013-05-08,1706.573,1708.687,1702.687,1704.497,33130001.0681
2013-06-08,1704.476,1707.7,1692.998,1695.674,36470001.2207
2013-07-08,1695.671,1695.982,1684.489,1693.091,36205001.8311
2013-08-08,1693.064,1700.297,1688.087,1695.573,35729999.5422
2013-09-08,1695.573,1699.097,1689.263,1694.065,26520000.4578
2013-10-08,1694.065,1694.065,1694.065,1694.065,0.0
2013-11-08,1694.065,1694.065,1694.065,1694.065,0.0
2013-12-08,1682.178,1691.198,1678.361,1689.767,1348080.9927
,1689.797,1697.177,1682.182,1693.37,2035732.9845
,1693.185,1695.664,1679.57,1680.374,2083060.0262
,1680.371,1684.198,1656.965,1660.073,2288837.9097
,1659.992,1664.199,1652.181,1652.867,1958065.033
,1652.867,1652.867,1652.867,1652.867,0.0
,1652.994,1655.097,1651.872,1654.573,40874.999
,1654.589,1659.069,1644.57,1646.87,1794235.9447
,1646.872,1658.462,1643.362,1652.9,1784180.9988
,1652.865,1656.99,1634.483,1634.961,2212923.0499
,1634.97,1659.998,1633.962,1658.99,1676100.9693
,1658.997,1664.987,1653.161,1663.675,1557386.9944
,1663.675,1663.675,1663.675,1663.675,0.0
,1663.675,1663.675,1663.675,1663.675,0.0
,1663.489,1667.7,1661.961,1662.692,240563.0052
,1647.988,1648.195,1628.692,1629.674,1503340.0059
,1629.679,1641.173,1627.474,1632.364,1798596.0245
,1632.376,1646.5,1629.879,1640.485,2055905.1037
,1640.47,1646.697,1627.465,1633.964,2897880.0774
,1633.964,1633.964,1633.964,1633.964,0.0
2013-01-09,1633.964,1633.964,1633.964,1633.964,0.0
2013-02-09,1642.198,1650.199,1641.663,1647.166,538910.985
2013-03-09,1647.165,1651.661,1632.687,1638.661,2188143.0149
2013-04-09,1638.693,1656.498,1636.473,1655.969,1611425.9958
2013-05-09,1655.982,1659.471,1651.663,1655.176,1643151.0448
2013-06-09,1655.198,1664.878,1639.868,1655.174,2029655.9334
2013-07-09,1655.174,1655.174,1655.174,1655.174,0.0
2013-08-09,1654.179,1658.871,1653.874,1657.662,47621.0006
2013-09-09,1657.689,1672.991,1655.685,1672.583,2043838.9778
2013-10-09,1672.621,1683.799,1669.812,1681.702,2577204.9427
2013-11-09,1681.867,1690.187,1678.223,1688.338,2294542.0742
2013-12-09,1688.433,1689.691,1681.388,1685.662,2003736.0191
,1685.689,1690.482,1680.662,1689.993,1723947.0482
,1689.993,1689.993,1689.993,1689.993,0.0
,1703.475,1710.388,1701.971,1706.475,173139.0059
,1706.464,1709.299,1694.671,1695.188,2293312.0728
,1695.186,1706.199,1694.361,1705.374,1373958.9453
,1705.389,1729.729,1699.867,1725.982,2251600.0271
,1726.011,1733.116,1719.604,1721.801,2182164.9075
,1721.954,1725.495,1710.776,1711.375,2229171.9913
,1711.375,1711.375,1711.375,1711.375,0.0
,1712.263,1713.293,1708.107,1708.475,41044.0005
,1708.306,1713.997,1696.127,1699.281,2281131.0291
,1699.108,1707.489,1694.319,1697.636,2396928.072
,1697.761,1701.438,1691.289,1693.879,2600070.9534
,1693.723,1703.809,1692.724,1700.858,2223212.0037
,1700.981,1700.986,1686.601,1688.629,1208739.996
,1688.629,1688.629,1688.629,1688.629,0.0
,1688.629,1688.629,1688.629,1688.629,0.0
,1682.352,1684.657,1674.687,1682.664,1970000.0286
2013-01-10,1681.992,1695.996,1681.867,1694.083,3687999.9638
2013-02-10,1696.1,1696.4,1680.1,1683.4,0.0
2013-03-10,1691.55,1691.55,1670.041,1674.096,2517999.8875
2013-04-10,1678.237,1691.665,1676.983,1690.168,4124000.0725
2013-05-10,1690.168,1690.168,1690.168,1690.168,0.0
2013-06-10,1690.168,1690.168,1690.168,1690.168,0.0
2013-07-10,1690.276,1690.276,1674.36,1675.838,4315999.9847
2013-08-10,1675.875,1676.484,1654.855,1654.855,4251999.855
2013-09-10,1655.167,1661.63,1645.562,1655.598,4546000.0038
2013-10-10,1655.686,1692.343,1655.505,1692.061,6061999.7978
2013-11-10,1690.362,1703.372,1688.512,1703.193,5842000.0076
2013-12-10,1703.193,1703.193,1703.193,1703.193,0.0
,1703.193,1703.193,1703.193,1703.193,0.0
,1703.193,1703.193,1703.193,1703.193,0.0
,1714.5,1714.6,1695.4,1709.6,0.0
,1709.4,1722.6,1702.6,1720.1,0.0
,1721.532,1729.251,1714.111,1726.752,3881999.9695
,1726.742,1741.201,1726.612,1738.501,2884000.0629
,1738.501,1738.501,1738.501,1738.501,0.0
,1738.501,1738.501,1738.501,1738.501,0.0
,1744.491,1747.782,1740.661,1744.652,5447999.9542
,1744.652,1759.322,1742.183,1751.571,2724299.9077
,1751.582,1758.152,1740.492,1746.233,5995999.8131
,1746.222,1748.382,1742.502,1746.372,4024000.1678
,1754.5,1761.4,1748.6,1759.6,0.0
,1759.6,1759.6,1759.6,1759.6,0.0
,1759.6,1759.6,1759.6,1759.6,0.0
,1754.565,1765.471,1754.513,1761.986,2751389.9803
,1761.987,1773.49,1759.69,1771.692,5389524.9367
,1771.69,1777.982,1756.666,1759.287,6063694.0002
,1759.574,1768.579,1755.296,1758.873,6553891.1819
2013-01-11,1758.882,1765.648,1752.577,1759.287,6475424.7665
2013-02-11,1759.287,1759.287,1759.287,1759.287,0.0
2013-03-11,1759.287,1759.287,1759.287,1759.287,0.0
2013-04-11,1759.764,1768.794,1759.559,1768.058,6944377.8992
2013-05-11,1768.075,1768.795,1755.584,1760.464,6479866.0278
2013-06-11,1760.494,1773.683,1760.494,1766.093,2206161.0222
2013-07-11,1766.069,1777.767,1746.072,1749.09,6332314.0144
2013-08-11,1749.068,1771.084,1740.057,1768.663,6214783.1917
2013-09-11,1768.663,1768.663,1768.663,1768.663,0.0
2013-10-11,1768.663,1768.663,1768.663,1768.663,0.0
2013-11-11,1767.968,1773.494,1766.159,1770.974,6030694.9615
2013-12-11,1770.981,1772.996,1761.959,1767.475,8997363.0905
,1767.376,1785.962,1757.172,1785.491,7154087.0667
,1785.357,1791.495,1780.188,1789.69,6439492.2256
,1789.588,1798.584,1789.359,1796.372,6139955.0438
,1796.372,1796.372,1796.372,1796.372,0.0
,1796.372,1796.372,1796.372,1796.372,0.0
,1795.894,1802.375,1787.968,1791.359,3577441.9308
,1791.387,1795.959,1784.467,1790.492,5207170.9633
,1790.379,1795.708,1776.968,1781.978,6924015.0452
,1781.966,1797.137,1777.663,1796.26,4955828.1898
,1796.279,1804.724,1793.257,1802.466,4835679.0543
,1802.466,1802.466,1802.466,1802.466,0.0
,1802.466,1802.466,1802.466,1802.466,0.0
,1807.787,1810.288,1799.966,1803.363,6292337.8944
,1803.561,1808.405,1800.567,1802.564,6739809.0363
,1802.573,1808.394,1802.259,1807.166,6634514.8087
,1807.258,1810.871,1806.359,1808.66,1261582.9706
,1808.686,1813.506,1804.003,1805.176,3703588.0089
,1805.176,1805.176,1805.176,1805.176,0.0
2013-01-12,1805.176,1805.176,1805.176,1805.176,0.0
2013-02-12,1806.689,1809.996,1798.377,1801.581,6532659.0538
2013-03-12,1801.583,1802.591,1788.853,1792.659,6702436.924
2013-04-12,1792.671,1800.196,1778.661,1792.969,2509692.9073
2013-05-12,1792.659,1795.079,1783.147,1785.481,6345374.1074
2013-06-12,1785.491,1806.019,1784.412,1805.683,4021753.788
2013-07-12,1805.683,1805.683,1805.683,1805.683,0.0
2013-08-12,1805.683,1805.683,1805.683,1805.683,0.0
2013-09-12,1807.692,1811.683,1805.014,1809.662,5767488.9565
2013-10-12,1809.667,1811.692,1801.479,1805.458,6589570.9991
2013-11-12,1805.48,1808.198,1779.676,1781.464,7170923.233
2013-12-12,1781.464,1783.695,1771.678,1774.16,6660240.1733
,1774.175,1782.698,1771.664,1774.67,6180411.8156
,1774.67,1774.67,1774.67,1774.67,0.0
,1774.67,1774.67,1774.67,1774.67,0.0
,1775.666,1792.204,1760.966,1784.687,7042520.9999
,1784.694,1788.692,1776.465,1779.964,6371229.1718
,1779.965,1812.498,1767.465,1810.975,6388272.7623
,1810.975,1810.992,1801.143,1808.489,6051561.8324
,1808.475,1823.591,1808.458,1822.463,6397784.2331
,1822.463,1822.463,1822.463,1822.463,0.0
,1822.463,1822.463,1822.463,1822.463,0.0
,1824.979,1829.555,1817.856,1827.774,5749498.8441
,1827.77,1834.665,1825.756,1834.463,3034995.079
,1834.463,1834.463,1834.463,1834.463,0.0
,1833.296,1842.978,1833.296,1840.279,5026167.8696
,1840.284,1844.607,1838.259,1841.595,4808224.2012
,1841.595,1841.595,1841.595,1841.595,0.0
,1841.595,1841.595,1841.595,1841.595,0.0
,1841.296,1843.297,1838.568,1840.062,4893118.8583
,1840.096,1849.294,1839.258,1848.332,5076801.7769
2014-01-01,1848.33,1848.33,1848.33,1848.33,2000.0001
2014-02-01,1842.58,1845.496,1828.371,1832.859,4688683.033
2014-03-01,1832.876,1838.138,1825.665,1828.995,5729279.0413
2014-04-01,1828.995,1828.995,1828.995,1828.995,0.0
2014-05-01,1828.995,1828.995,1828.995,1828.995,0.0
2014-06-01,1832.478,1837.695,1822.964,1826.468,5937441.8259
2014-07-01,1826.481,1840.481,1825.96,1835.986,5368463.9931
2014-08-01,1835.894,1839.971,1831.17,1835.981,6585834.98
2014-09-01,1835.957,1844.185,1829.942,1838.18,6676046.8483
2014-10-01,1838.161,1847.481,1831.689,1843.494,2290199.995
2014-11-01,1843.494,1843.494,1843.494,1843.494,0.0
2014-12-01,1843.494,1843.494,1843.494,1843.494,0.0
,1843.288,1843.392,1814.977,1821.181,6787218.0939
,1821.181,1839.47,1818.161,1838.49,7100800.9911
,1838.497,1850.826,1836.967,1847.686,6289320.9457
,1847.666,1848.997,1840.258,1841.98,4717678.0701
,1841.99,1848.494,1835.157,1839.681,4804666.996
,1839.681,1839.681,1839.681,1839.681,0.0
,1839.681,1839.681,1839.681,1839.681,0.0
,1840.158,1840.496,1835.98,1839.671,615827.9777
,1839.66,1849.688,1831.985,1841.466,6239414.2151
,1841.483,1848.291,1840.86,1844.831,6062465.1909
,1844.833,1844.846,1820.062,1828.446,5622000.2174
,1828.434,1828.438,1790.271,1790.271,6940000.0572
,1790.271,1790.271,1790.271,1790.271,0.0
,1790.271,1790.271,1790.271,1790.271,0.0
,1790.261,1795.965,1772.858,1781.541,36777999.8779
,1781.535,1793.848,1780.534,1792.483,66139999.3896
,1792.473,1792.473,1770.954,1774.18,68500000.0
,1774.172,1798.741,1774.172,1794.165,57360000.6104
,1794.175,1794.175,1772.25,1782.563,59900001.5259
2014-01-02,1782.563,1782.563,1782.563,1782.563,0.0
2014-02-02,1782.563,1782.563,1782.563,1782.563,0.0
2014-03-02,1782.566,1784.77,1739.643,1741.867,68279998.7793
2014-04-02,1741.87,1758.704,1741.87,1755.184,50360000.6104
2014-05-02,1755.175,1755.77,1737.9,1751.611,56759998.3215
2014-06-02,1748.1,1772.6,1746.9,1771.9,0.0
2014-07-02,1767.394,1798.19,1766.857,1797.178,40100517.2729
2014-08-02,1797.178,1797.178,1797.178,1797.178,0.0
2014-09-02,1797.178,1797.178,1797.178,1797.178,0.0
2014-10-02,1796.184,1800.671,1790.66,1799.485,28769197.464
2014-11-02,1799.575,1824.159,1799.566,1816.673,12538607.5974
2014-12-02,1816.68,1826.696,1815.171,1818.686,36596332.55
,1818.664,1830.226,1805.667,1826.993,41802589.4165
,1826.97,1841.63,1819.463,1838.194,39810878.7537
,1838.194,1838.194,1838.194,1838.194,0.0
,1838.194,1838.194,1838.194,1838.194,0.0
,1838.584,1843.491,1835.162,1839.657,442678.0045
,1839.678,1842.894,1834.693,1837.257,1989081.0251
,1837.595,1847.496,1826.465,1829.965,2652020.9312
,1829.988,1842.965,1820.167,1839.193,2366194.9635
,1839.179,1846.681,1835.695,1836.689,2324388.0272
,1836.689,1836.689,1836.689,1836.689,0.0
,1836.689,1836.689,1836.689,1836.689,0.0
,1837.673,1858.996,1832.166,1847.496,2349844.9326
,1847.579,1853.195,1839.688,1849.189,2781694.8891
,1849.193,1855.182,1839.966,1844.974,38696445.4651
,1844.978,1857.493,1834.485,1854.957,38559879.303
,1854.994,1867.994,1847.479,1861.979,42134429.9316
2014-01-03,1861.979,1861.979,1861.979,1861.979,0.0
2014-02-03,1861.979,1861.979,1861.979,1861.979,0.0
2014-03-03,1843.977,1851.194,1834.187,1846.496,48568172.4548
2014-04-03,1846.196,1876.473,1843.838,1871.287,28457616.806
2014-05-03,1871.263,1876.886,1869.359,1873.667,2365484.9529
2014-06-03,1873.664,1882.18,1872.958,1878.458,2420950.8896
2014-07-03,1878.481,1888.174,1870.168,1878.377,6853629.1122
2014-08-03,1878.377,1878.377,1878.377,1878.377,0.0
2014-09-03,1878.377,1878.377,1878.377,1878.377,0.0
2014-10-03,1875.198,1879.691,1866.669,1876.764,9679938.3163
2014-11-03,1876.97,1882.114,1862.16,1863.693,30210298.5382
2014-12-03,1864.194,1869.475,1853.961,1869.358,28172822.9523
,1869.377,1874.331,1842.68,1847.672,13015479.0878
,1847.672,1852.633,1838.963,1839.492,21052314.7583
,1839.492,1839.492,1839.492,1839.492,0.0
,1839.492,1839.492,1839.492,1839.492,0.0
,1837.169,1862.482,1836.564,1858.178,2394054.8897
,1858.171,1873.683,1852.465,1871.662,4359889.0305
,1871.674,1873.995,1848.994,1860.185,22298210.144
,1860.181,1873.789,1851.668,1871.782,2937038.8985
,1871.782,1884.087,1862.96,1865.984,31161315.918
,1865.984,1865.984,1865.984,1865.984,0.0
,1865.984,1865.984,1865.984,1865.984,0.0
,1864.971,1873.219,1848.657,1858.478,15345063.2095
,1858.47,1871.727,1855.266,1869.485,19274343.4906
,1869.467,1875.773,1849.179,1852.18,19828111.6486
,1852.386,1855.386,1841.185,1850.193,3078680.0385
,1850.182,1866.663,1848.975,1857.478,18078140.2588
,1857.478,1857.478,1857.478,1857.478,0.0
,1857.478,1857.478,1857.478,1857.478,0.0
,1864.977,1875.157,1862.46,1871.182,2305118.084
2014-01-04,1870.96,1885.967,1869.657,1884.869,43854446.4111
2014-02-04,1884.895,1893.267,1883.357,1888.761,2189347.0287
2014-03-04,1888.762,1894.481,1882.573,1891.576,2053806.0665
2014-04-04,1891.597,1899.282,1862.674,1868.496,32862239.8376
2014-05-04,1868.496,1868.496,1868.496,1868.496,0.0
2014-06-04,1868.496,1868.496,1868.496,1868.496,0.0
2014-07-04,1865.174,1866.994,1841.458,1847.492,36051879.8828
2014-08-04,1847.48,1855.167,1837.191,1852.097,19451047.8973
2014-09-04,1851.875,1873.694,1850.057,1873.165,36033702.8503
2014-10-04,1873.08,1873.497,1830.163,1834.072,9614976.8829
2014-11-04,1834.07,1838.096,1813.696,1817.679,6494345.1881
2014-12-04,1817.679,1817.679,1817.679,1817.679,0.0
,1817.679,1817.679,1817.679,1817.679,0.0
,1813.868,1834.196,1812.683,1831.169,8603417.3965
,1831.166,1850.695,1816.193,1847.683,3548501.0147
,1847.661,1862.187,1847.48,1855.668,2421571.97
,1855.659,1869.479,1853.658,1863.982,1908022.9998
,1863.982,1863.982,1863.982,1863.982,0.0
,1863.982,1863.982,1863.982,1863.982,0.0
,1863.982,1863.982,1863.982,1863.982,0.0
,1868.173,1871.995,1862.96,1871.161,1027408.9575
,1871.077,1884.986,1867.162,1879.475,2083844.9001
,1879.777,1886.479,1873.777,1884.658,42135223.3887
,1884.577,1888.187,1869.658,1878.39,2298399.9252
,1878.273,1879.696,1858.758,1865.771,2420655.9658
,1865.771,1865.771,1865.771,1865.771,0.0
,1865.771,1865.771,1865.771,1865.771,0.0
,1866.291,1877.286,1850.174,1872.971,3028970.0031
,1872.974,1880.978,1871.16,1875.269,2298053.0262
,1874.975,1885.959,1871.975,1885.161,2342294.9314
2014-01-05,1885.168,1888.496,1877.464,1884.196,1841176.9867
2014-02-05,1884.492,1891.491,1877.965,1879.481,2588918.9243
2014-03-05,1879.481,1879.481,1879.481,1879.481,0.0
2014-04-05,1879.481,1879.481,1879.481,1879.481,0.0
2014-05-05,1880.69,1885.664,1866.469,1883.191,2089745.9984
2014-06-05,1883.18,1887.195,1867.662,1868.983,5294762.1346
2014-07-05,1868.958,1880.459,1859.958,1877.478,3197065.115
2014-08-05,1877.463,1888.994,1869.46,1873.483,10055769.9203
2014-09-05,1873.685,1878.595,1866.779,1878.572,41105777.7405
2014-10-05,1878.572,1878.572,1878.572,1878.572,0.0
2014-11-05,1878.572,1878.572,1878.572,1878.572,0.0
2014-12-05,1880.262,1897.988,1879.558,1897.676,5179583.0727
,1897.662,1902.185,1895.976,1897.981,2436357.975
,1897.993,1900.982,1885.658,1887.976,15099441.5283
,1887.971,1891.69,1862.156,1870.478,46517208.0994
,1870.492,1878.485,1864.175,1877.97,2557298.8987
,1877.97,1877.97,1877.97,1877.97,0.0
,1879.478,1880.198,1878.969,1878.969,64413.0036
,1878.981,1885.696,1868.672,1883.169,9786014.5569
,1882.993,1887.188,1867.663,1869.964,29391620.636
,1869.966,1889.186,1869.26,1886.973,7999876.0223
,1886.963,1896.188,1885.464,1892.67,2212272.8825
,1892.883,1901.476,1891.957,1899.674,1505283.9518
,1899.674,1899.674,1899.674,1899.674,0.0
,1900.486,1901.983,1899.958,1900.181,38229.9982
,1900.178,1906.995,1899.457,1904.697,503974.9742
,1904.972,1912.196,1904.46,1911.196,1815266.0131
,1911.18,1915.895,1906.674,1910.788,2489886.9991
,1910.759,1919.967,1909.456,1918.469,23725893.0206
,1918.484,1923.959,1916.156,1920.868,2228282.9285
,1920.868,1920.868,1920.868,1920.868,0.0
2014-01-06,1923.385,1923.87,1921.857,1922.387,49743.0004
2014-02-06,1922.362,1925.894,1915.358,1922.562,2704571.0087
2014-03-06,1922.576,1925.183,1917.884,1923.874,8277178.7643
2014-04-06,1923.887,1928.272,1917.671,1927.062,2074376.1063
2014-05-06,1927.072,1941.981,1922.575,1940.375,3023488.0447
2014-06-06,1940.073,1950.398,1939.559,1950.37,37952632.9041
2014-07-06,1950.37,1950.37,1950.37,1950.37,0.0
2014-08-06,1950.684,1950.687,1949.358,1949.689,80054.0
2014-09-06,1949.658,1955.493,1946.89,1950.095,2470160.9612
2014-10-06,1950.188,1952.971,1943.978,1950.494,2594012.022
2014-11-06,1950.497,1950.698,1939.674,1944.985,2476176.0235
2014-12-06,1944.791,1948.267,1925.468,1929.495,2579246.0442
,1929.487,1937.491,1926.971,1936.295,1805302.9776
,1936.295,1936.295,1936.295,1936.295,0.0
,1935.686,1936.283,1929.458,1930.79,71007.9968
,1930.786,1941.291,1927.268,1937.691,4400942.8024
,1937.783,1943.49,1931.696,1941.472,2985272.8844
,1941.478,1958.467,1937.884,1956.992,2888758.8978
,1956.965,1960.482,1951.987,1956.961,2632196.9032
,1956.962,1964.462,1956.17,1962.193,2451953.8879
,1962.193,1962.193,1962.193,1962.193,0.0
,1961.185,1962.497,1961.162,1962.489,25967.0001
,1962.578,1967.983,1958.467,1959.887,2453502.8934
,1959.593,1968.182,1948.158,1950.674,2967195.9877
,1950.667,1960.958,1945.67,1957.194,3071235.8952
,1957.197,1959.882,1943.858,1956.37,3163836.956
,1956.37,1961.591,1950.377,1959.094,43664199.8291
,1959.094,1959.094,1959.094,1959.094,0.0
,1959.073,1961.397,1958.993,1960.884,36191.9999
,1961.065,1964.379,1955.861,1962.271,2696335.0773
2014-01-07,1962.29,1978.991,1961.058,1973.587,2879492.0444
2014-02-07,1973.574,1977.162,1971.857,1974.459,2307848.9304
2014-03-07,1974.192,1985.477,1973.467,1984.165,3757272.0051
2014-04-07,1984.189,1984.189,1981.994,1982.972,478983.9983
2014-05-07,1982.972,1982.972,1982.972,1982.972,0.0
2014-06-07,1983.164,1984.197,1983.161,1984.196,33167.0009
2014-07-07,1984.08,1984.696,1974.181,1976.462,2273314.9529
2014-08-07,1976.166,1976.689,1959.172,1966.485,14991342.5446
2014-09-07,1966.676,1974.497,1964.968,1973.467,5534130.0964
2014-10-07,1973.388,1973.992,1951.669,1963.488,3075442.0757
2014-11-07,1963.663,1969.494,1958.979,1968.494,11881326.6754
2014-12-07,1968.494,1968.494,1968.494,1968.494,0.0
,1968.469,1970.979,1968.457,1969.673,43861.0017
,1969.681,1979.794,1969.675,1976.775,3428667.0685
,1976.788,1982.257,1964.687,1973.989,16858318.3289
,1973.661,1983.692,1972.958,1977.662,2916903.9726
,1977.686,1981.98,1948.472,1954.69,4933255.1956
,1954.479,1979.975,1953.659,1977.167,3275466.9189
,1977.167,1977.167,1977.167,1977.167,0.0
,1976.18,1977.193,1975.661,1977.161,45054.9982
,1977.161,1977.198,1964.964,1971.883,3299587.0113
,1971.868,1986.394,1971.864,1979.897,3339871.8834
,1979.859,1989.386,1979.662,1987.175,10097594.2612
,1987.162,1991.696,1982.878,1984.557,2957901.001
,1984.58,1986.397,1973.864,1976.982,17359449.3866
,1976.982,1976.982,1976.982,1976.982,0.0
,1977.38,1978.176,1972.477,1973.99,53902.9986
,1973.961,1981.692,1966.661,1978.961,3048868.8946
,1978.996,1985.197,1967.467,1969.691,3121057.0335
,1969.687,1979.189,1961.962,1969.085,7784927.845
,1969.066,1969.597,1930.648,1930.653,39746623.9929
2014-01-08,1925.067,1937.395,1915.579,1923.588,2630405.9029
2014-02-08,1923.588,1923.588,1923.588,1923.588,0.0
2014-03-08,1924.96,1928.078,1924.857,1926.083,53334.0015
2014-04-08,1926.071,1942.596,1920.074,1936.59,2691375.0172
2014-05-08,1936.872,1938.38,1912.974,1920.176,2799134.016
2014-06-08,1920.493,1928.182,1907.963,1920.566,2540744.0662
2014-07-08,1920.558,1930.065,1904.169,1910.179,3014439.106
2014-08-08,1910.167,1932.489,1894.959,1928.166,2475743.0553
2014-09-08,1928.166,1928.166,1928.166,1928.166,0.0
2014-10-08,1929.991,1933.258,1929.774,1931.582,46957.9995
2014-11-08,1931.593,1944.789,1928.259,1937.773,2088232.0404
2014-12-08,1937.758,1942.293,1927.596,1935.167,2261595.9644
,1934.961,1949.69,1934.164,1947.669,1710602.9987
,1947.688,1958.16,1945.477,1955.696,1679440.9752
,1955.968,1964.18,1940.676,1955.963,2430464.983
,1955.963,1955.963,1955.963,1955.963,0.0
,1963.195,1964.488,1961.469,1962.487,39833.0018
,1962.178,1972.466,1960.164,1971.677,1221093.0586
,1971.973,1982.299,1971.664,1979.274,1059260.0107
,1979.29,1988.468,1975.763,1987.282,1326846.0035
,1987.172,1994.463,1983.274,1992.688,1269400.0006
,1992.382,1993.898,1983.224,1990.862,3126635.0746
,1990.862,1990.862,1990.862,1990.862,0.0
,1990.862,1990.862,1990.862,1990.862,0.0
,1992.365,2001.916,1991.36,1997.482,2024091.959
,1997.685,2004.917,1994.062,2000.569,2253480.9113
,2000.797,2002.294,1994.938,1998.875,1885306.0007
,1998.675,2001.395,1988.785,2000.173,5371921.0625
,2000.296,2005.653,1994.377,2000.281,24685699.4629
,2000.281,2000.281,2000.281,2000.281,0.0
,2000.481,2001.9,2000.481,2001.498,205459.9971
2014-01-09,2001.898,2003.1,1999.086,2002.583,3128070.116
2014-02-09,2002.899,2008.1,1994.661,2001.875,13582099.9146
2014-03-09,2002.075,2012.591,1997.823,1999.837,10586339.9506
2014-04-09,1999.661,2011.398,1992.34,2000.979,7503089.9048
2014-05-09,1999.404,2008.501,1989.818,2008.485,6591300.0107
2014-06-09,2008.485,2008.485,2008.485,2008.485,0.0
2014-07-09,2006.549,2007.86,2005.674,2007.399,217429.9955
2014-08-09,2007.594,2007.909,1995.307,2001.177,18389610.2905
2014-09-09,2001.606,2004.612,1984.361,1988.467,12202989.5782
2014-10-09,1988.661,1996.993,1982.497,1994.698,13582699.7757
2014-11-09,1994.485,1999.69,1985.468,1997.498,14711199.7604
2014-12-09,1997.192,1998.699,1979.961,1984.666,14389300.3464
,1984.666,1984.666,1984.666,1984.666,0.0
,1972.186,1980.191,1972.186,1977.683,1102599.9784
,1977.996,1987.196,1977.484,1984.978,18925500.8698
,1984.664,2002.658,1978.651,1999.662,11958399.7726
,1999.864,2012.565,1993.374,2001.679,27248300.5524
,2001.473,2016.987,2001.157,2014.987,14904669.7617
,2015.185,2022.185,2006.182,2009.155,35154800.415
,2009.155,2009.155,2009.155,2009.155,0.0
,2011.13,2011.13,2008.13,2010.63,0.0
,2010.68,2010.698,1990.458,1992.472,38008998.8708
,1992.883,1995.586,1975.952,1980.883,41533500.6714
,1980.634,2000.076,1978.362,1998.835,29093399.0479
,1998.553,1999.092,1965.562,1971.158,44851299.2859
,1971.364,1986.624,1964.179,1983.162,78370697.0215
,1983.162,1983.162,1983.162,1983.162,0.0
,1981.696,1981.9,1979.148,1979.173,2081899.8814
,1979.694,1984.633,1963.139,1976.687,82518997.1924
,1976.892,1985.885,1967.511,1968.831,87512100.2197
2014-01-10,1968.583,1974.475,1941.146,1948.181,124163002.0142
2014-02-10,1948.184,1952.576,1925.047,1946.321,155231704.7119
2014-03-10,1946.581,1971.594,1946.361,1967.464,82973396.3013
2014-04-10,1967.464,1967.464,1967.464,1967.464,0.0
2014-05-10,1967.679,1971.503,1967.473,1970.689,438050.0019
2014-06-10,1970.693,1978.193,1957.308,1961.339,22076839.447
2014-07-10,1961.688,1963.496,1931.083,1935.079,10518993.3777
2014-08-10,1935.384,1970.59,1924.513,1966.31,42292140.9607
2014-09-10,1966.283,1975.083,1920.347,1923.669,61095611.5723
2014-10-10,1923.703,1937.594,1899.327,1900.17,46446281.4331
2014-11-10,1900.17,1900.17,1900.17,1900.17,0.0
2014-12-10,1895.079,1897.548,1886.663,1892.24,2578089.9525
,1892.053,1911.796,1869.552,1877.561,80311363.2202
,1877.385,1898.498,1870.956,1887.463,29932609.5581
,1887.589,1888.198,1819.498,1853.295,21480546.9513
,1853.385,1875.999,1821.955,1862.991,108751518.2495
,1862.679,1898.099,1857.468,1887.978,48545909.8816
,1887.978,1887.978,1887.978,1887.978,0.0
,1890.98,1900.129,1890.98,1896.589,2405220.0317
,1896.498,1910.961,1878.729,1904.676,51653369.9036
,1904.794,1946.391,1892.554,1943.173,38906219.4824
,1943.07,1950.098,1927.022,1932.479,43190193.1763
,1932.592,1962.587,1928.763,1953.379,35671718.5974
,1953.13,1966.88,1938.63,1966.38,0.0
,1966.38,1966.38,1966.38,1966.38,0.0
,1966.666,1969.523,1966.162,1969.099,1068950.057
,1968.995,1972.39,1950.912,1963.668,36891269.6838
,1963.995,1986.499,1962.663,1980.963,8724969.8639
,1981.198,1991.293,1967.969,1976.062,5894480.2284
,1976.34,2000.385,1964.879,1995.389,8559530.2582
,1995.314,2022.379,1992.984,2014.783,6504769.8021
2014-01-11,2014.783,2014.783,2014.783,2014.783,0.0
2014-02-11,2014.761,2017.769,2014.569,2016.577,99710.0025
2014-03-11,2016.771,2024.588,2012.563,2014.599,2941200.0179
2014-04-11,2014.797,2019.097,2000.769,2011.092,3314860.1055
2014-05-11,2009.371,2027.096,2009.371,2021.888,13408029.5563
2014-06-11,2021.972,2033.87,2015.093,2032.378,29829231.2622
2014-07-11,2032.478,2037.06,2024.371,2029.776,9168430.3284
2014-08-11,2029.776,2029.776,2029.776,2029.776,0.0
2014-09-11,2029.388,2031.857,2028.561,2031.563,355479.9855
2014-10-11,2031.46,2039.593,2025.598,2035.967,14012000.0839
2014-11-11,2036.146,2043.596,2035.88,2039.712,10605130.1956
2014-12-11,2038.688,2041.887,2031.493,2038.435,12680250.1678
,2037.653,2048.379,2031.587,2039.577,16512300.4913
,2039.787,2044.396,2034.973,2041.47,12921509.7427
,2041.47,2041.47,2041.47,2041.47,0.0
,2040.689,2042.882,2037.699,2038.184,111630.0002
,2037.985,2044.091,2028.965,2042.562,10663550.3769
,2041.434,2057.868,2039.559,2051.374,9144929.8859
,2051.464,2054.053,2041.551,2051.355,11192230.2246
,2051.451,2055.074,2039.051,2052.959,15506072.0444
,2052.955,2074.495,2052.256,2063.493,35335044.8608
,2063.493,2063.493,2063.493,2063.493,0.0
,2063.5,2065.996,2063.434,2063.994,1019090.0564
,2063.978,2071.099,2062.694,2070.211,22721963.8824
,2070.396,2074.9,2064.053,2069.188,8757706.6422
,2069.523,2075.896,2065.335,2073.38,5673220.1576
,2073.282,2075.399,2069.166,2071.697,545109.9873
,2071.777,2074.096,2064.575,2067.584,2231679.9164
,2067.584,2067.584,2067.584,2067.584,0.0
,2064.092,2064.89,2056.073,2059.34,660139.9779
2014-01-12,2059.4,2063.397,2049.35,2052.296,7467450.1419
2014-02-12,2052.273,2068.997,2051.958,2067.468,3145200.0141
2014-03-12,2067.392,2076.593,2063.998,2073.469,3826809.8831
2014-04-12,2073.385,2077.898,2061.998,2072.563,5294270.0386
2014-05-12,2072.574,2079.582,2069.471,2077.091,6597390.1749
2014-06-12,2077.091,2077.091,2077.091,2077.091,0.0
2014-07-12,2076.471,2078.061,2075.489,2076.224,450700.0148
2014-08-12,2076.214,2077.787,2054.528,2062.087,25209039.6881
2014-09-12,2062.087,2062.793,2034.066,2058.9,4137149.8108
2014-10-12,2058.991,2060.598,2023.698,2025.677,5301232.8148
2014-11-12,2025.888,2056.292,2023.576,2029.285,5886658.1917
2014-12-12,2029.37,2031.993,1996.371,1998.49,5477980.1369
,1998.49,1998.49,1998.49,1998.49,0.0
,1998.392,2000.182,1994.489,1996.997,231250.003
,1997.082,2018.999,1981.331,1993.196,71044898.9868
,1993.175,2017.394,1968.565,1975.284,66940666.1987
,1975.291,2016.592,1972.772,2012.672,50430759.4299
,2012.572,2067.979,2010.349,2064.614,21714792.2516
,2065.1,2080.084,2062.353,2069.084,39902053.833
,2069.084,2069.084,2069.084,2069.084,0.0
,2070.073,2073.087,2069.164,2071.061,321520.0007
,2071.07,2079.577,2068.898,2076.859,18942689.8956
,2076.584,2085.799,2073.76,2082.272,21114095.6879
,2082.29,2086.796,2080.442,2081.289,12082750.3204
,2081.289,2081.289,2081.289,2081.289,0.0
,2084.785,2092.389,2084.733,2088.976,6899469.8524
,2088.976,2088.976,2088.976,2088.976,0.0
,2088.982,2089.398,2087.113,2088.597,320389.986
,2088.572,2092.596,2079.515,2091.785,17541120.5292
,2091.797,2092.788,2076.887,2083.799,9292989.7308
,2083.798,2087.984,2072.065,2073.873,3953310.0128
2015-01-01,2073.873,2073.873,2073.873,2073.873,0.0
2015-02-01,2064.8,2071.9,2043.6,2053.1,20734260.5591
2015-03-01,2053.1,2053.1,2053.1,2053.1,0.0
2015-04-01,2053.064,2053.064,2044.068,2046.055,709800.005
2015-05-01,2045.886,2053.987,2015.356,2026.466,29091310.5011
2015-06-01,2025.896,2029.369,1990.142,2003.068,30241401.6724
2015-07-01,2003.093,2029.394,2003.05,2027.506,24114219.6655
2015-08-01,2027.713,2064.852,2026.797,2060.272,52835254.6692
2015-09-01,2060.467,2068.596,2037.662,2041.167,75922546.3867
2015-10-01,2041.167,2041.167,2041.167,2041.167,0.0
2015-11-01,2041.889,2045.398,2039.052,2040.087,817120.0156
2015-12-01,2040.368,2054.487,2022.052,2031.07,49459270.4773
,2030.965,2058.392,2007.863,2022.494,33115074.1577
,2022.572,2025.499,1987.053,2016.191,74648048.4009
,2015.876,2033.2,1984.061,1985.182,51804359.436
,1985.193,2020.494,1976.167,2019.192,25154146.1945
,2019.192,2019.192,2019.192,2019.192,0.0
,2019.972,2019.972,2014.67,2016.971,120619.9974
,2016.684,2029.974,2009.492,2016.18,2317487.9551
,2016.066,2032.494,2003.966,2022.973,5021967.8879
,2022.779,2038.795,2011.462,2032.679,4666037.0827
,2032.889,2064.883,2025.393,2061.78,4818336.01
,2061.795,2068.092,2048.864,2049.395,7310153.9612
,2049.395,2049.395,2049.395,2049.395,0.0
,2040.875,2041.369,2031.388,2032.687,128692.0011
,2032.384,2060.999,2032.083,2059.666,6312170.9824
,2059.966,2060.697,2019.37,2041.074,4168049.8123
,2040.77,2052.298,1997.26,2002.2,5345389.843
,2002.472,2026.686,1988.467,2023.981,5533349.9908
,2024.165,2024.486,1992.968,1995.786,5659890.1749
,1995.786,1995.786,1995.786,1995.786,0.0
2015-01-02,1995.797,1999.998,1990.765,1993.799,244200.0061
2015-02-02,1993.966,2024.777,1980.463,2021.494,5933690.0711
2015-03-02,2021.284,2049.983,2013.78,2044.684,4742660.0456
2015-04-02,2044.878,2054.799,2026.881,2027.391,4710100.174
2015-05-02,2027.17,2063.681,2025.88,2059.295,7216088.7718
2015-06-02,2059.594,2072.592,2049.288,2059.567,11273894.31
2015-07-02,2059.567,2059.567,2059.567,2059.567,0.0
2015-08-02,2052.291,2053.786,2046.46,2048.961,170939.9968
2015-09-02,2049.295,2056.264,2041.284,2049.488,13493619.9188
2015-10-02,2049.777,2070.998,2045.265,2066.462,18445650.1007
2015-11-02,2066.263,2083.094,2057.361,2070.392,23229780.1971
2015-12-02,2070.093,2088.694,2062.369,2087.989,39194553.3752
,2088.037,2096.299,2085.689,2096.039,33123790.741
,2096.039,2096.039,2096.039,2096.039,0.0
,2096.039,2096.039,2096.039,2096.039,0.0
,2093.326,2096.553,2083.524,2084.942,10895999.9084
,2087.5,2101.476,2083.934,2099.609,29865343.0939
,2099.158,2101.098,2091.384,2099.128,28153499.6033
,2096.464,2101.875,2090.132,2097.593,25626472.4731
,2097.893,2110.867,2084.534,2109.84,35938766.4795
,2109.84,2109.84,2109.84,2109.84,0.0
,2109.84,2109.84,2109.84,2109.84,0.0
,2109.75,2110.88,2102.63,2108.63,0.0
,2109.595,2118.578,2105.069,2115.352,29815612.793
,2115.079,2119.33,2109.163,2111.56,20282175.0641
,2111.875,2116.595,2103.352,2109.555,8893793.1061
,2109.458,2112.663,2102.873,2106.593,6237108.2306
,2106.593,2106.593,2106.593,2106.593,0.0
2015-01-03,2106.064,2109.396,2106.064,2108.557,10920.0003
2015-02-03,2108.451,2117.095,2102.352,2115.894,4871291.1606
2015-03-03,2115.555,2115.883,2097.217,2107.456,15828049.6597
2015-04-03,2104.578,2105.27,2086.588,2097.189,23267215.7288
2015-05-03,2097.272,2105.198,2094.883,2101.69,8230335.2356
2015-06-03,2101.472,2104.773,2067.073,2072.578,10858810.4248
2015-07-03,2072.578,2072.578,2072.578,2072.578,0.0
2015-08-03,2074.095,2074.095,2070.583,2071.473,233480.0065
2015-09-03,2071.198,2083.275,2066.994,2078.286,35605480.1941
2015-10-03,2078.498,2079.188,2042.313,2048.188,43087661.7432
2015-11-03,2048.292,2052.745,2038.779,2041.698,41512771.6064
2015-12-03,2041.88,2068.13,2040.13,2068.13,0.0
,2067.998,2070.19,2040.0,2051.692,33073730.4688
,2051.692,2051.692,2051.692,2051.692,0.0
,2051.692,2051.692,2051.692,2051.692,0.0
,2052.481,2081.793,2051.781,2075.975,14442919.7311
,2075.761,2078.637,2064.465,2074.684,29081380.8441
,2074.578,2107.999,2060.553,2103.018,25494773.8647
,2103.472,2107.476,2084.975,2088.772,16084268.5699
,2088.488,2114.494,2087.682,2106.779,12940756.7978
,2106.779,2106.779,2106.779,2106.779,0.0
,2106.978,2113.794,2106.978,2110.582,164719.9988
,2110.473,2114.998,2101.251,2103.789,5635266.7809
,2103.787,2108.8,2090.601,2093.274,19444030.7617
,2093.57,2097.194,2060.19,2063.785,10739810.9436
,2063.767,2067.222,2041.342,2057.462,41903251.6479
,2057.5,2065.6,2049.468,2059.888,52149532.3181
,2059.888,2059.888,2059.888,2059.888,0.0
,2060.684,2063.198,2057.676,2059.178,72480.0006
,2059.148,2089.487,2055.196,2083.45,19124540.329
,2083.481,2084.489,2064.181,2066.684,11072457.3135
2015-01-04,2066.667,2068.193,2041.359,2060.477,39447441.1011
2015-02-04,2060.145,2072.494,2051.938,2067.993,15080869.6747
2015-03-04,2066.13,2071.38,2045.88,2047.13,0.0
2015-04-04,2047.13,2047.13,2047.13,2047.13,0.0
2015-05-04,2048.147,2051.698,2047.456,2051.452,60559.9992
2015-06-04,2051.677,2087.695,2050.355,2079.068,5814187.0499
2015-07-04,2079.188,2090.497,2073.937,2075.691,22581863.4033
2015-08-04,2075.684,2086.524,2072.175,2081.1,37164585.1135
2015-09-04,2079.99,2093.367,2072.933,2090.98,29242250.4425
2015-10-04,2092.538,2102.476,2089.978,2101.977,22841999.054
2015-11-04,2101.977,2101.977,2101.977,2101.977,0.0
2015-12-04,2101.977,2101.977,2101.977,2101.977,0.0
,2099.894,2107.551,2091.584,2091.917,25390249.2523
,2096.032,2099.196,2082.324,2097.186,32171600.3418
,2096.964,2112.199,2093.805,2107.981,36375961.3037
,2107.654,2111.548,2095.345,2108.175,28011240.0055
,2108.184,2108.485,2071.195,2083.489,31966249.4659
,2083.489,2083.489,2083.489,2083.489,0.0
,2083.489,2083.489,2083.489,2083.489,0.0
,2089.48,2104.699,2087.807,2100.49,1542709.9466
,2102.609,2112.481,2094.905,2097.972,4466639.9956
,2099.344,2109.915,2086.669,2107.696,31929826.7365
,2105.694,2120.688,2093.963,2113.492,9339759.8267
,2109.962,2120.984,2109.957,2117.988,4367159.8434
,2117.988,2117.988,2117.988,2117.988,0.0
,2117.988,2117.988,2117.988,2117.988,0.0
,2118.678,2125.99,2106.599,2108.994,7212269.783
,2108.988,2116.493,2094.469,2115.997,23374959.9457
,2115.456,2118.993,2096.958,2106.688,28202043.5333
,2104.979,2106.499,2076.67,2085.682,12596371.6507
2015-01-05,2090.649,2108.72,2089.959,2107.672,7160930.1567
2015-02-05,2107.672,2107.672,2107.672,2107.672,0.0
2015-03-05,2107.672,2107.672,2107.672,2107.672,0.0
2015-04-05,2106.149,2121.178,2104.172,2114.49,6428490.1619
2015-05-05,2113.488,2117.997,2087.971,2089.674,24812633.5144
2015-06-05,2093.686,2098.159,2066.741,2079.68,52854339.5996
2015-07-05,2079.695,2093.139,2062.389,2087.983,38292205.8105
2015-08-05,2091.47,2118.198,2089.749,2115.194,6321249.9619
2015-09-05,2115.194,2115.194,2115.194,2115.194,0.0
2015-10-05,2115.194,2115.194,2115.194,2115.194,0.0
2015-11-05,2113.493,2117.935,2103.595,2104.495,21918979.6448
2015-12-05,2104.199,2105.495,2083.42,2098.481,37160495.7581
,2104.691,2110.499,2095.952,2098.98,12567420.0058
,2099.521,2121.997,2096.145,2120.995,5640989.7804
,2120.987,2126.499,2116.974,2122.983,9567319.87
,2122.983,2122.983,2122.983,2122.983,0.0
,2122.983,2122.983,2122.983,2122.983,0.0
,2121.495,2131.996,2115.35,2128.675,6350900.1732
,2131.488,2137.192,2124.323,2127.996,9426280.0217
,2127.692,2134.998,2122.025,2125.488,7412946.2242
,2122.191,2134.497,2119.152,2131.806,6475500.1068
,2133.197,2133.197,2125.966,2126.987,7604730.1292
,2126.987,2126.987,2126.987,2126.987,0.0
,2126.987,2126.987,2126.987,2126.987,0.0
,2127.994,2128.499,2120.942,2124.913,2103919.9829
,2123.488,2127.198,2098.971,2104.475,9215609.5505
,2105.691,2126.499,2103.674,2123.246,8146369.9341
,2120.65,2122.346,2112.29,2120.441,13983679.7714
,2121.676,2123.85,2103.753,2107.186,14475060.463
,2107.186,2107.186,2107.186,2107.186,0.0
,2107.186,2107.186,2107.186,2107.186,0.0
2015-01-06,2114.181,2120.0,2102.652,2112.178,10355923.6526
2015-02-06,2111.189,2117.721,2096.452,2109.482,20149154.6631
2015-03-06,2110.175,2122.495,2108.984,2115.475,10145380.0201
2015-04-06,2113.687,2115.195,2093.015,2097.978,12360236.1679
2015-05-06,2098.995,2104.5,2085.47,2093.181,11681650.1617
2015-06-06,2093.181,2093.181,2093.181,2093.181,0.0
2015-07-06,2093.181,2093.181,2093.181,2093.181,0.0
2015-08-06,2093.471,2095.046,2078.682,2079.843,16099309.9213
2015-09-06,2080.66,2086.19,2069.869,2079.7,22900279.9988
2015-10-06,2083.956,2109.483,2080.886,2105.048,26915769.577
2015-11-06,2105.539,2115.417,2103.525,2109.998,11332269.6686
2015-12-06,2105.252,2109.471,2090.957,2093.684,14410510.0632
,2093.684,2093.684,2093.684,2093.684,0.0
,2093.684,2093.684,2093.684,2093.684,0.0
,2087.181,2090.496,2072.172,2084.983,17100841.5222
,2081.495,2098.0,2070.916,2097.18,11776430.13
,2100.488,2107.992,2088.022,2100.698,15713569.6411
,2091.46,2127.493,2091.452,2121.688,11032476.4252
,2120.93,2125.742,2107.214,2107.227,12570788.3835
,2107.227,2107.227,2107.227,2107.227,0.0
,2107.227,2107.227,2107.227,2107.227,0.0
,2115.71,2129.679,2115.148,2122.76,15216673.851
,2127.19,2128.171,2119.237,2123.471,21158199.3103
,2122.678,2125.297,2108.141,2108.484,30667064.6667
,2111.819,2120.745,2100.473,2100.677,27089458.4656
,2100.984,2108.509,2094.196,2100.991,26711465.8356
,2100.991,2100.991,2100.991,2100.991,0.0
,2100.991,2100.991,2100.991,2100.991,0.0
,2074.681,2090.861,2055.303,2056.497,34822608.9478
,2063.49,2076.7,2055.19,2060.97,22027149.2004
2015-01-07,2071.484,2085.578,2068.039,2077.626,11026974.678
2015-02-07,2077.999,2087.472,2070.674,2075.174,10152420.0439
2015-03-07,2078.442,2079.499,2071.66,2072.68,4400519.8479
2015-04-07,2072.68,2072.68,2072.68,2072.68,0.0
2015-05-07,2072.68,2072.68,2072.68,2072.68,0.0
2015-06-07,2053.69,2078.958,2053.669,2068.999,30981954.5746
2015-07-07,2081.989,2086.2,2043.476,2082.495,11355068.2068
2015-08-07,2065.986,2071.494,2044.186,2047.176,21196765.8997
2015-09-07,2061.311,2075.699,2050.372,2050.414,8832036.0184
2015-10-07,2071.148,2081.994,2066.475,2077.191,5791354.1794
2015-11-07,2077.191,2077.191,2077.191,2077.191,0.0
2015-12-07,2077.191,2077.191,2077.191,2077.191,0.0
,2072.479,2100.7,2068.267,2099.529,9821610.4507
,2100.458,2112.2,2097.476,2108.485,4662360.1913
,2110.64,2114.424,2101.993,2107.984,9238659.8587
,2118.036,2124.5,2116.142,2124.45,6352759.8381
,2123.487,2126.698,2119.671,2125.478,12534410.4767
,2125.478,2125.478,2125.478,2125.478,0.0
,2125.478,2125.478,2125.478,2125.478,0.0
,2126.499,2133.265,2123.481,2126.672,7583600.9979
,2130.739,2131.698,2114.971,2118.984,3780394.0773
,2112.483,2118.599,2108.515,2113.839,11918899.5361
,2119.671,2120.838,2098.229,2102.995,3904594.8982
,2106.489,2110.695,2076.707,2080.689,9258805.275
,2080.689,2080.689,2080.689,2080.689,0.0
,2080.689,2080.689,2080.689,2080.689,0.0
,2085.186,2087.198,2063.453,2068.696,6918455.1239
,2079.486,2095.753,2068.496,2093.683,14272116.6611
,2092.688,2110.999,2092.049,2107.174,11836707.1152
,2106.491,2110.7,2094.626,2108.691,7713964.9391
,2110.47,2115.989,2102.205,2105.117,7180355.072
2015-01-08,2105.117,2105.117,2105.117,2105.117,0.0
2015-02-08,2105.117,2105.117,2105.117,2105.117,0.0
2015-03-08,2102.604,2109.169,2086.973,2097.856,10946624.7559
2015-04-08,2098.152,2102.995,2088.17,2094.179,14407879.8294
2015-05-08,2093.197,2113.697,2091.747,2101.978,1656239.9864
2015-06-08,2096.313,2104.488,2075.413,2083.479,10716790.1993
2015-07-08,2086.172,2087.994,2067.46,2078.497,13910440.4449
2015-08-08,2078.497,2078.497,2078.497,2078.497,0.0
2015-09-08,2078.497,2078.497,2078.497,2078.497,0.0
2015-10-08,2084.987,2105.99,2079.15,2105.182,7085636.1389
2015-11-08,2095.487,2099.493,2075.809,2084.496,8616251.9455
2015-12-08,2072.141,2089.697,2051.589,2086.5,15424571.991
,2092.67,2097.186,2077.644,2085.151,14124511.7188
,2084.472,2092.7,2077.971,2091.344,10525670.0516
,2091.344,2091.344,2091.344,2091.344,0.0
,2091.344,2091.344,2091.344,2091.344,0.0
,2092.995,2102.996,2078.478,2102.89,22203823.0896
,2102.645,2103.995,2094.153,2096.69,4668179.9889
,2091.478,2096.694,2070.146,2078.999,9342839.241
,2076.193,2076.7,2035.676,2035.701,31072483.0627
,2018.2,2031.645,1970.971,1971.699,36145103.4546
,1971.699,1971.699,1971.699,1971.699,0.0
,1971.699,1971.699,1971.699,1971.699,0.0
,1925.492,1953.496,1850.036,1887.443,33856292.7246
,1897.186,1952.42,1867.162,1869.35,49861202.24
,1902.975,1944.108,1879.474,1943.467,38231792.45
,1941.717,1990.685,1938.598,1990.672,8781798.3627
,1983.148,1993.681,1969.994,1987.19,25100137.7106
,1987.19,1987.19,1987.19,1987.19,0.0
,1987.19,1987.19,1987.19,1987.19,0.0
,1973.462,1986.186,1965.104,1970.684,24743669.5099
2015-01-09,1937.167,1945.997,1901.676,1906.191,35918407.4402
2015-02-09,1934.706,1949.505,1919.289,1948.995,74572731.0181
2015-03-09,1949.19,1975.978,1944.984,1950.175,12318924.9039
2015-04-09,1934.32,1943.991,1910.488,1921.362,25095792.7704
2015-05-09,1921.362,1921.362,1921.362,1921.362,0.0
2015-06-09,1921.362,1921.362,1921.362,1921.362,0.0
2015-07-09,1934.993,1944.536,1930.48,1932.707,27614259.7198
2015-08-09,1939.24,1970.818,1934.824,1969.196,63025798.7976
2015-09-09,1986.165,1993.691,1937.472,1941.186,21462650.2991
2015-10-09,1952.198,1968.489,1930.163,1951.882,26754491.806
2015-11-09,1955.438,1960.925,1938.002,1959.899,27718740.4633
2015-12-09,1959.899,1959.899,1959.899,1959.899,0.0
,1959.899,1959.899,1959.899,1959.899,0.0
,1962.996,1970.549,1947.545,1953.097,25069219.5892
,1955.475,1983.497,1945.919,1977.832,38399059.2957
,1976.496,1997.549,1975.058,1995.021,21850952.1484
,1995.955,2021.221,1985.867,1989.951,48412223.8159
,1988.996,1992.999,1952.169,1956.691,69558082.5806
,1956.691,1956.691,1956.691,1956.691,0.0
,1956.691,1956.691,1956.691,1956.691,0.0
,1954.647,1979.693,1952.802,1967.261,28015396.1182
,1971.125,1973.691,1928.566,1942.164,28613019.9432
,1925.931,1952.499,1925.475,1938.128,30050300.5981
,1933.692,1946.993,1908.155,1932.096,25734140.3961
,1937.67,1961.019,1921.471,1931.49,16953222.2748
,1931.49,1931.49,1931.49,1931.49,0.0
,1931.49,1931.49,1931.49,1931.49,0.0
,1929.69,1939.643,1878.405,1882.657,36496643.0664
,1875.237,1899.049,1870.461,1883.153,90679656.9824
,1900.22,1919.823,1896.097,1917.784,61596401.2146
2015-01-10,1933.983,1938.945,1899.941,1923.176,83445800.7813
2015-02-10,1925.82,1951.494,1892.948,1951.06,79615104.6753
2015-03-10,1951.06,1951.06,1951.06,1951.06,0.0
2015-04-10,1951.06,1951.06,1951.06,1951.06,0.0
2015-05-10,1953.196,1989.7,1947.97,1987.479,18248220.4437
2015-06-10,1977.695,1991.998,1972.463,1980.323,16855342.865
2015-07-10,1981.173,1999.829,1975.902,1995.971,34154350.2808
2015-08-10,1981.689,2016.998,1979.485,2013.289,24638341.9037
2015-09-10,2016.996,2021.996,2007.146,2014.823,11596700.6683
2015-10-10,2014.823,2014.823,2014.823,2014.823,0.0
2015-11-10,2014.823,2014.823,2014.823,2014.823,0.0
2015-12-10,2015.191,2019.716,2010.643,2016.684,19920360.5652
,2015.722,2022.212,2001.463,2003.435,15826669.693
,2000.971,2009.499,1990.471,1994.109,17251110.0769
,2003.685,2024.274,1996.859,2023.899,73189979.5532
,2024.969,2033.669,2020.134,2032.161,53594146.7285
,2032.161,2032.161,2032.161,2032.161,0.0
,2032.161,2032.161,2032.161,2032.161,0.0
,2028.362,2035.201,2021.702,2034.225,66812812.8052
,2032.381,2039.099,2025.987,2031.561,21282449.7223
,2037.425,2038.95,2017.055,2019.344,53635604.8584
,2021.286,2055.387,2019.721,2052.507,61123058.3191
,2064.126,2081.344,2060.55,2075.708,51782405.8533
,2075.708,2075.708,2075.708,2075.708,0.0
,2075.708,2075.708,2075.708,2075.708,0.0
,2067.88,2074.595,2064.353,2070.396,38250797.2717
,2065.582,2070.396,2058.143,2065.876,38281562.8052
,2069.568,2090.098,2062.353,2090.074,19614349.3652
,2084.537,2092.584,2079.527,2088.696,23000642.7765
,2098.356,2099.402,2079.601,2079.795,57813789.3677
,2079.795,2079.795,2079.795,2079.795,0.0
2015-01-11,2079.795,2079.795,2079.795,2079.795,0.0
2015-02-11,2071.066,2103.599,2070.547,2103.369,16539909.3628
2015-03-11,2100.118,2116.469,2095.35,2114.011,27736110.6873
2015-04-11,2108.191,2115.4,2096.385,2103.411,36755592.3462
2015-05-11,2102.179,2110.146,2089.86,2098.058,19298879.6234
2015-06-11,2100.565,2103.714,2082.901,2098.858,105386726.3794
2015-07-11,2098.858,2098.858,2098.858,2098.858,0.0
2015-08-11,2098.858,2098.858,2098.858,2098.858,0.0
2015-09-11,2098.59,2098.964,2067.288,2079.096,42719711.3037
2015-10-11,2082.078,2083.449,2069.453,2083.088,56131198.8831
2015-11-11,2083.568,2091.695,2074.271,2074.594,29898820.8771
2015-12-11,2078.089,2082.1,2045.551,2046.072,24887626.6479
,2046.389,2050.6,2021.551,2022.557,26296445.8466
,2022.557,2022.557,2022.557,2022.557,0.0
,2022.557,2022.557,2022.557,2022.557,0.0
,2012.681,2053.582,2012.158,2053.228,90822479.248
,2053.891,2066.895,2045.399,2050.882,28633584.9762
,2050.086,2085.971,2046.758,2084.593,24465669.632
,2086.092,2092.4,2078.355,2080.991,28584316.2537
,2082.364,2097.095,2080.85,2089.579,23638952.2552
,2089.579,2089.579,2089.579,2089.579,0.0
,2089.579,2089.579,2089.579,2089.579,0.0
,2092.896,2095.649,2080.874,2085.854,22485210.4187
,2087.355,2094.094,2068.971,2089.352,23733659.7443
,2089.093,2095.1,2085.368,2089.053,20002439.4989
,2092.357,2100.411,2091.055,2098.08,11280480.3848
,2089.805,2093.69,2083.779,2090.593,17439920.4254
,2090.593,2090.593,2090.593,2090.593,0.0
,2090.593,2090.593,2090.593,2090.593,0.0
,2088.077,2096.599,2080.466,2081.064,21697799.6826
2015-01-12,2092.399,2103.099,2085.355,2102.349,35257804.8706
2015-02-12,2104.897,2106.1,2076.378,2079.386,23046510.6964
2015-03-12,2085.087,2096.738,2041.883,2049.585,93097419.7388
2015-04-12,2056.56,2094.429,2048.608,2090.558,87324180.603
2015-05-12,2090.558,2090.558,2090.558,2090.558,0.0
2015-06-12,2090.558,2090.558,2090.558,2090.558,0.0
2015-07-12,2088.068,2096.424,2065.386,2077.055,76659980.7739
2015-08-12,2074.166,2078.219,2051.411,2062.6,83491287.2314
2015-09-12,2064.659,2080.493,2035.017,2046.876,95353599.5483
2015-10-12,2048.138,2067.699,2044.582,2051.561,86478904.7241
2015-11-12,2054.575,2055.889,2008.087,2010.653,38699714.6606
2015-12-12,2010.653,2010.653,2010.653,2010.653,0.0
,2010.653,2010.653,2010.653,2010.653,0.0
,2020.353,2028.897,1992.884,2023.2,81727401.7334
,2020.871,2054.187,2019.544,2043.951,62025611.8774
,2051.155,2076.921,2040.205,2072.892,83565856.9336
,2067.189,2081.894,2041.05,2041.382,36963829.0405
,2028.997,2039.193,2004.77,2005.07,86027748.1079
,2005.07,2005.07,2005.07,2005.07,0.0
,2005.07,2005.07,2005.07,2005.07,0.0
,2009.275,2024.012,2005.344,2021.389,63179851.532
,2028.882,2043.499,2016.569,2039.899,29071350.0977
,2041.926,2065.778,2041.308,2064.684,41600952.1484
,2058.07,2067.896,2056.238,2060.081,4234039.7835
,2060.081,2060.081,2060.081,2060.081,0.0
,2060.081,2060.081,2060.081,2060.081,0.0
,2060.081,2060.081,2060.081,2060.081,0.0
,2057.49,2059.898,2043.553,2056.063,2077749.9676
,2058.853,2082.398,2058.362,2079.558,23000989.9139
,2079.571,2079.996,2060.65,2062.577,45544399.2615
,2064.383,2064.497,2044.357,2057.582,3849989.8911
2016-01-01,2057.582,2057.582,2057.582,2057.582,0.0
2016-02-01,2057.582,2057.582,2057.582,2057.582,0.0
2016-03-01,2057.582,2057.582,2057.582,2057.582,0.0
2016-04-01,2024.328,2025.7,1988.929,2013.017,74411743.1641
2016-05-01,2021.164,2022.097,2001.051,2018.067,38873641.9678
2016-06-01,2001.598,2005.676,1978.567,1991.318,39945278.1677
2016-07-01,1964.1,1976.599,1938.061,1943.084,62242557.5256
2016-08-01,1960.581,1972.514,1917.795,1920.589,87463493.3472
2016-09-01,1920.589,1920.589,1920.589,1920.589,0.0
2016-10-01,1920.589,1920.589,1920.589,1920.589,0.0
2016-11-01,1911.078,1936.336,1900.084,1922.369,119262657.1655
2016-12-01,1911.869,1947.89,1908.569,1938.058,39841354.3701
,1945.777,1954.094,1885.85,1890.362,31895887.3749
,1900.856,1935.1,1879.07,1921.071,43513439.1785
,1905.45,1910.201,1856.651,1879.099,111862380.9814
,1879.099,1879.099,1879.099,1879.099,0.0
,1879.099,1879.099,1879.099,1879.099,0.0
,1886.241,1897.321,1874.312,1880.372,65287452.6978
,1901.109,1914.834,1863.797,1881.6,79970634.4604
,1848.554,1875.95,1811.082,1858.897,113511177.063
,1853.079,1890.224,1843.298,1867.386,114887680.0537
,1886.531,1909.25,1883.976,1906.595,101825302.124
,1906.595,1906.595,1906.595,1906.595,0.0
,1906.595,1906.595,1906.595,1906.595,0.0
,1906.955,1907.822,1874.802,1877.583,99396820.0684
,1867.92,1906.485,1857.966,1903.098,104702186.5845
,1895.579,1916.597,1871.33,1882.362,125475593.5669
,1885.592,1909.074,1872.498,1892.093,132376144.4092
,1906.083,1939.162,1896.125,1938.86,9800040.2451
,1938.86,1938.86,1938.86,1938.86,0.0
,1938.86,1938.86,1938.86,1938.86,0.0
2016-01-02,1935.87,1946.687,1919.337,1937.896,63791690.8264
2016-02-02,1931.133,1932.532,1896.308,1903.083,84961532.5928
2016-03-02,1900.897,1918.884,1871.871,1913.397,38108436.5845
2016-04-02,1927.116,1927.747,1896.17,1915.858,68171699.5239
2016-05-02,1910.491,1920.1,1871.569,1879.354,80907478.3325
2016-06-02,1879.354,1879.354,1879.354,1879.354,0.0
2016-07-02,1879.354,1879.354,1879.354,1879.354,0.0
2016-08-02,1888.977,1889.987,1827.711,1853.209,76228446.9604
2016-09-02,1842.643,1869.372,1831.732,1854.128,64440452.5757
2016-10-02,1848.586,1881.992,1848.586,1851.362,34016819.0002
2016-11-02,1841.638,1845.066,1808.071,1827.098,117739624.0234
2016-12-02,1830.366,1864.88,1827.62,1864.626,35646060.9436
,1864.626,1864.626,1864.626,1864.626,0.0
,1864.626,1864.626,1864.626,1864.626,0.0
,1880.752,1893.998,1876.823,1889.13,60733390.8081
,1893.615,1895.63,1874.074,1895.34,38325088.501
,1888.111,1931.115,1884.797,1926.11,33271549.2249
,1927.954,1937.101,1915.096,1918.613,32965950.0122
,1923.866,1926.13,1901.846,1917.082,32146358.49
,1917.082,1917.082,1917.082,1917.082,0.0
,1917.082,1917.082,1917.082,1917.082,0.0
,1926.606,1946.868,1926.585,1944.614,29040283.2031
,1933.384,1941.129,1918.219,1920.828,31312150.9552
,1918.865,1932.369,1890.011,1929.378,32767391.2048
,1928.036,1952.113,1923.125,1951.966,34287151.3367
,1954.707,1971.37,1945.295,1947.864,20936859.1309
,1947.864,1947.864,1947.864,1947.864,0.0
,1947.864,1947.864,1947.864,1947.864,0.0
,1934.362,1958.477,1930.004,1930.859,95155433.6548
2016-01-03,1931.114,1977.64,1931.114,1976.822,99892898.5596
2016-02-03,1977.5,1986.38,1968.13,1981.5,0.0
2016-03-03,1986.621,1993.368,1976.578,1993.352,19768270.4926
2016-04-03,1992.104,2009.111,1985.85,2000.126,24006969.4519
2016-05-03,2000.126,2000.126,2000.126,2000.126,0.0
2016-06-03,2000.126,2000.126,2000.126,2000.126,0.0
2016-07-03,1995.129,2006.172,1986.589,2001.123,45482429.5044
2016-08-03,1992.603,1995.745,1977.411,1979.845,40911319.7327
2016-09-03,1985.426,1995.367,1979.025,1989.609,161009033.2031
2016-10-03,1989.724,2010.879,1968.346,1989.587,81097076.416
2016-11-03,2003.611,2022.624,2002.425,2021.859,139610122.6807
2016-12-03,2021.859,2021.859,2021.859,2021.859,0.0
,2021.859,2021.859,2021.859,2021.859,0.0
,2017.089,2024.501,2011.844,2019.181,73513298.0347
,2013.851,2016.099,2004.347,2016.07,54848468.7805
,2017.728,2032.102,2006.474,2026.856,61419498.4436
,2030.876,2046.128,2015.107,2040.487,88194931.0303
,2041.964,2052.854,2036.461,2048.87,101899253.8452
,2048.87,2048.87,2048.87,2048.87,0.0
,2048.87,2048.87,2048.87,2048.87,0.0
,2042.977,2054.099,2040.231,2051.039,125713096.6187
,2050.735,2057.356,2037.684,2050.847,11659839.6301
,2048.967,2054.868,2034.299,2037.879,11062479.9728
,2034.119,2035.868,2021.57,2035.595,23488599.7772
,2035.595,2035.595,2035.595,2035.595,0.0
,2035.595,2035.595,2035.595,2035.595,0.0
,2035.595,2035.595,2035.595,2035.595,0.0
,2043.861,2048.87,2031.339,2036.642,15042900.0854
,2040.491,2056.287,2028.082,2055.583,49151069.6411
,2056.82,2072.56,2056.437,2064.612,121069892.8833
,2059.813,2067.309,2055.075,2058.839,116537063.5986
2016-01-04,2054.981,2075.118,2043.366,2073.108,55566299.4385
2016-02-04,2073.108,2073.108,2073.108,2073.108,0.0
2016-03-04,2073.108,2073.108,2073.108,2073.108,0.0
2016-04-04,2075.008,2079.185,2062.116,2066.07,40468719.4824
2016-05-04,2057.853,2060.457,2042.079,2045.34,34503799.4385
2016-06-04,2053.108,2067.627,2042.335,2066.628,26519149.7803
2016-07-04,2066.122,2068.118,2033.066,2042.093,24925500.8698
2016-08-04,2048.115,2061.369,2041.344,2048.38,23210229.8737
2016-09-04,2048.38,2048.38,2048.38,2048.38,0.0
2016-10-04,2048.38,2048.38,2048.38,2048.38,0.0
2016-11-04,2047.368,2063.368,2039.759,2042.094,67638130.188
2016-12-04,2043.992,2065.118,2039.324,2061.618,26187969.2078
,2067.585,2083.618,2064.581,2082.351,26747680.6641
,2081.117,2087.866,2074.823,2081.838,25659610.7483
,2083.252,2083.896,2075.837,2078.885,48087768.5547
,2078.885,2078.885,2078.885,2078.885,0.0
,2078.885,2078.885,2078.885,2078.885,0.0
,2067.952,2094.85,2064.832,2094.344,75817016.6016
,2095.119,2104.617,2091.256,2100.871,36943000.7935
,2093.749,2111.369,2091.968,2102.874,21810913.0859
,2109.325,2110.111,2088.101,2091.834,52347099.3042
,2091.575,2094.7,2080.836,2091.62,66449317.9321
,2091.62,2091.62,2091.62,2091.62,0.0
,2091.62,2091.62,2091.62,2091.62,0.0
,2089.617,2091.526,2077.003,2087.977,68692291.2598
,2088.861,2096.877,2085.334,2091.365,18327600.4791
,2088.356,2099.861,2082.074,2095.119,26096017.8375
,2084.605,2099.174,2071.084,2076.241,47019306.1829
,2077.135,2081.125,2051.581,2064.179,43941158.2947
,2064.179,2064.179,2064.179,2064.179,0.0
2016-01-05,2064.179,2064.179,2064.179,2064.179,0.0
2016-02-05,2064.592,2083.239,2062.848,2080.608,58499599.4568
2016-03-05,2078.885,2080.626,2053.884,2063.117,76553611.7554
2016-04-05,2061.109,2064.879,2044.952,2050.746,46755134.5825
2016-05-05,2059.104,2065.62,2044.842,2050.613,27571846.0083
2016-06-05,2046.999,2057.996,2035.969,2057.326,64735176.0864
2016-07-05,2057.326,2057.326,2057.326,2057.326,0.0
2016-08-05,2057.326,2057.326,2057.326,2057.326,0.0
2016-09-05,2060.368,2065.113,2053.686,2060.107,42977260.5896
2016-10-05,2064.533,2084.971,2062.863,2084.605,36722629.5471
2016-11-05,2078.097,2082.62,2064.234,2064.235,23007919.3115
2016-12-05,2066.829,2076.87,2052.605,2065.119,28587041.8549
,2056.369,2067.619,2042.597,2046.61,30700839.9963
,2046.61,2046.61,2046.61,2046.61,0.0
,2046.61,2046.61,2046.61,2046.61,0.0
,2049.857,2072.119,2045.58,2066.378,11856300.354
,2067.863,2072.369,2040.083,2047.348,27744092.9413
,2046.877,2060.869,2034.1,2046.586,30103221.8933
,2040.097,2044.124,2025.333,2039.084,26081720.3522
,2048.863,2058.798,2044.093,2052.858,23917581.5582
,2052.858,2052.858,2052.858,2052.858,0.0
,2052.858,2052.858,2052.858,2052.858,0.0
,2054.111,2059.118,2046.237,2050.087,56929271.698
,2045.347,2079.873,2044.047,2075.862,21742830.2765
,2081.189,2094.983,2080.288,2089.525,25586490.6311
,2087.649,2094.112,2086.528,2090.076,13514739.9902
,2093.3,2100.17,2089.93,2099.42,0.0
,2099.42,2099.42,2099.42,2099.42,0.0
,2099.42,2099.42,2099.42,2099.42,0.0
,2104.67,2105.034,2101.631,2103.546,5123519.8975
,2103.165,2103.42,2087.663,2094.707,74367103.5767
2016-01-06,2094.878,2100.669,2084.431,2098.405,18760103.2257
2016-02-06,2093.924,2105.171,2088.366,2105.138,17805431.366
2016-03-06,2104.641,2107.425,2084.24,2098.645,14793129.921
2016-04-06,2098.645,2098.645,2098.645,2098.645,0.0
2016-05-06,2098.645,2098.645,2098.645,2098.645,0.0
2016-06-06,2099.349,2113.862,2096.535,2110.102,67673843.3838
2016-07-06,2110.331,2119.098,2110.326,2112.615,23828140.2588
2016-08-06,2111.644,2120.669,2109.377,2119.147,15910189.6286
2016-09-06,2116.428,2117.791,2107.382,2116.129,17757030.4871
2016-10-06,2112.633,2113.928,2089.228,2095.564,38961368.5608
2016-11-06,2095.564,2095.564,2095.564,2095.564,0.0
2016-12-06,2095.564,2095.564,2095.564,2095.564,0.0
,2087.768,2098.172,2077.994,2079.264,55159549.7131
,2080.698,2081.751,2063.449,2074.915,22050537.1094
,2072.771,2086.247,2069.692,2072.331,21614055.6335
,2064.078,2079.879,2050.019,2077.865,23240169.5251
,2080.821,2080.86,2062.087,2070.322,41001918.7927
,2070.322,2070.322,2070.322,2070.322,0.0
,2070.322,2070.322,2070.322,2070.322,0.0
,2090.203,2101.097,2082.418,2083.624,37223228.4546
,2089.715,2094.506,2082.228,2088.007,24175289.1541
,2090.606,2099.613,2083.586,2085.355,35504161.8347
,2096.85,2112.642,2092.728,2112.473,66603431.7017
,2011.771,2074.037,2009.564,2036.605,83703849.7925
,2036.605,2036.605,2036.605,2036.605,0.0
,2036.605,2036.605,2036.605,2036.605,0.0
,2021.783,2031.301,1990.83,2000.114,94815277.0996
,2011.427,2035.608,2009.11,2035.587,89000778.1982
,2040.407,2073.111,2039.284,2070.474,85326667.7856
,2070.99,2099.627,2065.135,2099.34,71122161.8652
2016-01-07,2096.371,2108.876,2089.835,2103.022,45259288.7878
2016-02-07,2103.022,2103.022,2103.022,2103.022,0.0
2016-03-07,2103.022,2103.022,2103.022,2103.022,0.0
2016-04-07,2108.258,2112.364,2103.08,2106.859,10128299.7131
2016-05-07,2100.594,2101.119,2080.273,2088.327,56407951.355
2016-06-07,2085.156,2101.194,2073.073,2098.083,48474258.4229
2016-07-07,2100.359,2109.12,2088.972,2097.838,28291580.2002
2016-08-07,2096.486,2132.119,2095.699,2128.615,31646400.4517
2016-09-07,2128.615,2128.615,2128.615,2128.615,0.0
2016-10-07,2128.615,2128.615,2128.615,2128.615,0.0
2016-11-07,2135.739,2143.367,2129.59,2136.279,58470729.8279
2016-12-07,2137.349,2155.878,2136.845,2152.074,27650979.9957
,2149.511,2157.837,2145.495,2151.868,111087333.6792
,2154.083,2174.24,2153.844,2163.515,15763114.9292
,2158.833,2170.868,2155.073,2160.06,48015861.5112
,2160.06,2160.06,2160.06,2160.06,0.0
,2160.06,2160.06,2160.06,2160.06,0.0
,2164.357,2169.5,2158.482,2166.366,21914386.7493
,2163.88,2164.748,2157.622,2164.333,20735910.4156
,2164.838,2175.862,2163.971,2172.533,17203699.1119
,2173.066,2175.929,2159.155,2164.493,99495948.7915
,2162.776,2175.067,2162.735,2174.574,67022239.6851
,2174.574,2174.574,2174.574,2174.574,0.0
,2174.574,2174.574,2174.574,2174.574,0.0
,2171.915,2176.817,2161.731,2168.716,7740069.8662
,2169.92,2173.394,2159.365,2169.252,94576637.2681
,2172.141,2174.355,2157.831,2167.298,134627075.1953
,2169.673,2173.684,2159.096,2169.603,73690826.416
,2168.483,2177.068,2162.87,2172.508,76187927.2461
,2172.508,2172.508,2172.508,2172.508,0.0
,2172.508,2172.508,2172.508,2172.508,0.0
2016-01-08,2182.15,2182.97,2165.412,2170.347,74246871.9482
2016-02-08,2172.865,2174.808,2147.28,2157.598,54670425.415
2016-03-08,2155.119,2163.45,2150.583,2163.107,21192249.2981
2016-04-08,2162.592,2168.849,2158.239,2163.987,56290790.5579
2016-05-08,2166.531,2182.799,2165.343,2182.094,58227508.5449
2016-06-08,2182.094,2182.094,2182.094,2182.094,0.0
2016-07-08,2182.094,2182.094,2182.094,2182.094,0.0
2016-08-08,2182.321,2186.772,2177.189,2180.107,79265632.6294
2016-09-08,2180.096,2187.491,2177.91,2181.511,70922111.5112
2016-10-08,2179.551,2184.831,2171.28,2175.726,71667869.5679
2016-11-08,2178.321,2188.448,2175.317,2185.709,79899948.1201
2016-12-08,2184.067,2186.76,2178.53,2183.515,80656990.0513
,2183.515,2183.515,2183.515,2183.515,0.0
,2183.515,2183.515,2183.515,2183.515,0.0
,2185.885,2193.53,2184.843,2189.919,54075290.6799
,2185.552,2188.623,2177.18,2178.342,3845540.0467
,2181.043,2183.116,2167.758,2181.54,3077009.9163
,2183.534,2186.957,2178.365,2186.37,41513607.0251
,2185.171,2185.712,2174.85,2183.519,57315048.2178
,2183.519,2183.519,2183.519,2183.519,0.0
,2183.519,2183.519,2183.519,2183.519,0.0
,2179.236,2186.317,2175.442,2182.726,83151283.2642
,2183.626,2193.333,2183.25,2186.992,76848800.6592
,2185.743,2189.233,2170.581,2176.808,102713691.7114
,2177.483,2179.069,2169.325,2173.591,87544731.1401
,2175.511,2188.33,2158.823,2169.338,74285331.7261
,2169.338,2169.338,2169.338,2169.338,0.0
,2169.338,2169.338,2169.338,2169.338,0.0
,2168.846,2183.58,2166.084,2180.215,65604721.0693
,2179.888,2182.132,2169.541,2176.198,84306289.6729
,2174.992,2176.51,2160.111,2169.195,88356231.6895
2016-01-09,2174.476,2178.118,2155.799,2169.67,67719612.1216
2016-02-09,2167.956,2184.813,2165.542,2179.369,86043418.8843
2016-03-09,2179.369,2179.369,2179.369,2179.369,0.0
2016-04-09,2179.369,2179.369,2179.369,2179.369,0.0
2016-05-09,2182.867,2183.235,2176.163,2179.384,44780818.9392
2016-06-09,2180.464,2186.709,2174.418,2186.319,61630439.7583
2016-07-09,2185.97,2187.369,2178.27,2185.77,24059539.7949
2016-08-09,2186.97,2190.04,2176.799,2180.22,24806859.9701
2016-09-09,2178.04,2178.92,2127.448,2128.369,47115966.7969
2016-10-09,2128.369,2128.369,2128.369,2128.369,0.0
2016-11-09,2128.369,2128.369,2128.369,2128.369,0.0
2016-12-09,2112.729,2163.378,2107.962,2158.92,80396087.6465
,2150.719,2150.719,2119.118,2127.04,88280639.6484
,2133.766,2141.325,2119.117,2125.419,75508560.1807
,2121.452,2151.112,2118.473,2146.39,49237358.0933
,2141.479,2142.705,2130.35,2137.27,65739212.0361
,2137.27,2137.27,2137.27,2137.27,0.0
,2137.27,2137.27,2137.27,2137.27,0.0
,2146.946,2153.806,2135.148,2138.739,66131866.4551
,2144.22,2150.834,2138.664,2139.02,48057544.7083
,2145.519,2164.7,2138.812,2162.72,37406120.3003
,2161.594,2179.899,2160.09,2175.839,35694950.1038
,2175.106,2176.8,2163.67,2164.799,30914659.5001
,2164.799,2164.799,2164.799,2164.799,0.0
,2164.799,2164.799,2164.799,2164.799,0.0
,2160.8,2162.091,2144.412,2146.299,32767162.323
,2159.289,2161.29,2140.47,2160.22,14139209.7473
,2157.719,2172.289,2151.049,2170.22,16226739.8834
,2173.17,2173.79,2144.382,2151.549,29550340.6525
,2147.92,2175.29,2142.892,2167.219,37169963.8367
2016-01-10,2167.219,2167.219,2167.219,2167.219,0.0
2016-02-10,2167.219,2167.219,2167.219,2167.219,0.0
2016-03-10,2167.54,2169.692,2153.219,2160.589,42469867.7063
2016-04-10,2162.47,2167.025,2143.44,2150.22,46785346.9849
2016-05-10,2150.31,2164.52,2147.649,2159.059,24160800.9338
2016-06-10,2158.62,2162.748,2149.669,2160.67,25466049.1943
2016-07-10,2158.293,2167.655,2144.169,2152.869,46941318.512
2016-08-10,2152.869,2152.869,2152.869,2152.869,0.0
2016-09-10,2152.869,2152.869,2152.869,2152.869,0.0
2016-10-10,2158.169,2169.92,2155.039,2164.17,16724750.5188
2016-11-10,2160.719,2162.719,2127.919,2138.02,31118875.5035
2016-12-10,2141.52,2145.84,2131.77,2138.849,44907619.4763
,2123.119,2138.39,2113.369,2133.304,42228439.3311
,2133.64,2149.809,2131.081,2133.52,20005779.2664
,2133.52,2133.52,2133.52,2133.52,0.0
,2133.52,2133.52,2133.52,2133.52,0.0
,2127.019,2136.02,2123.809,2126.559,16523700.7141
,2136.889,2145.65,2135.095,2138.906,18216400.1465
,2139.33,2148.22,2132.852,2144.06,35141311.6455
,2147.238,2147.948,2132.483,2139.92,40178180.6946
,2136.872,2142.57,2129.454,2140.119,31091020.5841
,2140.119,2140.119,2140.119,2140.119,0.0
,2140.119,2140.119,2140.119,2140.119,0.0
,2143.966,2154.714,2143.706,2149.87,25112169.2657
,2154.119,2155.45,2141.199,2143.37,8765830.04
,2140.07,2145.94,2130.669,2139.439,18354242.3248
,2136.542,2149.52,2132.375,2133.37,17195749.2828
,2131.12,2140.94,2118.085,2127.37,19014478.6835
,2127.37,2127.37,2127.37,2127.37,0.0
,2127.37,2127.37,2127.37,2127.37,0.0
,2135.689,2135.87,2125.004,2125.357,15294981.0028
2016-01-11,2133.95,2135.19,2096.95,2111.619,18680860.5194
2016-02-11,2101.969,2111.589,2093.099,2097.877,38370090.4846
2016-03-11,2092.889,2103.619,2084.64,2088.628,30665990.8295
2016-04-11,2089.649,2099.14,2084.149,2084.997,16701810.8368
2016-05-11,2084.997,2084.997,2084.997,2084.997,0.0
2016-06-11,2084.997,2084.997,2084.997,2084.997,0.0
2016-07-11,2112.31,2132.39,2110.889,2131.559,13326999.6643
2016-08-11,2131.31,2147.389,2123.139,2139.889,13053429.6036
2016-09-11,2054.519,2170.349,2054.219,2163.769,64983070.3735
2016-10-11,2168.519,2184.109,2151.599,2168.599,32214847.5647
2016-11-11,2171.469,2173.6,2151.903,2163.839,22966373.4436
2016-12-11,2163.839,2163.839,2163.839,2163.839,0.0
,2163.839,2163.839,2163.839,2163.839,0.0
,2176.049,2177.839,2155.752,2163.939,18089456.5582
,2164.25,2182.57,2162.32,2181.47,0.0
,2183.159,2183.2,2171.488,2177.155,36521896.3623
,2177.369,2187.69,2174.2,2186.57,10143097.8775
,2185.069,2189.685,2178.802,2182.369,23886379.2419
,2182.369,2182.369,2182.369,2182.369,0.0
,2182.369,2182.369,2182.369,2182.369,0.0
,2186.45,2198.699,2181.266,2198.199,14234740.2573
,2203.189,2204.689,2194.156,2202.619,13562959.671
,2203.69,2205.7,2194.449,2203.69,12554450.0351
,2202.569,2209.2,2201.199,2208.19,5836190.2237
,2206.69,2212.62,2204.91,2212.62,7545578.0029
,2212.62,2212.62,2212.62,2212.62,0.0
,2212.62,2212.62,2212.62,2212.62,0.0
,2208.827,2211.269,2200.29,2202.133,22634790.4205
,2201.87,2210.57,2197.699,2205.12,28798959.7321
,2205.119,2214.869,2199.007,2199.07,19117530.8228
2016-01-12,2195.869,2203.94,2186.949,2190.619,24906352.9968
2016-02-12,2190.069,2197.766,2185.189,2192.619,17924419.4031
2016-03-12,2192.619,2192.619,2192.619,2192.619,0.0
2016-04-12,2192.619,2192.619,2192.619,2192.619,0.0
2016-05-12,2184.82,2209.44,2182.949,2204.44,21084499.3591
2016-06-12,2204.949,2212.737,2201.069,2212.44,27163419.7235
2016-07-12,2212.097,2241.613,2207.144,2240.049,39059490.2039
2016-08-12,2238.723,2251.8,2233.461,2246.219,22944709.7778
2016-09-12,2247.25,2261.07,2245.57,2260.07,0.0
2016-10-12,2260.07,2260.07,2260.07,2260.07,0.0
2016-11-12,2260.07,2260.07,2260.07,2260.07,0.0
2016-12-12,2260.05,2264.669,2252.301,2257.42,25364650.7263
,2257.369,2277.672,2256.533,2271.0,47031028.7476
,2271.078,2276.176,2247.32,2253.99,111325187.6831
,2258.221,2271.99,2251.83,2261.869,120543769.8364
,2264.049,2268.158,2254.146,2257.75,42846160.8887
,2257.75,2257.75,2257.75,2257.75,0.0
,2257.75,2257.75,2257.75,2257.75,0.0
,2264.169,2267.314,2257.781,2262.67,84041976.9287
,2264.863,2272.546,2264.004,2270.569,111888008.1177
,2268.643,2270.659,2263.447,2264.25,47176120.7581
,2259.799,2264.268,2254.549,2260.04,11866180.4199
,2263.002,2264.29,2257.289,2261.789,2733422.0409
,2261.789,2261.789,2261.789,2261.789,0.0
,2261.789,2261.789,2261.789,2261.789,0.0
,2261.789,2261.789,2261.789,2261.789,0.0
,2263.097,2273.104,2261.269,2266.6,1689784.05
,2268.357,2270.867,2246.849,2248.1,2306345.9396
,2249.519,2254.409,2244.258,2248.599,1155060.0529
,2255.387,2255.387,2232.349,2240.349,22678674.6979
,2240.349,2240.349,2240.349,2240.349,0.0
2017-01-01,2240.349,2240.349,2240.349,2240.349,0.0
2017-02-01,2240.349,2240.349,2240.349,2240.349,0.0
2017-03-01,2251.849,2263.59,2243.599,2256.589,78808639.5264
2017-04-01,2258.969,2271.85,2257.839,2269.589,10948559.761
2017-05-01,2266.34,2269.879,2258.849,2268.839,12711099.6246
2017-06-01,2268.199,2281.69,2263.199,2277.37,85400306.7017
2017-07-01,2277.37,2277.37,2277.37,2277.37,0.0
2017-08-01,2277.37,2277.37,2277.37,2277.37,0.0
2017-09-01,2279.84,2280.34,2268.849,2270.1,23269359.5886
2017-10-01,2267.59,2279.09,2264.839,2269.349,21690429.6875
2017-11-01,2267.27,2275.59,2260.35,2275.589,27335260.3912
2017-12-01,2269.969,2272.349,2253.849,2270.099,25646770.4773
,2271.089,2278.058,2268.1,2274.483,82204902.6489
,2274.483,2274.483,2274.483,2274.483,0.0
,2274.483,2274.483,2274.483,2274.483,0.0
,2271.547,2273.502,2270.005,2271.473,34867240.9058
,2269.667,2271.945,2262.301,2267.27,112226531.9824
,2271.629,2272.631,2262.883,2271.789,82367797.8516
,2271.299,2273.734,2257.697,2264.29,84007972.7173
,2267.809,2277.295,2264.467,2270.8,67641540.5273
,2270.8,2270.8,2270.8,2270.8,0.0
,2270.8,2270.8,2270.8,2270.8,0.0
,2263.72,2271.573,2256.061,2265.54,68776947.0215
,2265.79,2284.632,2263.91,2279.8,53574371.3379
,2281.565,2299.298,2281.524,2299.04,62482040.4053
,2302.501,2302.672,2293.658,2297.469,79064002.9907
,2298.22,2300.417,2290.917,2293.97,105164360.0464
,2293.97,2293.97,2293.97,2293.97,0.0
,2293.97,2293.97,2293.97,2293.97,0.0
,2287.109,2289.442,2267.01,2279.348,51282379.1504
,2274.161,2279.041,2266.336,2278.331,116958000.1831
2017-01-02,2284.601,2288.478,2272.01,2278.349,84359657.2876
2017-02-02,2269.729,2283.221,2268.523,2279.79,16051473.6176
2017-03-02,2277.384,2297.79,2277.371,2295.72,35223030.0903
2017-04-02,2295.72,2295.72,2295.72,2295.72,0.0
2017-05-02,2295.72,2295.72,2295.72,2295.72,0.0
2017-06-02,2295.29,2298.04,2287.469,2292.47,76586448.6694
2017-07-02,2290.539,2299.3,2289.539,2292.219,18741100.3113
2017-08-02,2294.099,2295.59,2284.849,2293.84,48410118.103
2017-09-02,2293.54,2311.29,2292.579,2307.049,21973360.0616
2017-10-02,2311.75,2318.94,2308.199,2316.199,23737649.9176
2017-11-02,2316.199,2316.199,2316.199,2316.199,0.0
2017-12-02,2316.199,2316.199,2316.199,2316.199,0.0
,2316.549,2331.79,2316.469,2328.549,26003709.7931
,2326.349,2337.84,2322.09,2337.469,25554019.928
,2339.15,2351.44,2332.899,2348.87,35506309.5093
,2349.82,2351.449,2338.439,2347.369,26434429.1687
,2344.369,2349.869,2337.949,2349.699,55094551.0864
,2349.699,2349.699,2349.699,2349.699,0.0
,2349.699,2349.699,2349.699,2349.699,0.0
,2354.95,2358.07,2350.869,2355.45,26923099.5178
,2352.219,2366.29,2350.549,2362.969,22287780.7617
,2363.14,2365.15,2356.75,2361.9,24583869.9341
,2361.74,2368.99,2354.679,2363.75,22919260.025
,2360.75,2366.74,2350.739,2366.419,12461475.3723
,2366.419,2366.419,2366.419,2366.419,0.0
,2366.419,2366.419,2366.419,2366.419,0.0
,2369.099,2371.34,2361.889,2368.849,17588111.8774
,2366.849,2369.34,2358.349,2363.52,16887920.3796
2017-01-03,2366.7,2401.005,2366.127,2394.95,38083099.3652
2017-02-03,2393.201,2394.5,2379.25,2380.499,37907398.2239
2017-03-03,2376.528,2383.64,2374.399,2381.569,18725070.9534
2017-04-03,2381.569,2381.569,2381.569,2381.569,0.0
2017-05-03,2381.569,2381.569,2381.569,2381.569,0.0
2017-06-03,2374.219,2379.09,2368.039,2375.469,26715080.2612
2017-07-03,2375.119,2375.189,2364.985,2367.699,30793010.7117
2017-08-03,2362.935,2373.19,2361.026,2362.939,25233070.3735
2017-09-03,2363.82,2369.15,2354.069,2364.82,22239595.4132
2017-10-03,2372.97,2379.65,2362.399,2372.319,25481710.434
2017-11-03,2372.319,2372.319,2372.319,2372.319,0.0
2017-12-03,2372.319,2372.319,2372.319,2372.319,0.0
,2370.934,2374.45,2367.419,2373.749,20304389.9536
,2372.94,2373.45,2357.52,2365.019,23112060.5469
,2369.549,2390.219,2368.539,2384.572,17105009.079
,2387.02,2391.399,2376.389,2380.389,14590709.6863
,2380.32,2385.44,2376.02,2377.439,34459140.7776
,2377.439,2377.439,2377.439,2377.439,0.0
,2377.439,2377.439,2377.439,2377.439,0.0
,2373.55,2379.3,2369.049,2373.049,28636980.0568
,2377.049,2381.919,2341.771,2343.419,62931373.5962
,2337.539,2352.04,2335.639,2348.29,56005798.3398
,2351.239,2359.01,2341.305,2344.749,39128726.9592
,2349.57,2355.739,2334.83,2344.58,27489482.8796
,2344.58,2344.58,2344.58,2344.58,0.0
,2344.58,2344.58,2344.58,2344.58,0.0
,2330.099,2344.72,2321.108,2340.97,21419502.2583
,2346.899,2363.88,2336.929,2358.02,5019908.905
,2357.369,2362.749,2352.039,2360.249,4589510.9177
,2362.17,2370.04,2356.79,2368.04,4249479.7707
,2362.799,2370.55,2360.799,2362.05,3009779.9301
2017-01-04,2362.05,2362.05,2362.05,2362.05,0.0
2017-02-04,2362.05,2362.05,2362.05,2362.05,0.0
2017-03-04,2363.87,2366.87,2343.749,2358.239,29791339.8743
2017-04-04,2354.97,2360.57,2348.47,2360.27,94289329.5288
2017-05-04,2358.27,2378.569,2349.669,2351.87,124773727.417
2017-06-04,2344.25,2363.734,2342.569,2357.07,143268096.9238
2017-07-04,2349.699,2363.5,2348.699,2355.02,144370819.0918
2017-08-04,2355.02,2355.02,2355.02,2355.02,0.0
2017-09-04,2355.02,2355.02,2355.02,2355.02,0.0
2017-10-04,2358.919,2366.05,2350.549,2355.62,69940132.1411
2017-11-04,2352.94,2356.34,2336.2,2352.819,151223068.2373
2017-12-04,2352.4,2359.39,2340.65,2344.019,136605163.5742
,2346.019,2348.389,2328.72,2329.389,37863121.0327
,2329.389,2329.389,2329.389,2329.389,0.0
,2329.389,2329.389,2329.389,2329.389,0.0
,2329.389,2329.389,2329.389,2329.389,0.0
,2328.609,2348.909,2327.39,2348.769,16587369.9188
,2347.87,2348.869,2333.769,2341.47,82583358.7646
,2343.469,2352.349,2334.589,2337.22,24820615.7684
,2338.339,2361.469,2337.839,2355.969,22978050.2319
,2358.1,2359.349,2344.089,2348.839,20686508.1787
,2348.839,2348.839,2348.839,2348.839,0.0
,2348.839,2348.839,2348.839,2348.839,0.0
,2371.969,2380.02,2369.099,2374.17,22696125.0305
,2376.569,2392.25,2374.739,2387.989,21041759.491
,2389.089,2398.17,2385.349,2387.1,101011138.916
,2386.969,2391.65,2381.5,2388.77,93593109.1309
,2388.14,2392.14,2381.889,2384.149,46555141.449
,2384.149,2384.149,2384.149,2384.149,0.0
,2384.149,2384.149,2384.149,2384.149,0.0
2017-01-05,2386.27,2394.15,2383.99,2388.899,42506538.3911
2017-02-05,2388.269,2392.25,2385.399,2390.02,46500759.1248
2017-03-05,2385.85,2389.49,2378.85,2387.489,61014240.2649
2017-04-05,2389.389,2394.419,2379.65,2389.57,72420089.7217
2017-05-05,2385.0,2399.369,2384.499,2398.369,51994041.4429
2017-06-05,2398.369,2398.369,2398.369,2398.369,0.0
2017-07-05,2398.369,2398.369,2398.369,2398.369,0.0
2017-08-05,2400.67,2401.04,2393.469,2398.47,29284606.9336
2017-09-05,2397.069,2403.47,2392.299,2396.169,49913162.2314
2017-10-05,2390.75,2399.62,2390.2,2397.39,0.0
2017-11-05,2396.37,2396.87,2381.27,2393.999,75810272.2168
2017-12-05,2390.42,2393.92,2386.799,2390.17,19370180.13
,2390.17,2390.17,2390.17,2390.17,0.0
,2390.17,2390.17,2390.17,2390.17,0.0
,2393.47,2404.339,2391.09,2402.72,8042920.1126
,2399.149,2405.91,2395.47,2400.269,48396968.8416
,2384.899,2389.899,2355.8,2357.669,174815979.0039
,2363.969,2376.17,2345.85,2365.849,118270690.918
,2365.17,2389.17,2363.869,2380.669,91480178.833
,2380.669,2380.669,2380.669,2380.669,0.0
,2380.669,2380.669,2380.669,2380.669,0.0
,2385.339,2395.669,2379.589,2393.669,33306568.1458
,2391.07,2400.67,2389.569,2398.37,41027870.1782
,2397.769,2405.37,2396.599,2403.86,42671489.7156
,2412.17,2418.649,2406.64,2415.07,68962959.2896
,2412.169,2416.449,2408.97,2414.97,53098251.3428
,2414.97,2414.97,2414.97,2414.97,0.0
,2414.97,2414.97,2414.97,2414.97,0.0
,2416.369,2417.97,2414.739,2414.82,14956159.5917
,2413.069,2415.369,2408.569,2412.47,64782447.8149
,2412.02,2417.14,2403.4,2411.169,58005828.8574
2017-01-06,2412.869,2429.79,2411.67,2429.569,73014099.1211
2017-02-06,2435.319,2439.969,2427.449,2437.319,34356285.0952
2017-03-06,2437.319,2437.319,2437.319,2437.319,0.0
2017-04-06,2437.319,2437.319,2437.319,2437.319,0.0
2017-05-06,2436.319,2439.2,2433.879,2435.969,9428680.4199
2017-06-06,2431.92,2436.169,2426.87,2429.04,6901492.1188
2017-07-06,2432.37,2435.17,2424.15,2432.169,11055575.3708
2017-08-06,2433.069,2439.17,2427.68,2433.169,6788330.0781
2017-09-06,2434.469,2446.09,2415.069,2429.589,16324033.7372
2017-10-06,2429.589,2429.589,2429.589,2429.589,0.0
2017-11-06,2429.589,2429.589,2429.589,2429.589,0.0
2017-12-06,2427.269,2429.67,2419.4,2428.969,17533853.5309
,2431.07,2441.169,2430.559,2439.799,16364410.4004
,2437.67,2445.299,2428.069,2437.419,14439834.5947
,2432.489,2433.99,2418.469,2433.12,26612989.4257
,2436.169,2438.37,2421.899,2432.469,9123647.6898
,2432.469,2432.469,2432.469,2432.469,0.0
,2432.469,2432.469,2432.469,2432.469,0.0
,2437.74,2453.77,2437.74,2452.969,4955120.0867
,2451.45,2452.189,2436.469,2437.269,5875071.0487
,2435.849,2442.07,2430.269,2435.769,12707484.2453
,2435.17,2441.269,2430.37,2434.339,7778001.7853
,2437.019,2441.27,2431.0,2437.969,4747376.9188
,2437.969,2437.969,2437.969,2437.969,0.0
,2437.969,2437.969,2437.969,2437.969,0.0
,2438.87,2449.969,2436.47,2438.869,5336860.1799
,2438.27,2439.87,2419.369,2420.17,11115751.2665
,2420.669,2442.67,2416.17,2439.369,7299228.1914
,2445.27,2447.07,2404.4,2418.89,12502023.6969
,2422.769,2431.889,2417.139,2422.919,4680688.858
2017-01-07,2422.919,2422.919,2422.919,2422.919,0.0
2017-02-07,2422.919,2422.919,2422.919,2422.919,0.0
2017-03-07,2429.019,2438.709,2427.639,2435.939,1905640.0061
2017-04-07,2425.399,2433.4,2423.399,2426.899,1140239.954
2017-05-07,2427.949,2433.999,2420.749,2431.289,3896694.8986
2017-06-07,2427.469,2428.169,2406.219,2408.599,4849800.1099
2017-07-07,2412.15,2426.89,2410.0,2424.889,3659328.9375
2017-08-07,2424.889,2424.889,2424.889,2424.889,0.0
2017-09-07,2424.889,2424.889,2424.889,2424.889,0.0
2017-10-07,2429.389,2431.89,2421.399,2427.39,1909770.0119
2017-11-07,2429.169,2429.67,2412.389,2425.4,3612869.978
2017-12-07,2430.73,2430.73,2429.47,2429.72,41448.0008
,2443.719,2448.59,2440.849,2446.87,3915489.912
,2447.15,2463.14,2444.149,2458.149,5482699.8711
,2458.149,2458.149,2458.149,2458.149,0.0
,2458.149,2458.149,2458.149,2458.149,0.0
,2459.049,2462.57,2456.049,2458.539,18781890.8691
,2458.449,2462.22,2449.719,2460.17,17981300.354
,2461.87,2472.5,2459.99,2472.249,9934189.7964
,2472.3,2477.54,2467.049,2473.049,8527420.0439
,2473.05,2476.77,2464.3,2471.039,33884281.1584
,2471.039,2471.039,2471.039,2471.039,0.0
,2471.039,2471.039,2471.039,2471.039,0.0
,2468.319,2472.469,2464.939,2470.319,17913379.6692
,2469.23,2480.97,2468.189,2475.439,153536849.9756
,2474.44,2481.665,2473.02,2475.95,101965316.7725
,2479.019,2482.47,2458.149,2473.4,49996551.5137
,2465.05,2471.54,2462.299,2470.039,31627569.1986
,2470.039,2470.039,2470.039,2470.039,0.0
,2470.039,2470.039,2470.039,2470.039,0.0
,2469.47,2476.87,2467.089,2470.09,22225950.2411
2017-01-08,2475.169,2479.47,2470.57,2475.59,12646074.295
2017-02-08,2477.151,2478.169,2465.569,2475.189,19643430.7098
2017-03-08,2473.32,2475.789,2467.57,2471.169,31599550.2472
2017-04-08,2473.369,2479.18,2470.899,2475.429,19593250.2747
2017-05-08,2475.429,2475.429,2475.429,2475.429,0.0
2017-06-08,2475.429,2475.429,2475.429,2475.429,0.0
2017-07-08,2478.65,2480.57,2475.139,2480.47,6152480.1254
2017-08-08,2477.37,2490.769,2469.539,2474.469,11405759.8114
2017-09-08,2468.97,2474.17,2460.999,2472.51,41592021.9421
2017-10-08,2468.669,2470.37,2436.599,2437.62,65865158.0811
2017-11-08,2437.27,2447.569,2430.899,2440.089,58403709.4116
2017-12-08,2440.089,2440.089,2440.089,2440.089,0.0
,2440.089,2440.089,2440.089,2440.089,0.0
,2449.719,2467.87,2449.339,2464.469,19834709.1675
,2469.869,2470.87,2460.24,2463.59,192711914.0625
,2463.649,2474.07,2462.589,2467.069,156316345.2148
,2465.769,2468.77,2429.149,2429.869,36266616.8213
,2433.09,2439.9,2420.14,2425.519,16698602.6764
,2425.519,2425.519,2425.519,2425.519,0.0
,2425.519,2425.519,2425.519,2425.519,0.0
,2424.37,2430.37,2416.469,2427.869,30919519.4244
,2433.119,2454.67,2430.069,2451.869,10343950.2716
,2450.22,2451.6,2439.59,2443.44,12772621.1548
,2439.27,2449.67,2435.17,2438.669,17399757.3853
,2443.51,2454.27,2438.37,2443.47,14473332.4051
,2443.47,2443.47,2443.47,2443.47,0.0
,2443.47,2443.47,2443.47,2443.47,0.0
,2439.599,2449.84,2437.089,2443.869,8129265.7852
,2432.049,2448.84,2421.67,2446.87,9931322.0978
,2449.269,2460.169,2442.659,2456.44,10822059.6313
,2458.23,2474.77,2457.169,2471.069,14504520.4163
2017-01-09,2472.169,2480.17,2471.57,2474.969,13125760.0784
2017-02-09,2474.969,2474.969,2474.969,2474.969,0.0
2017-03-09,2474.969,2474.969,2474.969,2474.969,0.0
2017-04-09,2464.069,2469.37,2462.57,2468.869,3699412.1075
2017-05-09,2469.07,2471.8,2446.17,2457.67,23966667.1753
2017-06-09,2460.57,2469.47,2457.069,2465.67,19639350.8911
2017-07-09,2461.42,2469.07,2459.54,2464.87,20372419.3573
2017-08-09,2460.77,2466.3,2457.119,2461.05,20378000.2594
2017-09-09,2461.05,2461.05,2461.05,2461.05,0.0
2017-10-09,2461.05,2461.05,2461.05,2461.05,0.0
2017-11-09,2474.89,2489.019,2473.639,2487.269,25136009.2163
2017-12-09,2488.25,2496.57,2488.0,2496.27,10541529.6555
,2494.469,2497.869,2491.3,2497.57,8685420.0363
,2493.239,2497.87,2489.269,2496.469,12299739.8376
,2493.57,2500.069,2491.089,2499.57,7699900.1503
,2499.57,2499.57,2499.57,2499.57,0.0
,2499.57,2499.57,2499.57,2499.57,0.0
,2505.269,2507.869,2499.599,2504.07,8784930.2292
,2504.969,2508.079,2502.969,2507.079,6184350.0137
,2505.469,2509.04,2496.07,2507.879,8085320.4727
,2505.17,2506.839,2498.32,2500.669,6133500.0992
,2496.569,2502.969,2496.369,2500.469,10933300.0183
,2500.469,2500.469,2500.469,2500.469,0.0
,2500.469,2500.469,2500.469,2500.469,0.0
,2499.6,2502.109,2487.34,2496.1,7466859.8175
,2497.25,2503.469,2494.669,2497.669,9312129.9744
,2499.769,2511.37,2495.37,2506.869,12480259.8953
,2506.77,2510.47,2500.77,2508.749,67699707.0313
,2508.939,2519.27,2507.269,2518.27,7546249.8665
,2518.27,2518.27,2518.27,2518.27,0.0
2017-01-10,2518.27,2518.27,2518.27,2518.27,0.0
2017-02-10,2521.409,2528.92,2520.019,2528.77,4459099.7696
2017-03-10,2531.069,2535.17,2528.249,2534.569,5458960.0563
2017-04-10,2534.369,2540.49,2531.749,2537.989,3806030.035
2017-05-10,2536.769,2552.17,2536.539,2551.869,6668849.9451
2017-06-10,2550.77,2551.27,2543.369,2548.669,9942438.1256
2017-07-10,2548.669,2548.669,2548.669,2548.669,0.0
2017-08-10,2548.669,2548.669,2548.669,2548.669,0.0
2017-09-10,2549.44,2552.19,2541.209,2544.259,3687803.9837
2017-10-10,2547.319,2555.2,2544.689,2550.949,5189412.117
2017-11-10,2550.069,2555.069,2546.089,2554.839,4217820.1675
2017-12-10,2552.37,2555.26,2548.07,2550.37,3127850.0557
,2551.82,2557.58,2549.939,2553.73,3686353.9219
,2553.73,2553.73,2553.73,2553.73,0.0
,2553.73,2553.73,2553.73,2553.73,0.0
,2555.64,2559.47,2552.469,2557.17,3965636.9686
,2557.869,2559.245,2554.0,2558.74,2990540.0276
,2559.68,2564.15,2558.37,2561.3,3384360.075
,2561.75,2563.12,2544.38,2562.25,0.0
,2567.869,2575.569,2565.669,2575.015,6288949.9664
,2575.015,2575.015,2575.015,2575.015,0.0
,2575.015,2575.015,2575.015,2575.015,0.0
,2575.569,2579.13,2564.09,2565.47,8468668.9377
,2567.57,2572.049,2564.87,2569.289,7539110.1837
,2565.049,2568.05,2543.669,2557.169,14220810.8902
,2559.739,2566.97,2558.399,2560.49,11243700.0275
,2564.77,2582.87,2563.899,2580.77,12207069.397
,2580.77,2580.77,2580.77,2580.77,0.0
,2580.77,2580.77,2580.77,2580.77,0.0
,2575.55,2579.389,2567.64,2571.569,12035551.0712
,2571.869,2577.87,2570.839,2575.169,5687674.9992
2017-01-11,2580.469,2588.189,2574.369,2578.87,10839893.3411
2017-02-11,2572.899,2581.16,2564.89,2579.66,14274399.7574
2017-03-11,2580.37,2588.17,2576.469,2587.57,10694279.6707
2017-04-11,2587.57,2587.57,2587.57,2587.57,0.0
2017-05-11,2587.57,2587.57,2587.57,2587.57,0.0
2017-06-11,2583.099,2592.97,2581.769,2591.169,9168740.2725
2017-07-11,2595.709,2596.67,2583.97,2590.169,10518150.3296
2017-08-11,2587.88,2595.469,2584.669,2594.64,6786280.1552
2017-09-11,2591.05,2592.8,2566.069,2584.279,21789409.6375
2017-10-11,2582.489,2583.67,2573.24,2582.369,18055385.5896
2017-11-11,2582.369,2582.369,2582.369,2582.369,0.0
2017-12-11,2582.369,2582.369,2582.369,2582.369,0.0
,2582.789,2587.369,2572.299,2585.07,8676329.6127
,2580.669,2583.669,2566.07,2578.669,16271570.2057
,2570.37,2572.47,2556.669,2564.52,15642560.0052
,2572.799,2589.87,2570.539,2585.57,9354649.5438
,2582.29,2585.79,2577.04,2578.169,9708093.6432
,2578.169,2578.169,2578.169,2578.169,0.0
,2578.169,2578.169,2578.169,2578.169,0.0
,2569.87,2584.569,2569.739,2582.269,8949060.4401
,2581.969,2601.07,2579.989,2598.77,9509790.4205
,2598.27,2600.27,2594.37,2595.979,13785096.1685
,2594.969,2598.97,2590.669,2597.829,8175239.563
,2598.039,2603.97,2596.869,2602.469,7198740.0055
,2602.469,2602.469,2602.469,2602.469,0.0
,2602.469,2602.469,2602.469,2602.469,0.0
,2599.85,2606.17,2598.669,2601.169,7452573.7762
,2601.269,2627.619,2601.269,2627.249,12265580.1773
,2625.87,2634.469,2620.27,2625.689,18383029.9377
,2625.319,2657.87,2624.969,2646.2,16641969.6808
2017-01-12,2641.969,2649.82,2604.249,2641.0,107227416.9922
2017-02-12,2641.0,2641.0,2641.0,2641.0,0.0
2017-03-12,2641.0,2641.0,2641.0,2641.0,0.0
2017-04-12,2658.24,2664.74,2638.0,2638.25,42557910.9192
2017-05-12,2643.44,2648.44,2627.45,2629.199,22992929.4586
2017-06-12,2623.98,2634.23,2619.95,2629.069,35840175.6287
2017-07-12,2632.54,2640.549,2625.759,2636.919,27917314.5294
2017-08-12,2642.349,2651.35,2641.59,2651.1,34552101.1353
2017-09-12,2651.1,2651.1,2651.1,2651.1,0.0
2017-10-12,2651.1,2651.1,2651.1,2651.1,0.0
2017-11-12,2653.45,2660.21,2648.819,2659.689,35913581.8481
2017-12-12,2661.12,2669.7,2659.7,2664.319,36154350.2808
,2662.2,2671.78,2661.2,2663.45,23022010.8032
,2667.29,2669.68,2651.04,2651.68,13848910.3317
,2655.97,2679.389,2654.47,2674.139,18475770.9503
,2674.139,2674.139,2674.139,2674.139,0.0
,2674.139,2674.139,2674.139,2674.139,0.0
,2685.48,2694.59,2685.13,2691.37,20152269.3634
,2692.1,2694.6,2679.869,2680.87,10432180.4047
,2685.97,2691.97,2675.769,2679.27,19401477.8137
,2678.67,2692.569,2677.469,2684.8,11975020.4086
,2686.289,2687.919,2678.869,2685.41,8837307.93
,2685.41,2685.41,2685.41,2685.41,0.0
,2685.41,2685.41,2685.41,2685.41,0.0
,2685.41,2685.41,2685.41,2685.41,0.0
,2682.299,2684.669,2679.169,2683.42,2409569.9787
,2682.75,2685.62,2676.069,2679.499,4165969.8486
,2681.369,2686.97,2678.249,2686.17,146959976.1963
,2687.34,2697.589,2673.42,2675.919,10278650.2838
,2675.919,2675.919,2675.919,2675.919,0.0
,2675.919,2675.919,2675.919,2675.919,0.0
2018-01-01,2675.919,2675.919,2675.919,2675.919,0.0
2018-02-01,2679.349,2695.47,2674.589,2695.09,73440460.2051
2018-03-01,2695.869,2714.07,2695.499,2712.369,37217041.0156
2018-04-01,2712.47,2728.37,2711.47,2722.899,18015909.1949
2018-05-01,2725.439,2742.369,2725.189,2740.679,85353317.2607
2018-06-01,2740.679,2740.679,2740.679,2740.679,0.0
2018-07-01,2740.679,2740.679,2740.679,2740.679,0.0
2018-08-01,2744.979,2748.4,2736.649,2746.52,11059449.1959
2018-09-01,2744.669,2759.1,2744.599,2751.88,16899623.8708
2018-10-01,2748.47,2750.859,2735.57,2747.839,16592130.661
2018-11-01,2752.47,2767.32,2749.899,2767.32,6558629.9896
2018-12-01,2768.899,2787.64,2765.899,2785.889,9432967.186
,2785.889,2785.889,2785.889,2785.889,0.0
,2785.889,2785.889,2785.889,2785.889,0.0
,2791.27,2795.149,2789.869,2793.71,4752439.9757
,2796.899,2807.47,2768.07,2776.65,42038082.1228
,2781.89,2808.4,2779.269,2803.639,17399347.3053
,2803.169,2805.949,2792.189,2798.79,25493160.2478
,2793.199,2811.189,2791.94,2810.939,11791139.6027
,2810.939,2810.939,2810.939,2810.939,0.0
,2810.939,2810.939,2810.939,2810.939,0.0
,2805.4,2833.17,2803.369,2832.87,24316379.5471
,2837.069,2842.439,2826.569,2839.689,25421693.8019
,2839.569,2852.87,2823.44,2837.569,32943603.5156
,2838.44,2852.27,2830.169,2839.169,183942657.4707
,2842.42,2871.669,2841.97,2871.669,434196746.8262
,2871.669,2871.669,2871.669,2871.669,0.0
,2871.669,2871.669,2871.669,2871.669,0.0
,2871.97,2873.219,2850.519,2851.77,22323366.1652
,2842.46,2844.909,2818.009,2822.469,23632493.9728
,2828.65,2838.899,2811.749,2824.769,57243598.938
2018-01-02,2832.21,2835.469,2808.409,2821.369,99958793.6401
2018-02-02,2819.169,2819.469,2758.27,2759.069,69276908.8745
2018-03-02,2759.069,2759.069,2759.069,2759.069,0.0
2018-04-02,2759.069,2759.069,2759.069,2759.069,0.0
2018-05-02,2751.239,2762.77,2636.869,2644.439,64308212.2803
2018-06-02,2597.87,2701.77,2574.269,2697.97,130851562.5
2018-07-02,2674.87,2728.07,2662.869,2680.669,74596549.9878
2018-08-02,2673.569,2687.27,2579.369,2580.67,83140106.2012
2018-09-02,2607.37,2639.07,2532.17,2619.769,82981559.7534
2018-10-02,2619.769,2619.769,2619.769,2619.769,0.0
2018-11-02,2619.769,2619.769,2619.769,2619.769,0.0
2018-12-02,2637.069,2672.67,2621.669,2655.87,40373744.9646
,2645.469,2668.67,2635.57,2662.669,33801288.6047
,2668.67,2702.269,2627.67,2698.769,38517299.6521
,2707.07,2731.67,2688.669,2731.67,29581859.5886
,2738.07,2754.47,2722.069,2731.769,34247409.8206
,2731.769,2731.769,2731.769,2731.769,0.0
,2731.769,2731.769,2731.769,2731.769,0.0
,2744.669,2745.17,2719.469,2728.269,8900170.3262
,2730.07,2737.67,2705.97,2715.17,27690265.6555
,2717.069,2747.77,2700.769,2700.97,27433685.3027
,2693.37,2731.27,2687.67,2703.469,31830911.6364
,2725.069,2747.97,2713.169,2747.47,21146772.3846
,2747.47,2747.47,2747.47,2747.47,0.0
,2747.47,2747.47,2747.47,2747.47,0.0
,2751.77,2780.27,2750.569,2779.269,16071830.7495
,2776.569,2789.17,2743.269,2743.269,27947624.2065
,2746.369,2761.27,2712.369,2712.369,29349380.4932
2018-01-03,2716.069,2730.67,2658.769,2675.769,58132457.7332
2018-02-03,2680.47,2696.269,2647.07,2689.969,43780307.7698
2018-03-03,2689.969,2689.969,2689.969,2689.969,0.0
2018-04-03,2689.969,2689.969,2689.969,2689.969,0.0
2018-05-03,2673.269,2727.87,2664.17,2721.169,28294338.2263
2018-06-03,2725.17,2734.47,2710.569,2727.869,28164880.7526
2018-07-03,2693.169,2730.569,2691.969,2726.87,26850999.8322
2018-08-03,2726.37,2740.27,2720.67,2738.769,20257818.222
2018-09-03,2735.869,2786.67,2730.869,2786.17,19218139.6484
2018-10-03,2786.17,2786.17,2786.17,2786.17,0.0
2018-11-03,2786.17,2786.17,2786.17,2786.17,0.0
2018-12-03,2795.07,2800.07,2778.669,2783.469,16597990.036
,2784.969,2802.07,2757.969,2764.969,22580610.2753
,2763.47,2778.27,2743.569,2749.569,25910902.0233
,2754.569,2763.069,2741.569,2747.27,16832155.2277
,2749.369,2761.17,2745.369,2750.07,12821919.4412
,2750.07,2750.07,2750.07,2750.07,0.0
,2750.07,2750.07,2750.07,2750.07,0.0
,2742.969,2745.67,2693.07,2711.869,21735948.5626
,2722.469,2724.77,2709.37,2716.77,15997500.4196
,2721.47,2739.77,2709.269,2711.27,41695285.7971
,2718.67,2719.17,2640.469,2643.969,106077079.7729
,2626.37,2656.969,2584.869,2587.37,135870010.376
,2587.37,2587.37,2587.37,2587.37,0.0
,2587.37,2587.37,2587.37,2587.37,0.0
,2616.569,2661.37,2601.269,2658.869,97770072.937
,2669.27,2678.27,2595.17,2611.669,115585632.3242
,2611.569,2632.769,2592.269,2604.57,187515335.083
,2605.97,2659.269,2605.97,2640.969,79357109.0698
,2640.969,2640.969,2640.969,2640.969,0.0
,2640.969,2640.969,2640.969,2640.969,0.0
2018-01-04,2640.969,2640.969,2640.969,2640.969,0.0
2018-02-04,2634.07,2637.47,2552.67,2581.369,108563514.7095
2018-03-04,2583.27,2619.67,2574.869,2614.17,87541831.9702
2018-04-04,2605.57,2649.77,2560.069,2644.77,106163421.6309
2018-05-04,2653.169,2672.22,2648.969,2662.37,73707626.3428
2018-06-04,2634.97,2656.57,2585.169,2603.57,112725059.5093
2018-07-04,2603.57,2603.57,2603.57,2603.57,0.0
2018-08-04,2603.57,2603.57,2603.57,2603.57,0.0
2018-09-04,2621.569,2653.57,2610.169,2613.17,61855506.897
2018-10-04,2648.069,2665.57,2634.669,2656.57,84236389.1602
2018-11-04,2641.87,2661.37,2625.369,2642.069,60468967.4377
2018-12-04,2643.97,2674.77,2639.47,2656.17,62878540.0391
,2656.169,2680.07,2644.27,2656.669,59139270.7825
,2656.669,2656.669,2656.669,2656.669,0.0
,2673.969,2676.87,2671.77,2673.37,3971519.9471
,2673.369,2686.17,2660.369,2680.57,49364624.0234
,2681.069,2713.07,2680.37,2706.469,40547138.2141
,2706.77,2717.77,2703.37,2711.67,35521869.6594
,2711.969,2712.17,2680.97,2692.77,51511501.3123
,2692.77,2697.77,2659.77,2671.769,54091743.4692
,2671.769,2671.769,2671.769,2671.769,0.0
,2680.17,2683.07,2672.769,2677.17,3413680.0766
,2677.17,2683.27,2657.77,2675.169,48798244.4763
,2675.469,2688.67,2616.469,2638.77,77710952.7588
,2638.77,2654.07,2611.87,2651.57,80395080.5664
,2652.069,2676.47,2640.569,2672.769,50136108.3984
,2672.769,2677.069,2659.07,2671.969,50894981.3843
,2671.969,2671.969,2671.969,2671.969,0.0
,2671.37,2680.07,2671.04,2674.07,2211999.8932
,2674.07,2683.07,2642.87,2649.87,47021148.6816
2018-01-05,2649.37,2658.27,2624.869,2657.77,53640060.4248
2018-02-05,2657.57,2660.67,2626.869,2630.17,73811210.6323
2018-03-05,2629.87,2637.869,2593.269,2628.37,93324371.3379
2018-04-05,2628.669,2671.27,2614.269,2664.87,52919998.1689
2018-05-05,2664.87,2664.87,2664.87,2664.87,0.0
2018-06-05,2663.669,2674.17,2662.67,2670.67,1968000.0544
2018-07-05,2670.669,2683.27,2664.27,2668.77,40598510.7422
2018-08-05,2669.069,2676.87,2654.67,2669.77,50463199.6155
2018-09-05,2669.769,2701.67,2668.47,2696.27,35184429.1687
2018-10-05,2696.769,2725.67,2695.269,2720.67,41993770.5994
2018-11-05,2720.37,2733.169,2716.869,2730.07,58056259.1553
2018-12-05,2730.07,2730.07,2730.07,2730.07,0.0
,2731.269,2736.77,2731.269,2736.47,2568789.959
,2736.77,2741.57,2725.07,2730.369,42986461.6394
,2730.569,2731.569,2701.57,2706.869,63805446.6248
,2707.169,2728.17,2704.87,2723.869,31956110.0006
,2723.869,2731.47,2710.47,2721.77,36448299.408
,2721.97,2726.27,2708.369,2713.27,51744880.6763
,2713.27,2713.27,2713.27,2713.27,0.0
,2730.77,2735.869,2728.17,2729.869,3723510.0269
,2730.17,2738.97,2724.369,2731.17,31425939.5599
,2731.17,2741.47,2721.87,2724.47,26721483.2306
,2724.67,2733.37,2704.67,2728.47,46271461.4868
,2728.469,2733.769,2707.07,2730.169,48082660.675
,2730.169,2738.17,2714.469,2718.87,49977428.4363
,2718.87,2718.87,2718.87,2718.87,0.0
,2729.37,2730.67,2726.869,2730.17,2234070.0626
,2730.37,2732.37,2719.17,2722.77,26683010.1013
,2722.77,2723.57,2676.269,2688.769,74374168.396
,2688.569,2729.67,2686.569,2719.87,41342929.8401
,2720.069,2727.57,2699.769,2708.669,48725666.0461
2018-01-06,2708.669,2737.17,2707.17,2733.37,36217750.5493
2018-02-06,2733.37,2733.37,2733.37,2733.37,0.0
2018-03-06,2729.67,2733.67,2728.87,2733.47,1766330.0037
2018-04-06,2733.669,2749.269,2732.87,2745.17,32480697.6318
2018-05-06,2745.47,2752.57,2739.069,2751.469,28999340.0574
2018-06-06,2751.469,2773.57,2748.269,2770.87,24738069.5343
2018-07-06,2770.87,2779.07,2760.169,2772.47,31300731.6589
2018-08-06,2772.77,2779.57,2751.97,2778.469,49643348.6938
2018-09-06,2778.469,2778.469,2778.469,2778.469,0.0
2018-10-06,2771.97,2773.97,2770.469,2773.47,1520750.0458
2018-11-06,2773.57,2790.67,2773.57,2785.47,33206661.2244
2018-12-06,2785.469,2790.069,2778.37,2788.17,37005138.3972
,2788.469,2791.47,2773.57,2775.269,32751209.259
,2775.569,2788.67,2766.77,2782.47,44258499.1455
,2782.27,2783.27,2760.569,2779.57,66624382.019
,2779.57,2779.57,2779.57,2779.57,0.0
,2775.47,2782.07,2774.769,2778.57,4531390.1901
,2778.57,2778.57,2756.369,2760.87,51323928.833
,2761.169,2765.27,2731.67,2763.87,64651718.1396
,2764.169,2775.07,2753.67,2770.37,37749061.5845
,2770.37,2781.666,2743.97,2749.17,53484901.4282
,2749.369,2765.17,2748.67,2756.17,33224178.3142
,2756.17,2756.17,2756.17,2756.17,0.0
,2753.17,2754.47,2749.47,2754.17,2234149.9329
,2754.17,2754.47,2698.369,2718.27,80935577.3926
,2718.57,2732.87,2712.57,2726.569,70530319.2139
,2727.066,2745.67,2699.07,2706.669,116880874.6338
,2706.669,2724.07,2690.97,2719.17,161193267.8223
,2719.17,2743.17,2714.67,2720.169,125008422.8516
,2720.169,2720.169,2720.169,2720.169,0.0
2018-01-07,2722.269,2722.77,2710.569,2720.27,8448690.4144
2018-02-07,2720.27,2726.87,2696.27,2725.47,68807815.5518
2018-03-07,2725.77,2739.77,2709.67,2711.169,51459804.5349
2018-04-07,2711.169,2722.67,2710.67,2717.969,30586366.6534
2018-05-07,2717.969,2737.97,2710.669,2731.67,115086250.3052
2018-06-07,2731.669,2764.57,2729.37,2760.47,106678627.0142
2018-07-07,2760.47,2760.47,2760.47,2760.47,0.0
2018-08-07,2761.07,2764.27,2760.769,2763.269,3664639.9498
2018-09-07,2762.97,2789.47,2762.769,2788.67,44988491.0583
2018-10-07,2788.47,2795.27,2770.27,2772.77,20617090.2252
2018-11-07,2772.669,2785.37,2763.569,2775.37,27465799.3317
2018-12-07,2775.87,2801.27,2773.67,2800.269,14573249.8169
,2800.57,2805.569,2791.67,2801.07,11227040.2908
,2801.07,2801.07,2801.07,2801.07,0.0
,2805.07,2806.77,2803.469,2804.97,585619.9861
,2805.07,2806.77,2792.269,2795.569,9385600.09
,2795.77,2814.17,2787.77,2812.87,9823209.7626
,2813.17,2816.569,2805.669,2814.27,7724596.9772
,2814.069,2816.07,2798.669,2805.269,11762065.8875
,2805.57,2809.57,2791.77,2799.969,15097720.1462
,2799.969,2799.969,2799.969,2799.969,0.0
,2804.47,2804.769,2800.97,2800.97,505990.0284
,2801.27,2815.47,2791.469,2814.969,11040260.3149
,2814.769,2829.87,2809.97,2817.57,40600311.2793
,2817.57,2848.17,2812.769,2835.77,50551639.5569
,2835.77,2845.67,2832.069,2841.169,49768131.2561
,2841.169,2845.97,2808.069,2816.77,47782817.8406
,2816.77,2816.77,2816.77,2816.77,0.0
,2815.769,2816.77,2813.27,2814.27,1488260.0307
,2814.57,2820.87,2797.869,2805.07,37408119.2017
,2805.169,2824.47,2801.97,2817.469,44009780.8838
2018-01-08,2817.469,2824.77,2805.47,2813.47,34569000.2441
2018-02-08,2813.469,2830.37,2790.669,2828.87,38151958.4656
2018-03-08,2828.87,2840.47,2824.67,2840.069,15482720.3751
2018-04-08,2840.069,2840.069,2840.069,2840.069,0.0
2018-05-08,2841.47,2842.67,2839.67,2839.87,371080.0111
2018-06-08,2839.869,2853.27,2834.869,2849.369,20658672.3328
2018-07-08,2849.67,2863.57,2848.869,2858.769,31114759.4452
2018-08-08,2858.97,2862.27,2852.07,2854.069,28063259.1248
2018-09-08,2854.17,2862.17,2848.169,2850.47,14599436.7599
2018-10-08,2850.67,2850.969,2825.169,2836.67,17337692.2607
2018-11-08,2836.67,2836.67,2836.67,2836.67,0.0
2018-12-08,2832.669,2832.87,2827.669,2830.87,724102.0203
,2830.87,2842.97,2819.469,2826.169,30767490.387
,2826.169,2842.869,2825.669,2840.97,29200721.7407
,2841.269,2842.27,2802.369,2819.17,18031642.9138
,2819.469,2850.57,2815.97,2840.57,14385128.0212
,2840.57,2855.37,2833.269,2850.869,35589599.6094
,2850.869,2850.869,2850.869,2850.869,0.0
,2851.269,2853.47,2850.969,2851.47,1713829.9942
,2851.77,2859.57,2848.47,2854.67,21808700.5615
,2854.669,2872.77,2845.369,2846.17,15466521.2631
,2846.37,2866.97,2845.169,2861.269,16498071.6705
,2861.269,2868.67,2854.069,2856.57,20313455.5817
,2856.57,2876.17,2855.569,2875.87,14806611.0611
,2875.87,2875.87,2875.87,2875.87,0.0
,2876.77,2881.07,2875.57,2880.769,613979.9953
,2881.07,2898.87,2880.069,2898.87,12182570.4575
,2898.87,2904.069,2893.269,2900.369,17622383.1177
,2900.17,2916.27,2896.37,2913.37,22094049.4537
,2913.37,2914.17,2894.969,2896.67,24124300.0031
,2896.87,2906.57,2891.07,2904.87,25023460.3882
2018-01-09,2904.87,2904.87,2904.87,2904.87,0.0
2018-02-09,2906.169,2906.37,2904.17,2905.87,758220.017
2018-03-09,2905.869,2911.67,2901.87,2905.67,9241100.3113
2018-04-09,2905.669,2910.97,2884.769,2896.87,26256629.9438
2018-05-09,2896.869,2899.67,2876.969,2884.17,47672630.3101
2018-06-09,2884.269,2891.47,2866.97,2876.17,46754901.886
2018-07-09,2876.169,2883.77,2863.97,2873.67,37318897.2473
2018-08-09,2873.67,2873.67,2873.67,2873.67,0.0
2018-09-09,2872.37,2875.67,2872.169,2874.17,786525.0111
2018-10-09,2873.87,2887.27,2873.869,2879.87,23872962.9517
2018-11-09,2879.87,2891.97,2866.47,2889.869,23302623.7488
2018-12-09,2889.57,2894.27,2878.669,2886.27,31758335.1135
,2886.269,2905.87,2883.269,2903.87,19182128.9063
,2904.369,2911.17,2895.869,2905.27,19566490.1733
,2905.27,2905.27,2905.27,2905.27,0.0
,2901.67,2902.27,2898.07,2899.27,1398229.9566
,2899.27,2904.77,2876.97,2877.97,17560514.4501
,2877.77,2911.17,2877.47,2905.57,16955364.2273
,2905.57,2912.17,2899.07,2910.77,16201469.4214
,2910.97,2934.869,2906.77,2934.37,19267515.1825
,2934.37,2940.87,2926.669,2928.069,18795749.6643
,2928.069,2928.069,2928.069,2928.069,0.0
,2923.57,2923.57,2918.87,2922.07,1485000.0143
,2922.07,2924.07,2911.97,2919.37,17757270.813
,2919.57,2928.07,2912.87,2917.769,15261483.1924
,2917.969,2930.97,2902.669,2908.47,21977289.1998
,2908.47,2927.07,2902.169,2916.369,24857213.974
,2916.47,2920.269,2902.869,2914.87,31064840.3168
,2914.87,2914.87,2914.87,2914.87,0.0
,2918.67,2924.37,2918.67,2922.87,1973180.0556
2018-01-10,2922.87,2936.77,2917.67,2924.07,19056880.9509
2018-02-10,2924.369,2930.97,2912.57,2923.37,17149450.3021
2018-03-10,2923.469,2939.67,2918.47,2919.77,17576196.6705
2018-04-10,2919.97,2920.27,2883.47,2905.87,32282993.3167
2018-05-10,2906.169,2911.37,2868.769,2889.969,78590614.3188
2018-06-10,2889.969,2889.969,2889.969,2889.969,0.0
2018-07-10,2893.27,2893.97,2884.269,2887.269,4522009.8495
2018-08-10,2887.269,2893.47,2861.869,2886.17,51547725.6775
2018-09-10,2886.17,2894.77,2869.37,2883.37,33342498.7793
2018-10-10,2883.37,2885.77,2766.97,2771.97,91337516.7847
2018-11-10,2771.97,2793.569,2708.669,2753.47,239058364.8682
2018-12-10,2753.47,2780.77,2729.269,2765.669,148281784.0576
,2765.669,2765.669,2765.669,2765.669,0.0
,2766.87,2766.87,2753.57,2764.37,6280620.0981
,2764.37,2775.969,2742.569,2752.37,93141662.5977
,2752.669,2816.37,2750.369,2813.869,58382934.5703
,2813.669,2821.369,2781.269,2804.669,77222572.3267
,2804.669,2809.87,2754.569,2769.969,83075538.6353
,2769.969,2798.37,2759.769,2764.87,87638191.2231
,2764.87,2764.87,2764.87,2764.87,0.0
,2754.67,2759.57,2750.469,2755.269,6617519.8555
,2755.569,2779.07,2746.769,2749.969,108654037.4756
,2750.269,2753.27,2690.37,2744.97,120285278.3203
,2744.669,2748.47,2651.269,2662.67,168257156.3721
,2662.869,2723.07,2662.369,2675.769,119139328.0029
,2675.769,2691.669,2626.669,2669.369,226777648.9258
,2669.369,2669.369,2669.369,2669.369,0.0
,2666.87,2681.37,2665.369,2673.37,8928540.2298
,2673.17,2706.269,2602.97,2641.669,238351165.7715
,2641.469,2690.069,2632.969,2686.87,170454681.3965
,2686.87,2736.77,2681.57,2712.87,93056838.9893
2018-01-11,2712.87,2741.769,2707.17,2732.97,81157318.1152
2018-02-11,2733.17,2766.17,2699.769,2723.97,120232017.5171
2018-03-11,2723.97,2723.97,2723.97,2723.97,0.0
2018-04-11,2722.87,2722.87,2714.87,2715.57,1839280.0093
2018-05-11,2715.87,2744.07,2712.87,2740.57,64907760.6201
2018-06-11,2740.57,2761.27,2730.07,2753.27,56293758.3923
2018-07-11,2752.97,2817.27,2745.27,2812.87,73110618.5913
2018-08-11,2812.87,2816.37,2793.67,2804.87,43629093.1702
2018-09-11,2805.07,2810.07,2763.669,2777.969,68367897.0337
2018-10-11,2777.969,2777.969,2777.969,2777.969,0.0
2018-11-11,2777.07,2778.67,2772.969,2777.47,2359989.8815
2018-12-11,2777.47,2794.469,2721.57,2728.17,79904464.7217
,2728.17,2755.07,2714.47,2734.67,89206825.2563
,2734.669,2747.269,2685.069,2694.969,114590965.271
,2694.769,2735.67,2669.37,2725.07,106864479.0649
,2724.869,2747.37,2707.369,2740.67,139426467.8955
,2740.67,2740.67,2740.67,2740.67,0.0
,2731.57,2733.07,2727.37,2732.07,2361710.0716
,2731.969,2746.57,2680.669,2690.37,97880325.3174
,2690.37,2692.57,2630.77,2635.17,137817016.6016
,2635.469,2669.77,2634.97,2650.97,70401451.1108
,2650.969,2655.57,2627.469,2640.469,42621520.9961
,2640.77,2647.37,2625.469,2628.57,56770553.5889
,2628.57,2628.57,2628.57,2628.57,0.0
,2632.469,2638.67,2631.169,2637.57,2169300.0793
,2637.67,2675.67,2635.47,2661.17,78608001.709
,2661.07,2687.47,2654.969,2684.969,123381439.209
,2684.769,2744.17,2680.469,2738.169,83214286.8042
,2738.169,2753.67,2722.669,2739.17,92573692.3218
,2738.869,2763.569,2727.869,2763.07,57654647.8271
2018-01-12,2763.07,2763.07,2763.07,2763.07,0.0
2018-02-12,2794.869,2808.57,2794.869,2802.069,4772890.0909
2018-03-12,2802.369,2812.87,2772.869,2784.969,85988067.627
2018-04-12,2785.27,2786.27,2696.369,2708.57,131962280.2734
2018-05-12,2708.57,2720.07,2648.669,2682.87,50429508.2092
2018-06-12,2682.87,2698.069,2620.669,2694.369,233194076.5381
2018-07-12,2694.369,2708.269,2622.669,2634.069,192908996.582
2018-08-12,2634.069,2634.069,2634.069,2634.069,0.0
2018-09-12,2626.769,2628.77,2609.569,2613.77,7589530.9448
2018-10-12,2613.77,2647.57,2582.27,2636.37,194672958.374
2018-11-12,2636.569,2676.87,2620.67,2637.87,117798736.5723
2018-12-12,2637.87,2685.47,2633.37,2656.97,59452735.9009
,2656.67,2670.17,2636.669,2644.87,65211074.8291
,2645.37,2647.57,2593.57,2601.27,53554180.1453
,2601.27,2601.27,2601.27,2601.27,0.0
,2593.169,2604.87,2592.869,2604.17,1471472.0249
,2604.17,2612.67,2529.969,2558.67,69004837.0361
,2558.67,2573.87,2528.07,2539.77,74094032.2876
,2539.77,2585.57,2487.569,2507.97,142959701.5381
,2507.97,2514.769,2440.27,2480.769,187955047.6074
,2480.469,2506.37,2407.569,2410.569,229970245.3613
,2410.569,2410.569,2410.569,2410.569,0.0
,2401.069,2419.97,2400.0,2414.969,9078163.147
,2414.87,2432.27,2338.57,2340.069,146893203.7354
,2347.369,2348.37,2314.769,2343.47,7704576.0155
,2343.966,2477.169,2322.969,2461.769,195703002.9297
,2462.27,2498.17,2397.27,2482.37,246851699.8291
,2482.57,2522.069,2472.47,2486.27,105511123.6572
,2486.27,2486.27,2486.27,2486.27,0.0
,2497.07,2506.27,2496.57,2499.77,2166601.8963
,2499.77,2512.07,2482.17,2507.57,68240608.2153
2019-01-01,2506.769,2520.069,2505.57,2516.27,1567273.0207
2019-02-01,2516.57,2520.27,2451.569,2473.67,116241462.7075
2019-03-01,2473.67,2492.27,2443.27,2449.27,96089355.4688
2019-04-01,2449.27,2538.07,2438.27,2529.77,96009269.7144
2019-05-01,2529.77,2529.77,2529.77,2529.77,0.0
2019-06-01,2534.77,2537.47,2531.569,2536.969,2254473.9246
2019-07-01,2536.969,2566.77,2522.769,2549.869,83578468.3228
2019-08-01,2549.869,2580.169,2547.169,2575.77,104535209.6558
2019-09-01,2575.77,2595.669,2567.869,2576.57,105807296.7529
2019-10-01,2576.47,2598.27,2559.269,2590.07,117472274.7803
2019-11-01,2590.569,2596.57,2576.369,2594.369,72956092.8345
2019-12-01,2594.369,2594.369,2594.369,2594.369,0.0
,2589.169,2591.17,2582.37,2582.669,3023639.9174
,2582.87,2588.969,2566.67,2582.369,71284309.3872
,2582.17,2613.27,2579.669,2609.97,97249893.1885
,2609.97,2625.87,2601.669,2610.669,70880889.8926
,2610.97,2645.27,2595.469,2633.369,91220481.8726
,2632.869,2676.07,2632.669,2670.869,88044982.9102
,2670.869,2670.869,2670.869,2670.869,0.0
,2669.969,2672.77,2666.77,2667.77,2846060.0376
,2667.57,2668.77,2655.37,2662.369,30576486.5875
,2662.669,2665.369,2616.069,2630.47,96266258.2397
,2630.17,2653.269,2612.569,2633.169,98704879.7607
,2632.87,2647.169,2626.469,2638.469,100225570.6787
,2638.27,2672.769,2636.469,2663.47,68215332.0313
,2663.47,2663.47,2663.47,2663.47,0.0
,2663.069,2663.77,2658.27,2659.27,2220580.101
,2659.27,2661.27,2623.369,2636.67,55481689.4531
,2636.669,2651.469,2629.669,2645.47,80213043.2129
,2645.269,2690.969,2637.269,2687.87,80611732.4829
,2687.87,2709.969,2676.17,2705.169,68995002.7466
2019-01-02,2705.169,2716.77,2696.27,2705.369,78185157.7759
2019-02-02,2705.369,2705.369,2705.369,2705.369,0.0
2019-03-02,2700.469,2704.869,2698.87,2703.669,2331619.978
2019-04-02,2703.869,2725.87,2697.769,2720.669,57952491.7603
2019-05-02,2720.469,2739.469,2717.47,2732.57,44538288.1165
2019-06-02,2732.369,2737.469,2724.0,2729.37,55564250.946
2019-07-02,2729.669,2729.87,2686.769,2698.269,102867874.1455
2019-08-02,2698.069,2709.07,2681.57,2706.57,83555747.9858
2019-09-02,2706.57,2706.57,2706.57,2706.57,0.0
2019-10-02,2712.57,2712.769,2706.869,2706.869,1055439.949
2019-11-02,2707.07,2722.069,2701.069,2708.77,55116310.1196
2019-12-02,2709.07,2748.17,2708.27,2746.769,49411010.7422
,2746.469,2761.869,2745.969,2749.669,41156177.5208
,2749.969,2761.97,2729.57,2742.87,59669273.3765
,2742.87,2777.369,2728.87,2776.869,66318367.0044
,2776.869,2776.869,2776.869,2776.869,0.0
,2780.37,2782.269,2776.369,2778.57,2521950.0065
,2778.57,2780.369,2773.369,2775.669,35971649.1699
,2775.669,2787.57,2765.87,2777.87,47089519.5007
,2777.87,2790.17,2772.67,2785.169,37929939.27
,2785.37,2797.17,2764.17,2774.469,52672271.7285
,2774.469,2794.17,2770.77,2791.17,40330024.7192
,2791.17,2791.17,2791.17,2791.17,0.0
,2799.169,2802.67,2797.169,2799.869,1838500.0229
,2800.169,2813.27,2790.97,2793.67,43694259.6436
,2793.87,2802.77,2782.669,2788.07,28932672.5006
,2788.269,2795.67,2774.769,2793.37,27611858.3679
,2793.37,2793.57,2780.67,2784.67,42932975.769
2019-01-03,2784.67,2807.769,2784.37,2804.17,40744773.8647
2019-02-03,2804.17,2804.17,2804.17,2804.17,0.0
2019-03-03,2812.57,2819.066,2811.07,2816.57,975184.0234
2019-04-03,2816.569,2817.57,2766.869,2790.37,49773082.7332
2019-05-03,2790.57,2798.37,2782.969,2785.67,24715980.5298
2019-06-03,2785.67,2791.67,2765.969,2767.169,52261157.9895
2019-07-03,2767.169,2775.17,2738.469,2750.67,76299942.0166
2019-08-03,2750.469,2750.97,2721.769,2747.17,56985050.2014
2019-09-03,2747.17,2747.17,2747.17,2747.17,0.0
2019-10-03,2744.169,2748.17,2742.169,2743.37,1762949.9435
2019-11-03,2743.17,2793.37,2736.669,2791.07,25736225.1282
2019-12-03,2791.07,2797.87,2779.87,2790.37,23139253.6163
,2790.669,2821.17,2782.869,2813.469,34580318.4509
,2813.769,2818.969,2802.569,2808.87,33109302.5208
,2809.369,2831.169,2808.869,2824.769,38551219.9402
,2824.769,2824.769,2824.769,2824.769,0.0
,2823.069,2823.269,2820.069,2821.57,1394090.0564
,2821.269,2837.27,2818.769,2835.47,29717868.8049
,2835.469,2852.57,2822.869,2828.57,24161218.6432
,2828.569,2843.17,2811.169,2822.969,53932559.967
,2823.17,2860.57,2807.97,2856.27,39330009.4604
,2856.766,2858.97,2800.37,2805.77,78312232.9712
,2805.77,2805.77,2805.77,2805.77,0.0
,2809.369,2813.27,2803.97,2805.77,3215110.0636
,2805.97,2809.67,2784.169,2804.77,83084541.3208
,2804.57,2829.67,2803.369,2817.469,61933238.9832
,2817.769,2826.47,2787.07,2801.07,47604835.5103
,2801.07,2824.17,2789.769,2822.47,39041381.8359
,2822.67,2836.07,2817.669,2835.47,28074424.7437
,2835.47,2835.47,2835.47,2835.47,0.0
,2841.87,2848.97,2841.469,2848.17,1615970.0155
2019-01-04,2848.17,2869.069,2847.669,2867.07,33395111.084
2019-02-04,2867.369,2869.57,2858.169,2862.769,30519702.9114
2019-03-04,2862.769,2885.07,2861.27,2874.27,32849708.5571
2019-04-04,2874.27,2881.57,2866.869,2876.87,50146732.3303
2019-05-04,2876.87,2893.37,2876.369,2892.37,47036895.752
2019-06-04,2892.37,2892.37,2892.37,2892.37,0.0
2019-07-04,2892.77,2895.17,2891.87,2893.669,1603449.9407
2019-08-04,2893.669,2895.669,2880.269,2893.07,37522308.3496
2019-09-04,2893.37,2895.37,2873.17,2877.069,30847539.9017
2019-10-04,2877.069,2893.87,2873.569,2892.669,34529880.5237
2019-11-04,2892.669,2895.17,2881.669,2890.169,29535369.873
2019-12-04,2890.669,2910.27,2887.169,2907.869,32589786.5295
,2907.869,2907.869,2907.869,2907.869,0.0
,2907.569,2908.77,2905.269,2906.569,1912500.0238
,2906.569,2909.57,2896.069,2905.57,22017120.3613
,2905.869,2916.569,2900.469,2905.67,24345289.2303
,2905.67,2918.77,2894.87,2899.47,38055675.5066
,2899.47,2908.17,2885.669,2907.07,46378509.5215
,2907.07,2907.07,2907.07,2907.07,0.0
,2907.07,2907.07,2907.07,2907.07,0.0
,2905.57,2911.369,2905.27,2908.17,3356019.9738
,2907.969,2910.67,2895.569,2909.37,30523389.8163
,2909.37,2936.369,2904.569,2935.57,29009210.5865
,2935.77,2936.37,2925.67,2929.07,34262500.7629
,2929.07,2933.07,2911.469,2920.67,39706108.0933
,2920.67,2940.17,2914.97,2939.469,44877189.6362
,2939.469,2939.469,2939.469,2939.469,0.0
,2937.47,2939.67,2937.17,2937.969,1135980.01
,2938.169,2949.17,2935.469,2938.669,22320592.8802
,2938.97,2952.87,2924.069,2952.47,32087688.446
2019-01-05,2952.669,2958.67,2913.57,2918.87,37268798.8281
2019-02-05,2918.87,2931.57,2900.069,2918.07,50765590.6677
2019-03-05,2917.77,2947.47,2915.27,2946.27,28536239.624
2019-04-05,2946.27,2946.27,2946.27,2946.27,0.0
2019-05-05,2905.869,2908.37,2891.37,2893.57,11763765.3351
2019-06-05,2894.07,2937.37,2882.07,2917.27,81442459.1064
2019-07-05,2917.57,2929.77,2862.07,2884.37,100107238.7695
2019-08-05,2884.57,2898.57,2868.37,2879.97,100776954.6509
2019-09-05,2879.97,2882.17,2835.669,2872.369,116834579.4678
2019-10-05,2872.369,2891.67,2824.669,2885.17,162145553.5889
2019-11-05,2885.17,2885.17,2885.17,2885.17,0.0
2019-12-05,2860.97,2867.07,2855.07,2855.27,8540269.8517
,2855.27,2859.27,2798.27,2801.969,110099266.0522
,2801.769,2852.37,2801.469,2840.27,60873664.856
,2840.069,2858.57,2813.269,2849.97,96133041.3818
,2849.769,2892.07,2838.37,2879.47,57616470.3369
,2879.77,2885.67,2850.47,2860.57,83335151.6724
,2860.57,2860.57,2860.57,2860.57,0.0
,2860.07,2871.07,2860.07,2868.77,3356070.0417
,2869.069,2874.77,2830.869,2847.969,100497917.1753
,2848.169,2868.67,2844.669,2865.57,56616989.1357
,2865.269,2867.77,2846.769,2852.67,69633270.2637
,2852.87,2853.67,2805.269,2822.269,90447143.5547
,2822.269,2840.87,2819.869,2830.77,56356399.5361
,2830.77,2830.77,2830.77,2830.77,0.0
,2830.97,2833.77,2828.269,2829.47,2134200.0961
,2829.569,2837.766,2825.27,2832.07,31677326.2024
,2832.269,2840.07,2799.769,2803.669,65525550.8423
,2803.669,2804.47,2765.27,2780.97,83670104.9805
,2780.969,2798.27,2764.069,2765.27,31280309.6771
,2765.569,2775.07,2749.369,2751.669,90570137.0239
2019-01-06,2751.669,2751.669,2751.669,2751.669,0.0
2019-02-06,2743.369,2743.369,2731.669,2735.369,6671563.1485
2019-03-06,2735.17,2762.97,2728.67,2750.469,114221534.729
2019-04-06,2750.769,2812.17,2743.469,2811.17,58509384.1553
2019-05-06,2811.169,2827.17,2800.269,2820.87,71563430.7861
2019-06-06,2820.769,2852.17,2819.969,2843.17,65715568.5425
2019-07-06,2843.37,2884.97,2840.67,2873.77,46738002.7771
2019-08-06,2873.77,2873.77,2873.77,2873.77,0.0
2019-09-06,2893.67,2894.67,2885.77,2886.07,2952042.1028
2019-10-06,2886.069,2904.87,2879.269,2885.67,37514823.9136
2019-11-06,2885.67,2910.27,2878.469,2884.369,34111274.7192
2019-12-06,2884.369,2889.87,2874.37,2883.67,32345546.7224
,2883.67,2894.77,2865.67,2889.57,48912189.4836
,2889.869,2897.07,2878.969,2889.07,45505760.1929
,2889.07,2889.07,2889.07,2889.07,0.0
,2890.369,2896.07,2889.87,2894.069,1342614.0547
,2894.269,2899.07,2886.67,2890.77,22909225.4639
,2890.97,2931.169,2883.469,2923.27,49791774.7498
,2923.27,2937.366,2910.27,2935.57,43736900.3296
,2935.57,2958.57,2931.07,2952.47,37663482.666
,2952.469,2964.069,2942.769,2945.77,42630241.394
,2945.77,2945.77,2945.77,2945.77,0.0
,2944.769,2951.27,2943.969,2950.269,2748189.9261
,2950.269,2956.47,2943.87,2947.269,37906795.5017
,2947.469,2952.969,2912.47,2915.97,44557056.427
,2915.969,2933.97,2909.97,2913.47,39849578.8574
,2913.769,2932.67,2912.469,2931.47,34134033.2031
,2931.67,2950.67,2925.67,2950.17,29992774.9634
,2950.17,2950.17,2950.17,2950.17,0.0
,2965.169,2972.97,2964.17,2966.97,3266094.923
2019-01-07,2967.069,2977.57,2951.469,2959.67,37497821.8079
2019-02-07,2959.87,2976.57,2954.47,2973.97,31812585.8307
2019-03-07,2973.669,3000.17,2969.97,2995.869,19719581.604
2019-04-07,2995.669,2999.97,2993.669,2998.569,13290069.5801
2019-05-07,2998.569,2999.87,2967.469,2986.87,33987438.2019
2019-06-07,2986.87,2986.87,2986.87,2986.87,0.0
2019-07-07,2990.17,2990.869,2984.869,2985.17,1779929.9955
2019-08-07,2985.17,2985.67,2969.67,2970.97,32262664.7949
2019-09-07,2970.969,2981.87,2958.969,2977.57,30681308.7463
2019-10-07,2977.77,3003.17,2967.07,2992.969,36315479.2786
2019-11-07,2992.969,3002.17,2988.669,3001.169,30011800.766
2019-12-07,3001.169,3013.67,3000.669,3010.57,25019033.432
,3010.57,3010.57,3010.57,3010.57,0.0
,3010.769,3012.57,3008.569,3009.07,868874.0134
,3009.07,3019.27,3006.57,3015.37,18781190.8722
,3015.37,3017.37,3000.269,3002.569,19335933.6853
,3002.569,3008.87,2976.97,2978.17,20200075.1495
,2978.17,3006.569,2970.669,2997.369,47927101.1353
,2997.569,3006.569,2973.769,2974.57,50102485.6567
,2974.57,2974.57,2974.57,2974.57,0.0
,2971.97,2977.47,2969.669,2976.17,2839159.9655
,2976.47,2990.97,2971.57,2986.87,40966064.4531
,2987.07,3005.87,2985.069,3003.17,22253889.0839
,3002.97,3019.87,2993.67,3018.87,22895410.5377
,3018.87,3025.37,2996.77,3007.27,35402717.5903
,3007.47,3028.07,3006.269,3022.47,19620843.8873
,3022.47,3022.47,3022.47,3022.47,0.0
,3021.969,3024.27,3021.469,3021.97,1526890.0394
,3021.77,3025.77,3014.369,3022.77,25847253.7994
,3022.97,3025.77,3000.069,3014.47,36730102.5391
,3014.47,3019.17,2956.769,2971.77,91470321.6553
2019-01-08,2971.97,3013.97,2941.669,2945.37,110346015.9302
2019-02-08,2945.469,2960.47,2913.469,2932.169,135685195.9229
2019-03-08,2932.169,2932.169,2932.169,2932.169,0.0
2019-04-08,2927.57,2931.77,2925.569,2927.27,4689149.8566
2019-05-08,2927.57,2933.769,2776.769,2782.369,171810256.958
2019-06-08,2782.569,2884.37,2780.069,2869.469,198775787.3535
2019-07-08,2869.67,2892.07,2823.97,2874.569,197173019.4092
2019-08-08,2874.77,2940.67,2870.77,2933.969,97841308.5938
2019-09-08,2934.469,2935.47,2899.369,2918.869,105396881.1035
2019-10-08,2918.869,2918.869,2918.869,2918.869,0.0
2019-11-08,2922.17,2925.97,2912.669,2913.669,5760890.007
2019-12-08,2913.969,2930.47,2872.369,2886.469,110603050.2319
,2886.67,2943.77,2866.469,2930.97,144958236.6943
,2930.97,2934.769,2832.67,2845.169,159850494.3848
,2845.37,2870.37,2816.67,2853.07,211468597.4121
,2853.07,2893.67,2848.57,2890.869,85540397.644
,2890.869,2890.869,2890.869,2890.869,0.0
,2895.469,2905.77,2894.269,2904.769,6440279.9606
,2904.469,2930.97,2899.47,2917.17,63458438.8733
,2916.969,2930.67,2892.47,2898.069,80445800.7813
,2898.269,2937.57,2898.069,2933.769,63277885.437
,2933.97,2938.57,2904.0,2921.57,78545951.8433
,2921.07,2936.07,2834.369,2856.269,186483245.8496
,2856.269,2856.269,2856.269,2856.269,0.0
,2825.37,2827.37,2810.469,2824.269,18231176.3763
,2824.47,2887.97,2821.469,2875.67,180678710.9375
,2875.97,2899.07,2860.269,2873.67,123532379.1504
,2873.47,2890.269,2851.569,2883.97,106154525.7568
,2884.27,2930.27,2874.77,2922.87,49287891.3879
,2923.169,2945.87,2912.769,2920.869,53512599.9451
,2920.869,2920.869,2920.869,2920.869,0.0
2019-01-09,2896.37,2909.67,2895.969,2908.869,8565429.6875
2019-02-09,2909.169,2926.17,2888.969,2902.47,60076316.8335
2019-03-09,2902.67,2914.869,2890.77,2902.67,98886909.4849
2019-04-09,2902.669,2938.77,2902.37,2937.57,37667255.4016
2019-05-09,2937.57,2985.869,2936.77,2976.269,48776279.4495
2019-06-09,2976.569,2987.27,2971.669,2980.07,39782157.8979
2019-07-09,2980.07,2980.07,2980.07,2980.07,0.0
2019-08-09,2982.77,2984.37,2980.569,2980.57,1865538.0011
2019-09-09,2980.87,2990.57,2968.67,2981.57,27388921.7377
2019-10-09,2981.769,2984.07,2956.669,2976.47,42642467.4988
2019-11-09,2976.169,3018.67,2971.17,3016.87,40171363.8306
2019-12-09,3017.17,3021.07,2999.969,3013.27,56059967.041
,3013.57,3022.57,3002.369,3005.57,34436229.7058
,3005.57,3005.57,3005.57,3005.57,0.0
,2984.47,2996.17,2984.47,2988.17,4432026.8631
,2988.469,3003.67,2979.969,3000.37,45192462.9211
,3000.669,3005.77,2990.67,3003.67,35283065.7959
,3003.87,3009.27,2977.67,3003.369,36427509.3079
,3003.57,3021.97,2988.07,3007.769,32057010.6506
,3007.47,3015.37,2983.57,2987.57,37821445.4651
,2987.57,2987.57,2987.57,2987.57,0.0
,2999.47,3006.07,2996.77,3001.07,3124289.9895
,3001.07,3010.07,2980.269,3005.57,34279132.843
,3005.869,3007.87,2956.67,2974.17,54859725.9521
,2974.469,2989.97,2952.57,2983.27,52413665.7715
,2983.27,2993.07,2963.269,2976.77,46251064.3005
,2976.769,2991.27,2944.47,2962.47,58117221.8323
,2962.47,2962.47,2962.47,2962.47,0.0
,2976.869,2978.87,2964.369,2969.67,2614480.0186
,2969.67,2985.369,2963.37,2981.569,40802906.0364
2019-01-10,2981.87,2992.57,2936.47,2945.27,52057144.165
2019-02-10,2944.97,2948.27,2873.67,2885.77,68471008.3008
2019-03-10,2885.77,2912.97,2855.07,2907.37,83820480.3467
2019-04-10,2907.569,2953.47,2898.569,2950.369,52611412.0483
2019-05-10,2950.369,2950.369,2950.369,2950.369,0.0
2019-06-10,2931.67,2942.87,2930.97,2939.869,3192846.0598
2019-07-10,2940.169,2959.77,2934.57,2937.57,52887523.6511
2019-08-10,2937.57,2950.57,2888.47,2891.97,81583625.7935
2019-09-10,2892.17,2933.97,2881.869,2899.369,81083976.7456
2019-10-10,2899.57,2957.57,2886.569,2947.07,95905998.23
2019-11-10,2947.07,2993.27,2942.07,2969.77,69106437.6831
2019-12-10,2969.77,2969.77,2969.77,2969.77,0.0
,2968.27,2981.27,2967.469,2981.27,3875629.9019
,2981.469,2981.77,2953.47,2973.07,43907310.4858
,2973.07,3003.67,2967.77,2994.67,39279552.4597
,2994.67,2997.57,2984.67,2987.77,46801620.4834
,2987.77,3007.869,2985.269,2997.17,44063423.1567
,2997.469,3001.47,2975.77,2988.47,40988605.4993
,2988.47,2988.47,2988.47,2988.47,0.0
,2985.669,2991.87,2984.17,2991.87,3207989.9311
,2991.869,3007.67,2989.869,3005.57,27659049.9878
,3005.57,3014.27,2990.269,2990.77,33175415.0391
,2991.069,3010.57,2982.27,3007.27,35310539.2456
,3007.27,3015.87,2999.87,3002.869,31582599.6399
,3002.869,3027.47,3001.069,3020.97,22433464.0503
,3020.97,3020.97,3020.97,3020.97,0.0
,3025.67,3026.97,3023.869,3025.47,1680240.0351
,3025.37,3043.77,3023.969,3040.37,23194900.5127
,3040.366,3047.67,3031.07,3037.269,23348880.7678
,3037.47,3053.569,3024.97,3050.269,34121356.9641
,3050.069,3053.07,3021.87,3036.67,46766529.0833
2019-01-11,3036.869,3066.77,3036.67,3064.869,29002166.748
2019-02-11,3064.869,3064.869,3064.869,3064.869,0.0
2019-03-11,3068.169,3070.67,3066.67,3069.37,1333096.981
2019-04-11,3069.369,3087.17,3068.37,3084.67,27084281.9214
2019-05-11,3084.67,3086.67,3071.77,3073.77,30938663.4827
2019-06-11,3073.769,3078.833,3065.47,3074.87,28567274.0936
2019-07-11,3074.869,3097.87,3071.169,3087.27,36485122.6807
2019-08-11,3087.469,3092.57,3073.069,3090.57,33757709.5032
2019-09-11,3090.57,3090.57,3090.57,3090.57,0.0
2019-10-11,3091.269,3092.27,3089.069,3089.069,1133119.9408
2019-11-11,3089.069,3089.57,3074.869,3085.97,31264766.6931
2019-12-11,3085.97,3102.87,3082.269,3089.37,34253284.4543
,3089.669,3098.07,3076.67,3094.97,36802257.5378
,3094.969,3099.77,3082.67,3099.57,35651802.063
,3099.77,3119.87,3097.769,3118.47,26539754.8676
,3118.47,3118.47,3118.47,3118.47,0.0
,3118.569,3118.77,3114.269,3114.97,981047.9879
,3114.969,3128.269,3111.57,3119.67,25676155.0903
,3119.87,3132.37,3110.37,3111.47,27169015.8844
,3111.77,3118.57,3090.77,3101.27,43340278.6255
,3101.569,3114.07,3090.77,3101.77,50116329.1931
,3101.969,3114.97,3098.37,3112.27,30342781.0669
,3112.27,3112.27,3112.27,3112.27,0.0
,3120.27,3120.97,3116.97,3119.47,1123118.0429
,3119.47,3133.67,3117.27,3132.47,16830074.3103
,3132.47,3144.97,3128.169,3143.37,27485963.8214
,3143.27,3155.37,3142.17,3145.07,18631933.2123
,3145.07,3151.47,3141.87,3150.969,10890374.1837
,3150.769,3151.27,3139.569,3143.57,16043029.7852
,3143.57,3143.57,3143.57,3143.57,0.0
2019-01-12,3146.97,3147.77,3144.269,3147.47,1285305.9769
2019-02-12,3147.47,3157.77,3108.17,3111.87,53155574.7986
2019-03-12,3111.87,3121.669,3069.469,3094.269,83574348.4497
2019-04-12,3094.269,3119.67,3081.769,3109.07,58319011.6882
2019-05-12,3109.07,3124.27,3103.17,3118.17,39977512.3596
2019-06-12,3118.469,3150.57,3118.17,3145.67,21503255.8441
2019-07-12,3145.67,3145.67,3145.67,3145.67,0.0
2019-08-12,3147.469,3147.47,3145.169,3145.169,549079.0009
2019-09-12,3145.169,3148.57,3132.07,3133.97,16915130.6152
2019-10-12,3133.97,3142.07,3115.469,3133.37,31838878.6316
2019-11-12,3133.67,3145.27,3128.87,3144.97,34195426.9409
2019-12-12,3144.97,3181.07,3136.27,3179.27,58058547.9736
,3179.27,3183.57,3156.169,3170.67,60637840.271
,3170.67,3170.67,3170.67,3170.67,0.0
,3175.77,3175.77,3172.669,3174.169,1207389.9508
,3174.169,3198.27,3173.869,3189.27,25243993.7592
,3189.57,3198.17,3186.77,3189.77,22124824.5239
,3189.77,3198.67,3187.47,3193.97,8666473.3887
,3193.97,3207.969,3189.669,3207.669,14480202.6749
,3207.669,3226.07,3203.169,3221.97,36210739.1357
,3221.97,3221.97,3221.97,3221.97,0.0
,3221.97,3225.47,3221.469,3224.67,1397089.9582
,3224.97,3230.669,3221.769,3225.87,20978420.2576
,3225.67,3228.37,3219.969,3223.769,14276100.1587
,3224.369,3225.07,3223.87,3224.369,1034209.9667
,3224.57,3241.97,3224.069,3240.77,20297639.8468
,3240.47,3251.255,3233.734,3235.155,42114021.3013
,3235.155,3235.155,3235.155,3235.155,0.0
,3238.543,3238.749,3238.54,3238.54,78790.0016
,3238.54,3242.052,3215.134,3223.252,59329994.2017
,3223.555,3233.549,3211.837,3233.034,38872821.8079
2020-01-01,3234.552,3239.046,3233.334,3236.034,2330869.9131
2020-02-01,3236.034,3262.349,3234.534,3260.046,43590389.2517
2020-03-01,3260.046,3261.6,3205.834,3235.14,101057182.312
2020-04-01,3235.14,3235.14,3235.14,3235.14,0.0
2020-05-01,3218.755,3223.643,3216.334,3223.4,6766469.9554
2020-06-01,3223.655,3249.249,3208.634,3242.0,67125892.6392
2020-07-01,3242.0,3253.746,3195.443,3202.949,64953437.8052
2020-08-01,3202.949,3266.846,3180.634,3260.343,129402236.9385
2020-09-01,3260.343,3277.749,3256.055,3276.955,45069313.0493
2020-10-01,3276.955,3285.774,3260.134,3264.1,30427598.9532
2020-11-01,3264.1,3264.1,3264.1,3264.1,0.0
2020-12-01,3266.6,3270.555,3265.237,3266.555,860360.0264
,3266.449,3293.0,3266.04,3292.734,27159921.6461
,3292.734,3295.455,3274.255,3277.852,38600730.896
,3277.852,3298.5,3276.843,3295.734,34729919.4336
,3295.734,3322.452,3293.44,3318.937,22336839.6759
,3318.937,3329.552,3316.234,3323.74,20092304.2297
,3323.74,3323.74,3323.74,3323.74,0.0
,3323.255,3327.255,3322.44,3327.237,903140.0084
,3327.237,3327.8,3317.937,3322.137,8809630.394
,3322.137,3330.1,3306.64,3319.946,27376855.8502
,3320.155,3337.549,3313.852,3314.346,40883934.021
,3314.346,3332.349,3301.437,3330.852,51585586.5479
,3331.046,3337.4,3281.149,3293.849,37419700.6226
,3293.849,3293.849,3293.849,3293.849,0.0
,3267.352,3268.6,3252.849,3259.4,6604159.832
,3259.343,3269.349,3233.646,3247.955,62577171.3257
,3247.955,3285.9,3242.755,3276.2,45307846.0693
,3276.2,3293.6,3270.837,3274.055,45443458.5571
,3274.255,3293.1,3240.246,3290.055,78309173.584
,3290.2,3298.2,3213.949,3229.249,78351966.8579
2020-01-02,3229.249,3229.249,3229.249,3229.249,0.0
2020-02-02,3222.455,3236.5,3222.455,3232.5,5230639.9345
2020-03-02,3232.5,3267.6,3230.252,3242.652,71636268.6157
2020-04-02,3242.652,3306.6,3241.955,3295.5,50342098.2361
2020-05-02,3295.5,3340.152,3289.755,3335.5,61862571.7163
2020-06-02,3335.5,3358.555,3333.44,3349.737,45493278.5034
2020-07-02,3350.037,3350.6,3321.852,3326.655,50174575.8057
2020-08-02,3326.655,3326.655,3326.655,3326.655,0.0
2020-09-02,3322.646,3329.355,3303.9,3311.649,4608439.9223
2020-10-02,3311.855,3353.9,3311.646,3351.8,44530979.1565
2020-11-02,3351.949,3375.443,3349.946,3361.749,30625589.3707
2020-12-02,3361.746,3382.2,3356.5,3367.4,29146169.6625
,3367.646,3385.049,3348.343,3373.8,54982780.4565
,3373.752,3388.1,3365.352,3380.949,28907609.9396
,3380.949,3380.949,3380.949,3380.949,0.0
,3383.0,3389.3,3382.955,3387.755,1483070.0159
,3387.755,3392.3,3371.752,3375.54,12613795.2805
,3375.637,3377.4,3355.437,3377.352,49406841.2781
,3377.549,3393.555,3371.849,3391.1,23222290.0391
,3391.343,3396.855,3339.052,3355.846,108451713.562
,3355.846,3365.537,3328.234,3339.943,119376060.4858
,3339.943,3339.943,3339.943,3339.943,0.0
,3307.252,3311.549,3289.24,3298.1,13326129.9133
,3298.1,3303.255,3213.94,3240.24,219826568.6035
,3240.24,3259.8,3117.837,3152.152,290887573.2422
,3152.152,3182.7,3091.74,3103.555,421191864.0137
,3103.555,3107.546,2935.549,2967.043,446331726.0742
,2967.352,2989.4,2853.437,2972.052,441573425.293
,2972.052,2972.052,2972.052,2972.052,0.0
2020-01-03,2903.349,2929.249,2891.255,2920.555,3027538.0611
2020-02-03,2920.74,3094.534,2905.455,3085.84,177902175.9033
2020-03-03,3085.84,3137.546,2974.546,2992.2,340130950.9277
2020-04-03,2992.2,3130.446,2990.646,3107.834,34893428.8025
2020-05-03,3107.837,3109.252,2998.949,3028.446,127202598.5718
2020-06-03,3028.646,3038.946,2900.837,2966.255,44986686.7065
2020-07-03,2966.255,2966.255,2966.255,2966.255,0.0
2020-08-03,2896.6,2896.6,2821.146,2824.643,5146122.9324
2020-09-03,2824.637,2841.0,2699.434,2799.949,301007202.1484
2020-10-03,2800.434,2888.055,2732.337,2830.337,640759704.5898
2020-11-03,2830.849,2842.552,2706.146,2735.155,756642944.3359
2020-12-03,2735.534,2744.934,2420.543,2441.944,842691711.4258
,2442.049,2710.04,2396.246,2700.255,750406738.2813
,2700.255,2700.255,2700.255,2700.255,0.0
,2657.64,2657.64,2568.834,2568.834,15210359.5734
,2389.143,2564.946,2364.737,2445.455,122894004.8218
,2445.455,2554.855,2365.9,2423.243,347771636.9629
,2423.243,2472.4,2275.152,2456.237,402828735.3516
,2456.237,2469.6,2287.54,2368.143,687711303.7109
,2368.143,2510.937,2292.055,2300.252,618658386.2305
,2300.252,2300.252,2300.252,2300.252,0.0
,2231.749,2231.749,2186.043,2202.734,12565643.3105
,2202.734,2397.052,2184.237,2264.243,699653259.2773
,2264.243,2481.9,2252.843,2434.0,586852478.0273
,2433.846,2573.146,2399.043,2481.352,849124816.8945
,2480.64,2644.055,2415.043,2640.943,746869201.6602
,2640.84,2644.052,2517.443,2536.746,530441894.5313
,2536.746,2536.746,2536.746,2536.746,0.0
,2469.0,2509.643,2464.155,2498.349,40662788.3911
,2498.146,2633.84,2493.146,2626.952,384813812.2559
,2627.443,2646.2,2549.052,2551.049,290078887.9395
2020-01-04,2550.743,2559.252,2447.055,2482.455,262228637.6953
2020-02-04,2481.449,2535.1,2436.5,2514.449,261451599.1211
2020-03-04,2514.449,2539.455,2459.143,2490.852,207745498.6572
2020-04-04,2490.852,2490.852,2490.852,2490.852,0.0
2020-05-04,2503.9,2532.74,2502.843,2528.0,17205280.304
2020-06-04,2528.252,2676.452,2527.149,2671.355,282735321.0449
2020-07-04,2671.443,2756.343,2631.434,2658.2,126138473.5107
2020-08-04,2658.2,2760.74,2628.549,2755.555,81250610.3516
2020-09-04,2755.555,2818.643,2709.243,2788.655,270912506.1035
2020-10-04,2788.655,2788.655,2788.655,2788.655,0.0
2020-11-04,2788.655,2788.655,2788.655,2788.655,0.0
2020-12-04,2810.349,2815.949,2727.646,2761.146,19093099.5941
,2752.94,2788.137,2720.355,2776.64,194114303.5889
,2776.64,2853.455,2761.334,2839.955,188499618.5303
,2839.955,2842.64,2759.34,2762.352,204101623.5352
,2762.352,2893.5,2755.955,2878.155,237122100.8301
,2878.155,2892.455,2829.434,2877.352,179406417.8467
,2877.352,2877.352,2877.352,2877.352,0.0
,2863.634,2869.3,2850.637,2856.752,1524108.0523
,2857.04,2883.549,2813.1,2825.549,165613601.6846
,2825.637,2841.146,2726.537,2750.555,246189712.5244
,2750.546,2815.955,2726.6,2787.349,177916549.6826
,2787.455,2844.9,2772.346,2778.2,177821243.2861
,2778.234,2843.1,2763.249,2837.1,138164184.5703
,2837.1,2837.1,2837.1,2837.1,0.0
,2846.04,2850.0,2821.343,2827.4,9794369.6976
,2827.537,2889.049,2822.552,2875.334,114253852.8442
,2875.5,2921.2,2858.943,2879.555,132014709.4727
,2879.555,2962.749,2878.852,2953.355,140634628.2959
,2953.355,2972.355,2861.443,2882.355,173655639.6484
2020-01-05,2882.455,2887.9,2820.255,2830.149,138572433.4717
2020-02-05,2830.149,2830.149,2830.149,2830.149,0.0
2020-03-05,2802.355,2805.7,2781.843,2786.155,15860670.0897
2020-04-05,2786.346,2844.949,2779.846,2840.046,136016448.9746
2020-05-05,2840.346,2898.643,2840.252,2874.846,106107147.2168
2020-06-05,2875.2,2894.34,2830.9,2841.155,127213668.8232
2020-07-05,2841.346,2902.643,2841.346,2899.343,115093017.5781
2020-08-05,2899.652,2936.2,2899.652,2934.652,88819740.2954
2020-09-05,2934.652,2934.652,2934.652,2934.652,0.0
2020-10-05,2923.643,2945.437,2922.646,2944.455,6918000.2213
2020-11-05,2944.455,2953.2,2896.44,2922.5,98084472.6563
2020-12-05,2922.749,2945.6,2833.637,2835.655,111598831.1768
,2835.852,2882.655,2792.143,2822.249,156596679.6875
,2822.352,2859.6,2765.64,2858.352,167480499.2676
,2858.334,2867.652,2814.449,2852.54,162255874.6338
,2852.54,2852.54,2852.54,2852.54,0.0
,2860.252,2879.5,2856.237,2874.243,10589469.9097
,2874.449,2969.04,2871.237,2956.155,102420120.2393
,2956.155,2980.755,2913.443,2927.943,139912628.1738
,2928.046,2980.052,2927.5,2968.449,99163185.1196
,2968.755,2977.4,2938.34,2953.843,106315116.8823
,2954.046,2958.1,2908.355,2956.749,122516532.8979
,2956.749,2956.749,2956.749,2956.749,0.0
,2954.034,2973.243,2953.6,2971.049,7542607.7843
,2971.049,2994.2,2958.552,2986.643,64648399.353
,2986.643,3023.743,2985.052,2993.543,104241668.7012
,2993.543,3046.8,2969.14,3046.237,138248840.332
,3046.237,3068.84,3023.034,3028.046,158433700.5615
,3028.046,3057.6,2995.443,3057.049,172944976.8066
,3057.049,3057.049,3057.049,3057.049,0.0
,3032.537,3037.255,3011.037,3028.44,16781049.7284
2020-01-06,3028.249,3061.8,3023.434,3041.034,124787254.3335
2020-02-06,3041.034,3090.24,3038.034,3088.8,94822418.2129
2020-03-06,3088.8,3131.9,3083.6,3125.052,91215522.7661
2020-04-06,3125.246,3129.152,3089.846,3110.64,111967163.0859
2020-05-06,3110.943,3212.555,3108.643,3188.337,117518447.876
2020-06-06,3188.337,3188.337,3188.337,3188.337,0.0
2020-07-06,3189.546,3212.349,3189.4,3209.852,6344570.1599
2020-08-06,3209.852,3232.955,3184.837,3224.846,86808448.7915
2020-09-06,3224.837,3232.655,3191.846,3217.855,96204177.8564
2020-10-06,3218.14,3229.2,3163.549,3166.349,131680603.0273
2020-11-06,3166.534,3182.349,2998.074,3029.452,205657760.6201
2020-12-06,3029.452,3088.949,2983.152,3036.155,255815063.4766
,3036.155,3036.155,3036.155,3036.155,0.0
,2997.608,3009.452,2981.746,2996.955,20137699.1272
,2996.955,3099.6,2936.0,3098.749,263940582.2754
,3098.749,3168.1,3074.343,3136.052,352130096.4355
,3135.743,3158.252,3100.134,3101.646,271578704.834
,3102.146,3130.237,3075.4,3126.04,265451995.8496
,3125.837,3155.6,3068.834,3071.4,217402709.9609
,3071.4,3071.4,3071.4,3071.4,0.0
,3053.54,3066.549,3038.346,3064.54,29590999.6033
,3064.749,3136.834,3059.852,3133.849,198956100.4639
,3133.6,3156.849,3072.343,3122.4,201748718.2617
,3122.54,3139.237,3030.646,3047.952,158566131.5918
,3048.234,3090.452,3016.255,3083.755,172497512.8174
,3083.752,3092.5,3003.6,3019.446,169364547.7295
,3019.446,3019.446,3019.446,3019.446,0.0
,2999.946,3015.149,2994.9,3011.052,27305280.6854
,3011.14,3069.3,2999.734,3064.552,267951568.6035
,3064.5,3111.2,3040.546,3091.946,121211517.334
2020-01-07,3091.946,3128.6,3072.943,3112.355,106958488.4644
2020-02-07,3112.352,3166.446,3105.543,3137.055,103340835.5713
2020-03-07,3137.249,3148.243,3115.652,3125.352,60913848.877
2020-04-07,3125.352,3125.352,3125.352,3125.352,0.0
2020-05-07,3131.452,3146.3,3131.14,3144.752,5723760.128
2020-06-07,3145.034,3188.4,3144.043,3186.146,92841262.8174
2020-07-07,3186.146,3193.155,3142.646,3150.355,93193244.9341
2020-08-07,3150.355,3178.7,3135.352,3176.355,93711380.0049
2020-09-07,3176.637,3179.9,3114.752,3160.252,116984092.7124
2020-10-07,3160.252,3188.546,3120.846,3188.055,116200607.2998
2020-11-07,3188.055,3188.055,3188.055,3188.055,0.0
2020-12-07,3203.963,3205.219,3195.713,3195.731,587629.9739
,3195.963,3235.352,3150.0,3163.949,105801727.2949
,3163.743,3223.143,3128.037,3218.14,214794509.8877
,3218.14,3240.855,3200.455,3226.1,138237045.2881
,3226.046,3226.549,3197.049,3211.94,126359207.1533
,3212.237,3233.6,3203.437,3221.434,67947021.4844
,3221.434,3221.434,3221.434,3221.434,0.0
,3225.446,3230.5,3220.743,3229.452,4384650.2304
,3229.755,3259.049,3198.752,3251.746,72825714.1113
,3251.934,3281.455,3247.249,3264.3,84026062.0117
,3264.555,3279.2,3235.043,3268.1,82983749.3896
,3268.355,3291.9,3222.146,3241.24,122061973.5718
,3241.24,3246.6,3199.346,3211.152,188460662.8418
,3211.152,3211.152,3211.152,3211.152,0.0
,3217.04,3221.043,3199.737,3207.1,13468429.5654
,3207.146,3245.552,3205.749,3243.8,73897323.6084
,3244.043,3254.055,3215.84,3225.043,100582138.0615
,3225.043,3265.2,3212.037,3258.746,102733421.3257
,3258.746,3280.6,3202.837,3274.743,179335037.2314
,3274.743,3277.252,3219.834,3271.034,213179824.8291
2020-01-08,3271.034,3271.034,3271.034,3271.034,0.0
2020-02-08,3278.437,3278.455,3263.043,3271.537,12565489.769
2020-03-08,3271.246,3302.3,3261.8,3294.352,148377624.5117
2020-04-08,3294.64,3307.455,3277.837,3305.837,124903671.2646
2020-05-08,3305.837,3330.449,3299.337,3325.54,101224128.7231
2020-06-08,3325.54,3352.6,3307.24,3347.546,136007797.2412
2020-07-08,3347.3,3354.1,3329.146,3351.137,182922119.1406
2020-08-08,3351.137,3351.137,3351.137,3351.137,0.0
2020-09-08,3349.455,3351.6,3341.237,3348.034,7504039.7644
2020-10-08,3348.14,3362.9,3335.34,3358.052,131622390.7471
2020-11-08,3357.546,3384.6,3325.834,3339.84,181806579.5898
2020-12-08,3340.2,3387.8,3332.137,3375.443,174453475.9521
,3375.155,3387.2,3362.837,3380.84,154143585.2051
,3380.84,3385.352,3355.034,3366.637,121420173.645
,3366.637,3366.637,3366.637,3366.637,0.0
,3372.5,3375.734,3370.446,3374.952,3409120.0829
,3374.952,3391.4,3369.755,3390.134,67129791.2598
,3390.134,3394.752,3369.734,3392.637,82713783.2642
,3392.637,3399.5,3364.737,3366.055,91250083.9233
,3366.055,3393.1,3348.549,3392.852,108926933.2886
,3392.852,3400.2,3360.052,3396.6,100815437.3169
,3396.6,3396.6,3396.6,3396.6,0.0
,3401.255,3404.1,3399.237,3401.255,4822020.0539
,3401.049,3437.1,3397.552,3436.543,96586799.6216
,3436.246,3451.743,3425.134,3448.249,96530441.2842
,3448.052,3484.046,3440.034,3480.355,74023628.2349
,3480.034,3501.149,3467.634,3494.549,125555091.8579
,3494.549,3512.1,3483.537,3506.44,126556472.7783
,3506.44,3506.44,3506.44,3506.44,0.0
,3511.449,3521.055,3511.046,3521.04,4119190.2161
,3521.1,3526.6,3486.534,3498.537,97453582.7637
2020-01-09,3498.652,3537.7,3494.14,3537.652,119752761.8408
2020-02-09,3537.334,3587.652,3534.14,3584.349,143357711.792
2020-03-09,3584.152,3585.2,3426.437,3433.049,370871582.0313
2020-04-09,3433.434,3485.6,3349.646,3419.44,587376586.9141
2020-05-09,3419.44,3419.44,3419.44,3419.44,0.0
2020-06-09,3420.355,3423.452,3382.937,3405.855,49797645.5688
2020-07-09,3405.834,3444.7,3393.434,3440.64,294997161.8652
2020-08-09,3440.543,3448.2,3296.843,3323.34,592044494.6289
2020-09-09,3323.246,3425.0,3322.037,3410.255,337155334.4727
2020-10-09,3410.3,3425.052,3328.134,3347.5,453952453.6133
2020-11-09,3347.437,3375.455,3309.24,3335.4,448874084.4727
2020-12-09,3335.4,3335.4,3335.4,3335.4,0.0
,3349.549,3361.6,3346.543,3361.037,12679730.4153
,3360.74,3402.355,3356.146,3384.749,197075424.1943
,3384.946,3418.355,3375.734,3400.843,132625305.1758
,3400.855,3428.9,3383.437,3389.949,162108474.7314
,3389.752,3391.237,3319.443,3358.237,315235107.4219
,3357.74,3372.749,3290.849,3326.94,259209197.998
,3326.94,3326.94,3326.94,3326.94,0.0
,3320.834,3329.952,3305.937,3324.255,18782459.259
,3323.746,3336.0,3227.834,3293.334,345624176.0254
,3293.349,3320.8,3267.537,3313.652,269218139.6484
,3313.643,3330.7,3221.037,3227.752,294301879.8828
,3227.749,3279.2,3209.14,3264.255,359276000.9766
,3264.246,3307.1,3217.237,3298.446,222654724.1211
,3298.446,3298.446,3298.446,3298.446,0.0
,3305.34,3309.3,3303.843,3306.249,5554240.2267
,3306.246,3365.8,3302.937,3365.046,147507125.8545
,3365.046,3372.534,3326.64,3345.649,154089950.5615
,3345.634,3393.6,3300.934,3370.955,319648010.2539
2020-01-10,3371.452,3397.346,3360.534,3377.952,239941909.79
2020-02-10,3377.94,3382.849,3310.943,3349.634,340461761.4746
2020-03-10,3349.634,3349.634,3349.634,3349.634,0.0
2020-04-10,3367.446,3373.855,3359.555,3371.94,13212750.4349
2020-05-10,3372.0,3409.949,3356.534,3398.743,131400772.0947
2020-06-10,3398.937,3431.7,3342.343,3355.846,195210922.2412
2020-07-10,3356.055,3426.452,3352.434,3422.855,149855621.3379
2020-08-10,3423.049,3464.255,3416.849,3462.255,126262199.4019
2020-09-10,3462.234,3482.4,3453.752,3482.2,89450202.9419
2020-10-10,3482.2,3482.2,3482.2,3482.2,0.0
2020-11-10,3476.234,3482.255,3473.44,3478.755,8881400.1083
2020-12-10,3478.734,3549.8,3472.746,3540.143,131793151.8555
,3540.452,3541.152,3500.237,3517.049,213440093.9941
,3517.155,3532.2,3479.94,3491.837,196982498.1689
,3491.9,3494.555,3439.455,3491.349,237101104.7363
,3491.537,3516.255,3469.134,3469.752,164361572.2656
,3469.752,3469.752,3469.752,3469.752,0.0
,3478.746,3487.4,3477.834,3485.137,6763780.117
,3485.352,3504.2,3419.349,3447.8,183738739.0137
,3447.752,3477.855,3434.246,3452.24,244183105.4688
,3452.54,3465.6,3409.937,3420.952,226534729.0039
,3420.934,3464.151,3410.74,3459.351,177519607.5439
,3459.151,3469.999,3439.536,3459.042,170594223.0225
,3459.042,3459.042,3459.042,3459.042,0.0
,3452.239,3453.048,3433.033,3446.748,13352179.5273
,3447.033,3449.599,3364.351,3400.539,281704956.0547
,3400.636,3418.099,3365.842,3373.839,230363723.7549
,3373.842,3377.654,3268.745,3289.633,318943786.6211
,3289.442,3341.739,3257.739,3283.936,326861572.2656
,3283.954,3304.199,3233.633,3279.754,376822296.1426
,3279.754,3279.754,3279.754,3279.754,0.0
2020-01-11,3268.099,3279.542,3251.439,3260.336,12326270.1035
2020-02-11,3260.399,3331.454,3254.033,3316.348,307010955.8105
2020-03-11,3316.548,3401.854,3311.345,3390.836,264077423.0957
2020-04-11,3390.899,3487.242,3327.133,3440.539,654353149.4141
2020-05-11,3440.833,3528.798,3435.845,3505.139,325837036.1328
2020-06-11,3505.148,3524.799,3462.751,3511.599,315637176.5137
2020-07-11,3511.599,3511.599,3511.599,3511.599,0.0
2020-08-11,3527.945,3551.948,3521.533,3543.051,14011980.0568
2020-09-11,3543.254,3673.554,3539.533,3552.751,482418182.373
2020-10-11,3552.699,3563.154,3510.739,3541.736,474000335.6934
2020-11-11,3541.799,3581.099,3535.433,3572.454,258772033.6914
2020-12-11,3572.699,3575.733,3517.533,3538.651,240947296.1426
,3538.643,3594.099,3522.433,3585.033,169244888.3057
,3585.033,3585.033,3585.033,3585.033,0.0
,3590.552,3614.454,3590.245,3611.748,8860540.39
,3611.734,3640.451,3600.651,3627.651,170206817.627
,3627.643,3627.699,3587.733,3612.748,133360763.5498
,3612.749,3626.251,3562.042,3565.342,122816223.1445
,3565.343,3585.933,3544.645,3551.245,146971023.5596
,3551.342,3585.297,3545.645,3546.433,111983222.9614
,3546.433,3546.433,3546.433,3546.433,0.0
,3551.733,3560.097,3548.033,3559.833,5129509.9258
,3559.849,3599.948,3551.736,3594.445,130457641.6016
,3594.443,3645.854,3591.445,3644.554,124630508.4229
,3644.539,3656.854,3617.939,3634.536,122390220.6421
,3634.534,3641.097,3616.536,3622.048,55259540.5579
,3622.033,3644.697,3614.842,3638.699,62467819.2139
,3638.699,3638.699,3638.699,3638.699,0.0
,3644.936,3652.597,3641.239,3643.036,3835629.94
,3643.049,3643.245,3594.245,3640.042,172501388.5498
2020-01-12,3640.333,3678.554,3638.833,3659.448,129095703.125
2020-02-12,3659.754,3674.497,3643.833,3668.233,120819290.1611
2020-03-12,3668.252,3683.199,3656.633,3671.048,97982368.4692
2020-04-12,3671.099,3700.899,3668.733,3691.999,66218872.0703
2020-05-12,3691.999,3691.999,3691.999,3691.999,0.0
2020-06-12,3691.934,3705.852,3691.934,3699.936,6347569.9425
2020-07-12,3699.949,3700.899,3673.336,3683.342,115325302.124
2020-08-12,3683.051,3714.899,3665.336,3706.951,114521652.2217
2020-09-12,3707.199,3714.454,3660.333,3675.051,177220565.7959
2020-10-12,3675.336,3681.536,3644.633,3672.042,166890090.9424
2020-11-12,3671.899,3674.842,3628.339,3662.151,170527496.3379
2020-12-12,3662.151,3662.151,3662.151,3662.151,0.0
,3679.339,3685.399,3675.548,3678.836,8740030.2887
,3679.348,3697.951,3644.348,3653.639,171039443.9697
,3653.839,3696.599,3642.842,3693.348,158495452.8809
,3693.299,3711.499,3687.054,3702.845,110887527.4658
,3702.545,3724.333,3699.042,3721.542,97343170.166
,3721.854,3730.836,3685.836,3720.051,111163291.9312
,3720.051,3720.051,3720.051,3720.051,0.0
,3729.451,3732.454,3710.033,3715.551,8484930.0385
,3715.546,3720.099,3604.999,3692.345,268282897.9492
,3692.546,3703.899,3672.839,3692.552,185090454.1016
,3692.849,3711.036,3660.542,3693.299,116529823.3032
,3693.231,3705.145,3688.14,3702.145,65992263.7939
,3702.145,3702.145,3702.145,3702.145,0.0
,3702.145,3702.145,3702.145,3702.145,0.0
,3691.046,3716.799,3688.248,3711.648,10133259.7733
,3711.733,3743.054,3706.531,3743.054,84810157.7759
,3743.297,3755.752,3722.831,3729.451,125878776.5503
,3729.231,3745.999,3724.437,3734.154,86769050.5981
,3734.433,3760.497,3722.639,3754.639,72787788.3911
2021-01-01,3754.639,3754.639,3754.639,3754.639,0.0
2021-02-01,3754.639,3754.639,3754.639,3754.639,0.0
2021-03-01,3758.942,3762.397,3749.936,3756.436,8234199.5239
2021-04-01,3756.245,3780.751,3661.134,3702.236,222130935.6689
2021-05-01,3701.937,3739.142,3682.254,3722.054,193308624.2676
2021-06-01,3722.049,3783.399,3693.736,3757.548,318546142.5781
2021-07-01,3757.336,3812.148,3750.036,3807.139,129906921.3867
2021-08-01,3807.64,3830.699,3783.236,3830.445,149621734.6191
2021-09-01,3830.445,3830.445,3830.445,3830.445,0.0
2021-10-01,3822.933,3828.151,3815.433,3817.336,7192959.7855
2021-11-01,3817.333,3821.149,3783.936,3805.042,158051727.2949
2021-12-01,3805.051,3814.599,3776.042,3804.336,123689933.7769
,3804.551,3821.299,3784.551,3813.933,94000289.917
,3813.943,3824.954,3793.233,3801.843,91735603.3325
,3801.648,3802.846,3748.299,3757.233,158678344.7266
,3757.233,3757.233,3757.233,3757.233,0.0
,3757.236,3766.599,3753.439,3756.254,7373529.911
,3756.099,3779.999,3748.445,3779.599,53901153.5645
,3779.599,3810.746,3779.433,3810.551,92782539.3677
,3810.597,3859.999,3795.736,3855.233,79696006.7749
,3855.539,3866.751,3843.851,3851.442,82806686.4014
,3851.443,3855.997,3820.948,3841.345,96152816.7725
,3841.345,3841.345,3841.345,3841.345,0.0
,3843.452,3851.999,3841.633,3848.954,4137400.1503
,3849.154,3860.44,3796.236,3852.942,174680618.2861
,3852.931,3870.054,3829.133,3854.399,129862747.1924
,3854.633,3856.199,3710.754,3715.839,219864730.835
,3715.84,3830.197,3713.542,3772.842,254020248.4131
,3773.048,3782.654,3692.433,3707.299,472968902.5879
,3707.299,3707.299,3707.299,3707.299,0.0
,3696.099,3700.254,3664.154,3683.839,27260400.7721
2021-01-02,3683.648,3784.499,3683.136,3777.336,256250213.623
2021-02-02,3777.397,3843.154,3767.542,3836.051,154420837.4023
2021-03-02,3836.097,3850.836,3815.633,3839.645,145966827.3926
2021-04-02,3839.84,3875.497,3818.631,3872.633,127132659.9121
2021-05-02,3872.646,3894.799,3866.836,3890.399,106938201.9043
2021-06-02,3890.399,3890.399,3890.399,3890.399,0.0
2021-07-02,3896.349,3901.633,3891.733,3896.842,6305059.9098
2021-08-02,3896.846,3919.249,3891.899,3916.239,95809173.584
2021-09-02,3916.231,3918.552,3901.331,3915.245,84594032.2876
2021-10-02,3915.243,3934.545,3884.631,3910.951,154923095.7031
2021-11-02,3910.997,3925.197,3889.937,3915.548,141839843.75
2021-12-02,3915.54,3939.849,3895.043,3939.342,88662696.8384
,3939.342,3939.342,3939.342,3939.342,0.0
,3941.833,3944.899,3939.734,3941.337,3059890.0318
,3941.454,3956.999,3940.837,3951.545,33762619.0186
,3951.534,3963.599,3923.634,3925.199,127702606.2012
,3925.131,3936.497,3900.731,3934.299,160525085.4492
,3934.537,3939.546,3884.334,3909.054,153540344.2383
,3908.852,3934.348,3893.833,3901.845,134596984.8633
,3901.845,3901.845,3901.845,3901.845,0.0
,3911.446,3914.099,3897.254,3907.039,8126279.8309
,3907.04,3917.299,3864.531,3881.549,199105606.0791
,3881.633,3899.051,3808.251,3876.533,306579620.3613
,3876.534,3937.352,3855.033,3936.036,246145278.9307
,3935.851,3936.899,3813.033,3823.842,357449737.5488
,3823.84,3861.437,3788.133,3805.499,518139038.0859
,3805.499,3805.499,3805.499,3805.499,0.0
,3822.599,3839.546,3815.546,3839.039,13225199.6994
2021-01-03,3839.04,3914.999,3836.033,3906.842,192475799.5605
2021-02-03,3906.852,3908.848,3868.336,3879.336,260762817.3828
2021-03-03,3879.334,3900.354,3797.951,3798.139,300849243.1641
2021-04-03,3798.448,3844.233,3722.733,3760.142,564962768.5547
2021-05-03,3760.0,3852.054,3730.733,3841.033,543131286.6211
2021-06-03,3841.033,3841.033,3841.033,3841.033,0.0
2021-07-03,3859.133,3868.099,3852.936,3855.945,17487459.1827
2021-08-03,3855.654,3881.299,3798.433,3839.754,504156646.7285
2021-09-03,3839.748,3903.099,3827.836,3877.733,293050323.4863
2021-10-03,3877.799,3918.039,3858.536,3901.736,335905242.9199
2021-11-03,3902.033,3960.199,3894.733,3941.999,193233184.8145
2021-12-03,3941.839,3948.454,3910.933,3944.336,238153594.9707
,3944.336,3944.336,3944.336,3944.336,0.0
,3948.245,3954.248,3941.445,3951.451,10927729.6066
,3951.233,3970.254,3923.033,3961.636,152327758.7891
,3961.839,3980.448,3952.733,3964.351,153800155.6396
,3964.699,3982.999,3934.936,3982.099,223406646.7285
,3982.254,3988.099,3911.733,3920.633,217661148.0713
,3920.651,3934.199,3885.933,3906.839,243942657.4707
,3906.839,3906.839,3906.839,3906.839,0.0
,3903.145,3909.348,3897.533,3907.045,9264789.5813
,3907.142,3956.851,3895.854,3948.748,166241989.1357
,3948.951,3950.851,3903.033,3909.054,164350814.8193
,3909.242,3941.699,3887.733,3896.136,208938278.1982
,3896.345,3921.451,3853.533,3917.151,240679626.4648
,3917.439,3978.099,3911.933,3973.999,160428833.0078
,3973.999,3973.999,3973.999,3973.999,0.0
,3972.545,3972.899,3961.133,3961.154,8113109.5886
,3961.454,3981.254,3939.145,3975.745,209555374.1455
,3976.033,3976.036,3943.633,3961.151,123697227.478
,3961.342,3993.997,3951.842,3981.148,77218338.0127
2021-01-04,3981.131,4027.151,3974.833,4026.354,61840351.1047
2021-02-04,4026.343,4048.199,4024.639,4037.345,15230549.8123
2021-03-04,4037.345,4037.345,4037.345,4037.345,0.0
2021-04-04,4039.548,4043.348,4032.333,4042.145,5876979.8279
2021-05-04,4042.331,4083.999,4030.836,4080.999,53076480.8655
2021-06-04,4080.954,4085.599,4061.939,4080.539,96953758.2397
2021-07-04,4080.351,4091.597,4066.036,4088.554,72561561.5845
2021-08-04,4088.597,4108.451,4081.833,4108.451,61734340.6677
2021-09-04,4108.237,4129.933,4089.937,4120.846,65882698.0591
2021-10-04,4120.846,4120.846,4120.846,4120.846,0.0
2021-11-04,4122.846,4126.099,4119.034,4119.099,6682970.047
2021-12-04,4119.04,4132.842,4113.031,4130.099,83514007.5684
,4130.04,4147.951,4109.833,4138.439,85970329.2847
,4138.731,4151.848,4120.834,4130.748,98403251.6479
,4130.749,4173.999,4127.236,4170.148,66944305.4199
,4170.14,4190.799,4161.631,4179.842,69138320.9229
,4179.842,4179.842,4179.842,4179.842,0.0
,4172.154,4175.899,4170.554,4171.633,2615329.9809
,4171.631,4182.039,4149.433,4169.039,107304115.2954
,4169.037,4174.243,4117.836,4129.539,131935501.0986
,4129.799,4174.599,4120.233,4162.451,112603279.1138
,4162.142,4179.299,4123.042,4137.399,168885070.8008
,4137.542,4194.151,4135.033,4174.751,87558647.1558
,4174.751,4174.751,4174.751,4174.751,0.0
,4177.443,4180.099,4173.536,4174.039,3564860.1055
,4174.054,4193.499,4171.333,4190.836,88964141.8457
,4190.548,4198.854,4174.651,4188.033,86574829.1016
,4188.048,4201.945,4180.948,4196.348,81646110.5347
,4196.151,4218.733,4175.936,4204.342,100392959.5947
,4204.533,4206.051,4174.933,4188.533,113357353.2104
2021-01-05,4188.533,4188.533,4188.533,4188.533,0.0
2021-02-05,4191.346,4195.851,4190.333,4195.351,4051219.9402
2021-03-05,4195.399,4209.999,4185.533,4186.536,100518852.2339
2021-04-05,4186.539,4191.299,4127.345,4166.854,176614807.1289
2021-05-05,4167.151,4187.299,4160.436,4167.254,121368087.7686
2021-06-05,4167.048,4204.354,4147.142,4201.199,188375320.4346
2021-07-05,4200.845,4237.954,4198.533,4233.445,123201461.792
2021-08-05,4233.445,4233.445,4233.445,4233.445,0.0
2021-09-05,4233.04,4238.951,4230.733,4237.939,3765530.1094
2021-10-05,4237.945,4244.133,4182.942,4189.154,132962860.1074
2021-11-05,4188.945,4190.951,4110.239,4151.951,286460815.4297
2021-12-05,4152.142,4155.999,4056.733,4069.842,329563781.7383
,4069.539,4131.651,4034.333,4118.236,315022125.2441
,4118.539,4182.845,4116.245,4178.033,176076614.3799
,4178.033,4178.033,4178.033,4178.033,0.0
,4173.539,4183.299,4173.439,4175.039,12407990.4556
,4175.139,4176.054,4141.939,4169.633,237107162.4756
,4169.648,4184.145,4113.345,4113.345,137075332.6416
,4113.851,4125.899,4060.233,4104.533,283480285.6445
,4104.842,4173.354,4088.336,4165.451,143955963.1348
,4165.642,4189.048,4150.936,4160.654,137413482.666
,4160.654,4160.654,4160.654,4160.654,0.0
,4152.845,4158.745,4145.939,4152.999,8442040.4434
,4153.442,4209.199,4152.942,4204.054,97768707.2754
,4203.833,4215.548,4182.754,4197.148,115841217.041
,4196.851,4207.333,4183.942,4195.648,91199661.2549
,4195.351,4218.736,4180.639,4217.036,106104988.0981
,4217.245,4220.151,4204.136,4206.754,69335227.9663
,4206.754,4206.754,4206.754,4206.754,0.0
,4207.733,4213.051,4207.245,4210.042,3529350.0423
,4210.233,4212.733,4192.833,4203.539,39749610.9009
2021-01-06,4203.542,4232.699,4191.842,4197.148,95441200.2563
2021-02-06,4197.151,4217.351,4192.854,4210.148,97954589.8438
2021-03-06,4210.351,4215.199,4167.233,4188.036,118777442.9321
2021-04-06,4188.236,4233.648,4178.748,4227.451,89976211.5479
2021-05-06,4227.451,4227.451,4227.451,4227.451,0.0
2021-06-06,4232.139,4233.248,4229.036,4230.745,4245039.9399
2021-07-06,4230.551,4234.042,4215.739,4227.533,80499938.9648
2021-08-06,4227.442,4238.254,4207.833,4227.539,87921043.396
2021-09-06,4227.251,4236.699,4217.833,4222.054,65658950.8057
2021-10-06,4221.833,4249.433,4207.536,4238.554,92958908.0811
2021-11-06,4239.054,4248.599,4231.642,4245.842,57133491.5161
2021-12-06,4245.842,4245.842,4245.842,4245.842,0.0
,4248.442,4252.039,4248.233,4250.233,2465480.0892
,4250.536,4257.545,4233.651,4253.451,56347801.2085
,4253.151,4267.151,4237.539,4246.599,63894470.2148
,4246.748,4251.199,4200.348,4206.051,113252677.9175
,4205.742,4231.899,4192.536,4224.833,142334045.4102
,4224.845,4229.399,4158.239,4162.197,123244544.9829
,4162.197,4162.197,4162.197,4162.197,0.0
,4156.445,4162.854,4153.533,4160.354,3982232.0938
,4160.042,4231.699,4137.333,4227.636,80918464.6606
,4227.833,4255.954,4216.136,4248.154,49553138.7329
,4248.448,4258.654,4241.133,4247.242,42180744.1711
,4247.234,4272.552,4247.051,4270.054,34342765.8081
,4270.333,4287.254,4264.036,4282.151,31830465.3168
,4282.151,4282.151,4282.151,4282.151,0.0
,4286.199,4289.136,4285.636,4287.648,1619799.9716
,4287.954,4291.899,4274.342,4286.836,35087970.7336
,4286.548,4300.454,4281.039,4297.336,34998027.8015
,4297.245,4304.699,4278.433,4303.845,62731403.3508
2021-01-07,4304.133,4321.239,4295.333,4318.136,60023178.1006
2021-02-07,4318.336,4355.797,4317.854,4348.351,54922554.0161
2021-03-07,4348.351,4348.351,4348.351,4348.351,0.0
2021-04-07,4348.134,4350.899,4346.639,4347.533,1960639.9536
2021-05-07,4347.545,4355.654,4341.339,4354.648,33631580.3528
2021-06-07,4354.854,4356.345,4313.942,4336.251,83183929.4434
2021-07-07,4336.348,4362.199,4329.642,4358.933,106049369.812
2021-08-07,4358.942,4360.551,4287.836,4316.639,196622879.0283
2021-09-07,4316.845,4371.754,4301.345,4367.699,104235939.0259
2021-10-07,4367.699,4367.699,4367.699,4367.699,0.0
2021-11-07,4371.297,4373.199,4368.139,4371.351,3373830.08
2021-12-07,4371.133,4387.251,4350.133,4385.954,84697982.7881
,4385.642,4392.248,4362.942,4363.636,88367179.8706
,4363.433,4392.599,4358.133,4375.551,99884803.772
,4375.239,4377.742,4340.333,4351.048,131329162.5977
,4351.254,4375.599,4322.245,4322.739,122774024.9634
,4322.739,4322.739,4322.739,4322.739,0.0
,4327.333,4328.299,4311.236,4315.851,7391769.886
,4315.842,4317.299,4231.542,4269.499,237571029.6631
,4269.448,4337.099,4260.533,4332.651,160753967.2852
,4332.451,4364.899,4318.133,4362.339,127269081.1157
,4362.145,4379.299,4349.733,4377.254,91235343.9331
,4376.948,4415.654,4375.251,4409.033,68063461.3037
,4409.033,4409.033,4409.033,4409.033,0.0
,4408.548,4413.351,4408.036,4410.542,4447340.0116
,4410.336,4424.051,4383.548,4419.551,107703201.2939
,4419.354,4420.851,4372.036,4399.439,166150588.9893
,4399.739,4415.051,4385.536,4401.239,179808044.4336
,4400.948,4429.542,4387.433,4393.636,96911483.7646
,4393.499,4411.554,4377.433,4401.439,142815124.5117
,4401.439,4401.439,4401.439,4401.439,0.0
2021-01-08,4403.237,4415.431,4401.946,4413.437,1058210.0153
2021-02-08,4413.146,4426.199,4384.833,4393.754,118521446.228
2021-03-08,4393.742,4424.351,4372.833,4415.736,128237319.9463
2021-04-08,4415.499,4422.299,4399.354,4405.236,85249702.4536
2021-05-08,4405.239,4430.039,4401.539,4423.751,53397129.0588
2021-06-08,4423.736,4440.045,4422.933,4437.145,57770839.6912
2021-07-08,4437.145,4437.145,4437.145,4437.145,0.0
2021-08-08,4435.749,4435.751,4419.654,4421.851,5821650.0282
2021-09-08,4421.742,4438.742,4419.133,4431.854,71766998.291
2021-10-08,4432.033,4444.951,4423.339,4434.551,70048263.5498
2021-11-08,4434.899,4450.048,4427.833,4445.242,73249816.8945
2021-12-08,4445.233,4461.899,4436.336,4458.051,52082988.739
,4458.599,4468.848,4456.739,4467.048,44761539.4592
,4467.048,4467.048,4467.048,4467.048,0.0
,4463.039,4464.599,4460.933,4463.248,2228270.0539
,4463.045,4481.299,4438.345,4475.748,76887062.0728
,4475.539,4476.054,4416.833,4437.533,122351982.1167
,4437.836,4453.633,4393.037,4395.799,107309631.3477
,4395.533,4418.899,4352.033,4398.533,204907531.7383
,4398.339,4444.242,4375.836,4437.654,148210952.7588
,4437.654,4437.654,4437.654,4437.654,0.0
,4438.533,4445.642,4436.836,4443.336,4241280.0789
,4443.345,4488.999,4442.648,4486.642,79153381.3477
,4486.848,4495.199,4480.133,4485.251,58327728.2715
,4485.245,4501.648,4480.036,4496.045,57301071.167
,4496.239,4496.554,4468.039,4469.733,112168899.5361
,4469.539,4513.136,4466.033,4507.299,68264747.6196
,4507.299,4507.299,4507.299,4507.299,0.0
,4510.836,4515.999,4508.748,4513.436,2405600.071
,4513.745,4537.399,4503.736,4529.845,39140941.6199
,4529.536,4544.554,4515.142,4530.545,78251556.3965
2021-01-09,4530.748,4542.039,4521.633,4525.045,57720619.2017
2021-02-09,4524.733,4545.699,4517.733,4536.545,56389961.2427
2021-03-09,4536.542,4550.799,4521.133,4534.899,73411300.6592
2021-04-09,4534.899,4534.899,4534.899,4534.899,0.0
2021-05-09,4535.351,4535.845,4529.133,4529.354,2719010.1147
2021-06-09,4529.145,4549.299,4525.133,4540.339,26659830.0934
2021-07-09,4540.239,4542.199,4512.351,4515.554,64121719.3604
2021-08-09,4515.742,4525.754,4493.345,4508.439,113840492.2485
2021-09-09,4508.754,4530.039,4486.433,4491.733,118993621.8262
2021-10-09,4492.039,4518.899,4457.842,4462.545,114099273.6816
2021-11-09,4462.545,4462.545,4462.545,4462.545,0.0
2021-12-09,4462.251,4476.799,4462.251,4475.748,5423200.1305
,4476.054,4493.851,4444.639,4475.299,212542297.3633
,4474.954,4488.248,4434.333,4450.154,145364135.7422
,4449.848,4487.099,4436.433,4484.799,126643516.5405
,4484.448,4487.448,4443.136,4467.351,127474197.3877
,4467.554,4482.399,4422.233,4425.551,165058868.4082
,4425.551,4425.551,4425.551,4425.551,0.0
,4422.736,4427.048,4415.033,4426.533,9677300.4532
,4426.754,4428.554,4305.039,4366.951,332297058.1055
,4367.199,4406.454,4341.433,4341.945,282575469.9707
,4341.942,4416.499,4331.933,4402.354,252774185.1807
,4402.636,4465.354,4400.833,4451.239,172728683.4717
,4451.451,4463.754,4420.936,4456.339,177086791.9922
,4456.339,4456.339,4456.339,4456.339,0.0
,4457.299,4464.699,4456.242,4462.851,6471250.0572
,4463.199,4482.651,4435.945,4440.445,162115417.4805
,4440.645,4452.451,4345.539,4365.754,289525909.4238
,4365.533,4388.799,4354.142,4372.036,244678543.0908
,4371.799,4397.748,4305.0,4316.248,258735198.9746
2021-01-10,4315.748,4376.051,4270.433,4357.739,281680511.4746
2021-02-10,4357.739,4357.739,4357.739,4357.739,0.0
2021-03-10,4359.142,4372.054,4357.433,4368.142,9268349.6475
2021-04-10,4368.199,4368.654,4278.345,4303.545,305284240.7227
2021-05-10,4303.736,4369.099,4279.539,4337.499,215624816.8945
2021-06-10,4337.799,4380.699,4283.233,4374.848,307227844.2383
2021-07-10,4374.745,4430.754,4372.133,4409.033,158654449.4629
2021-08-10,4409.039,4416.554,4385.636,4388.848,193650573.7305
2021-09-10,4388.848,4388.848,4388.848,4388.848,0.0
2021-10-10,4393.536,4397.339,4361.833,4367.533,15820650.1007
2021-11-10,4367.839,4416.939,4350.833,4356.842,201953445.4346
2021-12-10,4357.039,4374.554,4326.342,4337.339,246430068.9697
,4337.554,4374.645,4328.642,4372.036,201816696.167
,4371.751,4446.799,4371.554,4445.033,114383529.6631
,4445.054,4476.245,4435.033,4471.839,116649208.0688
,4471.839,4471.839,4471.839,4471.839,0.0
,4475.345,4478.154,4461.133,4461.399,9099559.7839
,4461.351,4489.099,4445.133,4486.454,122584465.0269
,4486.648,4525.951,4481.433,4524.642,96284980.7739
,4524.648,4541.042,4513.139,4529.342,91148170.4712
,4529.399,4551.799,4519.133,4538.439,97298141.4795
,4538.636,4560.051,4524.039,4542.639,128463760.376
,4542.639,4542.639,4542.639,4542.639,0.0
,4539.042,4540.445,4530.633,4533.654,7389110.0883
,4533.699,4575.751,4533.636,4574.945,97392738.3423
,4574.945,4598.399,4569.045,4577.345,111170082.0923
,4577.536,4584.639,4551.939,4561.542,137884963.9893
,4561.848,4597.639,4553.333,4582.254,119484947.2046
,4582.551,4608.099,4567.045,4606.936,126046592.7124
,4606.936,4606.936,4606.936,4606.936,0.0
,4615.145,4619.999,4609.939,4617.442,5388219.8334
2021-01-11,4617.636,4626.454,4593.936,4610.854,86884666.4429
2021-02-11,4611.348,4635.054,4601.133,4627.439,66754287.7197
2021-03-11,4627.433,4667.954,4621.242,4666.951,62643558.5022
2021-04-11,4666.931,4684.954,4658.433,4684.454,58020969.3909
2021-05-11,4684.497,4719.099,4674.939,4691.545,91770233.1543
2021-06-11,4691.545,4691.545,4691.545,4691.545,0.0
2021-07-11,4685.554,4696.599,4685.036,4691.551,4761740.2077
2021-08-11,4691.433,4713.999,4683.436,4695.836,108793548.584
2021-09-11,4695.936,4707.842,4670.454,4677.945,133987121.582
2021-10-11,4678.151,4686.454,4631.133,4647.542,145143112.1826
2021-11-11,4647.754,4667.099,4646.545,4656.633,108095108.0322
2021-12-11,4656.833,4688.999,4649.636,4687.099,82851005.5542
,4687.099,4687.099,4687.099,4687.099,0.0
,4689.299,4694.349,4688.542,4690.151,2323920.0115
,4690.354,4702.697,4672.442,4684.836,67598770.1416
,4685.133,4714.452,4676.133,4703.899,63680381.7749
,4703.831,4705.699,4684.236,4692.048,57074321.7468
,4692.034,4710.754,4671.651,4708.599,69851623.5352
,4708.543,4727.097,4688.036,4698.742,111851043.7012
,4698.742,4698.742,4698.742,4698.742,0.0
,4703.654,4707.399,4700.139,4700.336,2417129.9934
,4700.699,4743.754,4677.042,4687.748,98673339.8438
,4688.039,4698.354,4652.836,4685.245,180865417.4805
,4685.345,4706.248,4659.333,4705.054,153640838.623
,4704.748,4720.099,4689.233,4691.042,36627899.1699
,4691.04,4691.099,4583.536,4583.554,342213867.1875
,4583.554,4583.554,4583.554,4583.554,0.0
,4592.454,4633.754,4592.445,4628.439,26181379.3182
,4628.299,4673.299,4623.133,4665.942,261685852.0508
,4666.149,4670.499,4559.733,4586.848,381687957.7637
2021-01-12,4587.099,4653.254,4500.445,4528.854,231498077.3926
2021-02-12,4528.942,4595.199,4507.336,4563.254,216530685.4248
2021-03-12,4563.249,4607.948,4493.933,4532.554,315510742.1875
2021-04-12,4532.554,4532.554,4532.554,4532.554,0.0
2021-05-12,4544.351,4560.499,4536.654,4558.299,12880800.2472
2021-06-12,4558.439,4612.899,4532.851,4594.954,311665344.2383
2021-07-12,4595.233,4697.939,4588.736,4690.954,165895523.0713
2021-08-12,4690.954,4713.299,4674.136,4697.699,198240203.8574
2021-09-12,4697.551,4707.142,4663.433,4673.642,182352157.5928
2021-10-12,4673.751,4713.799,4665.633,4712.142,165896255.4932
2021-11-12,4712.142,4712.142,4712.142,4712.142,0.0
2021-12-12,4719.586,4721.601,4717.098,4720.339,173460.0067
,4720.586,4731.942,4664.533,4673.136,204723831.1768
,4672.854,4684.854,4605.133,4635.733,263285003.6621
,4636.051,4720.548,4611.133,4716.548,256734893.7988
,4716.236,4751.736,4650.639,4666.599,273238250.7324
,4667.045,4676.399,4598.636,4626.239,192936340.332
,4626.239,4626.239,4626.239,4626.239,0.0
,4622.154,4630.754,4592.239,4594.033,8662630.0812
,4594.199,4602.045,4530.139,4588.239,287296905.5176
,4588.599,4652.254,4575.633,4647.545,217046936.0352
,4648.048,4702.754,4632.034,4700.739,161801208.4961
,4700.254,4740.699,4694.599,4725.099,86675109.8633
,4725.099,4725.099,4725.099,4725.099,0.0
,4725.099,4725.099,4725.099,4725.099,0.0
,4728.939,4734.299,4727.036,4731.936,5519969.9402
,4731.754,4792.099,4722.533,4786.348,95944152.832
,4786.551,4805.951,4778.631,4794.051,128740982.0557
,4793.848,4804.036,4778.133,4788.345,111549278.2593
,4788.436,4807.699,4775.833,4781.451,93988800.0488
,4781.433,4786.899,4759.239,4772.339,104009246.8262
2022-01-01,4772.339,4772.339,4772.339,4772.339,0.0
2022-02-01,4779.636,4785.636,4779.636,4783.154,5119959.8312
2022-03-01,4783.336,4799.342,4755.933,4791.648,152824340.8203
2022-04-01,4791.899,4816.999,4773.636,4786.751,141050231.9336
2022-05-01,4787.036,4797.145,4690.633,4706.751,194749572.7539
2022-06-01,4706.599,4725.348,4671.133,4707.754,319034912.1094
2022-07-01,4707.933,4714.299,4662.742,4676.799,226737945.5566
2022-08-01,4676.799,4676.799,4676.799,4676.799,0.0
2022-09-01,4679.142,4682.054,4658.733,4666.233,10893839.8361
2022-10-01,4666.542,4690.299,4581.0,4673.545,281725189.209
2022-11-01,4673.736,4716.248,4636.333,4712.742,249820388.7939
2022-12-01,4712.442,4748.399,4703.733,4726.036,206803680.4199
,4726.348,4744.651,4650.933,4664.054,216161590.5762
,4663.833,4675.154,4614.442,4667.699,319487091.0645
,4667.699,4667.699,4667.699,4667.699,0.0
,4674.642,4679.651,4661.348,4664.645,11986530.304
,4664.839,4674.345,4647.151,4665.133,117051109.314
,4665.251,4670.199,4568.333,4576.539,309971496.582
,4576.599,4611.142,4522.533,4523.551,317835327.1484
,4523.245,4601.899,4455.539,4469.951,311191833.4961
,4469.939,4494.352,4390.036,4393.251,411872161.8652
,4393.251,4393.251,4393.251,4393.251,0.0
,4396.142,4422.597,4393.751,4422.242,12104359.6268
,4422.234,4435.052,4220.633,4409.245,624101196.2891
,4409.399,4411.999,4284.139,4366.633,808628417.9688
,4366.639,4454.599,4303.031,4374.251,564196044.9219
,4374.345,4429.848,4271.745,4343.242,479725891.1133
,4343.252,4434.036,4273.745,4421.248,438892639.1602
,4421.248,4421.248,4421.248,4421.248,0.0
,4431.599,4435.751,4411.036,4420.533,10716862.6785
,4420.633,4516.854,4403.742,4502.245,239438522.3389
2022-01-02,4502.436,4561.754,4483.333,4560.742,238556350.708
2022-02-02,4560.743,4594.697,4538.739,4539.642,312566741.9434
2022-03-02,4539.64,4552.552,4470.839,4526.645,352775299.0723
2022-04-02,4526.733,4540.942,4446.936,4495.451,396309661.8652
2022-05-02,4495.451,4495.451,4495.451,4495.451,0.0
2022-06-02,4505.251,4507.999,4496.642,4506.936,10538771.6293
2022-07-02,4507.051,4523.097,4471.536,4495.054,348951812.7441
2022-08-02,4495.04,4533.945,4465.254,4532.439,271968994.1406
2022-09-02,4532.451,4590.399,4525.239,4586.236,170270172.1191
2022-10-02,4586.348,4590.099,4483.949,4492.048,327274688.7207
2022-11-02,4491.342,4527.639,4400.233,4419.745,298497253.418
2022-12-02,4419.745,4419.745,4419.745,4419.745,0.0
,4418.254,4426.848,4407.339,4423.351,9979200.3632
,4423.648,4434.154,4360.639,4410.045,342476470.9473
,4410.545,4474.746,4388.736,4458.054,213870330.8105
,4458.04,4489.854,4429.242,4466.439,192849594.1162
,4466.443,4472.945,4372.239,4382.933,312278411.8652
,4382.739,4415.799,4326.236,4354.942,429402587.8906
,4354.942,4354.942,4354.942,4354.942,0.0
,4326.67,4333.673,4323.941,4327.54,1886849.9994
,4327.435,4396.189,4255.154,4276.942,236019989.0137
,4277.145,4363.799,4265.145,4328.548,665473510.7422
,4328.748,4349.699,4213.733,4222.948,432384735.1074
,4222.942,4295.348,4106.536,4265.799,764924072.2656
,4265.831,4387.899,4232.351,4383.851,634837036.1328
,4383.851,4383.851,4383.851,4383.851,0.0
,4298.654,4309.545,4257.536,4288.899,42102451.3245
,4289.042,4389.648,4263.339,4381.633,705426757.8125
2022-01-03,4381.845,4402.699,4278.939,4320.899,583962341.3086
2022-02-03,4321.251,4402.336,4282.142,4377.636,553830749.5117
2022-03-03,4378.236,4421.299,4343.833,4374.448,443215789.7949
2022-04-03,4374.254,4377.042,4284.533,4323.236,636771606.4453
2022-05-03,4323.236,4323.236,4323.236,4323.236,0.0
2022-06-03,4307.942,4307.942,4266.133,4272.333,29967300.415
2022-07-03,4272.151,4327.999,4183.733,4188.299,693367309.5703
2022-08-03,4188.551,4277.199,4141.051,4171.033,450327026.3672
2022-09-03,4171.046,4299.843,4166.442,4277.748,345710388.1836
2022-10-03,4277.939,4283.299,4209.333,4266.539,292475585.9375
2022-11-03,4266.942,4337.699,4199.442,4206.842,277706512.4512
2022-12-03,4206.842,4206.842,4206.842,4206.842,0.0
,4220.954,4235.699,4211.654,4232.645,18378393.1732
,4232.649,4253.654,4160.948,4181.551,299537994.3848
,4181.534,4270.799,4138.033,4256.145,273522033.6914
,4256.143,4367.648,4247.142,4365.254,267387512.207
,4365.237,4415.548,4328.833,4388.599,222436019.8975
,4389.039,4467.697,4373.548,4465.848,196009384.1553
,4465.848,4465.848,4465.848,4465.848,0.0
,4465.742,4472.439,4460.442,4461.148,8502220.1538
,4461.149,4482.054,4424.233,4453.354,269826477.0508
,4453.34,4522.443,4441.037,4517.633,191767105.1025
,4517.652,4521.699,4452.336,4459.539,217208816.5283
,4459.733,4525.133,4453.036,4518.136,221147994.9951
,4518.648,4546.299,4500.733,4542.451,242556304.9316
,4542.451,4542.451,4542.451,4542.451,0.0
,4539.245,4546.954,4533.648,4533.654,8921719.5511
,4533.651,4578.954,4517.039,4574.742,222437225.3418
,4575.251,4636.854,4572.239,4627.433,220213546.7529
,4627.431,4633.299,4579.954,4603.848,176781036.377
,4604.136,4619.399,4531.733,4547.636,175655853.2715
2022-01-04,4547.751,4560.651,4506.736,4537.345,184793395.9961
2022-02-04,4537.345,4537.345,4537.345,4537.345,0.0
2022-03-04,4543.636,4546.633,4534.233,4536.142,5271699.9054
2022-04-04,4536.342,4585.499,4533.154,4578.645,132953536.9873
2022-05-04,4578.833,4593.799,4513.442,4528.354,156792861.9385
2022-06-04,4528.349,4533.399,4449.345,4466.054,298060821.5332
2022-07-04,4465.799,4522.054,4450.299,4507.449,244404754.6387
2022-08-04,4506.951,4525.451,4474.545,4489.546,175345565.7959
2022-09-04,4489.546,4489.546,4489.546,4489.546,0.0
2022-10-04,4493.536,4496.251,4481.233,4481.251,6010759.8305
2022-11-04,4480.539,4486.999,4408.833,4411.499,175665878.2959
2022-12-04,4410.933,4471.799,4380.733,4410.739,189721252.4414
,4410.746,4454.154,4388.733,4443.239,148554229.7363
,4443.754,4460.399,4389.733,4390.036,132839660.6445
,4390.036,4390.036,4390.036,4390.036,0.0
,4390.036,4390.036,4390.036,4390.036,0.0
,4386.454,4388.554,4361.251,4362.233,7565104.0077
,4362.249,4415.597,4360.248,4415.299,117669303.894
,4415.539,4471.652,4376.542,4448.042,139185668.9453
,4448.031,4488.899,4437.739,4475.748,168622726.4404
,4475.748,4513.654,4380.339,4381.842,315880920.4102
,4382.048,4397.054,4256.648,4259.433,358481475.8301
,4259.433,4259.433,4259.433,4259.433,0.0
,4267.136,4271.699,4254.136,4262.745,15435620.3079
,4262.642,4300.399,4199.436,4294.548,522816223.1445
,4294.336,4307.542,4150.551,4178.639,384467803.9551
,4178.651,4241.654,4162.336,4218.151,510852630.6152
,4217.836,4308.748,4187.936,4250.548,397381256.1035
,4250.854,4284.554,4123.945,4146.039,421070068.3594
,4146.039,4146.039,4146.039,4146.039,0.0
2022-01-05,4141.448,4152.399,4121.845,4136.733,29131860.733
2022-02-05,4136.854,4170.348,4061.633,4153.854,548194030.7617
2022-03-05,4153.342,4200.842,4134.433,4181.251,464871643.0664
2022-04-05,4181.048,4308.199,4148.139,4292.354,381824493.4082
2022-05-05,4292.651,4305.399,4105.131,4152.633,519547729.4922
2022-06-05,4153.199,4158.154,4067.245,4110.299,660505798.3398
2022-07-05,4110.299,4110.299,4110.299,4110.299,0.0
2022-08-05,4102.245,4103.445,4079.933,4084.739,21335020.0653
2022-09-05,4084.945,4097.999,3975.054,4004.236,608163940.4297
2022-10-05,4003.945,4070.399,3957.331,3995.848,652592224.1211
2022-11-05,3995.554,4054.551,3928.633,3946.245,632525329.5898
2022-12-05,3946.599,3965.139,3858.833,3945.733,609407226.5625
,3945.734,4039.699,3941.533,4015.236,199258605.957
,4015.236,4015.236,4015.236,4015.236,0.0
,4028.233,4045.351,4022.339,4039.036,11334029.1977
,4039.031,4046.746,3983.133,4011.233,262350433.3496
,4011.748,4097.299,4006.433,4087.736,209179763.7939
,4087.945,4091.251,3900.642,3900.945,232609802.2461
,3900.939,3946.139,3858.851,3910.651,328932830.8105
,3911.145,3951.997,3810.239,3899.654,254514770.5078
,3899.654,3899.654,3899.654,3899.654,0.0
,3916.448,3939.736,3916.151,3938.099,12481320.3812
,3938.034,3984.254,3908.848,3949.451,265559326.1719
,3949.497,3965.399,3873.745,3960.699,257699218.75
,3960.643,3999.049,3915.536,3970.933,255857574.4629
,3970.448,4074.597,3961.933,4057.539,179615112.3047
,4057.543,4163.597,4042.151,4162.045,141926803.5889
,4162.045,4162.045,4162.045,4162.045,0.0
,4167.036,4174.799,4159.433,4169.299,7362739.0862
,4169.231,4203.754,4163.036,4179.239,96265556.3354
,4179.533,4180.797,4104.636,4149.245,260761474.6094
2022-01-06,4149.599,4166.199,4073.199,4087.999,229858123.7793
2022-02-06,4088.136,4189.899,4073.031,4182.845,207020492.5537
2022-03-06,4182.837,4185.099,4097.945,4113.848,198395629.8828
2022-04-06,4113.848,4113.848,4113.848,4113.848,0.0
2022-05-06,4116.045,4117.551,4105.539,4109.554,6629098.8922
2022-06-06,4109.736,4169.154,4105.539,4122.099,173853363.0371
2022-07-06,4122.236,4164.954,4076.845,4147.551,164419342.041
2022-08-06,4147.236,4160.345,4106.339,4118.848,273298400.8789
2022-09-06,4118.951,4144.099,4016.151,4022.933,336164855.957
2022-10-06,4023.451,4030.454,3897.033,3909.599,405077423.0957
2022-11-06,3909.599,3909.599,3909.599,3909.599,0.0
2022-12-06,3869.051,3878.048,3860.736,3863.551,16806150.4364
,3863.799,3864.799,3734.933,3761.245,523618164.0625
,3761.246,3805.752,3707.033,3758.139,276457702.6367
,3758.134,3839.097,3720.346,3816.939,263304687.5
,3816.949,3829.154,3638.534,3673.848,419634368.8965
,3673.852,3709.499,3635.554,3675.799,328147979.7363
,3675.799,3675.799,3675.799,3675.799,0.0
,3683.448,3703.997,3681.933,3701.748,11021957.3975
,3701.636,3721.054,3658.436,3713.242,132661575.3174
,3713.297,3780.054,3708.936,3760.951,149832870.4834
,3761.249,3801.951,3689.733,3741.254,211796981.8115
,3741.297,3802.597,3731.933,3781.739,238159820.5566
,3781.833,3916.099,3778.733,3905.139,202489791.8701
,3905.139,3905.139,3905.139,3905.139,0.0
,3917.542,3917.948,3896.342,3896.342,11647279.7394
,3896.349,3944.399,3888.745,3905.642,268947204.5898
,3905.939,3946.097,3817.839,3825.136,290667694.0918
,3824.948,3835.599,3797.033,3813.236,384615783.6914
,3812.939,3819.948,3737.342,3787.336,366422515.8691
2022-01-07,3787.654,3830.599,3741.845,3822.439,265134582.5195
2022-02-07,3822.439,3822.439,3822.439,3822.439,0.0
2022-03-07,3823.836,3823.951,3806.442,3808.842,8515350.3418
2022-04-07,3808.84,3854.699,3790.131,3844.736,140762939.4531
2022-05-07,3844.752,3848.399,3741.94,3822.099,350760437.0117
2022-06-07,3822.151,3871.699,3805.533,3848.133,402777008.0566
2022-07-07,3848.399,3910.636,3829.145,3893.351,212132247.9248
2022-08-07,3893.533,3918.499,3864.551,3902.048,254263687.1338
2022-09-07,3902.048,3902.048,3902.048,3902.048,0.0
2022-10-07,3893.933,3896.251,3885.299,3893.148,7600500.1068
2022-11-07,3893.197,3893.499,3847.336,3860.551,225662902.832
2022-12-07,3860.736,3873.633,3801.337,3818.651,252043106.0791
,3818.697,3868.048,3748.448,3774.754,331711090.0879
,3774.797,3808.649,3719.833,3807.933,311299194.3359
,3807.931,3863.351,3777.451,3860.451,253663757.3242
,3860.451,3860.451,3860.451,3860.451,0.0
,3873.354,3874.948,3864.742,3870.745,6457049.8466
,3870.936,3905.754,3817.533,3841.051,196787963.8672
,3841.345,3943.845,3831.448,3939.833,181402130.127
,3939.843,3973.754,3918.645,3953.242,227031448.3643
,3953.24,4001.249,3927.136,3980.742,270675994.873
,3980.734,4012.843,3938.333,3959.099,234194732.666
,3959.099,3959.099,3959.099,3959.099,0.0
,3959.439,3960.699,3951.245,3953.445,7958700.1801
,3953.733,3985.299,3943.142,3953.045,217668090.8203
,3953.052,3961.354,3910.242,3950.648,190033462.5244
,3950.748,4040.154,3944.139,4015.845,198682662.9639
,4016.033,4098.539,3991.445,4092.751,208656112.6709
,4092.743,4140.999,4078.145,4129.248,184057983.3984
,4129.248,4129.248,4129.248,4129.248,0.0
,4132.333,4132.551,4111.348,4114.548,9156279.5639
2022-01-08,4114.546,4145.299,4094.631,4111.645,202042022.7051
2022-02-08,4112.154,4140.597,4078.754,4091.448,247178894.043
2022-03-08,4091.434,4167.952,4082.239,4147.799,195902145.3857
2022-04-08,4147.551,4170.799,4134.645,4151.548,207986953.7354
2022-05-08,4152.099,4164.051,4101.554,4139.939,203310760.498
2022-06-08,4139.939,4139.939,4139.939,4139.939,0.0
2022-07-08,4147.151,4147.151,4129.636,4132.039,6667339.8018
2022-08-08,4132.145,4186.799,4128.142,4150.842,175118377.6855
2022-09-08,4150.84,4152.697,4111.239,4127.136,166681106.5674
2022-10-08,4127.134,4211.099,4111.951,4209.454,161889297.4854
2022-11-08,4209.651,4257.554,4200.451,4211.852,164342025.7568
2022-12-08,4211.533,4279.654,4205.333,4275.533,131380706.7871
,4275.533,4275.533,4275.533,4275.533,0.0
,4274.848,4275.242,4265.433,4265.733,5214179.9927
,4266.245,4300.848,4245.936,4291.751,111350982.666
,4291.746,4325.699,4275.851,4304.839,132635177.6123
,4304.837,4312.339,4252.533,4266.054,188644042.9688
,4266.049,4292.199,4254.739,4283.045,158034088.1348
,4283.049,4284.554,4218.154,4228.051,142871582.0313
,4228.051,4228.051,4228.051,4228.051,0.0
,4214.433,4216.454,4204.199,4206.451,7879340.1718
,4206.636,4218.149,4129.048,4149.436,162375823.9746
,4149.642,4159.099,4115.133,4126.951,190852661.1328
,4127.199,4156.548,4108.699,4143.642,165374954.2236
,4143.636,4201.251,4141.199,4194.699,148215682.9834
,4194.736,4215.499,4052.336,4056.854,205797958.374
,4056.854,4056.854,4056.854,4056.854,0.0
,4026.957,4030.336,4009.136,4012.051,13171797.7524
,4012.097,4063.154,4006.199,4040.245,233365570.0684
,4040.433,4071.499,3964.233,3986.345,247467910.7666
,3986.352,4016.699,3928.042,3934.551,293652496.3379
2022-01-09,3934.748,3973.249,3902.154,3968.448,282143585.2051
2022-02-09,3968.443,4018.554,3905.542,3928.748,278014221.1914
2022-03-09,3928.748,3928.748,3928.748,3928.748,0.0
2022-04-09,3928.842,3933.199,3914.742,3931.939,9447899.8184
2022-05-09,3931.931,3945.299,3917.933,3938.242,141290115.3564
2022-06-09,3938.234,3961.597,3885.848,3905.339,293355743.4082
2022-07-09,3905.349,3988.197,3883.039,3976.139,263671508.7891
2022-08-09,3976.131,4011.399,3941.748,4009.199,272092529.2969
2022-09-09,4009.131,4076.799,4008.336,4064.151,163980255.127
2022-10-09,4064.151,4064.151,4064.151,4064.151,0.0
2022-11-09,4081.248,4087.039,4076.539,4076.842,5553820.1332
2022-12-09,4076.654,4119.899,4062.136,4114.845,221099182.1289
,4115.142,4154.939,3919.936,3938.942,263714630.127
,3938.94,3962.251,3910.236,3951.633,293199615.4785
,3951.652,3958.252,3869.745,3876.251,252917846.6797
,3876.554,3881.554,3835.846,3877.051,239038406.3721
,3877.051,3877.051,3877.051,3877.051,0.0
,3874.436,3880.154,3866.945,3876.154,9107819.5572
,3876.152,3914.348,3828.845,3914.348,245330703.7354
,3914.397,3919.354,3826.748,3858.645,223548782.3486
,3858.649,3907.746,3763.848,3765.136,297083160.4004
,3765.14,3816.651,3748.733,3764.136,341963623.0469
,3764.439,3768.452,3646.236,3693.851,301666595.459
,3693.851,3693.851,3693.851,3693.851,0.0
,3693.845,3699.836,3674.239,3687.142,19896879.1962
,3686.645,3715.999,3643.454,3664.951,408139129.6387
,3665.136,3717.599,3621.742,3648.433,383150207.5195
,3648.449,3737.097,3600.0,3713.236,472108825.6836
,3713.751,3721.297,3609.251,3655.399,435221588.1348
,3655.099,3680.212,3583.245,3599.462,192077255.249
2022-01-10,3599.462,3599.462,3599.462,3599.462,0.0
2022-02-10,3582.615,3601.156,3569.286,3573.14,4469930.172
2022-03-10,3573.52,3698.52,3560.15,3689.856,73777267.4561
2022-04-10,3689.91,3795.331,3687.481,3782.73,62237049.1028
2022-05-10,3782.489,3807.011,3722.225,3797.525,54847145.0806
2022-06-10,3797.765,3805.598,3729.49,3733.216,67027915.9546
2022-07-10,3732.981,3750.829,3620.41,3636.963,64656929.0161
2022-08-10,3636.963,3636.963,3636.963,3636.963,0.0
2022-09-10,3627.348,3630.683,3606.73,3622.02,4023530.0064
2022-10-10,3622.143,3655.726,3588.1,3619.586,65116958.6182
2022-11-10,3619.478,3640.895,3567.682,3592.97,89506111.145
2022-12-10,3592.723,3623.366,3573.918,3586.012,88042358.3984
,3585.522,3685.001,3489.693,3667.08,86088195.8008
,3666.608,3721.206,3580.18,3588.97,88939384.4604
,3588.97,3588.97,3588.97,3588.97,0.0
,3584.015,3605.556,3583.265,3604.116,2764139.8907
,3603.496,3710.505,3595.29,3707.815,59419910.4309
,3746.836,3765.035,3695.775,3699.22,15479611.3968
,3751.056,3762.016,3665.94,3685.556,74547828.6743
,3685.366,3736.6,3646.232,3651.436,80263854.9805
,3651.812,3757.939,3631.7,3754.019,86138359.0698
,3754.019,3754.019,3754.019,3754.019,0.0
,3771.433,3802.141,3769.711,3775.842,5445469.8563
,3775.953,3810.881,3725.751,3798.673,85907501.2207
,3798.799,3862.948,3779.54,3821.772,53819808.96
,3822.019,3886.176,3813.29,3849.16,63302970.8862
,3848.922,3860.222,3766.393,3785.069,70280189.5142
,3785.322,3905.446,3766.752,3905.392,57630989.0747
,3905.392,3905.392,3905.392,3905.392,0.0
,3904.34,3904.472,3891.793,3895.381,2218499.8989
,3895.606,3900.166,3861.722,3878.046,47292167.6636
2022-01-11,3878.296,3917.242,3842.58,3855.216,52475074.7681
2022-02-11,3855.593,3895.942,3746.91,3750.046,61008232.1167
2022-03-11,3749.805,3773.132,3696.26,3712.625,61731689.4531
2022-04-11,3712.878,3797.128,3707.625,3766.331,69539276.123
2022-05-11,3766.331,3766.331,3766.331,3766.331,0.0
2022-06-11,3737.489,3747.501,3730.113,3743.363,1754969.9545
2022-07-11,3743.489,3813.598,3742.495,3808.406,50516510.0098
2022-08-11,3808.09,3859.432,3785.75,3834.396,40004203.7964
2022-09-11,3833.83,3840.571,3743.699,3750.84,64448631.2866
2022-10-11,3750.729,3966.986,3748.625,3964.442,68682746.8872
2022-11-11,3964.819,4001.505,3944.103,3992.796,58124153.1372
2022-12-11,3992.796,3992.796,3992.796,3992.796,0.0
,3975.63,3985.983,3972.285,3983.996,1577059.9842
,3983.749,4008.845,3955.861,3965.351,46441219.3298
,3965.469,4042.315,3952.28,3987.258,70532203.6743
,3987.056,4007.111,3953.786,3967.649,58726169.5862
,3967.519,3981.295,3903.75,3945.692,51669246.6736
,3946.183,3986.096,3935.088,3962.261,50100887.2986
,3962.261,3962.261,3962.261,3962.261,0.0
,3969.711,3970.069,3960.85,3962.112,887549.9964
,3962.359,3963.621,3932.14,3951.629,42124511.7188
,3951.74,4005.118,3937.642,4004.276,35834941.864
,4004.466,4035.575,3995.422,4035.31,34412223.8159
,4035.451,4043.626,4031.813,4038.316,12046192.1692
,4038.578,4040.078,4019.319,4027.575,17900260.9253
,4027.575,4027.575,4027.575,4027.575,0.0
,4014.936,4018.328,4010.376,4010.578,770820.0216
,4010.18,4012.831,3955.543,3966.149,31478624.3439
,3965.912,3985.081,3936.989,3952.646,37083774.5667
,3952.845,4090.121,3937.663,4085.142,48980400.0854
2022-01-12,4084.765,4099.675,4049.943,4072.87,46867038.7268
2022-02-12,4072.62,4080.806,4002.31,4066.145,43997276.3062
2022-03-12,4066.145,4066.145,4066.145,4066.145,0.0
2022-04-12,4071.65,4072.038,4062.17,4067.673,803369.9989
2022-05-12,4067.426,4069.902,3983.929,4004.246,36995750.4272
2022-06-12,4004.565,4010.731,3918.25,3944.042,38719516.7542
2022-07-12,3944.288,3957.766,3911.035,3933.979,45075111.3892
2022-08-12,3933.85,3974.441,3912.529,3960.23,37150321.9604
2022-09-12,3959.73,3987.566,3927.986,3934.852,34974918.3655
2022-10-12,3934.852,3934.852,3934.852,3934.852,0.0
2022-11-12,3931.881,3936.248,3923.781,3926.025,880649.9839
2022-12-12,3925.893,3990.349,3923.283,3987.533,31964389.801
,3987.786,4136.192,3982.23,4019.742,75733413.6963
,4019.499,4053.928,3963.205,4002.711,67940124.5117
,4002.465,4007.646,3878.529,3895.566,60349063.8733
,3895.828,3903.746,3827.086,3844.465,60056083.6792
,3844.465,3844.465,3844.465,3844.465,0.0
,3846.635,3858.986,3845.51,3852.82,746389.9851
,3853.075,3871.376,3798.886,3822.68,40942070.0073
,3822.433,3838.366,3775.929,3834.086,65508903.5034
,3834.276,3889.921,3828.363,3883.14,40465679.1687
,3882.905,3891.246,3763.638,3822.398,46573459.6252
,3822.145,3846.755,3795.49,3843.208,61549770.3552
,3843.208,3843.208,3843.208,3843.208,0.0
,3843.208,3843.208,3843.208,3843.208,0.0
,3851.676,3869.505,3851.676,3867.863,1075530.0522
,3867.993,3874.806,3811.743,3829.97,39106140.1367
,3831.33,3849.746,3779.926,3787.105,47400932.312
,3787.355,3858.305,3781.308,3842.01,35993099.2126
,3842.139,3845.956,3797.826,3845.126,41500347.1375
,3845.126,3845.126,3845.126,3845.126,0.0
2023-01-01,3845.126,3845.126,3845.126,3845.126,0.0
2023-02-01,3872.998,3877.176,3846.11,3848.61,1681980.0138
2023-03-01,3848.381,3883.863,3792.915,3822.689,67218566.8945
2023-04-01,3822.063,3873.492,3814.321,3850.086,64742851.2573
2023-05-01,3850.2,3862.799,3801.95,3813.968,62923610.6873
2023-06-01,3813.896,3906.079,3798.23,3891.369,60168109.8938
2023-07-01,3891.369,3891.369,3891.369,3891.369,0.0
2023-08-01,3897.389,3903.471,3897.389,3901.258,909720.0036
2023-09-01,3900.641,3950.589,3887.206,3889.433,47897609.7107
2023-10-01,3889.806,3921.749,3869.943,3920.75,53517990.1123
2023-11-01,3920.525,3970.203,3913.04,3966.263,34203350.0671
2023-12-01,3966.515,4000.002,3933.151,3984.051,63137058.2581
,3984.346,4003.929,3942.073,3995.672,42331630.7068
,3995.672,3995.672,3995.672,3995.672,0.0
,4001.39,4003.316,3992.853,3994.599,628300.0112
,3994.966,4008.77,3977.378,3993.61,14599659.9197
,3993.86,4015.619,3978.116,3981.725,36659107.2083
,3981.611,4014.688,3925.051,3928.28,45763389.5874
,3928.406,3928.836,3885.033,3900.51,45716693.8782
,3900.826,3972.858,3894.696,3968.869,34943569.1833
,3968.869,3968.869,3968.869,3968.869,0.0
,3970.752,3973.612,3965.312,3967.299,698450.0289
,3967.606,4039.628,3963.119,4015.372,34180160.5225
,4015.119,4030.511,3988.631,4001.545,37861900.3296
,4001.801,4023.119,3948.239,4021.231,39925731.6589
,4021.481,4061.622,4012.939,4047.443,43752738.9526
,4047.338,4094.053,4042.191,4069.548,34728801.7273
,4069.548,4069.548,4069.548,4069.548,0.0
,4062.548,4071.871,4060.663,4064.178,1015650.034
,4064.555,4068.612,4015.236,4029.085,40571018.219
,4028.823,4076.866,3993.532,4066.84,37953510.2844
2023-01-02,4066.611,4149.095,4035.926,4136.032,48446807.8613
2023-02-02,4135.77,4195.332,4122.99,4152.326,52033500.6714
2023-03-02,4152.57,4182.346,4120.486,4133.215,58045558.9294
2023-04-02,4133.215,4133.215,4133.215,4133.215,0.0
2023-05-02,4122.525,4130.775,4118.395,4128.266,1337730.0501
2023-06-02,4128.016,4129.148,4092.272,4117.931,37007812.5
2023-07-02,4117.726,4176.581,4087.23,4156.36,55714580.5359
2023-08-02,4156.613,4168.053,4111.021,4122.323,42519111.6333
2023-09-02,4122.585,4159.222,4069.13,4083.733,45604530.3345
2023-10-02,4084.11,4094.019,4050.636,4088.46,46101600.647
2023-11-02,4088.46,4088.46,4088.46,4088.46,0.0
2023-12-02,4095.38,4096.696,4077.281,4078.898,1091899.991
,4079.281,4140.175,4068.76,4137.296,29775819.7784
,4137.486,4175.733,4094.113,4128.261,56092258.4534
,4128.008,4150.499,4102.856,4147.546,38806068.4204
,4147.745,4157.425,4075.988,4078.366,41780109.4055
,4078.616,4083.826,4047.233,4077.188,40881481.1707
,4077.188,4077.188,4077.188,4077.188,0.0
,4073.845,4076.728,4067.213,4070.21,783240.0203
,4070.472,4080.526,4064.464,4068.226,11722499.8474
,4068.527,4068.527,3994.617,4002.28,40881111.145
,4002.024,4017.407,3976.447,4002.147,48569641.1133
,4002.409,4027.737,3968.713,4005.747,39478160.8582
,4005.639,4016.734,3942.347,3968.927,41101959.2285
,3968.927,3968.927,3968.927,3968.927,0.0
,3970.597,3974.911,3967.417,3973.67,661239.9817
,3973.42,4018.727,3969.161,3985.517,32864509.5825
,3985.77,3997.847,3956.11,3957.866,33147735.5957
2023-01-03,3958.104,3985.34,3938.407,3954.679,38035251.6174
2023-02-03,3954.411,3990.967,3919.911,3974.577,40332710.2661
2023-03-03,3974.339,4048.362,3969.631,4046.611,28766546.2494
2023-04-03,4046.611,4046.611,4046.611,4046.611,0.0
2023-05-03,4044.664,4044.926,4037.414,4040.477,574909.9851
2023-06-03,4040.164,4078.322,4038.661,4050.781,28937669.754
2023-07-03,4050.669,4060.802,3979.861,3988.199,40311767.5781
2023-08-03,3988.443,4000.609,3969.057,3991.206,41521041.8701
2023-09-03,3991.074,4017.15,3903.941,3909.701,43157100.6775
2023-10-03,3909.277,3939.804,3845.704,3860.027,90246452.3315
2023-11-03,3860.027,3860.027,3860.027,3860.027,0.0
2023-12-03,3887.401,3927.283,3859.044,3907.227,9095379.8294
,3906.242,3938.36,3809.327,3860.24,143659683.2275
,3860.73,3937.524,3855.044,3917.853,93203956.604
,3918.084,3929.697,3830.87,3888.87,110402473.4497
,3888.677,3964.257,3862.091,3959.947,84248481.7505
,3960.004,3975.632,3900.834,3917.873,72329231.2622
,3917.873,3917.873,3917.873,3917.873,0.0
,3939.163,3945.957,3922.49,3939.436,3905590.0574
,3939.661,3956.442,3865.617,3951.836,87529388.4277
,3951.969,4009.739,3949.267,4004.152,42225070.9534
,4003.894,4040.137,3933.922,3942.051,57100349.4263
,3941.579,4006.027,3917.287,3953.24,60521850.5859
,3953.259,3974.559,3905.487,3973.936,71217712.4023
,3973.936,3973.936,3973.936,3973.936,0.0
,3979.031,3997.426,3977.304,3993.92,2011349.9165
,3994.296,4003.864,3967.791,3984.106,42811660.7666
,3983.847,3992.519,3951.201,3980.433,33170341.4917
,3980.186,4030.672,3979.991,4022.487,24664030.0751
,4022.992,4057.627,4021.304,4056.517,27440559.3872
,4056.267,4110.657,4048.47,4109.017,24120389.9384
2023-01-04,4109.017,4109.017,4109.017,4109.017,0.0
2023-02-04,4100.381,4104.577,4095.017,4100.779,1872380.0182
2023-03-04,4100.634,4128.147,4092.264,4119.787,24319450.3784
2023-04-04,4120.097,4141.124,4086.361,4104.491,28445600.5096
2023-05-04,4104.244,4106.21,4071.544,4085.261,25879360.199
2023-06-04,4085.029,4107.056,4069.169,4100.177,21038839.3402
2023-07-04,4099.942,4118.547,4093.481,4113.797,3663049.9363
2023-08-04,4113.797,4113.797,4113.797,4113.797,0.0
2023-09-04,4110.361,4114.876,4106.243,4107.129,644770.0262
2023-10-04,4107.002,4114.427,4070.861,4114.133,15603480.3391
2023-11-04,4113.902,4124.003,4101.822,4111.969,17138050.0793
2023-12-04,4111.71,4150.414,4083.087,4084.096,30054069.519
,4084.336,4150.066,4083.837,4143.411,20849220.2759
,4143.793,4162.487,4112.43,4140.323,26959390.6403
,4140.323,4140.323,4140.323,4140.323,0.0
,4148.427,4148.632,4144.111,4145.927,589439.9881
,4145.743,4154.489,4122.811,4150.729,20282285.6903
,4150.461,4172.953,4139.617,4150.982,18193140.0299
,4150.723,4162.824,4126.407,4141.449,17589879.9896
,4141.702,4148.716,4114.257,4128.512,20608270.6451
,4128.253,4138.189,4113.146,4132.17,23375112.5336
,4132.17,4132.17,4132.17,4132.17,0.0
,4128.331,4129.593,4125.72,4127.982,423949.9867
,4127.714,4141.732,4110.97,4133.877,17575349.8077
,4133.747,4136.122,4070.677,4089.88,24443672.1802
,4089.639,4094.052,4048.879,4065.219,26042819.9768
,4065.093,4146.657,4060.96,4128.98,15953749.6567
,4129.23,4174.21,4112.741,4172.201,16598569.87
,4172.201,4172.201,4172.201,4172.201,0.0
,4170.377,4171.751,4162.004,4163.019,660549.9983
2023-01-05,4163.272,4187.116,4158.474,4160.501,14058549.881
2023-02-05,4160.254,4173.132,4088.797,4121.053,19281103.1342
2023-03-05,4121.312,4148.849,4059.234,4077.022,29561285.0189
2023-04-05,4076.766,4101.032,4047.982,4071.931,35225429.5349
2023-05-05,4072.247,4147.077,4067.481,4134.57,21288959.5032
2023-06-05,4134.57,4134.57,4134.57,4134.57,0.0
2023-07-05,4134.249,4138.62,4130.376,4130.623,584990.0246
2023-08-05,4130.364,4145.132,4122.783,4135.06,16235189.4379
2023-09-05,4134.82,4137.736,4116.314,4123.081,16069660.1868
2023-10-05,4122.84,4158.017,4098.434,4141.73,27385860.4431
2023-11-05,4141.98,4153.113,4107.501,4131.54,25292390.8234
2023-12-05,4131.281,4150.397,4098.61,4120.131,23741039.2761
,4120.131,4120.131,4120.131,4120.131,0.0
,4119.582,4119.829,4115.561,4118.564,433770.0009
,4118.314,4142.832,4109.57,4132.881,18234266.2811
,4132.697,4137.671,4107.05,4115.649,21868679.0466
,4116.016,4164.781,4108.554,4155.424,19148330.6885
,4155.186,4211.912,4146.862,4204.226,23319379.8065
,4204.461,4214.022,4179.42,4187.817,27026769.6381
,4187.817,4187.817,4187.817,4187.817,0.0
,4176.611,4187.797,4176.611,4187.37,637989.9979
,4187.129,4208.677,4178.177,4204.032,21104789.7339
,4203.89,4209.919,4141.763,4152.292,24295930.8624
,4152.049,4154.027,4103.394,4133.547,29343601.2268
,4133.863,4166.126,4124.531,4143.637,33096126.5564
,4143.827,4212.694,4137.141,4210.661,25503490.448
,4210.661,4210.661,4210.661,4210.661,0.0
,4228.096,4229.527,4220.976,4222.027,1162050.0088
,4221.723,4225.726,4211.711,4213.476,7176179.8859
,4213.214,4234.226,4191.893,4207.177,27126632.6904
,4207.37,4207.927,4165.741,4186.862,30394027.71
2023-01-06,4186.603,4232.217,4170.487,4222.462,27090200.4242
2023-02-06,4222.191,4290.549,4221.243,4281.539,16075950.6226
2023-03-06,4281.539,4281.539,4281.539,4281.539,0.0
2023-04-06,4283.907,4286.977,4278.527,4279.289,682640.0161
2023-05-06,4279.024,4298.986,4266.401,4269.05,12905648.2315
2023-06-06,4269.55,4288.12,4262.326,4287.193,9206069.9463
2023-07-06,4286.931,4299.033,4263.571,4268.026,9877495.7657
2023-08-06,4267.782,4298.177,4256.737,4290.263,8608690.2618
2023-09-06,4290.637,4322.261,4280.024,4303.267,6348030.0903
2023-10-06,4303.267,4303.267,4303.267,4303.267,0.0
2023-11-06,4301.582,4309.449,4301.067,4306.627,313820.0045
2023-12-06,4306.811,4344.677,4303.934,4340.479,8501219.7495
,4340.713,4375.421,4334.557,4368.47,19912660.5988
,4368.223,4391.497,4336.391,4372.48,22835493.0878
,4372.72,4439.376,4346.177,4419.506,20568870.5444
,4419.241,4446.999,4406.37,4414.311,23402929.306
,4414.311,4414.311,4414.311,4414.311,0.0
,4413.876,4417.126,4412.364,4412.611,531920.0158
,4412.364,4416.111,4398.481,4401.927,8343669.8914
,4401.623,4403.677,4367.197,4391.006,20393600.4639
,4390.759,4393.557,4359.676,4366.214,20615949.6307
,4365.974,4383.862,4349.201,4381.634,21375680.9235
,4381.523,4381.643,4340.714,4346.376,20756650.9247
,4346.376,4346.376,4346.376,4346.376,0.0
,4349.111,4358.117,4348.004,4357.126,852779.9845
,4356.861,4362.129,4328.064,4338.674,22688060.7605
,4338.433,4384.046,4331.084,4370.537,19312112.8082
,4370.799,4390.236,4359.617,4385.54,19891815.1855
,4385.784,4399.506,4369.546,4398.177,19752647.3999
,4398.357,4458.663,4394.171,4444.076,14704469.6808
2023-01-07,4444.076,4444.076,4444.076,4444.076,0.0
2023-02-07,4447.367,4452.382,4446.614,4451.326,486250.0131
2023-03-07,4451.557,4456.731,4441.93,4453.873,8306653.9764
2023-04-07,4452.49,4453.367,4450.614,4451.876,178729.9961
2023-05-07,4452.117,4455.376,4429.114,4443.163,11917019.8441
2023-06-07,4443.407,4443.493,4384.686,4409.399,16651493.0725
2023-07-07,4409.131,4440.183,4395.967,4403.311,18096309.6619
2023-08-07,4403.311,4403.311,4403.311,4403.311,0.0
2023-09-07,4402.246,4404.379,4395.361,4403.177,877539.9923
2023-10-07,4402.861,4412.877,4377.367,4410.692,17216480.2551
2023-11-07,4410.699,4443.536,4404.337,4437.592,15467415.8096
2023-12-07,4437.349,4488.456,4435.497,4477.161,17263589.859
,4477.426,4517.373,4476.443,4506.716,12600230.217
,4506.337,4527.562,4498.649,4503.557,16605020.5231
,4503.557,4503.557,4503.557,4503.557,0.0
,4503.797,4504.357,4496.771,4498.169,490130.0073
,4497.802,4533.037,4496.864,4516.277,12631469.7266
,4516.476,4562.306,4513.293,4553.779,13652589.798
,4553.532,4578.372,4549.614,4553.379,17194200.5157
,4553.619,4563.411,4527.304,4535.586,54739711.7615
,4535.342,4560.209,4532.164,4534.882,89949249.2676
,4534.882,4534.882,4534.882,4534.882,0.0
,4535.784,4537.426,4531.161,4532.477,418099.9994
,4532.167,4563.507,4531.17,4555.921,78013107.2998
,4555.699,4580.547,4550.53,4566.677,57835819.2444
,4566.921,4582.894,4546.819,4569.303,107909576.416
,4569.069,4606.941,4528.163,4539.873,113226913.4521
,4540.101,4590.092,4532.132,4580.573,96571060.1807
,4580.573,4580.573,4580.573,4580.573,0.0
,4583.379,4592.417,4582.373,4586.673,788730.0253
,4586.477,4593.879,4569.917,4590.34,74239669.7998
2023-01-08,4590.081,4596.654,4548.27,4562.4,77960472.1069
2023-02-08,4562.644,4569.487,4504.994,4520.839,109790893.5547
2023-03-08,4520.716,4524.657,4485.194,4509.777,128808166.5039
2023-04-08,4510.264,4540.317,4474.272,4482.082,139640502.9297
2023-05-08,4482.082,4482.082,4482.082,4482.082,0.0
2023-06-08,4481.734,4488.177,4480.867,4487.864,641979.9924
2023-07-08,4488.123,4521.089,4485.611,4518.861,96962760.9253
2023-08-08,4519.009,4519.904,4463.98,4497.093,112957733.1543
2023-09-08,4496.982,4517.041,4460.489,4478.173,105871162.4146
2023-10-08,4478.293,4526.367,4457.287,4474.48,194469787.5977
2023-11-08,4474.23,4479.221,4442.617,4469.182,144329742.4316
2023-12-08,4469.182,4469.182,4469.182,4469.182,0.0
,4466.527,4474.929,4466.527,4472.67,832379.9968
,4472.79,4497.584,4448.664,4494.124,123802864.0747
,4494.057,4500.977,4432.217,4439.832,138820907.5928
,4440.069,4451.237,4401.449,4402.519,141812652.5879
,4402.317,4420.622,4361.15,4366.933,123525428.772
,4366.671,4382.093,4336.273,4370.523,154975311.2793
,4370.523,4370.523,4370.523,4370.523,0.0
,4368.311,4373.829,4368.061,4372.579,494100.0044
,4372.323,4407.744,4359.807,4392.931,116802742.0044
,4393.247,4427.252,4382.601,4388.829,120026687.6221
,4388.687,4460.562,4388.082,4457.617,102854904.1748
,4457.361,4473.647,4370.402,4377.516,150128158.5693
,4377.254,4418.754,4355.737,4406.382,197947708.1299
,4406.382,4406.382,4406.382,4406.382,0.0
,4409.176,4415.932,4409.176,4412.673,668560.0281
,4412.977,4440.271,4405.679,4433.75,114060218.811
,4434.0,4502.056,4424.461,4499.603,105821907.0435
,4499.407,4521.947,4487.351,4514.799,108574012.7563
,4515.04,4532.473,4505.552,4510.781,97661651.6113
2023-01-09,4511.052,4540.447,4501.023,4514.927,122115112.3047
2023-02-09,4514.927,4514.927,4514.927,4514.927,0.0
2023-03-09,4515.664,4516.917,4510.923,4513.164,390399.9925
2023-04-09,4513.417,4525.882,4510.114,4514.611,23271909.7137
2023-05-09,4514.927,4515.379,4492.881,4495.23,94330322.2656
2023-06-09,4495.471,4497.619,4441.451,4464.207,107998039.2456
2023-07-09,4463.957,4465.464,4429.28,4452.529,106016227.7222
2023-08-09,4452.773,4473.497,4439.064,4461.377,96231796.2646
2023-09-09,4461.377,4461.377,4461.377,4461.377,0.0
2023-10-09,4459.677,4463.129,4457.114,4463.129,483289.9868
2023-11-09,4462.74,4490.927,4456.864,4483.044,97465301.5137
2023-12-09,4482.81,4487.42,4456.334,4463.147,98833961.4868
,4463.34,4479.457,4444.61,4471.403,129883407.5928
,4471.416,4511.472,4470.411,4507.737,110854957.5806
,4507.509,4516.381,4446.494,4453.89,117098121.6431
,4453.89,4453.89,4453.89,4453.89,0.0
,4452.653,4459.77,4451.771,4459.283,503859.9968
,4459.021,4466.032,4439.927,4456.062,89984909.0576
,4455.867,4461.947,4416.141,4445.434,87464820.8618
,4445.197,4461.189,4394.939,4395.294,128588333.1299
,4395.063,4399.276,4326.243,4327.461,125092025.7568
,4327.581,4357.313,4315.977,4323.632,110041709.8999
,4323.632,4323.632,4323.632,4323.632,0.0
,4323.667,4328.977,4323.173,4325.429,660019.9938
,4325.679,4340.262,4298.361,4336.837,125025016.7847
,4336.906,4337.033,4265.501,4280.87,119364036.5601
,4281.117,4296.022,4238.274,4281.336,130993499.7559
,4281.637,4317.594,4263.079,4301.144,165297195.4346
,4301.39,4333.617,4274.111,4291.826,164967803.9551
,4291.826,4291.826,4291.826,4291.826,0.0
2023-01-10,4313.246,4316.626,4301.12,4307.87,1756080.0314
2023-02-10,4308.249,4319.882,4259.344,4288.797,187619506.8359
2023-03-10,4288.572,4299.252,4215.76,4230.044,182539138.7939
2023-04-10,4229.791,4268.707,4201.021,4256.007,189053833.0078
2023-05-10,4255.751,4267.424,4225.551,4252.599,160897644.043
2023-06-10,4252.837,4324.376,4209.923,4312.082,185474670.4102
2023-07-10,4312.082,4312.082,4312.082,4312.082,0.0
2023-08-10,4278.499,4285.981,4269.623,4279.927,2569750.0706
2023-09-10,4279.629,4341.841,4266.993,4335.533,140411315.918
2023-10-10,4335.789,4385.58,4332.776,4359.14,131057174.6826
2023-11-10,4359.032,4386.346,4344.839,4386.087,120074157.7148
2023-12-10,4385.84,4397.942,4324.921,4351.792,138178771.9727
,4352.036,4377.177,4311.426,4321.911,175323150.6348
,4321.911,4321.911,4321.911,4321.911,0.0
,4329.476,4339.473,4327.97,4339.229,1218430.0423
,4338.967,4383.542,4325.729,4372.254,122521476.7456
,4372.383,4393.527,4336.903,4362.872,139805892.9443
,4362.613,4370.349,4303.509,4315.917,210740661.6211
,4316.17,4340.031,4265.153,4269.737,354279937.7441
,4269.496,4278.947,4220.061,4220.082,238457794.1895
,4220.082,4220.082,4220.082,4220.082,0.0
,4231.749,4236.382,4223.24,4236.177,1413359.9997
,4235.864,4255.876,4188.911,4229.791,229570556.6406
,4229.563,4266.346,4218.106,4244.517,212719711.3037
,4244.261,4244.782,4164.367,4169.359,263773468.0176
,4169.103,4183.352,4127.377,4159.686,313092041.0156
,4159.43,4164.797,4103.227,4117.687,292051055.9082
,4117.687,4117.687,4117.687,4117.687,0.0
,4131.05,4134.543,4125.103,4131.047,1559149.9805
,4130.927,4177.156,4130.012,4161.894,188909057.6172
,4162.15,4195.237,4147.593,4182.707,212471389.7705
2023-01-11,4182.397,4247.801,4172.284,4247.324,243320114.1357
2023-02-11,4247.077,4319.757,4242.807,4310.142,135940719.6045
2023-03-11,4310.383,4373.4,4308.602,4361.623,160304779.0527
2023-04-11,4361.623,4361.623,4361.623,4361.623,0.0
2023-05-11,4362.493,4366.376,4358.123,4359.879,603569.9844
2023-06-11,4359.62,4372.177,4346.896,4359.053,120681167.6025
2023-07-11,4359.293,4386.007,4349.174,4377.897,135692047.1191
2023-08-11,4377.773,4390.737,4358.931,4375.742,139872863.7695
2023-09-11,4375.606,4396.889,4341.901,4344.717,177354675.293
2023-10-11,4344.413,4419.713,4339.024,4415.966,139567352.2949
2023-11-11,4415.966,4415.966,4415.966,4415.966,0.0
2023-12-11,4409.652,4413.014,4404.134,4405.514,725549.9959
,4405.39,4422.027,4392.314,4412.04,107502349.8535
,4411.929,4508.787,4409.651,4500.517,140510955.8105
,4500.71,4524.312,4494.783,4499.8,149545532.2266
,4499.932,4513.137,4487.316,4509.446,129749511.7188
,4509.566,4525.127,4499.19,4511.064,121281761.1694
,4511.064,4511.064,4511.064,4511.064,0.0
,4513.114,4514.677,4506.364,4510.117,761560.0228
,4510.382,4557.147,4505.861,4550.182,87458908.0811
,4549.911,4553.087,4525.497,4532.753,98306877.1362
,4532.494,4569.12,4532.491,4552.747,119529487.6099
,4552.636,4562.427,4551.266,4560.632,23147129.0588
,4560.547,4564.023,4552.67,4555.417,44404918.6707
,4555.417,4555.417,4555.417,4555.417,0.0
,4557.432,4557.432,4550.911,4551.661,335409.9989
,4551.426,4560.407,4541.911,4554.149,59870506.2866
,4553.884,4567.967,4537.934,4554.5,77279815.6738
,4554.753,4587.74,4546.774,4552.399,77212646.4844
,4552.143,4570.552,4536.42,4563.991,98159011.8408
2023-01-12,4563.873,4599.281,4554.393,4594.201,108904159.5459
2023-02-12,4594.201,4594.201,4594.201,4594.201,0.0
2023-03-12,4595.032,4596.077,4589.143,4589.511,497559.9945
2023-04-12,4589.773,4589.779,4546.481,4562.13,83609283.4473
2023-05-12,4562.383,4578.567,4548.683,4571.017,111634338.3789
2023-06-12,4570.719,4591.929,4545.69,4548.277,90136734.0088
2023-07-12,4548.482,4589.882,4542.867,4578.629,87944000.2441
2023-08-12,4578.882,4609.173,4560.311,4601.626,103837532.0435
2023-09-12,4601.626,4601.626,4601.626,4601.626,0.0
2023-10-12,4603.477,4609.429,4602.787,4606.667,451599.9854
2023-11-12,4606.411,4623.523,4595.511,4622.237,81539947.5098
2023-12-12,4622.43,4649.637,4607.417,4649.613,75749252.3193
,4649.366,4714.482,4642.582,4713.992,94445106.5063
,4713.721,4738.227,4693.161,4718.382,122559448.2422
,4718.247,4736.187,4704.12,4717.832,105583847.0459
,4717.832,4717.832,4717.832,4717.832,0.0
,4718.231,4720.632,4716.111,4720.62,430629.9984
,4720.382,4749.851,4717.629,4738.05,67419738.7695
,4737.942,4768.967,4735.144,4764.771,53459960.9375
,4764.909,4777.892,4691.973,4707.62,87261978.1494
,4707.491,4748.957,4705.181,4744.316,119985252.3804
,4744.066,4772.937,4735.811,4751.282,92127746.582
,4751.282,4751.282,4751.282,4751.282,0.0
,4751.282,4751.282,4751.282,4751.282,0.0
,4751.949,4762.582,4751.814,4761.061,372260.0043
,4760.826,4784.437,4756.814,4777.017,41012519.8364
,4776.71,4786.777,4767.646,4784.923,61980228.4241
,4785.164,4795.867,4781.529,4788.423,52259319.3054
,4788.173,4795.067,4750.997,4767.076,67187988.2813
,4767.076,4767.076,4767.076,4767.076,0.0
,4767.076,4767.076,4767.076,4767.076,0.0
2024-01-01,4770.867,4776.177,4769.734,4774.626,223560.0054
2024-02-01,4774.361,4782.177,4722.734,4745.354,103873947.1436
2024-03-01,4745.603,4745.882,4699.36,4707.622,123235656.7383
2024-04-01,4707.357,4726.587,4687.529,4694.253,100693252.5635
2024-05-01,4694.392,4721.516,4663.222,4698.073,140014511.1084
2024-06-01,4698.073,4698.073,4698.073,4698.073,0.0
2024-07-01,4695.996,4702.629,4694.87,4700.126,430049.9856
2024-08-01,4699.861,4764.807,4676.37,4758.051,90482780.4565
2024-09-01,4757.807,4765.692,4730.277,4753.971,94172401.4282
2024-10-01,4753.736,4791.176,4748.267,4785.673,86550750.7324
2024-11-01,4785.432,4802.423,4738.62,4775.997,147820602.417
2024-12-01,4776.18,4801.987,4758.024,4779.167,137544723.5107
,4779.167,4779.167,4779.167,4779.167,0.0
,4777.461,4778.732,4772.461,4776.211,379619.9858
,4775.961,4788.732,4772.72,4774.232,34218368.5303
,4774.343,4782.196,4746.671,4767.21,140520126.3428
,4767.017,4767.469,4714.284,4737.632,117769088.7451
,4737.37,4785.976,4732.611,4783.689,119851860.0464
,4783.436,4842.832,4778.104,4840.567,111810882.5684
,4840.567,4840.567,4840.567,4840.567,0.0
,4841.879,4848.129,4841.74,4843.629,576240.0031
,4843.481,4867.12,4842.614,4850.527,76176513.6719
,4850.587,4874.847,4844.321,4874.116,71495826.7212
,4873.869,4903.361,4859.651,4870.632,95297027.5879
,4870.484,4898.567,4865.611,4885.71,117819129.9438
,4885.954,4906.783,4870.614,4887.582,104644401.5503
,4887.582,4887.582,4887.582,4887.582,0.0
,4883.117,4883.502,4875.231,4877.427,622860.0144
,4877.614,4929.492,4876.867,4925.973,64694862.3657
,4925.711,4931.162,4901.087,4904.046,71306442.2607
,4904.293,4912.653,4841.227,4853.811,162924972.5342
2024-01-02,4854.067,4933.119,4851.073,4931.527,111384864.8071
2024-02-02,4931.036,4975.186,4903.644,4956.311,136353973.3887
2024-03-02,4956.311,4956.311,4956.311,4956.311,0.0
2024-04-02,4951.737,4958.364,4950.987,4954.367,814610.0044
2024-05-02,4954.177,4957.382,4917.111,4937.057,99184188.8428
2024-06-02,4936.741,4957.732,4934.182,4952.557,100551261.9019
2024-07-02,4952.819,4999.779,4949.894,4995.067,85114257.8125
2024-08-02,4994.763,5000.999,4984.822,4996.386,63189979.5532
2024-09-02,4996.121,5030.13,4994.177,5024.332,62558311.4624
2024-10-02,5024.332,5024.332,5024.332,5024.332,0.0
2024-11-02,5024.234,5025.427,5020.611,5024.12,281410.0087
2024-12-02,5024.231,5048.436,5013.223,5016.989,60626876.8311
,5017.224,5022.226,4920.01,4954.683,126871818.5425
,4954.439,5003.623,4951.003,5002.864,106152389.5264
,5003.111,5034.567,4995.661,5031.911,91638313.2935
,5031.667,5042.91,4997.641,5000.064,109296989.4409
,5000.064,5000.064,5000.064,5000.064,0.0
,5002.12,5010.177,5002.12,5009.126,660889.9832
,5009.373,5014.126,4998.129,5000.123,19969255.4474
,5000.231,5002.361,4954.483,4973.256,131816345.2148
,4973.494,5009.972,4944.964,5009.09,118392150.8789
,5008.843,5094.569,5008.469,5086.314,105430725.0977
,5086.073,5110.887,5079.86,5085.383,103304069.519
,5085.383,5085.383,5085.383,5085.383,0.0
,5085.499,5090.807,5082.383,5088.77,475320.0114
,5089.026,5096.647,5064.951,5068.49,78519027.71
,5068.731,5081.619,5056.787,5076.312,79135467.5293
,5076.55,5080.007,5053.413,5062.126,80159950.2563
,5061.882,5104.882,5051.47,5088.057,102211456.2988
2024-01-03,5088.183,5140.56,5080.707,5132.176,89926208.4961
2024-02-03,5132.176,5132.176,5132.176,5132.176,0.0
2024-03-03,5133.214,5137.32,5131.711,5132.979,557330.0123
2024-04-03,5133.217,5149.577,5121.739,5123.139,59822917.9382
2024-05-03,5122.877,5126.447,5056.164,5080.739,109143745.4224
2024-06-03,5080.606,5127.682,5076.41,5103.847,148604263.3057
2024-07-03,5103.922,5165.532,5081.79,5154.597,112172203.064
2024-08-03,5154.344,5188.987,5117.346,5128.679,205267410.2783
2024-09-03,5128.679,5128.679,5128.679,5128.679,0.0
2024-10-03,5125.967,5126.229,5113.482,5124.961,1590129.9715
2024-11-03,5124.711,5132.892,5090.981,5132.386,188840988.1592
2024-12-03,5132.143,5180.132,5111.217,5175.857,155056106.5674
,5175.622,5181.046,5150.769,5172.17,103523910.5225
,5171.911,5186.932,5123.03,5147.55,154794021.6064
,5147.304,5164.306,5104.471,5119.017,144890548.7061
,5119.017,5119.017,5119.017,5119.017,0.0
,5120.017,5126.327,5117.523,5120.827,795440.0182
,5120.526,5175.676,5116.782,5145.544,98321212.7686
,5145.429,5180.537,5122.386,5174.087,114600700.3784
,5173.783,5243.134,5168.68,5241.282,136529296.875
,5241.023,5261.494,5237.511,5248.376,96885322.5708
,5248.629,5250.873,5229.297,5230.332,78865867.6147
,5230.332,5230.332,5230.332,5230.332,0.0
,5230.981,5233.87,5228.367,5233.62,750090.003
,5233.797,5235.62,5213.611,5224.407,64022369.3848
,5224.113,5241.677,5204.202,5218.32,65823707.5806
,5218.582,5254.821,5213.926,5244.517,77519386.2915
,5243.871,5263.12,5243.624,5249.332,66740348.8159
,5249.332,5249.332,5249.332,5249.332,0.0
,5249.332,5249.332,5249.332,5249.332,0.0
,5259.382,5275.579,5258.297,5274.702,1107969.9993
2024-01-04,5274.582,5274.82,5227.62,5234.626,63993930.8167
2024-02-04,5234.37,5242.949,5183.48,5205.553,86628295.8984
2024-03-04,5205.31,5233.107,5192.361,5227.044,114933639.5264
2024-04-04,5226.812,5257.129,5147.069,5151.587,140942916.8701
2024-05-04,5151.343,5222.957,5142.973,5200.076,210719772.3389
2024-06-04,5200.076,5200.076,5200.076,5200.076,0.0
2024-07-04,5215.243,5218.927,5205.379,5208.873,927179.9922
2024-08-04,5209.126,5219.827,5186.782,5205.24,136280212.4023
2024-09-04,5205.496,5224.327,5160.374,5212.389,142552658.0811
2024-10-04,5212.627,5232.777,5130.097,5150.776,244010086.0596
2024-11-04,5151.011,5212.077,5129.477,5199.074,206495422.3633
2024-12-04,5199.324,5203.364,5107.144,5126.823,216765991.2109
,5126.823,5126.823,5126.823,5126.823,0.0
,5129.927,5144.493,5124.364,5139.876,3399930.0003
,5139.99,5170.132,5051.734,5060.414,259308807.373
,5060.661,5080.741,5038.247,5064.96,305391540.5273
,5065.137,5078.876,5006.694,5027.411,264446685.791
,5027.661,5056.889,4998.301,5001.796,239987136.8408
,5001.284,5019.192,4926.633,4965.579,344303924.5605
,4965.579,4965.579,4965.579,4965.579,0.0
,4979.297,4984.496,4971.629,4983.731,1943459.9876
,4983.629,5038.799,4969.06,5009.197,199934066.7725
,5009.441,5083.184,5002.324,5079.732,186898986.8164
,5079.489,5092.203,5036.132,5040.861,159710235.5957
,5041.114,5101.377,4988.411,5087.027,237646911.6211
,5086.894,5114.417,5072.157,5098.076,136612411.499
,5098.076,5098.076,5098.076,5098.076,0.0
,5108.177,5109.927,5103.487,5109.882,845629.9901
,5110.126,5122.379,5087.63,5113.109,119687591.5527
,5112.907,5114.267,5018.871,5027.874,154502990.7227
2024-01-05,5028.133,5094.817,5008.581,5039.629,240029251.0986
2024-02-05,5039.74,5090.754,5009.844,5080.007,209002578.7354
2024-03-05,5080.083,5138.761,5072.406,5134.426,153064331.0547
2024-04-05,5134.426,5134.426,5134.426,5134.426,0.0
2024-05-05,5141.34,5142.147,5131.931,5132.561,964410.007
2024-06-05,5132.814,5180.944,5128.97,5178.736,63408580.78
2024-07-05,5178.961,5200.111,5176.307,5187.607,77012969.9707
2024-08-05,5187.851,5192.134,5163.517,5185.436,74763252.2583
2024-09-05,5185.692,5220.547,5170.424,5218.393,86821563.7207
2024-10-05,5218.134,5239.659,5208.67,5219.756,74120681.7627
2024-11-05,5219.756,5219.756,5219.756,5219.756,0.0
2024-12-05,5218.647,5221.47,5217.111,5220.229,526229.9776
,5220.331,5239.87,5210.114,5220.097,61344799.0417
,5220.299,5250.047,5199.537,5246.714,79521850.5859
,5246.982,5316.12,5242.064,5314.364,83754272.4609
,5314.626,5325.712,5293.49,5296.552,72985809.3262
,5296.781,5305.629,5283.044,5302.814,67915519.7144
,5302.814,5302.814,5302.814,5302.814,0.0
,5306.611,5313.111,5306.611,5312.427,322690.0101
,5312.677,5325.34,5301.213,5308.72,56322650.9094
,5308.961,5324.337,5300.353,5323.717,51073040.0085
,5323.413,5326.242,5285.386,5322.167,83820060.73
,5322.281,5349.827,5256.461,5270.306,143306564.3311
,5270.173,5312.116,5269.08,5303.311,89661392.2119
,5303.311,5303.311,5303.311,5303.311,0.0
,5304.617,5306.879,5297.864,5298.623,405039.9959
,5298.797,5317.677,5295.379,5308.867,20021919.2505
,5308.996,5321.677,5280.202,5301.88,106626861.5723
,5302.127,5302.892,5247.732,5251.461,126171409.6069
,5251.723,5260.113,5221.634,5227.879,128205963.1348
,5228.129,5291.832,5191.093,5282.434,160116485.5957
2024-01-06,5282.434,5282.434,5282.434,5282.434,0.0
2024-02-06,5286.49,5289.629,5276.231,5287.981,1398579.9551
2024-03-06,5287.87,5298.927,5232.994,5282.967,171670654.2969
2024-04-06,5282.732,5299.112,5248.484,5298.131,179790542.6025
2024-05-06,5298.396,5360.242,5293.203,5357.327,115794181.8237
2024-06-06,5357.026,5361.697,5334.284,5353.879,124759376.5259
2024-07-06,5353.99,5375.522,5318.879,5341.969,186644714.3555
2024-08-06,5341.969,5341.969,5341.969,5341.969,0.0
2024-09-06,5340.764,5350.032,5338.02,5343.032,939480.0067
2024-10-06,5343.279,5366.087,5328.273,5356.837,126871032.7148
2024-11-06,5356.587,5378.642,5326.21,5376.192,127858512.8784
2024-12-06,5375.939,5447.26,5372.737,5428.747,186016326.9043
,5428.626,5445.833,5402.229,5432.629,150723068.2373
,5432.427,5438.077,5393.023,5429.311,169987701.416
,5429.311,5429.311,5429.311,5429.311,0.0
,5431.002,5434.379,5426.864,5431.981,988919.9734
,5432.129,5488.867,5420.37,5479.504,150931823.7305
,5479.264,5494.457,5469.75,5492.247,115656463.623
,5492.009,5494.614,5487.521,5490.879,23211687.088
,5491.117,5516.277,5455.633,5477.832,169060226.4404
,5477.582,5482.176,5451.034,5469.823,164952682.4951
,5469.823,5469.823,5469.823,5469.823,0.0
,5470.132,5471.132,5468.111,5468.614,594290.0181
,5468.547,5490.557,5442.533,5452.033,155556640.625
,5451.894,5473.659,5445.222,5468.33,123864997.8638
,5468.564,5486.192,5451.097,5459.987,136510498.0469
,5459.967,5493.817,5451.101,5493.561,134857376.0986
,5493.811,5523.897,5450.331,5470.314,175806396.4844
,5470.314,5470.314,5470.314,5470.314,0.0
,5472.484,5475.277,5466.47,5467.849,1286170.0058
2024-01-07,5467.967,5480.129,5445.154,5469.077,161533828.7354
2024-02-07,5469.267,5510.652,5444.161,5503.201,134316757.2021
2024-03-07,5503.466,5538.614,5501.334,5534.029,73357879.6387
2024-04-07,5534.267,5539.867,5528.361,5531.779,16388618.4692
2024-05-07,5532.146,5570.122,5531.343,5563.561,107330368.042
2024-06-07,5563.561,5563.561,5563.561,5563.561,0.0
2024-07-07,5556.499,5562.484,5555.62,5557.132,577539.9804
2024-08-07,5557.249,5583.989,5555.364,5583.746,80479400.6348
2024-09-07,5583.989,5590.886,5574.466,5579.017,80961982.7271
2024-10-07,5579.222,5635.694,5576.48,5629.247,63962841.0339
2024-11-07,5629.512,5654.159,5576.53,5585.876,192963714.5996
2024-12-07,5585.37,5655.616,5570.496,5616.832,138474822.998
,5616.832,5616.832,5616.832,5616.832,0.0
,5620.99,5625.24,5613.493,5619.87,1602450.0132
,5620.047,5666.932,5614.591,5640.48,168118667.6025
,5640.739,5669.822,5621.831,5661.6,168805892.9443
,5661.847,5662.812,5581.711,5599.212,230213363.6475
,5598.969,5614.58,5522.213,5555.261,286487915.0391
,5555.517,5561.077,5496.344,5501.57,277754638.6719
,5501.57,5501.57,5501.57,5501.57,0.0
,5515.243,5527.297,5510.873,5525.677,2118540.0486
,5525.734,5570.207,5507.132,5559.679,208863113.4033
,5559.411,5585.147,5529.442,5530.95,168046157.8369
,5531.212,5539.247,5419.967,5441.697,179943786.6211
,5441.412,5491.987,5390.794,5411.513,392199401.8555
,5411.269,5488.557,5410.507,5461.561,321320312.5
,5461.561,5461.561,5461.561,5461.561,0.0
,5463.146,5476.132,5463.146,5474.129,1729940.0568
,5474.37,5495.87,5443.87,5450.507,260570526.123
,5450.272,5490.114,5395.737,5442.293,282688690.1855
,5442.031,5553.207,5437.556,5550.894,316866973.877
2024-01-08,5551.14,5565.107,5409.821,5428.627,429655944.8242
2024-02-08,5428.317,5431.877,5299.564,5340.826,533702880.8594
2024-03-08,5340.826,5340.826,5340.826,5340.826,0.0
2024-04-08,5303.752,5314.502,5281.99,5292.87,6902919.7693
2024-05-08,5292.993,5293.614,5089.611,5244.61,646800720.2148
2024-06-08,5244.986,5312.423,5193.589,5215.47,493424438.4766
2024-07-08,5215.723,5331.037,5155.574,5175.186,483486694.3359
2024-08-08,5175.294,5336.877,5171.69,5332.02,397400421.1426
2024-09-08,5331.893,5359.362,5293.923,5342.467,360641540.5273
2024-10-08,5342.467,5342.467,5342.467,5342.467,0.0
2024-11-08,5337.927,5349.114,5324.111,5344.117,3297070.0264
2024-12-08,5343.861,5371.311,5322.146,5347.39,274965728.7598
,5347.64,5436.313,5342.664,5432.859,195921478.2715
,5433.103,5463.637,5415.291,5449.093,204679901.123
,5449.331,5554.782,5446.873,5550.523,138795288.0859
,5550.773,5562.546,5512.761,5557.116,136077651.9775
,5557.116,5557.116,5557.116,5557.116,0.0
,5559.7,5570.899,5558.654,5562.902,1667999.9828
,5563.01,5608.247,5542.629,5605.104,99314376.8311
,5605.372,5620.343,5584.52,5596.62,114577423.0957
,5596.367,5632.972,5591.647,5622.504,159268280.0293
,5622.317,5642.067,5560.576,5584.293,202936386.1084
,5585.052,5641.762,5582.947,5630.627,248406738.2813
,5630.627,5630.627,5630.627,5630.627,0.0
,5631.114,5640.373,5621.62,5627.623,2017019.9871
,5627.876,5649.979,5601.261,5612.776,169514450.0732
,5613.014,5631.319,5593.58,5617.696,145890838.623
,5617.931,5632.817,5543.614,5554.267,190146759.0332
,5554.529,5647.241,5553.981,5599.877,283428009.0332
,5599.952,5651.087,5581.014,5640.823,202333465.5762
,5640.823,5640.823,5640.823,5640.823,0.0
2024-01-09,5644.117,5646.677,5638.376,5639.132,870999.9919
2024-02-09,5639.246,5655.567,5624.361,5640.377,26721910.4767
2024-03-09,5640.699,5652.377,5503.682,5519.461,236646331.7871
2024-04-09,5519.723,5552.549,5494.057,5511.597,277737518.3105
2024-05-09,5511.097,5546.422,5479.371,5500.011,239657791.1377
2024-06-09,5500.134,5522.926,5402.227,5406.561,318627227.7832
2024-07-09,5406.561,5406.561,5406.561,5406.561,0.0
2024-08-09,5401.632,5411.129,5396.297,5408.614,2941499.9485
2024-09-09,5408.361,5483.919,5407.876,5477.96,182094482.4219
2024-10-09,5477.701,5498.159,5440.692,5489.796,196863098.1445
2024-11-09,5490.043,5560.792,5406.517,5550.261,274231658.9355
2024-12-09,5550.776,5604.427,5535.164,5601.376,241233245.8496
,5601.677,5636.424,5595.361,5623.877,165916076.6602
,5623.877,5623.877,5623.877,5623.877,0.0
,5621.077,5628.577,5617.014,5627.523,1128759.9802
,5627.761,5635.951,5604.002,5629.557,191244049.0723
,5629.8,5671.117,5613.597,5640.417,220121719.3604
,5640.616,5691.752,5614.013,5654.892,282108367.9199
,5654.994,5733.752,5635.174,5709.379,205922210.6934
,5709.111,5715.047,5674.581,5696.127,171497482.2998
,5696.127,5696.127,5696.127,5696.127,0.0
,5703.126,5707.867,5695.87,5707.379,1098799.9439
,5707.62,5725.927,5685.62,5715.38,167842864.9902
,5715.013,5736.88,5698.532,5734.749,153458160.4004
,5734.993,5741.037,5711.659,5731.579,142586380.0049
,5731.877,5772.562,5720.9,5748.826,166142227.1729
,5749.079,5763.802,5725.894,5732.629,157003112.793
,5732.629,5732.629,5732.629,5732.629,0.0
,5727.67,5744.682,5722.161,5743.167,1550379.9915
,5743.676,5764.949,5701.801,5753.219,172364089.9658
2024-01-10,5753.147,5767.067,5681.074,5698.349,285808074.9512
2024-02-10,5698.593,5720.977,5673.082,5717.477,193863357.5439
2024-03-10,5717.73,5719.147,5675.397,5699.567,234958862.3047
2024-04-10,5699.329,5755.082,5692.449,5750.532,215795074.4629
2024-05-10,5750.532,5750.532,5750.532,5750.532,0.0
2024-06-10,5750.696,5758.323,5750.684,5752.57,1612020.0157
2024-07-10,5752.332,5756.082,5676.757,5695.714,177710693.3594
2024-08-10,5696.229,5757.272,5688.354,5746.312,137500366.2109
2024-09-10,5746.411,5796.969,5732.124,5788.646,115987701.416
2024-10-10,5787.712,5794.972,5763.823,5789.376,142106521.6064
2024-11-10,5789.614,5822.417,5770.114,5810.377,103337860.1074
2024-12-10,5810.377,5810.377,5810.377,5810.377,0.0
,5806.99,5814.632,5806.614,5809.864,741689.98
,5810.177,5872.279,5804.629,5866.087,79851280.2124
,5866.156,5868.737,5804.356,5816.949,144421478.2715
,5817.171,5846.662,5808.159,5833.484,101258750.9155
,5833.427,5881.44,5826.092,5848.87,148888473.5107
,5849.129,5872.352,5833.677,5865.079,96397888.1836
,5865.079,5865.079,5865.079,5865.079,0.0
,5870.177,5872.882,5868.364,5870.993,920580.0295
,5871.117,5872.002,5823.126,5853.867,111630294.7998
,5854.111,5863.387,5820.361,5849.327,114359466.5527
,5849.441,5853.029,5761.854,5802.541,140487304.6875
,5802.297,5830.507,5784.073,5813.373,127260238.6475
,5813.614,5863.427,5799.081,5805.326,127475028.9917
,5805.326,5805.326,5805.326,5805.326,0.0
,5823.12,5838.382,5821.373,5834.111,1331150.0549
,5833.867,5847.873,5822.094,5825.003,115227523.8037
,5825.557,5851.206,5801.621,5848.557,132223693.8477
,5848.241,5857.137,5796.607,5796.869,148403976.4404
,5796.619,5803.102,5701.417,5710.961,172038009.6436
2024-01-11,5711.211,5772.989,5700.777,5734.064,178335647.583
2024-02-11,5734.064,5734.064,5734.064,5734.064,0.0
2024-03-11,5713.49,5726.877,5713.49,5720.964,1811139.9412
2024-04-11,5721.147,5747.376,5695.523,5713.539,170859573.3643
2024-05-11,5713.407,5794.92,5705.847,5786.411,150044326.7822
2024-06-11,5786.227,5936.242,5785.92,5926.482,262704162.5977
2024-07-11,5926.407,5983.949,5920.851,5978.502,145803314.209
2024-08-11,5978.629,6013.152,5961.62,5998.814,106370765.686
2024-09-11,5998.814,5998.814,5998.814,5998.814,0.0
2024-10-11,6005.177,6010.623,6001.752,6009.617,837819.9935
2024-11-11,6009.734,6026.873,5986.302,5999.489,103616500.8545
2024-12-11,5999.236,6008.507,5959.811,5980.807,133444442.749
,5980.994,6007.727,5965.383,5991.687,179057006.8359
,5991.871,5996.791,5936.553,5940.932,190776199.3408
,5940.667,5941.727,5852.006,5874.311,199329132.0801
,5874.311,5874.311,5874.311,5874.311,0.0
,5873.752,5877.677,5865.12,5877.62,1033139.9441
,5877.927,5908.147,5860.214,5891.777,137711380.0049
,5891.841,5923.572,5831.781,5921.742,187574874.8779
,5921.917,5934.409,5858.791,5917.712,191408142.0898
,5918.007,5962.862,5883.297,5943.814,289592346.1914
,5943.573,5973.177,5920.826,5967.627,207516967.7734
,5967.627,5967.627,5967.627,5967.627,0.0
,5986.99,5991.129,5985.987,5989.129,813700.0203
,5989.367,6020.682,5963.681,5974.456,165603179.9316
,5974.257,6024.486,5956.787,6021.557,153011901.8555
,6021.421,6027.597,5983.567,6003.677,129964736.9385
,6003.731,6016.177,6003.367,6015.211,16480579.3762
,6015.087,6044.129,6003.461,6034.487,66295547.4854
,6034.487,6034.487,6034.487,6034.487,0.0
2024-01-12,6035.847,6037.679,6027.667,6029.049,907180.0113
2024-02-12,6029.673,6053.207,6019.414,6048.607,86130851.7456
2024-03-12,6048.854,6055.557,6033.427,6054.997,84310928.3447
2024-04-12,6054.756,6089.072,6050.784,6080.987,73812423.7061
2024-05-12,6080.674,6094.547,6068.782,6073.381,73318817.1387
2024-06-12,6073.511,6099.637,6065.631,6087.514,87117675.7813
2024-07-12,6087.514,6087.514,6087.514,6087.514,0.0
2024-08-12,6085.647,6091.482,6083.961,6089.967,600989.9974
2024-09-12,6089.843,6094.232,6048.747,6050.564,87725021.3623
2024-10-12,6050.321,6065.027,6028.961,6040.617,80137748.7183
2024-11-12,6040.322,6093.007,6035.224,6077.753,67133377.0752
2024-12-12,6076.517,6076.776,6073.059,6074.297,238519.9964
,6056.8,6077.819,6035.263,6044.426,108609527.5879
,6044.426,6044.426,6044.426,6044.426,0.0
,6047.676,6051.727,6044.673,6049.932,544709.9805
,6050.037,6084.572,6048.914,6067.103,128357299.8047
,6066.967,6073.446,6034.277,6044.166,124971862.793
,6044.037,6070.73,5836.164,5870.044,246309524.5361
,5870.296,5933.923,5864.714,5869.176,359194244.3848
,5869.432,5983.066,5800.926,5934.561,372566070.5566
,5934.561,5934.561,5934.561,5934.561,0.0
,5939.267,5959.782,5939.267,5955.02,1699120.0447
,5955.577,5977.851,5901.917,5971.556,249816726.6846
,5971.802,6038.126,5965.639,6036.62,89784721.3745
,6037.061,6040.737,6034.37,6035.876,641189.9924
,6035.617,6050.147,6001.367,6039.873,150745544.4336
,6039.629,6039.879,5931.733,5976.064,272358215.332
,5976.064,5976.064,5976.064,5976.064,0.0
,5974.879,5980.987,5963.382,5970.617,1223420.0239
,5970.879,5973.24,5867.949,5900.793,285275604.248
,5900.914,5931.577,5867.961,5887.449,280163482.666
2025-01-01,5898.434,5904.632,5882.987,5888.376,1226770.0434
2025-02-01,5888.481,5945.361,5830.323,5868.484,425211057.7227
2025-03-01,5868.364,5948.936,5867.123,5939.067,214155079.5437
2025-04-01,5939.067,5939.067,5939.067,5939.067,0.0
2025-05-01,5948.177,5948.427,5938.867,5943.62,932640.0161
2025-06-01,5943.861,6020.467,5933.427,5980.113,221533180.7733
2025-07-01,5979.927,6000.191,5890.711,5913.139,309045153.8264
2025-08-01,5913.263,5930.142,5874.294,5906.553,335208937.9727
2025-09-01,5907.052,5914.652,5885.614,5889.882,26394780.2782
2025-10-01,5890.129,5919.279,5806.873,5824.713,362950428.2475
2025-11-01,5824.713,5824.713,5824.713,5824.713,0.0
2025-12-01,5819.898,5827.281,5808.013,5819.763,1997269.9881
,5820.028,5861.326,5769.401,5852.603,315133798.48
,5852.859,5878.886,5804.576,5846.39,300305444.2704
,5846.278,5960.302,5839.999,5953.663,194464109.5547
,5953.808,5976.998,5924.706,5938.676,251940029.6509
,5938.381,6015.126,5936.366,5993.328,172586609.4529
,5993.328,5993.328,5993.328,5993.328,0.0
,5995.619,6001.366,5983.242,5986.489,1202649.951
,5986.426,6042.125,5982.378,6032.375,90903551.6232
,6032.619,6062.408,5958.98,6059.971,197677882.3138
,6060.091,6100.248,6058.93,6080.024,107768169.2839
,6079.756,6118.015,6066.006,6113.613,109341981.5003
,6113.881,6127.631,6088.473,6095.828,138109101.1762
,6095.828,6095.828,6095.828,6095.828,0.0
,6068.998,6071.384,6065.613,6069.869,1915120.0056
,6069.754,6070.429,5914.995,6019.799,374817071.5571
,6019.672,6074.223,5992.256,6056.813,217338590.0853
,6056.949,6080.238,6012.095,6038.334,296205318.5406
,6038.581,6086.509,6027.203,6081.498,243508515.805
,6081.429,6120.398,6030.078,6036.325,264136688.2025
2025-01-02,6036.325,6036.325,6036.325,6036.325,0.0
2025-02-02,5949.989,5949.989,5914.504,5940.119,5954259.8724
2025-03-02,5939.989,6040.632,5908.366,6029.681,410276301.6224
2025-04-02,6029.548,6042.649,5960.769,6016.324,202741468.4891
2025-05-02,6016.571,6065.086,5995.034,6064.605,170135391.6525
2025-06-02,6064.093,6083.564,6045.573,6077.616,148360207.9751
2025-07-02,6077.384,6100.384,6019.458,6028.778,309674428.2097
2025-08-02,6028.778,6028.778,6028.778,6028.778,0.0
2025-09-02,5994.069,6038.999,5992.198,6037.686,2320179.9393
2025-10-02,6037.581,6073.239,6035.499,6054.715,123704538.0474
2025-11-02,6054.974,6076.538,6036.148,6069.641,135603318.3633
2025-12-02,6069.376,6074.354,5998.492,6063.475,204031627.2081
,6063.336,6117.672,6032.972,6114.416,169868551.7312
,6114.729,6127.422,6101.916,6114.063,90770040.497
,6114.063,6114.063,6114.063,6114.063,0.0
,6119.239,6119.239,6111.869,6115.378,598510.0269
,6115.128,6127.929,6113.799,6122.128,18079429.8349
,6121.989,6138.375,6099.071,6131.384,104329868.4658
,6131.179,6147.406,6110.879,6136.519,98704407.8857
,6136.263,6138.763,6084.266,6120.616,141540697.2767
,6120.239,6125.634,6008.555,6016.334,208959898.7701
,6016.334,6016.334,6016.334,6016.334,0.0
,6024.881,6036.884,6018.179,6034.613,1300310.0157
,6034.881,6051.679,5977.796,5983.679,215421129.4351
,5983.869,6000.372,5908.392,5971.113,297746661.9314
,5970.869,6009.479,5931.726,5965.475,244058391.8092
,5965.234,6001.478,5860.216,5875.381,337824146.9859
,5875.131,5959.613,5836.683,5945.834,367624095.0821
2025-01-03,5945.834,5945.834,5945.834,5945.834,0.0
2025-02-03,5956.381,5973.504,5953.742,5963.613,2051280.0217
2025-03-03,5963.736,5989.616,5811.131,5859.328,403137707.5313
2025-04-03,5859.569,5873.081,5732.471,5824.454,595100408.9114
2025-05-03,5824.704,5860.401,5742.079,5837.013,567735785.0076
2025-06-03,5836.763,5841.829,5711.649,5757.122,465567073.7923
2025-07-03,5757.254,5783.504,5665.346,5766.334,493768540.3228
2025-08-03,5766.334,5766.334,5766.334,5766.334,0.0
2025-09-03,5740.363,5740.363,5703.236,5726.119,5606029.9873
2025-10-03,5725.872,5749.884,5563.643,5595.378,569498841.7625
2025-11-03,5595.549,5644.619,5528.284,5587.625,658291134.4765
2025-12-03,5587.754,5668.286,5544.759,5615.781,437668199.0624
,5615.516,5618.028,5503.843,5548.748,507892840.5043
,5548.872,5644.914,5543.131,5622.629,341648601.1743
,5622.629,5622.629,5622.629,5622.629,0.0
,5620.831,5628.879,5599.572,5605.563,4255959.8684
,5605.334,5703.654,5596.066,5676.784,356972633.0039
,5676.534,5680.766,5596.993,5618.616,373630488.992
,5618.869,5715.781,5603.872,5693.634,320127807.5577
,5693.751,5711.578,5629.049,5663.329,323277832.3888
,5663.034,5672.528,5600.386,5667.563,300794494.3309
,5667.563,5667.563,5667.563,5667.563,0.0
,5691.748,5702.866,5689.872,5701.116,2013329.9828
,5701.492,5773.219,5699.742,5760.179,133220499.3368
,5760.236,5787.204,5750.628,5783.384,130260397.9408
,5783.134,5787.378,5683.184,5699.113,194175215.0654
,5698.631,5731.619,5671.989,5689.325,254727322.787
,5689.689,5701.379,5566.563,5568.879,240818175.5541
,5568.879,5568.879,5568.879,5568.879,0.0
,5551.384,5555.001,5535.619,5548.134,3667885.0651
,5547.929,5627.633,5489.134,5592.733,326805178.2845
2025-01-04,5592.884,5651.631,5557.619,5639.863,355033911.6
2025-02-04,5640.179,5717.169,5439.483,5468.995,348695397.2269
2025-03-04,5469.483,5520.929,5369.748,5384.616,514967584.2536
2025-04-04,5384.754,5397.125,5054.213,5070.734,980825502.8441
2025-05-04,5070.734,5070.734,5070.734,5070.734,0.0
2025-06-04,4922.889,4923.151,4805.763,4879.889,18383669.9909
2025-07-04,4880.025,5251.513,4808.329,5114.742,963722739.781501
2025-08-04,5114.504,5270.504,4895.486,4924.492,770344269.5807
2025-09-04,4924.429,5491.486,4842.998,5477.233,700034989.901
2025-10-04,5476.869,5480.625,5113.029,5240.299,880620400.678701
2025-11-04,5239.748,5382.154,5172.489,5362.813,738275798.8213
2025-12-04,5362.813,5362.813,5362.813,5362.813,0.0
,5407.489,5423.251,5376.049,5395.549,7721509.9909
,5395.748,5463.613,5356.681,5387.113,520613559.192501
,5386.881,5450.628,5341.983,5353.134,427543921.676
,5352.863,5391.504,5220.173,5278.751,445649516.8869
,5278.613,5341.625,5256.116,5290.936,478313700.238
,5290.936,5290.936,5290.936,5290.936,0.0
